category,clip_name,sample_name,bundle,path_id,serialized_size,export_path,file_bytes,sha256,channels,sample_rate,duration_seconds,decoder,status,notes
sfx,SE_M06653_f,SE_M06653_f.wav,LocalData/93217544/0000/00/0022620f,-8870167063386383199,164,sfx/SE_M06653_f__bdc7a150_-8870167063386383199.wav,525580,ba4b887122d0af584a7730f087d2bae3fcee03891b30e52cd7f012260c9168d7,2,48000,2.7372,UnityPy AudioClip.samples,exported,
music,BGM_SOLO_14,BGM_SOLO_14.wav,LocalData/93217544/0000/00/006b8663,6500273971882795568,164,music/BGM_SOLO_14__548f4aa1_6500273971882795568.wav,11298636,cc7eff92ae5509548f7286b885a7e643ca0ee72b072262e863c07321ae4c448f,2,48000,58.8468,UnityPy AudioClip.samples,exported,
sfx,SE_SOLO_SPEAR_01,SE_SOLO_SPEAR_01.wav,LocalData/93217544/0000/00/0073826b,6897688160841585168,168,sfx/SE_SOLO_SPEAR_01__119899ce_6897688160841585168.wav,361840,df1902da7a27a87ec94ef1924cce47ee215c43f3ed8e82426b3ac14585569c21,2,48000,1.8844,UnityPy AudioClip.samples,exported,
sfx,SE_M11765_i,SE_M11765_i.wav,LocalData/93217544/0000/00/00b7be7e,3410065507863063685,164,sfx/SE_M11765_i__f7fa21c8_3410065507863063685.wav,832044,824923a49ae45c34a24d71f1e78e9df715f4bdf87685a9088fb50c571192c412,2,48000,4.3333,UnityPy AudioClip.samples,exported,
sfx,SE_SOLO_GATE078_NOISE,SE_SOLO_GATE078_NOISE.wav,LocalData/93217544/0000/00/00e25eb3,-5894823421494414068,176,sfx/SE_SOLO_GATE078_NOISE__925eef49_-5894823421494414068.wav,479668,c5a38a1e3ec2d8b5bc30841e230b80cb71c53f8d7f7013737c9210e9d4ca181a,2,48000,2.4980,UnityPy AudioClip.samples,exported,
sfx,SE_FIELD_MAT038_PHASE1_P,SE_FIELD_MAT038_PHASE1_P.wav,LocalData/93217544/0000/00/00e626a7,6532718105182325518,176,sfx/SE_FIELD_MAT038_PHASE1_P__06fa0990_6532718105182325518.wav,567800,4d5a640b286fe21a7a309720813ef02e47a1c79f6158ea5f9a09226f5b9d975e,2,48000,2.9571,UnityPy AudioClip.samples,exported,
sfx,SE_M21965_h2,SE_M21965_h2.wav,LocalData/93217544/0000/00/00f6025a,6615903153303252103,164,sfx/SE_M21965_h2__0e18241f_6615903153303252103.wav,715068,6d53e57ac9ddea747c13c8aea8ad00bfaf38b75a7e697738a03b6fa007de2929,2,48000,3.7241,UnityPy AudioClip.samples,exported,
sfx,SE_FIELD_MAT039_PHASE1_R,SE_FIELD_MAT039_PHASE1_R.wav,LocalData/93217544/0000/01/012a2cb5,-6667944886719121684,176,sfx/SE_FIELD_MAT039_PHASE1_R__e28d3300_-6667944886719121684.wav,460232,ad4df32dd35b18790e3690477ad526e58ae06dadef63093adbfb667fb61dd1e3,2,48000,2.3968,UnityPy AudioClip.samples,exported,
sfx,SE_SOLO_3S_NOISE_4,SE_SOLO_3S_NOISE_4.wav,LocalData/93217544/0000/01/012b797b,8993178124153353277,172,sfx/SE_SOLO_3S_NOISE_4__bc2171f5_8993178124153353277.wav,1081456,a13b6e018409405b59b0274457c55f210be94a74726bd41ea0b839d8dbabcaa8,2,48000,5.6324,UnityPy AudioClip.samples,exported,
sfx,SE_M04608_g,SE_M04608_g.wav,LocalData/93217544/0000/01/0166ec41,7858224365230604117,164,sfx/SE_M04608_g__d9cd7017_7858224365230604117.wav,566376,fa3e1803da098ac1b8ac0fff352e60c2adc7e454d135a20e06795624e2129233,2,48000,2.9496,UnityPy AudioClip.samples,exported,
sfx,SE_M17405_e_2,SE_M17405_e_2.wav,LocalData/93217544/0000/01/018cc1c3,5842739090641775748,168,sfx/SE_M17405_e_2__bd26faed_5842739090641775748.wav,419452,8919bb26e732740fbc106b39e45eb2680a3e659eb0ae3d41ce7b68be9ab3abd7,2,48000,2.1844,UnityPy AudioClip.samples,exported,
voice,V_GATE078_01_00_00_20,V_GATE078_01_00_00_20.wav,LocalData/93217544/0000/01/01c50127,-4942063113299258575,176,voice/V_GATE078_01_00_00_20__05ad5859_-4942063113299258575.wav,296876,aac584ed1a29e0389a6c5eae27eab36f7733836b6c5434167ff177e24df40ad3,1,48000,3.0920,UnityPy AudioClip.samples,exported,
music,BGM_DUEL_NORMAL_09,BGM_DUEL_NORMAL_09.wav,LocalData/93217544/0000/02/020b13bb,4908035195262866138,172,music/BGM_DUEL_NORMAL_09__8b0f3014_4908035195262866138.wav,22901732,dbd95f553f505767bf281d7f3b60dce6a65235f0f1494aee67d10ab421692b0b,2,48000,119.2796,UnityPy AudioClip.samples,exported,
sfx,SE_M06344_g,SE_M06344_g.wav,LocalData/93217544/0000/02/0236ac09,-2243827389090276142,164,sfx/SE_M06344_g__c6fc15d6_-2243827389090276142.wav,667836,a4ecf114ed598aa5082055474a517d9f0fdc0f96091ee284b637e0e75d781122,2,48000,3.4781,UnityPy AudioClip.samples,exported,
voice,V_GATE078_03_00_00_24,V_GATE078_03_00_00_24.wav,LocalData/93217544/0000/02/025d1503,5156931320409956587,176,voice/V_GATE078_03_00_00_24__a4ad34b3_5156931320409956587.wav,303644,e3441ed525e0847d12605813f7af9a38535a868c80b799c0a56dfc00ad93f1ee,1,48000,3.1625,UnityPy AudioClip.samples,exported,
sfx,SE_M13144_d1,SE_M13144_d1.wav,LocalData/93217544/0000/02/0275bc4e,-36474160114986270,164,sfx/SE_M13144_d1__48a02023_-36474160114986270.wav,448564,5210d7a79d1b9a75251f303d917debe892052f29dc8b980852ed1a9affd24483,2,48000,2.3360,UnityPy AudioClip.samples,exported,
sfx,SE_M12678_e,SE_M12678_e.wav,LocalData/93217544/0000/02/02915d7d,-2506198671148280962,164,sfx/SE_M12678_e__c9bbf2f7_-2506198671148280962.wav,1020520,5691757b31ae6b825e924d30cb8522b5b3bc7af227a653c1b843e253e60fc350,2,48000,5.3150,UnityPy AudioClip.samples,exported,
sfx,SE_FIELD_MAT038_PHASE2_P,SE_FIELD_MAT038_PHASE2_P.wav,LocalData/93217544/0000/02/02a098fe,-7839851840381328967,176,sfx/SE_FIELD_MAT038_PHASE2_P__089fb0eb_-7839851840381328967.wav,576648,e9682defc4830426a9394a145c0a77cfc513bba228ca180f66d821de9a641f36,2,48000,3.0031,UnityPy AudioClip.samples,exported,
sfx,SE_FIELD_MAT039_PHASE3_R,SE_FIELD_MAT039_PHASE3_R.wav,LocalData/93217544/0000/02/02aef8db,5694450835629473926,176,sfx/SE_FIELD_MAT039_PHASE3_R__7e1d6188_5694450835629473926.wav,472596,6c152956d74a49718c406a688513df6dff5c47c6b01651fe278fa4cdb73bf1fa,2,48000,2.4612,UnityPy AudioClip.samples,exported,
sfx,SE_M14676_h2,SE_M14676_h2.wav,LocalData/93217544/0000/02/02c21e95,-8961983338577157354,164,sfx/SE_M14676_h2__a438f887_-8961983338577157354.wav,1011248,54ccf9c837b62cb31b4a93f6610df87ed7315fc563c3d2c4309de8e39d454a42,2,48000,5.2667,UnityPy AudioClip.samples,exported,
music,BGM_DUEL_KEYCARD_14,BGM_DUEL_KEYCARD_14.wav,LocalData/93217544/0000/02/02cfa396,1981300620494855561,172,music/BGM_DUEL_KEYCARD_14__fec8e9c8_1981300620494855561.wav,19039916,2ca89fd649b1284afa37db3774fc91f62dcc288d6c74d6d38d138d12d2ede953,2,48000,99.1660,UnityPy AudioClip.samples,exported,
sfx,SE_FIELD_MAT038_PHASE3_P,SE_FIELD_MAT038_PHASE3_P.wav,LocalData/93217544/0000/03/0362f2c9,6904515129585418713,176,sfx/SE_FIELD_MAT038_PHASE3_P__00cdc102_6904515129585418713.wav,645588,e9bebe6b17fb6d6c1100e78dc776e560ccd8818c8a45ff8b3247ec13f20f7c4b,2,48000,3.3622,UnityPy AudioClip.samples,exported,
sfx,SE_FIELD_MAT039_PHASE2_R,SE_FIELD_MAT039_PHASE2_R.wav,LocalData/93217544/0000/03/036c92ec,-6037563416735961575,176,sfx/SE_FIELD_MAT039_PHASE2_R__a6dfeff9_-6037563416735961575.wav,544112,70ae65ec42ef4e529677fcb8389298e66ce903c7abfc626483807a1b5619d6b0,2,48000,2.8337,UnityPy AudioClip.samples,exported,
voice,V_GATE078_02_00_00_26,V_GATE078_02_00_00_26.wav,LocalData/93217544/0000/03/03911f11,6460233034739130096,176,voice/V_GATE078_02_00_00_26__eadbb472_6460233034739130096.wav,300516,15c8667ce3adf15fd37de2e696863de4c95768eb34cf9cfba7ba1c0013fe96bb,1,48000,3.1299,UnityPy AudioClip.samples,exported,
sfx,SE_M13011_h2,SE_M13011_h2.wav,LocalData/93217544/0000/03/03ab0e1f,4764983702651034931,164,sfx/SE_M13011_h2__df5fc90f_4764983702651034931.wav,321944,c2f30433b49d0c7beb007438cf9572efea8b39e82109fc1359d9b806ac5b1fa4,2,48000,1.6766,UnityPy AudioClip.samples,exported,
music,BGM_DUEL_F07_PHASE_B,BGM_DUEL_F07_PHASE_B.wav,LocalData/93217544/0000/03/03dcbfc5,2422345932504453671,172,music/BGM_DUEL_F07_PHASE_B__5d566b80_2422345932504453671.wav,16688672,d1e4b2bced842d41e1fd8c3422f01af73a5f0056b9477906b9e5395d432e65bf,2,48000,86.9199,UnityPy AudioClip.samples,exported,
sfx,SE_SOLO_EFFECT_20,SE_SOLO_EFFECT_20.wav,LocalData/93217544/0000/03/03eba942,-9156924673748121619,172,sfx/SE_SOLO_EFFECT_20__dd7efdc5_-9156924673748121619.wav,968036,8146483f2792549261fc78393926f84ec5c9bd364f12f76e54d6b67f71875c44,2,44100,5.4875,UnityPy AudioClip.samples,exported,
sfx,SE_MONSTERATTACK_OBELISK_02,SE_MONSTERATTACK_OBELISK_02.wav,LocalData/93217544/0000/04/040a6d56,7565880478679252658,180,sfx/SE_MONSTERATTACK_OBELISK_02__26893d32_7565880478679252658.wav,1135936,7476683e6d5202695fbf0c6ace90c9ce20c26dfc8e2acca08d2c7d648634d045,2,48000,5.9161,UnityPy AudioClip.samples,exported,
sfx,SE_SOLO_GATE078_M_FOOT_01,SE_SOLO_GATE078_M_FOOT_01.wav,LocalData/93217544/0000/04/0424cc4b,-7109168634277139904,180,sfx/SE_SOLO_GATE078_M_FOOT_01__55ca1cf7_-7109168634277139904.wav,65244,201a3c7316fcc30480cf53fc2ce7d6996520e2c9298b6304b83b46ea39b94daf,2,48000,0.3396,UnityPy AudioClip.samples,exported,
voice,V_GATE078_02_00_00_22,V_GATE078_02_00_00_22.wav,LocalData/93217544/0000/04/04fcdb08,-8212777021830908607,176,voice/V_GATE078_02_00_00_22__558db4c8_-8212777021830908607.wav,1277780,cedec0fa76e60c30ad65518a646f4c17c7cb96f2ef6225919681ca4632a51d93,1,48000,13.3097,UnityPy AudioClip.samples,exported,
voice,V_GATE078_03_00_00_20,V_GATE078_03_00_00_20.wav,LocalData/93217544/0000/05/0530d11a,5903755818322476231,176,voice/V_GATE078_03_00_00_20__7ff11636_5903755818322476231.wav,79244,b85e6b69b90f0bc47e381424eb8473d829aed2bf41c3feb587553b00bf1005b7,1,48000,0.8250,UnityPy AudioClip.samples,exported,
sfx,SE_M06344_c,SE_M06344_c.wav,LocalData/93217544/0000/05/055b6810,-1495067760065697855,164,sfx/SE_M06344_c__f0c9f71e_-1495067760065697855.wav,565284,38b602ab9f1d26a08ea4275d0c5c0f3dcfaf4ca702c091eedc527996a7893641,2,48000,2.9440,UnityPy AudioClip.samples,exported,
music,BGM_DUEL_EX_10_KEYCARD,BGM_DUEL_EX_10_KEYCARD.wav,LocalData/93217544/0000/05/0560384f,1793645720611178888,176,music/BGM_DUEL_EX_10_KEYCARD__d7cc77bc_1793645720611178888.wav,17975340,2d6f420a68e14607d7afe06a25fd799763275be41a02bb5546e3ac0289b6b35c,2,48000,93.6213,UnityPy AudioClip.samples,exported,
sfx,SE_EV_ASH_BLOSSOM,SE_EV_ASH_BLOSSOM.wav,LocalData/93217544/0000/05/056e6ce6,2675538646705689730,172,sfx/SE_EV_ASH_BLOSSOM__4ced5cd1_2675538646705689730.wav,601828,49bf4ffd636d6e1b56ea4c9ee35975a5b9318fd03816785321d922a056be861a,2,48000,3.1343,UnityPy AudioClip.samples,exported,
sfx,SE_FIELD_MAT034_TAP_R,SE_FIELD_MAT034_TAP_R.wav,LocalData/93217544/0000/05/05763cd0,-6726497044882803417,176,sfx/SE_FIELD_MAT034_TAP_R__4a4f43f6_-6726497044882803417.wav,2336316,6ac10806118d85d01b18229350aac310afbdd48bcecbc2ae2bdf5e869f1066bf,2,48000,12.1681,UnityPy AudioClip.samples,exported,
sfx,SE_M07074_d,SE_M07074_d.wav,LocalData/93217544/0000/05/0576fb28,2109675219014386948,164,sfx/SE_M07074_d__87f4dd36_2109675219014386948.wav,411468,dc5d46166fb1a0de0aa1675ac6d27312b47fec7f055ec576a17ddf2b0071d2ce,2,48000,2.1428,UnityPy AudioClip.samples,exported,
sfx,SE_M04608_h1,SE_M04608_h1.wav,LocalData/93217544/0000/05/059ee492,1253095677874354271,164,sfx/SE_M04608_h1__c11c4f5d_1253095677874354271.wav,541284,26f02f213cd384b198fde540b365d1de7c6fdcd19d409d04c5924eed90f854e9,2,48000,2.8190,UnityPy AudioClip.samples,exported,
music,BGM_DUEL_KEYCARD_10,BGM_DUEL_KEYCARD_10.wav,LocalData/93217544/0000/05/05a2678f,7696868064164077548,172,music/BGM_DUEL_KEYCARD_10__2b398773_7696868064164077548.wav,19968052,03863bc067c8100afa2e4aa8c748674964c539e57dc8df622280af16b8a3ca0d,2,48000,104.0000,UnityPy AudioClip.samples,exported,
sfx,SE_M13896_f,SE_M13896_f.wav,LocalData/93217544/0000/05/05b53b3a,-2109588451701923926,164,sfx/SE_M13896_f__811e7433_-2109588451701923926.wav,592160,ad34bc78812dccff76fd3db5d42cadbb8582b231ea70c4b6deb0ae85198e4baf,2,48000,3.0839,UnityPy AudioClip.samples,exported,
sfx,SE_M21371_d,SE_M21371_d.wav,LocalData/93217544/0000/05/05dbb127,2161200262800928717,164,sfx/SE_M21371_d__0bbf53bb_2161200262800928717.wav,814124,a1f6a26efb657585f87fc5407a1ea90f732f902e8c143f34169596835ba22ce3,2,48000,4.2400,UnityPy AudioClip.samples,exported,
sfx,SE_M04608_c,SE_M04608_c.wav,LocalData/93217544/0000/06/060b2858,-7439819102895002362,164,sfx/SE_M04608_c__7ff76800_-7439819102895002362.wav,404920,4d592ec6ba9346641296caa99fa54f6963f03ff3cbe002a052963a914331ccba,2,48000,2.1087,UnityPy AudioClip.samples,exported,
music,BGM_DUEL_F11_PHASE_A,BGM_DUEL_F11_PHASE_A.wav,LocalData/93217544/0000/06/060dfccb,6744348173796537743,172,music/BGM_DUEL_F11_PHASE_A__3fcdb935_6744348173796537743.wav,23240748,489386421fdbdc2e280a15e086d2ac315f4748f4cd7da1ce34551dd4e82bbaed,2,48000,121.0453,UnityPy AudioClip.samples,exported,
sfx,SE_M04758_h1,SE_M04758_h1.wav,LocalData/93217544/0000/06/0622b847,-6652014978234867718,164,sfx/SE_M04758_h1__8fcb0317_-6652014978234867718.wav,683428,c4891088201816895d02004341576acf68ae5cf1f83d41c4b427ffc77937e87b,2,48000,3.5593,UnityPy AudioClip.samples,exported,
sfx,SE_FIELD_MAT038_PHASE4_P,SE_FIELD_MAT038_PHASE4_P.wav,LocalData/93217544/0000/06/062de44c,5723555548245880178,176,sfx/SE_FIELD_MAT038_PHASE4_P__de8abe9a_5723555548245880178.wav,2001576,c17c341c43f08fa696b5315b6c5be412174d2d1a3156e3fa40078eb2c4192968,2,48000,10.4246,UnityPy AudioClip.samples,exported,
sfx,SE_SOLO_WHOOSH_02,SE_SOLO_WHOOSH_02.wav,LocalData/93217544/0000/06/0643cb39,-4960338559885174599,172,sfx/SE_SOLO_WHOOSH_02__626ad30b_-4960338559885174599.wav,1383028,4e6608913f7cbcfde3e5285def527b2f7e2488f61c65263d520c98cda0d1955d,2,44100,7.8400,UnityPy AudioClip.samples,exported,
sfx,SE_M13668_d,SE_M13668_d.wav,LocalData/93217544/0000/06/0676d92b,-4458605759245413086,164,sfx/SE_M13668_d__98d6f59b_-4458605759245413086.wav,791128,4bc64b46e041fa5ecb06041df30dc5c3cd5e51cf3c359762e2666dbd7e27c179,2,48000,4.1202,UnityPy AudioClip.samples,exported,
sfx,SE_FIELD_MAT504_TAP,SE_FIELD_MAT504_TAP.wav,LocalData/93217544/0000/06/06cd3a79,5133637839125552345,172,sfx/SE_FIELD_MAT504_TAP__e19f0b32_5133637839125552345.wav,1295932,17d407bf1b3af76b911c7b6dc36492df5ef47bf3cfc3698cd081838c658d493f,2,48000,6.7494,UnityPy AudioClip.samples,exported,
music,BGM_SOLO_10,BGM_SOLO_10.wav,LocalData/93217544/0000/07/0706427a,-4780234536204149179,164,music/BGM_SOLO_10__0488bfa0_-4780234536204149179.wav,18171948,9b0e4adfa6cbde5d32533bd61bdf3bc0128983dcf51223010679469005c6b8f3,2,48000,94.6453,UnityPy AudioClip.samples,exported,
sfx,SE_SOLO_GATE078_KEYBOARD,SE_SOLO_GATE078_KEYBOARD.wav,LocalData/93217544/0000/07/077a3a9a,4148762808581147209,176,sfx/SE_SOLO_GATE078_KEYBOARD__51ef587d_4148762808581147209.wav,2015992,c7dca2fdd3e3ab340f17ee95b35d10c5e33d35dd9d72f32ae87025c10dcf1968,2,48000,10.4997,UnityPy AudioClip.samples,exported,
sfx,SE_M13029_d,SE_M13029_d.wav,LocalData/93217544/0000/07/0796d1eb,-2570162532919481527,164,sfx/SE_M13029_d__88524224_-2570162532919481527.wav,239392,17e1eca37f8fa85143f65c580f7eee34f79b534599e43721a08a31071c2b0847,2,48000,1.2466,UnityPy AudioClip.samples,exported,
sfx,SE_M14288_h,SE_M14288_h.wav,LocalData/93217544/0000/07/079a744b,4382366695579281414,164,sfx/SE_M14288_h__0febd760_4382366695579281414.wav,1798444,451de32e81c32f137271abea913e9508c428f96ba119fea6b2fa2962eb2f8020,2,48000,9.3667,UnityPy AudioClip.samples,exported,
music,BGM_DUEL_EX_02_NORMAL,BGM_DUEL_EX_02_NORMAL.wav,LocalData/93217544/0000/07/07b621e1,4327693026331307848,176,music/BGM_DUEL_EX_02_NORMAL__703d25eb_4327693026331307848.wav,22057012,deaf04b922f2e8579545bd5b4d2907dc2fdb565cf3ebd231b6e2c6aefa520966,2,48000,114.8800,UnityPy AudioClip.samples,exported,
sfx,SE_LAUNDRY_RETURN,SE_LAUNDRY_RETURN.wav,LocalData/93217544/0000/07/07bed2ba,2762615493989322188,172,sfx/SE_LAUNDRY_RETURN__2d7bf1ce_2762615493989322188.wav,703208,663ec702cf9bc21ca3432901e41af51c811e0f51caff5c77e13745e8b7be17a6,2,48000,3.6623,UnityPy AudioClip.samples,exported,
sfx,SE_FIELD_MAT039_PHASE4_R,SE_FIELD_MAT039_PHASE4_R.wav,LocalData/93217544/0000/07/07e1ee5e,5115822691570284443,176,sfx/SE_FIELD_MAT039_PHASE4_R__5e81a9f5_5115822691570284443.wav,1319492,985227f17934e815795992f705e967ab5ddaadb9535239e5fc4ecb9379ca3fae,2,48000,6.8721,UnityPy AudioClip.samples,exported,
sfx,SE_DUEL_TIME_COUNT_ZOOM,SE_DUEL_TIME_COUNT_ZOOM.wav,LocalData/93217544/0000/08/0803e1c3,-2044172993690867106,176,sfx/SE_DUEL_TIME_COUNT_ZOOM__8397f2b9_-2044172993690867106.wav,236168,885b314887c2f7928dea468cebf7d1e5db52567f2b27aa990a5b5a3b37df3943,2,48000,1.2298,UnityPy AudioClip.samples,exported,
sfx,SE_SOLO_FC_03,SE_SOLO_FC_03.wav,LocalData/93217544/0000/08/0816bf05,-6580327939733923715,168,sfx/SE_SOLO_FC_03__eda019c8_-6580327939733923715.wav,533132,cd790bfb1165d41ed070e78e4a58675826dda179ad8c9a821851ff7d729129ae,2,48000,2.7765,UnityPy AudioClip.samples,exported,
sfx,SE_M13258_b,SE_M13258_b.wav,LocalData/93217544/0000/08/08207530,-639212692298571888,164,sfx/SE_M13258_b__efc9ba81_-639212692298571888.wav,186796,1ab9012d3236985b6f799459ea8f7809d16072bbb926d5f57c0d790edc56a2bf,2,48000,0.9727,UnityPy AudioClip.samples,exported,
sfx,SE_M04044_g,SE_M04044_g.wav,LocalData/93217544/0000/08/085e77d2,-8082343095521060176,164,sfx/SE_M04044_g__404a2800_-8082343095521060176.wav,878124,861c25b4a955b8a05206cab976b465f83485200a3386e229e82383606a98cfc5,2,48000,4.5733,UnityPy AudioClip.samples,exported,
sfx,SE_DECK_CRAFT_NORMAL,SE_DECK_CRAFT_NORMAL.wav,LocalData/93217544/0000/08/08baf450,-1521872698254891624,172,sfx/SE_DECK_CRAFT_NORMAL__445f76f8_-1521872698254891624.wav,310176,deaf32eeedec5b89eb53e178fbabec4fba248ee1ca25c88787aca1a65a360e41,2,48000,1.6153,UnityPy AudioClip.samples,exported,
sfx,SE_LOGINBONUS_02,SE_LOGINBONUS_02.wav,LocalData/93217544/0000/08/08ec2c6e,5209162815171142457,168,sfx/SE_LOGINBONUS_02__11f6f02b_5209162815171142457.wav,673260,2a7ec0a6964aa04add2606b9ce98503896186da25bff19cc20713b5241b6bb3f,2,48000,3.5063,UnityPy AudioClip.samples,exported,
sfx,SE_SOLO_GATE078_USB_02,SE_SOLO_GATE078_USB_02.wav,LocalData/93217544/0000/08/08efc568,-8889398222187692805,176,sfx/SE_SOLO_GATE078_USB_02__25620f75_-8889398222187692805.wav,218836,cf988ffcaf8333ac1147f3fc248f265a3633cc2296292098aab608065fd8f33e,2,48000,1.1395,UnityPy AudioClip.samples,exported,
sfx,SE_M11765_e,SE_M11765_e.wav,LocalData/93217544/0000/09/0901f255,722565291412667040,164,sfx/SE_M11765_e__1d5c4ec6_722565291412667040.wav,674116,5b6f035f9a701d470d297d401c8b1d72222f744fa82e6bec58a1291aa2b129c1,2,48000,3.5108,UnityPy AudioClip.samples,exported,
music,BGM_DUEL_EX_11_PHASE_A,BGM_DUEL_EX_11_PHASE_A.wav,LocalData/93217544/0000/09/09185e24,-3483997380165739100,176,music/BGM_DUEL_EX_11_PHASE_A__60d96b93_-3483997380165739100.wav,24794156,eb902a1beb342d34b0598437722cfec875a9da0ef2e5905b621f8a7b402d121a,2,48000,129.1360,UnityPy AudioClip.samples,exported,
sfx,SE_SOLO_GATE078_J_MOVE_03,SE_SOLO_GATE078_J_MOVE_03.wav,LocalData/93217544/0000/09/0919515d,8345469555736469322,180,sfx/SE_SOLO_GATE078_J_MOVE_03__9e2bd8b4_8345469555736469322.wav,199108,fa0e4eb7fcaf90e013de33e57e3636011587bcb5addcc5fa99f5b018888d4f02,2,48000,1.0368,UnityPy AudioClip.samples,exported,
sfx,SE_M13060_h2,SE_M13060_h2.wav,LocalData/93217544/0000/09/0937b56a,-4214444117914758554,164,sfx/SE_M13060_h2__037e7612_-4214444117914758554.wav,543924,856193fe24e0a99402395c6b71e37c17c1a96a330793e9ea691fdb855de34c08,2,48000,2.8327,UnityPy AudioClip.samples,exported,
sfx,SE_EV_EF21845,SE_EV_EF21845.wav,LocalData/93217544/0000/09/09843b24,8835896594236881427,168,sfx/SE_EV_EF21845__0664f27e_8835896594236881427.wav,460048,07002d719380237361216e9f6fc666329ec1d616e7b0736d35235a91675469ff,2,48000,2.3959,UnityPy AudioClip.samples,exported,
sfx,SE_M06653_j,SE_M06653_j.wav,LocalData/93217544/0000/09/09942e24,-4411795294565192251,164,sfx/SE_M06653_j__9fe9bebd_-4411795294565192251.wav,658584,a62c7d5348e7018198f74af579fb7e9c50d47beafaa99830d3d51ad38006cc6e,2,48000,3.4299,UnityPy AudioClip.samples,exported,
sfx,SE_DUEL_DR_ACTIVE,SE_DUEL_DR_ACTIVE.wav,LocalData/93217544/0000/09/09c7936b,-7561808392694407071,172,sfx/SE_DUEL_DR_ACTIVE__1c03c9d9_-7561808392694407071.wav,283612,62c7a0b7249b8d6d9c7f1c2739e42cf5b4eda826cc65ebb2f77a864542e04807,2,48000,1.4769,UnityPy AudioClip.samples,exported,
music,BGM_SOLO_18,BGM_SOLO_18.wav,LocalData/93217544/0000/09/09ddca48,4855471601778950192,164,music/BGM_SOLO_18__43753b6f_4855471601778950192.wav,15590700,9e70b6f403d616ddf9dacb2c2a7c29baf443c4646cffb5eedd19659245610079,2,48000,81.2013,UnityPy AudioClip.samples,exported,
sfx,SE_M04041_c,SE_M04041_c.wav,LocalData/93217544/0000/09/09f87120,4146108364008991903,164,sfx/SE_M04041_c__350318db_4146108364008991903.wav,415828,8061eb3cdea6bbf95b9063d87488ffe709e4d52e08799c6cafe0a8886d00fd36,2,48000,2.1655,UnityPy AudioClip.samples,exported,
music,BGM_SOLO_45,BGM_SOLO_45.wav,LocalData/93217544/0000/0a/0a1b42b0,-8816024111331272473,164,music/BGM_SOLO_45__0fbee3f3_-8816024111331272473.wav,18336812,ac979916666b6482179ccfe326acb06ec2557841b6d80ae3386cf446371d67b2,2,48000,95.5040,UnityPy AudioClip.samples,exported,
sfx,SE_M04043_c,SE_M04043_c.wav,LocalData/93217544/0000/0a/0a7ca54e,5465901277469627523,164,sfx/SE_M04043_c__1dd1dde2_5465901277469627523.wav,697092,4de7b125dd9796b29959473e86738a442831683ce6bc311cca19a6ed81470962,2,48000,3.6305,UnityPy AudioClip.samples,exported,
sfx,SE_FIELD_MAT048_TAP,SE_FIELD_MAT048_TAP.wav,LocalData/93217544/0000/0a/0a94bac9,8326388772692908536,172,sfx/SE_FIELD_MAT048_TAP__0a07edee_8326388772692908536.wav,942100,f0a395daaa91c2887f0ecaf3f93165e95645e088080fddc447764cee52fe9a8e,2,48000,4.9065,UnityPy AudioClip.samples,exported,
sfx,SE_M12678_i,SE_M12678_i.wav,LocalData/93217544/0000/0b/0b271156,-5179256548524912546,164,sfx/SE_M12678_i__90361e03_-5179256548524912546.wav,1002076,9946ff586db768446944ed3b6505cdaa5f5feeda2bdd5e8835df8c4f7648bbdc,2,48000,5.2189,UnityPy AudioClip.samples,exported,
sfx,SE_EV_TRIPLETACTICS_TALENT,SE_EV_TRIPLETACTICS_TALENT.wav,LocalData/93217544/0000/0b/0b964cd2,3088374334621567915,180,sfx/SE_EV_TRIPLETACTICS_TALENT__cf40277e_3088374334621567915.wav,658540,e165652a20291538d40b421cee47698c9a74334718bdbaa973cffc751b592fbb,2,48000,3.4297,UnityPy AudioClip.samples,exported,
music,BGM_DUEL_NORMAL_05,BGM_DUEL_NORMAL_05.wav,LocalData/93217544/0000/0b/0bbd5f90,-8217969443636352852,172,music/BGM_DUEL_NORMAL_05__6b761375_-8217969443636352852.wav,32684364,373ab97d4ea36784cc0d713961c44ca4183011acc0f2f731f443b6a1fe1d0a65,2,48000,170.2308,UnityPy AudioClip.samples,exported,
sfx,SE_M04758_g,SE_M04758_g.wav,LocalData/93217544/0000/0b/0bd835c3,-2194683334634503417,164,sfx/SE_M04758_g__ec4e1c2f_-2194683334634503417.wav,723456,6394b4e6eb7a8ea9b1a4974ae877601f4266e4db33aff2723dbb2898b0362e12,2,48000,3.7678,UnityPy AudioClip.samples,exported,
sfx,SE_SOLO_3S_ATTACK_3,SE_SOLO_3S_ATTACK_3.wav,LocalData/93217544/0000/0b/0bd8e475,941169776679723241,172,sfx/SE_SOLO_3S_ATTACK_3__ff939302_941169776679723241.wav,637168,04ef45a605e2b81e62b7ebaf1f9e0774295927cd6018c9ddb2ea041cdf7abf4e,2,48000,3.3184,UnityPy AudioClip.samples,exported,
sfx,SE_1ST_PACK_PLUSONE,SE_1ST_PACK_PLUSONE.wav,LocalData/93217544/0000/0c/0c3db5ea,-3262592917284170940,172,sfx/SE_1ST_PACK_PLUSONE__98952b8f_-3262592917284170940.wav,515392,752952028869e1b40186e8ea1c345cdd8d30c620c6153f8b41b10ee0e14c5c46,2,48000,2.6841,UnityPy AudioClip.samples,exported,
sfx,SE_M21371_h,SE_M21371_h.wav,LocalData/93217544/0000/0c/0c6dfd0c,8396256070223054573,164,sfx/SE_M21371_h__6b28c430_8396256070223054573.wav,172076,2630690ec8f4cde3215a47d37f2f5c9cda6a71183ffce7fa20f449920df46648,2,48000,0.8960,UnityPy AudioClip.samples,exported,
sfx,SE_MONSTERATTACK_RE_02,SE_MONSTERATTACK_RE_02.wav,LocalData/93217544/0000/0c/0c8ffb5e,2865388860625264005,176,sfx/SE_MONSTERATTACK_RE_02__d2d2ca1f_2865388860625264005.wav,795652,8a277aea31a531a724d4038a92b06e142d073e95b20d92b68b4f55461bc45744,2,48000,4.1438,UnityPy AudioClip.samples,exported,
sfx,SE_M04758_c,SE_M04758_c.wav,LocalData/93217544/0000/0c/0cb5f1da,5576203005068966502,164,sfx/SE_M04758_c__36f48670_5576203005068966502.wav,812396,9502b06692cae4b8e99ceeeae4833b6cbb2bf3fc0345c0803a457d8b003e1335,2,48000,4.2310,UnityPy AudioClip.samples,exported,
sfx,SE_M07074_h,SE_M07074_h.wav,LocalData/93217544/0000/0c/0cc0b703,-762705970042050689,164,sfx/SE_M07074_h__09026b4b_-762705970042050689.wav,678036,4f2040b7037550c64edcade497871c17ee3c08c84d73e0409d92fc6251637868,2,48000,3.5312,UnityPy AudioClip.samples,exported,
music,BGM_DUEL_EX_07_PHASE_B,BGM_DUEL_EX_07_PHASE_B.wav,LocalData/93217544/0000/0c/0cc91d2a,-3531907452543018542,176,music/BGM_DUEL_EX_07_PHASE_B__e131fc15_-3531907452543018542.wav,28669484,15ed8f2866fc4e1e0762b25ac5da3f24e02bed5866a48ffb3b57f293c3d530a0,2,48000,149.3200,UnityPy AudioClip.samples,exported,
music,BGM_DUEL_NORMAL_01,BGM_DUEL_NORMAL_01.wav,LocalData/93217544/0000/0c/0cd09b89,-4067676085588028009,172,music/BGM_DUEL_NORMAL_01__99f1d570_-4067676085588028009.wav,30874964,81386d66c581b535a5a795eaf06ef104f61a3a082cbe40acd47a603d6fe265c0,2,48000,160.8069,UnityPy AudioClip.samples,exported,
sfx,SE_M04043_g,SE_M04043_g.wav,LocalData/93217544/0000/0d/0d116157,-3858437136296337645,164,sfx/SE_M04043_g__8c8292d6_-3858437136296337645.wav,833120,71933aee6dfe4189dc92d01b2b4733ca756f863d34eca7a61412e92627dae754,2,48000,4.3389,UnityPy AudioClip.samples,exported,
sfx,SE_WCS_HOLDING_01,SE_WCS_HOLDING_01.wav,LocalData/93217544/0000/0d/0d69e634,-6996757850329612792,172,sfx/SE_WCS_HOLDING_01__4802a954_-6996757850329612792.wav,1429660,bce87160ecff026e16c2cf017426329790bcf3cf2a30ec627d02b4cc444da70c,2,48000,7.4459,UnityPy AudioClip.samples,exported,
music,BGM_DUEL_EX_05_NORMAL,BGM_DUEL_EX_05_NORMAL.wav,LocalData/93217544/0000/0d/0d7328f8,-7115003851937959147,176,music/BGM_DUEL_EX_05_NORMAL__5bc33155_-7115003851937959147.wav,24490028,f799badc9ddcd77a70ed24e74514154fa589e3e0be222a09e92341b19953bf49,2,48000,127.5520,UnityPy AudioClip.samples,exported,
music,BGM_SOLO_41,BGM_SOLO_41.wav,LocalData/93217544/0000/0d/0d7686a9,-1608295496241194561,164,music/BGM_SOLO_41__4c2083ff_-1608295496241194561.wav,12085292,bd4d35617092e3bf19b2674885b277f8188d493554683c84007c55dac241ccb1,2,48000,62.9440,UnityPy AudioClip.samples,exported,
sfx,SE_SOLO_PROJECTION_LOOP,SE_SOLO_PROJECTION_LOOP.wav,LocalData/93217544/0000/0d/0db07722,8975228498910458041,176,sfx/SE_SOLO_PROJECTION_LOOP__250159b8_8975228498910458041.wav,949804,092b8325f16460f7a6a1e539ad6f5390e21a41755f0e9a452f0ac2efaa71fd79,2,44100,5.3841,UnityPy AudioClip.samples,exported,
sfx,SE_TDY_CHAINGET_CHAIN_01,SE_TDY_CHAINGET_CHAIN_01.wav,LocalData/93217544/0000/0d/0dc52ce4,1273306502523528488,176,sfx/SE_TDY_CHAINGET_CHAIN_01__f26388d8_1273306502523528488.wav,259532,c330784ef8ea3bbbdacf0539b25ee3155a1df22d1e3bc30c2310c5501043bee3,2,48000,1.3515,UnityPy AudioClip.samples,exported,
sfx,SE_M13208_h2,SE_M13208_h2.wav,LocalData/93217544/0000/0e/0e0bc92e,-2205164246070972671,164,sfx/SE_M13208_h2__df1f1920_-2205164246070972671.wav,587880,4064ca64222f5f9c385dc6417bd37c93c15b6001d7e31445da3f0dbd7840f294,2,48000,3.0616,UnityPy AudioClip.samples,exported,
sfx,SE_M19200_e,SE_M19200_e.wav,LocalData/93217544/0000/0e/0e12627f,-2391417480870140548,164,sfx/SE_M19200_e__5af3ad2e_-2391417480870140548.wav,1317988,989d49081f469fe968b7692e3e9a8f5730271e0d1f76faf19569cdb151b2be42,2,48000,6.8643,UnityPy AudioClip.samples,exported,
sfx,SE_M13029_h,SE_M13029_h.wav,LocalData/93217544/0000/0e/0e209dc0,8024484536602196281,164,sfx/SE_M13029_h__6693cda4_8024484536602196281.wav,253596,8d2f9bf66a20ab6c15334cddcad68e5774bd835a32c4e265fc9f30cd459389e1,2,48000,1.3206,UnityPy AudioClip.samples,exported,
sfx,SE_M14288_d,SE_M14288_d.wav,LocalData/93217544/0000/0e/0e2c3860,375888852759689052,164,sfx/SE_M14288_d__0b839208_375888852759689052.wav,1260844,5ccfd1599f25e1c66b2c78a12ecc308eb0d2a78a78407f1feaffd40aea5a7eb2,2,48000,6.5667,UnityPy AudioClip.samples,exported,
sfx,SE_M11765_a,SE_M11765_a.wav,LocalData/93217544/0000/0e/0e6c364c,2292766392371015351,164,sfx/SE_M11765_a__dd3849c4_2292766392371015351.wav,186796,1ab9012d3236985b6f799459ea8f7809d16072bbb926d5f57c0d790edc56a2bf,2,48000,0.9727,UnityPy AudioClip.samples,exported,
sfx,SE_M04041_g,SE_M04041_g.wav,LocalData/93217544/0000/0e/0e95b539,-5079734520926981178,164,sfx/SE_M04041_g__b88a53e8_-5079734520926981178.wav,715388,5ee10c0b15834f89ca6f7b471097604fbf615b4296f08c62c758b92e34095037,2,48000,3.7258,UnityPy AudioClip.samples,exported,
sfx,SE_M17443_h2,SE_M17443_h2.wav,LocalData/93217544/0000/0e/0e9c2fe1,1093430213788634511,164,sfx/SE_M17443_h2__625255d6_1093430213788634511.wav,593352,05d98da6fb6e45044894b976a9d9386007e994836fc90e0e7e8cdd92fc344bd5,2,48000,3.0901,UnityPy AudioClip.samples,exported,
sfx,SE_LOT_SHEET_SLIDE,SE_LOT_SHEET_SLIDE.wav,LocalData/93217544/0000/0e/0ec85fe1,6508489002618549601,172,sfx/SE_LOT_SHEET_SLIDE__8fe03ece_6508489002618549601.wav,143224,e93cf9855be472d05846c7b03517972992a0a8b781bb3d8fcb82c31a55c1532b,2,48000,0.7457,UnityPy AudioClip.samples,exported,
sfx,SE_M04044_c,SE_M04044_c.wav,LocalData/93217544/0000/0f/0f33b3cb,-1661067850280681888,164,sfx/SE_M04044_c__fd77ef7b_-1661067850280681888.wav,507100,d73904e8c1825fcfcea56d7f26b3408fea1ab07e8d6145ba6c0888c0cf98c88c,2,48000,2.6409,UnityPy AudioClip.samples,exported,
sfx,SE_M13258_f,SE_M13258_f.wav,LocalData/93217544/0000/0f/0f4db129,7075235973772062118,164,sfx/SE_M13258_f__abacfa7d_7075235973772062118.wav,962184,aa9a4b81c127ab1c34355f99c4aa35f7782a7e9b3404104dc950eb856a5f8bd1,2,48000,5.0111,UnityPy AudioClip.samples,exported,
sfx,SE_M13668_h,SE_M13668_h.wav,LocalData/93217544/0000/0f/0fc09500,6300199443946693862,164,sfx/SE_M13668_h__5021b592_6300199443946693862.wav,439308,b1598a76e2c8a7555fd50298d12f9538fc5bfab11cddfe10153f1ae06974d51d,2,48000,2.2878,UnityPy AudioClip.samples,exported,
sfx,SE_M18003_h1,SE_M18003_h1.wav,LocalData/93217544/0000/0f/0fccea64,-243887496990189444,164,sfx/SE_M18003_h1__4961778d_-243887496990189444.wav,601644,fc75e7dc6c7ec0e6dfda5b6c4a145696f42f90aeb6481ee586ace3d669927543,2,48000,3.1333,UnityPy AudioClip.samples,exported,
sfx,SE_SOLO_GATE078_J_FOOT_04,SE_SOLO_GATE078_J_FOOT_04.wav,LocalData/93217544/0000/10/102f550d,-615102100213395095,180,sfx/SE_SOLO_GATE078_J_FOOT_04__788f95fa_-615102100213395095.wav,199220,b8a2650bb3e2ac81bbc79fd21758ae74b8d6cf29abc9ee03cb97b49f518e16bb,2,48000,1.0374,UnityPy AudioClip.samples,exported,
sfx,SE_FIELD_MAT501_PHASE3_R,SE_FIELD_MAT501_PHASE3_R.wav,LocalData/93217544/0000/10/1038a93e,-192201280848309969,176,sfx/SE_FIELD_MAT501_PHASE3_R__61c44192_-192201280848309969.wav,544732,79f81ea8ad62de16863e66206b660c2447581595b706d844f4ce11e44ceda0a5,2,48000,2.8369,UnityPy AudioClip.samples,exported,
sfx,SE_FIELD_MAT502_PHASE4_P,SE_FIELD_MAT502_PHASE4_P.wav,LocalData/93217544/0000/10/104e6594,-773997265270009415,176,sfx/SE_FIELD_MAT502_PHASE4_P__f13d1d39_-773997265270009415.wav,697280,fbdf232de0486ec188d2ef884785ad4d5723c0cb5b2ca8aed37a59ae2092f86e,2,48000,3.6314,UnityPy AudioClip.samples,exported,
sfx,SE_M08092_d,SE_M08092_d.wav,LocalData/93217544/0000/10/1072427c,-8991457176615410038,164,sfx/SE_M08092_d__2983fc09_-8991457176615410038.wav,552096,7bbdd9c6ee8cf3ea5d890936ed1d912590dcbcc84ac06b162a6da86bd1e4933a,2,48000,2.8753,UnityPy AudioClip.samples,exported,
sfx,SE_SOLO_S_LIGHT,SE_SOLO_S_LIGHT.wav,LocalData/93217544/0000/10/10aba310,-2111600888000283431,168,sfx/SE_SOLO_S_LIGHT__31a676a5_-2111600888000283431.wav,1018752,fff2260be34e34fa3b1e7386547ba60295a9b1ea8c8eb1a3f7cd2db6247b5f54,2,48000,5.3058,UnityPy AudioClip.samples,exported,
sfx,SE_FIELD_MAT030_PHASE3_P,SE_FIELD_MAT030_PHASE3_P.wav,LocalData/93217544/0000/10/10b5b23d,-1524072494886948256,176,sfx/SE_FIELD_MAT030_PHASE3_P__343d9b0f_-1524072494886948256.wav,427912,1f527b49f41c0cb5eb184ce000b3d3dfb568eca238ac9f607b9cd1a4fc4c7daf,2,48000,2.2285,UnityPy AudioClip.samples,exported,
sfx,SE_FIELD_MAT031_PHASE2_R,SE_FIELD_MAT031_PHASE2_R.wav,LocalData/93217544/0000/10/10bbd218,4337018470443961981,176,sfx/SE_FIELD_MAT031_PHASE2_R__353aed6e_4337018470443961981.wav,314372,67709830cb629ac8b5d710729b2d5ba8469a62f19b185c3cf71a3aab039aeb4c,2,48000,1.6371,UnityPy AudioClip.samples,exported,
music,BGM_SOLO_08,BGM_SOLO_08.wav,LocalData/93217544/0000/10/10c6fb09,52116596164495168,164,music/BGM_SOLO_08__281572c2_52116596164495168.wav,20100140,d278299e7196ef5a90511105d4a82503b69a3237a94c3ee86cf4ffbc63791437,2,48000,104.6880,UnityPy AudioClip.samples,exported,
music,BGM_DUEL_EX_12_NORMAL,BGM_DUEL_EX_12_NORMAL.wav,LocalData/93217544/0000/10/10cd35a2,-8804227443259261296,176,music/BGM_DUEL_EX_12_NORMAL__d57a1ef6_-8804227443259261296.wav,21340204,3f7d26f5e91f6c9cb42cef3a0bb024b321fc81cefce8e9e6a804be451d7825d0,2,48000,111.1467,UnityPy AudioClip.samples,exported,
sfx,SE_FIELD_MAT032_PHASE4_P,SE_FIELD_MAT032_PHASE4_P.wav,LocalData/93217544/0000/11/110f7485,-8265335827048843226,176,sfx/SE_FIELD_MAT032_PHASE4_P__9bd633c2_-8265335827048843226.wav,602196,d0a244b5b3c9640490c23b564f6e86479d416bdaee3ba21b27e647dee0e74237,2,48000,3.1362,UnityPy AudioClip.samples,exported,
sfx,SE_DUEL_SPECIALWIN_CARD,SE_DUEL_SPECIALWIN_CARD.wav,LocalData/93217544/0000/11/111340a1,3595171092929938248,176,sfx/SE_DUEL_SPECIALWIN_CARD__2370d8ba_3595171092929938248.wav,867880,0a322cb18882c858eb3fe70bf02bb699c9f1e1ba86143af97af7b9b485dadfec,2,48000,4.5200,UnityPy AudioClip.samples,exported,
music,BGM_SOLO_GATE078_03,BGM_SOLO_GATE078_03.wav,LocalData/93217544/0000/11/111d01da,-4905316677386095443,172,music/BGM_SOLO_GATE078_03__b27539f9_-4905316677386095443.wav,14372908,221910343b62f11f8658d0e214fcb893bbda940ac06273a2f754602573adae35,2,48000,74.8587,UnityPy AudioClip.samples,exported,
music,BGM_DUEL_F10_PHASE_A,BGM_DUEL_F10_PHASE_A.wav,LocalData/93217544/0000/11/1176e888,-3996130081342961772,172,music/BGM_DUEL_F10_PHASE_A__49fbda3c_-3996130081342961772.wav,21398980,87483a8c8db8bc4abc7d191778c70deeecb3b5be805923fb5dc0fc37ee453fe1,2,48000,111.4528,UnityPy AudioClip.samples,exported,
sfx,SE_FIELD_MAT030_PHASE2_P,SE_FIELD_MAT030_PHASE2_P.wav,LocalData/93217544/0000/11/1177d80a,1833410645316936635,176,sfx/SE_FIELD_MAT030_PHASE2_P__1176ef7d_1833410645316936635.wav,345192,f1720c2f11a5b460b06143c649821d3be5eb00f8d04dd2149732c8417e34b563,2,48000,1.7976,UnityPy AudioClip.samples,exported,
sfx,SE_FIELD_MAT031_PHASE3_R,SE_FIELD_MAT031_PHASE3_R.wav,LocalData/93217544/0000/11/1179b82f,-2932383900824638589,176,sfx/SE_FIELD_MAT031_PHASE3_R__fe369f7c_-2932383900824638589.wav,429308,b2f461533def4df8aadac4fa2ab76f379ae7fb2520c1315b88b526247994afb2,2,48000,2.2357,UnityPy AudioClip.samples,exported,
sfx,SE_FIELD_MAT503_PHASE4_R,SE_FIELD_MAT503_PHASE4_R.wav,LocalData/93217544/0000/11/11826f86,-7135085525375136101,176,sfx/SE_FIELD_MAT503_PHASE4_R__1ae9c010_-7135085525375136101.wav,580616,a6e71de194d05a05b8b30becdb5863ff33e83d6837ab054130e59ef8eb56df3c,2,48000,3.0238,UnityPy AudioClip.samples,exported,
sfx,SE_M09647_f_lp03,SE_M09647_f_lp03.wav,LocalData/93217544/0000/11/11890ca1,4080283768315723672,168,sfx/SE_M09647_f_lp03__8fbe20f2_4080283768315723672.wav,306324,3ef95c97368ee3f960eb444faf1ee20cbf3daf40199624e7006d7c2ef877bed7,2,48000,1.5952,UnityPy AudioClip.samples,exported,
sfx,SE_M12678_h2_01,SE_M12678_h2_01.wav,LocalData/93217544/0000/11/11eb6b16,6297247236225074473,168,sfx/SE_M12678_h2_01__17baf7c7_6297247236225074473.wav,630372,04d930977c79e06e4dad7e8e346291694eb0f1b80ff193dbab5bf7313c4c6136,2,48000,3.2830,UnityPy AudioClip.samples,exported,
sfx,SE_V00012_h,SE_V00012_h.wav,LocalData/93217544/0000/11/11f289a8,-9086239672253091484,164,sfx/SE_V00012_h__f3206228_-9086239672253091484.wav,547680,7690e8368c1b10f97b803cbbb57d0f04c4033b8e8ad271b200f5f7128c831998,2,48000,2.8523,UnityPy AudioClip.samples,exported,
sfx,SE_FIELD_MAT501_PHASE2_R,SE_FIELD_MAT501_PHASE2_R.wav,LocalData/93217544/0000/11/11fac309,-3047570047510456842,176,sfx/SE_FIELD_MAT501_PHASE2_R__19bbc301_-3047570047510456842.wav,532608,f739a084f415db53790a75b526522cdb02aa5a965a6f039b7a45ec13adebab7a,2,48000,2.7738,UnityPy AudioClip.samples,exported,
sfx,SE_M12441_d,SE_M12441_d.wav,LocalData/93217544/0000/12/1232aaea,-8131178322574325683,164,sfx/SE_M12441_d__d07e0845_-8131178322574325683.wav,395052,6d3dd33ecc68b7ebda8ff540efa537531bac3919ef1bcff8e2eabf4484cb82e5,2,48000,2.0573,UnityPy AudioClip.samples,exported,
sfx,SE_M17452_h1,SE_M17452_h1.wav,LocalData/93217544/0000/12/1249308e,-4365135905859487330,164,sfx/SE_M17452_h1__6ff4c209_-4365135905859487330.wav,615228,fa3a6390f4ce5763f8bd0bbd7e308607667d59814252b2bcaf23f3108815638b,2,48000,3.2041,UnityPy AudioClip.samples,exported,
music,BGM_DUEL_KEYCARD_08,BGM_DUEL_KEYCARD_08.wav,LocalData/93217544/0000/12/1262defc,4380366107795077120,172,music/BGM_DUEL_KEYCARD_08__53587b19_4380366107795077120.wav,28687996,75bd1ced6765214c07b89a079ff6b3831f57eec3322ebe827de34264c4c7e3fc,2,48000,149.4164,UnityPy AudioClip.samples,exported,
sfx,SE_M04844_h1_lp01,SE_M04844_h1_lp01.wav,LocalData/93217544/0000/12/127002ed,5960118768151765380,172,sfx/SE_M04844_h1_lp01__a7b6a950_5960118768151765380.wav,441264,ed85d9f105bf9141c29677e5c70c02ecf2245edb01e193378bf6cff52cb62467,2,48000,2.2980,UnityPy AudioClip.samples,exported,
sfx,SE_V00010_h,SE_V00010_h.wav,LocalData/93217544/0000/12/12765dc6,-8675101452830370779,164,sfx/SE_V00010_h__5472842e_-8675101452830370779.wav,267344,0fd0fb763080a1dabf625987aeee4ead4cecc2b6894d2496abdba13e232f5efe,2,44100,1.5153,UnityPy AudioClip.samples,exported,
sfx,SE_M13011_h,SE_M13011_h.wav,LocalData/93217544/0000/12/12866396,6708021147129221548,164,sfx/SE_M13011_h__34656a6c_6708021147129221548.wav,380092,cb48256b3fbce82db3b03964b9ed652d9bc73d70dd0267c72a90452e7985628a,2,48000,1.9794,UnityPy AudioClip.samples,exported,
sfx,SE_FIELD_MAT051_PHASE4_P,SE_FIELD_MAT051_PHASE4_P.wav,LocalData/93217544/0000/12/128d05c5,-1461450611630645398,176,sfx/SE_FIELD_MAT051_PHASE4_P__d3b36c3d_-1461450611630645398.wav,1395244,c21ad292a8aa4c971c0fd1858d9593e9f39cb2e2fbe5030f8eb22049ec3b3b65,2,48000,7.2667,UnityPy AudioClip.samples,exported,
sfx,SE_SOLO_GATE078_ENV04_OUTSIDE,SE_SOLO_GATE078_ENV04_OUTSIDE.wav,LocalData/93217544/0000/12/1292b0c2,7685462194370730263,184,sfx/SE_SOLO_GATE078_ENV04_OUTSIDE__3aeb7329_7685462194370730263.wav,4704044,5353fbc3846dcc91b2ae8bd69399dff84a12fde1e9ee3528baf83dad619aadc7,2,48000,24.5000,UnityPy AudioClip.samples,exported,
music,BGM_DUEL_NORMAL_15,BGM_DUEL_NORMAL_15.wav,LocalData/93217544/0000/12/12a66ed1,6185469949624342503,172,music/BGM_DUEL_NORMAL_15__ab1ddc71_6185469949624342503.wav,19152940,3c0c66360925ffee3cb9810a873296c74aff9d49de51ff5e1c6d3809fec74946,2,48000,99.7547,UnityPy AudioClip.samples,exported,
sfx,SE_M04007_h2,SE_M04007_h2.wav,LocalData/93217544/0000/12/12ad4663,946863459505917272,164,sfx/SE_M04007_h2__eac9b331_946863459505917272.wav,748552,11dd76a9f3ef85bbeba8ac764910ae0bd229c7b637861faef5c69c0b8b50eff1,2,48000,3.8985,UnityPy AudioClip.samples,exported,
sfx,SE_EV_045_NORMAL,SE_EV_045_NORMAL.wav,LocalData/93217544/0000/12/12d999dc,-8294715293669697968,168,sfx/SE_EV_045_NORMAL__e02ec238_-8294715293669697968.wav,756284,66f5e07896efe73fd1b69652c8c4de71d52d48eb017dd229258e66e2299ba4ca,2,48000,3.9388,UnityPy AudioClip.samples,exported,
sfx,SE_FIELD_MAT031_PHASE1_R,SE_FIELD_MAT031_PHASE1_R.wav,LocalData/93217544/0000/12/12fd6c41,353893452778626871,176,sfx/SE_FIELD_MAT031_PHASE1_R__b594df3a_353893452778626871.wav,397848,bdecf4d1aea7545c71628275cc69e2f396919f1f2c4610b1626ef2432a0f3c5b,2,48000,2.0719,UnityPy AudioClip.samples,exported,
sfx,SE_FIELD_MAT030_PHASE1_P,SE_FIELD_MAT030_PHASE1_P.wav,LocalData/93217544/0000/13/13316653,3542111407436178951,176,sfx/SE_FIELD_MAT030_PHASE1_P__7d470710_3542111407436178951.wav,478268,d70c23d0db9fd93e1bf3c69af72808ccd8330adedf2b4bfaa9de760150f7678d,2,48000,2.4907,UnityPy AudioClip.samples,exported,
sfx,SE_FIELD_MAT050_PHASE4_R,SE_FIELD_MAT050_PHASE4_R.wav,LocalData/93217544/0000/13/13410fd7,-4821881355133861216,176,sfx/SE_FIELD_MAT050_PHASE4_R__5c6fa459_-4821881355133861216.wav,1756844,e062c93db386821d6461757471ac6b1a213684f04af223092ee6d285cf551d00,2,48000,9.1500,UnityPy AudioClip.samples,exported,
sfx,SE_FIELD_MAT007_TAP,SE_FIELD_MAT007_TAP.wav,LocalData/93217544/0000/13/13556f0e,8693056301615711965,172,sfx/SE_FIELD_MAT007_TAP__b1ef1e6b_8693056301615711965.wav,627056,74e40a977d67f3b86a7291e96cd424b93e0473c3ba8a4ae5efd5075eb5c56b4c,2,48000,3.2657,UnityPy AudioClip.samples,exported,
sfx,SE_M17069_d,SE_M17069_d.wav,LocalData/93217544/0000/13/136504aa,893974377959750915,164,sfx/SE_M17069_d__cddeb7d9_893974377959750915.wav,632420,895cf65333a20467d228d986d9847f3bf0fb72091963c3a3eff02a3a0ba890d9,2,48000,3.2936,UnityPy AudioClip.samples,exported,
sfx,SE_M21371_h2,SE_M21371_h2.wav,LocalData/93217544/0000/13/136f9fdb,721644180659491400,164,sfx/SE_M21371_h2__2895eb7b_721644180659491400.wav,508116,69fde0e3703f427782ee3e2e9e59380cde0c1af189b834b64881af94abf9de3f,2,48000,2.6462,UnityPy AudioClip.samples,exported,
sfx,SE_M04041_a2,SE_M04041_a2.wav,LocalData/93217544/0000/13/13840436,3771884447636846531,164,sfx/SE_M04041_a2__f983f5a4_3771884447636846531.wav,186796,1ab9012d3236985b6f799459ea8f7809d16072bbb926d5f57c0d790edc56a2bf,2,48000,0.9727,UnityPy AudioClip.samples,exported,
sfx,SE_M15527_d,SE_M15527_d.wav,LocalData/93217544/0000/13/13b1908c,886680528391616037,164,sfx/SE_M15527_d__41e0545e_886680528391616037.wav,557112,6d2e36b5fb8c01dc4e51ebe92ade8de96687273058848c298a775dbc4a512755,2,48000,2.9014,UnityPy AudioClip.samples,exported,
sfx,SE_V00011_h,SE_V00011_h.wav,LocalData/93217544/0000/13/13b437f1,6214038392420426757,164,sfx/SE_V00011_h__a107e016_6214038392420426757.wav,193844,4fb8aa2e97462d86e5685c65b96ad0d4fe24b2cdd8a79b45d093f69dd9b2b8c9,2,48000,1.0094,UnityPy AudioClip.samples,exported,
sfx,SE_FIELD_MAT501_PHASE1_R,SE_FIELD_MAT501_PHASE1_R.wav,LocalData/93217544/0000/13/13bc7d50,7835186802101906779,176,sfx/SE_FIELD_MAT501_PHASE1_R__3a64f6e9_7835186802101906779.wav,538052,5d0673256aff60af69bc047dfcca057ab0bcefa7f05f42c999e2d454f3a7e3fc,2,48000,2.8021,UnityPy AudioClip.samples,exported,
sfx,SE_DR_MIGHTY_OS,SE_DR_MIGHTY_OS.wav,LocalData/93217544/0000/13/13cf84f0,6755008173449313143,168,sfx/SE_DR_MIGHTY_OS__4720abe2_6755008173449313143.wav,453032,9451a00a99723d74e5c30835816c72d3f1b5206c852ad337ba04fc3d2786cfc9,2,48000,2.3593,UnityPy AudioClip.samples,exported,
sfx,SE_DUEL_WCS_FINALLOGO_02,SE_DUEL_WCS_FINALLOGO_02.wav,LocalData/93217544/0000/13/13f3990f,-1907219134446598560,176,sfx/SE_DUEL_WCS_FINALLOGO_02__d103d405_-1907219134446598560.wav,717656,960c9e662ecffb7e92016ad75369ec0b9ac4c5dda5891f7d3720b83c6fd89ede,2,48000,3.7376,UnityPy AudioClip.samples,exported,
sfx,SE_M12642_i,SE_M12642_i.wav,LocalData/93217544/0000/14/14053b6e,5174842879207408503,164,sfx/SE_M12642_i__768017a7_5174842879207408503.wav,524204,19bbca2253f1df2852b7c6d0a5ee051cc1b986c9024e8a4877e82a2805a79490,2,48000,2.7300,UnityPy AudioClip.samples,exported,
sfx,SE_M07552_e,SE_M07552_e.wav,LocalData/93217544/0000/14/1415f0f7,8985152457549665283,164,sfx/SE_M07552_e__d8882a77_8985152457549665283.wav,888724,94a08aa2a1fe9fd58a1d461299a746186e2aba4b7343b732fb4e9ee7f35f72b9,2,48000,4.6285,UnityPy AudioClip.samples,exported,
sfx,SE_FIELD_MAT031_PHASE4_R,SE_FIELD_MAT031_PHASE4_R.wav,LocalData/93217544/0000/14/1436aeaa,-6935681767666731932,176,sfx/SE_FIELD_MAT031_PHASE4_R__58a5a22c_-6935681767666731932.wav,409536,6265e72ed0770f7de1294fde71fa1c65713b36a6f486c63d1a67dc71d5321560,2,48000,2.1328,UnityPy AudioClip.samples,exported,
sfx,SE_FIELD_MAT032_PHASE3_P,SE_FIELD_MAT032_PHASE3_P.wav,LocalData/93217544/0000/14/14406200,-6753951529044907156,176,sfx/SE_FIELD_MAT032_PHASE3_P__73623c29_-6753951529044907156.wav,507044,61ba571a71115595eaa5023e434a975fa583363e304cae78e0f36c8093f90609,2,48000,2.6406,UnityPy AudioClip.samples,exported,
sfx,SE_FIELD_MAT051_PHASE1_P,SE_FIELD_MAT051_PHASE1_P.wav,LocalData/93217544/0000/14/1446c72e,-3537078620158103118,176,sfx/SE_FIELD_MAT051_PHASE1_P__9c0ea4d0_-3537078620158103118.wav,520808,a37e993c65e7173fed6a49a96ebbb8a0b6af530447c7943753fc08fd2f015415,2,48000,2.7123,UnityPy AudioClip.samples,exported,
sfx,SE_MONSTERATTACK_SLIFER_01,SE_MONSTERATTACK_SLIFER_01.wav,LocalData/93217544/0000/14/14651fe1,9096201139368680010,180,sfx/SE_MONSTERATTACK_SLIFER_01__31d1eacd_9096201139368680010.wav,516724,c8b36a65432d002d0e8d47ca79c9b6f029020ffe58655c39c5762dc7f2473f13,2,48000,2.6910,UnityPy AudioClip.samples,exported,
music,BGM_DUEL_F06_PHASE_B,BGM_DUEL_F06_PHASE_B.wav,LocalData/93217544/0000/14/14a7ab86,1964552793106233919,172,music/BGM_DUEL_F06_PHASE_B__f45473b8_1964552793106233919.wav,26333228,b56dffa9d7ed944e998108e4931e65175c6e6b9ef69d6f8483353ffb5e6c356f,2,48000,137.1520,UnityPy AudioClip.samples,exported,
sfx,SE_M14672_h1,SE_M14672_h1.wav,LocalData/93217544/0000/14/14a9d878,689023195832596811,164,sfx/SE_M14672_h1__15f1e7c4_689023195832596811.wav,569816,84fbba5fffac5696a00d6213cb0764827fce5dcbe0a3def9ec2bd66b0ca5c914,2,48000,2.9676,UnityPy AudioClip.samples,exported,
sfx,SE_FIELD_MAT502_PHASE2_P,SE_FIELD_MAT502_PHASE2_P.wav,LocalData/93217544/0000/14/14c31926,-6680458107481246186,176,sfx/SE_FIELD_MAT502_PHASE2_P__ef12d72f_-6680458107481246186.wav,532608,04089bb93688fb95cb0987b1d309d01bf00c34d9968cbbf09d791cf221c030be,2,48000,2.7738,UnityPy AudioClip.samples,exported,
sfx,SE_M13658_d,SE_M13658_d.wav,LocalData/93217544/0000/14/14c376c5,3358567278809767202,164,sfx/SE_M13658_d__19f8accd_3358567278809767202.wav,594096,0c0825171e55e05770e9ed738b8b8465471d6a548d1f5fcefdb0d7207b07945f,2,48000,3.0940,UnityPy AudioClip.samples,exported,
sfx,SE_M18193_c,SE_M18193_c.wav,LocalData/93217544/0000/14/14c39fec,4833152164125593107,164,sfx/SE_M18193_c__d8d53146_4833152164125593107.wav,1228092,a282b76b3ca9577a2baccc9a7db6c7bf7467ff68607d93029433e984a95f13b5,2,48000,6.3961,UnityPy AudioClip.samples,exported,
sfx,SE_FIELD_MAT503_PHASE3_R,SE_FIELD_MAT503_PHASE3_R.wav,LocalData/93217544/0000/14/14cd7903,-2581228486782159812,176,sfx/SE_FIELD_MAT503_PHASE3_R__5cb9736b_-2581228486782159812.wav,459756,062fec710748644843f2209860d23fd181666cb93ad907674343cec01957cbb9,2,48000,2.3943,UnityPy AudioClip.samples,exported,
sfx,SE_SOLO_GATE078_ENV03_ROOM03,SE_SOLO_GATE078_ENV03_ROOM03.wav,LocalData/93217544/0000/14/14d20d81,2672020729315599495,180,sfx/SE_SOLO_GATE078_ENV03_ROOM03__70a9a7c7_2672020729315599495.wav,3360044,db10e6957934e56f610c723771791f1f13494db47f6aa1587dcd4cfaff7d1312,2,48000,17.5000,UnityPy AudioClip.samples,exported,
sfx,SE_M06653_h2,SE_M06653_h2.wav,LocalData/93217544/0000/14/14e9ac70,2938911535836069715,164,sfx/SE_M06653_h2__dd480e9c_2938911535836069715.wav,649708,f7e1adfe85a9f0e64f7808cf6f3ff5b8b786f597d9eeab0ca7c0da2a31bfcc71,2,48000,3.3837,UnityPy AudioClip.samples,exported,
sfx,SE_DUEL_TIME_COUNT_ZERO,SE_DUEL_TIME_COUNT_ZERO.wav,LocalData/93217544/0000/14/14f66925,-2686339356723950344,176,sfx/SE_DUEL_TIME_COUNT_ZERO__f4610968_-2686339356723950344.wav,234972,46ae3b43d40385c7a0f298917cc22dbb00a09d8d6d1d234bd3d1abd25601873d,2,44100,1.3318,UnityPy AudioClip.samples,exported,
sfx,SE_FIELD_MAT502_PHASE3_P,SE_FIELD_MAT502_PHASE3_P.wav,LocalData/93217544/0000/15/15017311,6876524896195654335,176,sfx/SE_FIELD_MAT502_PHASE3_P__7d127d62_6876524896195654335.wav,544732,5b49a867ce316b4b2b90b9a257debc504b67a835c3cbeb9a66b0d0a0b970a733,2,48000,2.8369,UnityPy AudioClip.samples,exported,
sfx,SE_FIELD_MAT503_PHASE2_R,SE_FIELD_MAT503_PHASE2_R.wav,LocalData/93217544/0000/15/150f1334,-6298643821105794402,176,sfx/SE_FIELD_MAT503_PHASE2_R__43d681e4_-6298643821105794402.wav,449088,c545360b1071420927d044b9a042aa0c1977e15f85cf47d24e45c6d8901ca84a,2,48000,2.3388,UnityPy AudioClip.samples,exported,
sfx,SE_SOLO_SUZU_02,SE_SOLO_SUZU_02.wav,LocalData/93217544/0000/15/155dcf28,1782343893249235117,168,sfx/SE_SOLO_SUZU_02__936b5e72_1782343893249235117.wav,793212,2dc5fef35434a2117713c8910cc26e2eef91a5c5499638923632e419627fb843,2,48000,4.1311,UnityPy AudioClip.samples,exported,
sfx,SE_M10747_h,SE_M10747_h.wav,LocalData/93217544/0000/15/156141a8,-4647507757550593115,164,sfx/SE_M10747_h__adbfbad3_-4647507757550593115.wav,309604,c6adb7004ea020d0562dc3266ecfb7fa8eb2900cc648fea79fa871c5f8a61b0b,2,48000,1.6123,UnityPy AudioClip.samples,exported,
sfx,SE_FIELD_MAT501_PHASE4_R,SE_FIELD_MAT501_PHASE4_R.wav,LocalData/93217544/0000/15/1577bfbb,-8324165147050441082,176,sfx/SE_FIELD_MAT501_PHASE4_R__5ceaa60a_-8324165147050441082.wav,697280,7d37421b99f2ab5a386dc59806556153311110ae2b6a6b8753c6dd5599fd834d,2,48000,3.6314,UnityPy AudioClip.samples,exported,
sfx,SE_V00014_h,SE_V00014_h.wav,LocalData/93217544/0000/15/157ff51a,8609351074355272402,164,sfx/SE_V00014_h__480e4341_8609351074355272402.wav,354716,b81bb48db79b8122d6a3feb6bcb3cbcf32f3d90178fcd73bd74551b711a33d5c,2,48000,1.8473,UnityPy AudioClip.samples,exported,
sfx,SE_FIELD_MAT032_PHASE2_P,SE_FIELD_MAT032_PHASE2_P.wav,LocalData/93217544/0000/15/15820837,5450407128370551690,176,sfx/SE_FIELD_MAT032_PHASE2_P__315df08f_5450407128370551690.wav,493988,8e48babe164769d134f9384eb97c71739c2115c5ebf00ad23988ad6df7505552,2,48000,2.5726,UnityPy AudioClip.samples,exported,
sfx,SE_FIELD_MAT050_PHASE1_R,SE_FIELD_MAT050_PHASE1_R.wav,LocalData/93217544/0000/15/158acd3c,6074227116702812560,176,sfx/SE_FIELD_MAT050_PHASE1_R__ed6f79c3_6074227116702812560.wav,1119540,8368bda551a93f7022d24281e411707addc06aea66ca250821846cf1445fafa5,2,48000,5.8307,UnityPy AudioClip.samples,exported,
sfx,SE_M09285_h,SE_M09285_h.wav,LocalData/93217544/0000/15/15abff72,3958596878807173037,164,sfx/SE_M09285_h__2a7ee488_3958596878807173037.wav,672444,0d4f463447ed1ebfce3bb8da4a3a5c809b8b84a4467a205fabbfdc2666c6c170,2,48000,3.5021,UnityPy AudioClip.samples,exported,
sfx,SE_M04007_h,SE_M04007_h.wav,LocalData/93217544/0000/15/15c5434d,-5194668455988833528,164,sfx/SE_M04007_h__35ac8aac_-5194668455988833528.wav,597224,40462d571049b8e41fd97235bee6782aa65972315c8a4953e9513406ab9873b5,2,48000,3.1103,UnityPy AudioClip.samples,exported,
music,BGM_DUEL_DC02_CLIMAX,BGM_DUEL_DC02_CLIMAX.wav,LocalData/93217544/0000/15/15ca8441,-2394373340650693129,172,music/BGM_DUEL_DC02_CLIMAX__6c6280cc_-2394373340650693129.wav,23202860,810a580bc9d470e6355610c88af5a25224f41521edc43c3ec098136e7fe050eb,2,48000,120.8480,UnityPy AudioClip.samples,exported,
music,BGM_DUEL_NORMAL_11,BGM_DUEL_NORMAL_11.wav,LocalData/93217544/0000/15/15cbaac8,7784360180804513765,172,music/BGM_DUEL_NORMAL_11__e6269ddf_7784360180804513765.wav,18146864,94fab20e2d2ef484a3ac9a636e128cb6312e9e7b334b4c45dc59dbad2554d672,2,48000,94.5147,UnityPy AudioClip.samples,exported,
sfx,SE_FIELD_MAT030_PHASE4_P,SE_FIELD_MAT030_PHASE4_P.wav,LocalData/93217544/0000/15/15faa4b8,1349475759119055239,176,sfx/SE_FIELD_MAT030_PHASE4_P__839e27b7_1349475759119055239.wav,525608,942f608ca6553975d40ccfe502c3a2dafce70f76814845148219a7c55fec2982,2,48000,2.7373,UnityPy AudioClip.samples,exported,
sfx,SE_FIELD_MAT051_PHASE2_P,SE_FIELD_MAT051_PHASE2_P.wav,LocalData/93217544/0000/16/16007977,7372379830515464340,176,sfx/SE_FIELD_MAT051_PHASE2_P__b8a0f683_7372379830515464340.wav,463580,a32f32605167935155e4392fcd483db6c50bd5e440d5cfe4fdf1111011745fac,2,48000,2.4143,UnityPy AudioClip.samples,exported,
sfx,SE_M15726_i,SE_M15726_i.wav,LocalData/93217544/0000/16/1602d566,-2574269071049137875,164,sfx/SE_M15726_i__fd176eec_-2574269071049137875.wav,757616,1bc081ab03e0bf40aa271833a5a00d7da72050489ba150e2e377972cad1991db,2,48000,3.9457,UnityPy AudioClip.samples,exported,
sfx,SE_M17452_f,SE_M17452_f.wav,LocalData/93217544/0000/16/160b8349,8736510051036357454,164,sfx/SE_M17452_f__b741f3e5_8736510051036357454.wav,627188,595105f4d74881e4472bf16c97d289bd5c1b99d8d62af3af39e4564149aca42f,2,48000,3.2664,UnityPy AudioClip.samples,exported,
sfx,SE_FIELD_MAT050_PHASE3_R,SE_FIELD_MAT050_PHASE3_R.wav,LocalData/93217544/0000/16/160e1952,6657833746563878795,176,sfx/SE_FIELD_MAT050_PHASE3_R__65520fe7_6657833746563878795.wav,1454176,3d6aef93955d6d2062866c4a52f833093ddef6ec95cb4fb8717f690486f5477b,2,48000,7.5736,UnityPy AudioClip.samples,exported,
sfx,SE_SOLO_S_DINGIRSU,SE_SOLO_S_DINGIRSU.wav,LocalData/93217544/0000/16/162fece4,-8650500369287150479,172,sfx/SE_SOLO_S_DINGIRSU__d2d2bd34_-8650500369287150479.wav,1415628,6ce3a1f4b9c2f1690683ac415773fe0a75cc1fad35092e49336fd3a56d6df574,2,48000,7.3728,UnityPy AudioClip.samples,exported,
sfx,SE_M12487_h2,SE_M12487_h2.wav,LocalData/93217544/0000/16/16367a10,8340189444518478903,164,sfx/SE_M12487_h2__a4d2a084_8340189444518478903.wav,929356,f07d51b33d981d812ef914d4a045fb814384f2836c3de9b32f270cb937de06ca,2,48000,4.8402,UnityPy AudioClip.samples,exported,
sfx,SE_FIELD_MAT027_TAP_P,SE_FIELD_MAT027_TAP_P.wav,LocalData/93217544/0000/16/163a47ff,8174823791852995963,176,sfx/SE_FIELD_MAT027_TAP_P__e994696b_8174823791852995963.wav,933148,031c84c2cdadcb5aaa37e1e3f58e436c4fa6636d335cbd17fa12287ae92954c7,2,48000,4.8599,UnityPy AudioClip.samples,exported,
sfx,SE_FIELD_MAT502_PHASE1_P,SE_FIELD_MAT502_PHASE1_P.wav,LocalData/93217544/0000/16/1685a77f,323873857378152914,176,sfx/SE_FIELD_MAT502_PHASE1_P__6ac9941b_323873857378152914.wav,538052,708d4175446da61631d47bdfb355e935bf7536510f153b12586a29c6262f8ac8,2,48000,2.8021,UnityPy AudioClip.samples,exported,
sfx,SE_M09441_f_loop,SE_M09441_f_loop.wav,LocalData/93217544/0000/16/169f60e7,2983082506175529241,168,sfx/SE_M09441_f_loop__4eb7529d_2983082506175529241.wav,504520,22eb4156a135a24b470b66fd7114a41c9e70717073d2b5d25764e589733ba9a4,2,48000,2.6275,UnityPy AudioClip.samples,exported,
sfx,SE_M13258_a2,SE_M13258_a2.wav,LocalData/93217544/0000/17/1729fd17,-8268548041071193185,164,sfx/SE_M13258_a2__8a763f76_-8268548041071193185.wav,186796,1ab9012d3236985b6f799459ea8f7809d16072bbb926d5f57c0d790edc56a2bf,2,48000,0.9727,UnityPy AudioClip.samples,exported,
sfx,SE_TEAM_VICTORY,SE_TEAM_VICTORY.wav,LocalData/93217544/0000/17/173be590,-1527296709847964191,168,sfx/SE_TEAM_VICTORY__a2c008f4_-1527296709847964191.wav,988528,12886b12d2f51515ba30468e55f4328684f58b7f01c26664d07710f2d5735af4,2,48000,5.1484,UnityPy AudioClip.samples,exported,
sfx,SE_M13144_d,SE_M13144_d.wav,LocalData/93217544/0000/17/174534d4,-6872311432663654293,164,sfx/SE_M13144_d__20d20c49_-6872311432663654293.wav,466460,103b3dd924fee90a8f1513332e8a1171dfcdd2693b7769b979f2ca770b41b185,2,48000,2.4293,UnityPy AudioClip.samples,exported,
sfx,SE_FIELD_MAT503_PHASE1_R,SE_FIELD_MAT503_PHASE1_R.wav,LocalData/93217544/0000/17/1749ad6d,2810839739660031169,176,sfx/SE_FIELD_MAT503_PHASE1_R__be1ca61a_2810839739660031169.wav,581916,ace24ebeb7fe9981235fd7bc63b3db3cfc36d4c267167ea14e0f0625fff1a9ed,2,48000,3.0306,UnityPy AudioClip.samples,exported,
sfx,SE_M04041_SD_a2,SE_M04041_SD_a2.wav,LocalData/93217544/0000/17/177ab453,6883664561826141479,168,sfx/SE_M04041_SD_a2__94fdecbd_6883664561826141479.wav,186796,1ab9012d3236985b6f799459ea8f7809d16072bbb926d5f57c0d790edc56a2bf,2,48000,0.9727,UnityPy AudioClip.samples,exported,
sfx,SE_FIELD_MAT038_TAP,SE_FIELD_MAT038_TAP.wav,LocalData/93217544/0000/17/17918a71,-3572491624049916079,172,sfx/SE_FIELD_MAT038_TAP__4548ef26_-3572491624049916079.wav,943108,9da29a70ec20c3b3033e59714b70bdf4f51d5a1a1b2817f5203ab925d69f249c,2,48000,4.9118,UnityPy AudioClip.samples,exported,
sfx,SE_FIELD_MAT051_PHASE3_P,SE_FIELD_MAT051_PHASE3_P.wav,LocalData/93217544/0000/17/17c21340,-4903623929148760228,176,sfx/SE_FIELD_MAT051_PHASE3_P__ad35ace6_-4903623929148760228.wav,751872,b83d1f594b463370a1e9e850599d4bb03d1b9482dbb232a3682dde8cbceda13d,2,48000,3.9158,UnityPy AudioClip.samples,exported,
sfx,SE_FIELD_MAT032_PHASE1_P,SE_FIELD_MAT032_PHASE1_P.wav,LocalData/93217544/0000/17/17c4b66e,-1495853673004561419,176,sfx/SE_FIELD_MAT032_PHASE1_P__e6893ded_-1495853673004561419.wav,471544,ac185e38c6efa6f21a198241902a17b9d2f877da6237f33a9a6f2650aec78e89,2,48000,2.4557,UnityPy AudioClip.samples,exported,
sfx,SE_FIELD_MAT050_PHASE2_R,SE_FIELD_MAT050_PHASE2_R.wav,LocalData/93217544/0000/17/17cc7365,7690693904775669742,176,sfx/SE_FIELD_MAT050_PHASE2_R__fe21bafc_7690693904775669742.wav,1585748,ed5424a10aeba4edacc4d7de42373a979524d8c29d29b61de4fa9b3c2c94766d,2,48000,8.2589,UnityPy AudioClip.samples,exported,
sfx,SE_M07188_i,SE_M07188_i.wav,LocalData/93217544/0000/17/17de4717,1382550524600080230,164,sfx/SE_M07188_i__fd56afcb_1382550524600080230.wav,300284,982060ce7b49b2a3a89f6576dd8ae7544ab1c1f72c0afa43f5d93ff79b27229a,2,48000,1.5637,UnityPy AudioClip.samples,exported,
sfx,SE_SOLO_NAGURU_02,SE_SOLO_NAGURU_02.wav,LocalData/93217544/0000/17/17deed50,-7362196727079694682,172,sfx/SE_SOLO_NAGURU_02__5fd5ae4c_-7362196727079694682.wav,724372,894bd560214cce877d629975864b13a7c2d281ee5a204885a939b5c819ef60e8,2,48000,3.7725,UnityPy AudioClip.samples,exported,
sfx,SE_EV_042_NORMAL,SE_EV_042_NORMAL.wav,LocalData/93217544/0000/18/181c90c5,2799134772364567293,168,sfx/SE_EV_042_NORMAL__481f2d9f_2799134772364567293.wav,478808,e79c2ad46d62c5cf1734c04031f34ca2229949c3c0d89d09d1aab94df8d11e90,2,48000,2.4936,UnityPy AudioClip.samples,exported,
sfx,SE_FIELD_MAT504_PHASE3_P,SE_FIELD_MAT504_PHASE3_P.wav,LocalData/93217544/0000/18/181f0356,1408766041397724734,176,sfx/SE_FIELD_MAT504_PHASE3_P__94d37da9_1408766041397724734.wav,459756,e30181ad72525939cb258a8f31c3483e42dcd013729a404effafa211ad658e70,2,48000,2.3943,UnityPy AudioClip.samples,exported,
sfx,SE_V00012_d,SE_V00012_d.wav,LocalData/93217544/0000/18/1844c583,3524423329212653112,164,sfx/SE_V00012_d__90208111_3524423329212653112.wav,705164,2e6c4a6ada093b00c537605870622e2cedd763e6b6b5f6219b1d27f89c57ad26,2,48000,3.6725,UnityPy AudioClip.samples,exported,
sfx,SE_COLOSSEUMRESULT_from4,SE_COLOSSEUMRESULT_from4.wav,LocalData/93217544/0000/18/18613855,-6500969371863915618,176,sfx/SE_COLOSSEUMRESULT_from4__6541c484_-6500969371863915618.wav,882672,c12ce2990f9406396907b46b76489b30cc65d36a1f5d1268605339cf89462715,2,48000,4.5970,UnityPy AudioClip.samples,exported,
sfx,SE_FIELD_MAT035_PHASE3_R,SE_FIELD_MAT035_PHASE3_R.wav,LocalData/93217544/0000/18/18921855,1527863875626601420,176,sfx/SE_FIELD_MAT035_PHASE3_R__a28b81a9_1527863875626601420.wav,471352,4b0cd09004067fd3c0ecbd251daabc90038b3914aba2ebfaf6fbf206a1a88774,2,48000,2.4547,UnityPy AudioClip.samples,exported,
sfx,SE_FIELD_MAT034_PHASE2_P,SE_FIELD_MAT034_PHASE2_P.wav,LocalData/93217544/0000/18/189c7870,-4372504516846512487,176,sfx/SE_FIELD_MAT034_PHASE2_P__31bd7989_-4372504516846512487.wav,991732,4799ebe905c4bcd335d7aec83b01e763067eb462f170c0ee082ed0babc1958ab,2,48000,5.1650,UnityPy AudioClip.samples,exported,
sfx,SE_M12678_h1,SE_M12678_h1.wav,LocalData/93217544/0000/18/18c40d26,-520255054149091084,164,sfx/SE_M12678_h1__0edeb359_-520255054149091084.wav,697996,b3116d6ea5d6233d2dcb5cad46bfd70830cbbdb2a38c48064606de226288fabc,2,48000,3.6352,UnityPy AudioClip.samples,exported,
sfx,SE_FIELD_MAT036_PHASE4_P,SE_FIELD_MAT036_PHASE4_P.wav,LocalData/93217544/0000/18/18e4d4ff,-1633003346296690570,176,sfx/SE_FIELD_MAT036_PHASE4_P__ab7b3cfe_-1633003346296690570.wav,653240,fc9641b658ec95335a1c84ab5f503f2e40b8531d66285ec073dd7c9e4f44f3db,2,48000,3.4021,UnityPy AudioClip.samples,exported,
sfx,SE_M07188_h1,SE_M07188_h1.wav,LocalData/93217544/0000/19/19038576,-8497948822892105135,164,sfx/SE_M07188_h1__7d4dd659_-8497948822892105135.wav,186796,1ab9012d3236985b6f799459ea8f7809d16072bbb926d5f57c0d790edc56a2bf,2,48000,0.9727,UnityPy AudioClip.samples,exported,
sfx,SE_M07188_a,SE_M07188_a.wav,LocalData/93217544/0000/19/1905cf25,6054485450821759552,164,sfx/SE_M07188_a__e52c39b8_6054485450821759552.wav,186796,1ab9012d3236985b6f799459ea8f7809d16072bbb926d5f57c0d790edc56a2bf,2,48000,0.9727,UnityPy AudioClip.samples,exported,
sfx,SE_M13346_e,SE_M13346_e.wav,LocalData/93217544/0000/19/1906834c,3459955206366376035,164,sfx/SE_M13346_e__ce2b3993_3459955206366376035.wav,465956,755d21c9ec8a90a6bec31168fbc745c13a3399b7188776c72fc5b6786536313c,2,48000,2.4266,UnityPy AudioClip.samples,exported,
sfx,SE_M15245_c,SE_M15245_c.wav,LocalData/93217544/0000/19/191a528d,-709750110904336153,164,sfx/SE_M15245_c__38b67f44_-709750110904336153.wav,550200,edab17fd1508eff35967b09559a488f6e7387c5a7916b76461f4483551da1a6f,2,48000,2.8654,UnityPy AudioClip.samples,exported,
sfx,SE_M13060_c,SE_M13060_c.wav,LocalData/93217544/0000/19/1941e890,3053460385443056236,164,sfx/SE_M13060_c__0a788bb4_3053460385443056236.wav,686744,cc7398c0dd206e58d8ed7531755720a31f1a86cba162397fce5d8d861f2499dd,2,48000,3.5766,UnityPy AudioClip.samples,exported,
sfx,SE_FIELD_MAT035_PHASE2_R,SE_FIELD_MAT035_PHASE2_R.wav,LocalData/93217544/0000/19/19507262,-7669989473849398849,176,sfx/SE_FIELD_MAT035_PHASE2_R__7f5829f9_-7669989473849398849.wav,462844,02bdad98033f2a083049ae46780486bfdb134902260e96f6befbb40055e7cf4f,2,48000,2.4104,UnityPy AudioClip.samples,exported,
sfx,SE_SOLO_3S_CUTIN_1,SE_SOLO_3S_CUTIN_1.wav,LocalData/93217544/0000/19/195ac6e0,-5115706589449233213,172,sfx/SE_SOLO_3S_CUTIN_1__306b5001_-5115706589449233213.wav,771348,46e0831b983c922d0d78907b16d261ca3270ddca5b882605d8ef44c65b0f719d,2,48000,4.0172,UnityPy AudioClip.samples,exported,
sfx,SE_FIELD_MAT034_PHASE3_P,SE_FIELD_MAT034_PHASE3_P.wav,LocalData/93217544/0000/19/195e1247,-775191123531679745,176,sfx/SE_FIELD_MAT034_PHASE3_P__2fabdb48_-775191123531679745.wav,932576,ba7519ad81aa15a6e854fe517426d1bc07534aaf28cb0f69baf23bbb0f80fb42,2,48000,4.8569,UnityPy AudioClip.samples,exported,
music,BGM_SOLO_04,BGM_SOLO_04.wav,LocalData/93217544/0000/19/1970b722,-2313987895170685220,164,music/BGM_SOLO_04__76d54e1b_-2313987895170685220.wav,19507244,e50b761b79e7733639c6f6e1b5af9c13526704d503c24f02cc03fc8a7db3e1e9,2,48000,101.6000,UnityPy AudioClip.samples,exported,
sfx,SE_M17069_h1,SE_M17069_h1.wav,LocalData/93217544/0000/19/19798f49,-6025542467262358326,164,sfx/SE_M17069_h1__2d085fd9_-6025542467262358326.wav,1196148,cc3d409107cb401dd26e1aedb7599f501caeeaa962433db2f69cfa5f1ac8f0ae,2,48000,6.2297,UnityPy AudioClip.samples,exported,
sfx,SE_CF_CLOSE_B,SE_CF_CLOSE_B.wav,LocalData/93217544/0000/19/198d4866,5385496288794664991,168,sfx/SE_CF_CLOSE_B__c6145d7e_5385496288794664991.wav,307908,3bacc44dc490252ffaf3616b3bb7f2df5c0ced9e6d3a8767492a1b70da534f25,2,48000,1.6035,UnityPy AudioClip.samples,exported,
sfx,SE_FIELD_MAT506_PHASE4_P,SE_FIELD_MAT506_PHASE4_P.wav,LocalData/93217544/0000/19/19a5c5ee,1260357920715773747,176,sfx/SE_FIELD_MAT506_PHASE4_P__a13ee9fd_1260357920715773747.wav,546812,f480fbea5083be71276f41a9f3f2a8bcc59402c645bb44b7f091a341aa8287a6,2,48000,2.8478,UnityPy AudioClip.samples,exported,
sfx,SE_M08092_h,SE_M08092_h.wav,LocalData/93217544/0000/19/19c40e57,-6988760673391816148,164,sfx/SE_M08092_h__73e45ee2_-6988760673391816148.wav,739244,40ed9333bc295532312f671cdf268ea83b3d2e44332df2bd07c4a1b85f8e9742,2,48000,3.8500,UnityPy AudioClip.samples,exported,
sfx,SE_M04844_h2,SE_M04844_h2.wav,LocalData/93217544/0000/19/19cbcd20,4227201973261433979,164,sfx/SE_M04844_h2__08c7dc9a_4227201973261433979.wav,626992,da7537d1b5c6c58d8829edc5852012b759d484b094e0e5b85b7fc5e9f7e0103d,2,48000,3.2654,UnityPy AudioClip.samples,exported,
sfx,SE_FIELD_MAT504_PHASE2_P,SE_FIELD_MAT504_PHASE2_P.wav,LocalData/93217544/0000/19/19dd6961,-7508911887545223917,176,sfx/SE_FIELD_MAT504_PHASE2_P__4e35a55d_-7508911887545223917.wav,449088,103ec541685bab9127f079a424076d6c9e29e8eef8242b4e42db5b6baa1e6d31,2,48000,2.3388,UnityPy AudioClip.samples,exported,
sfx,SE_V00011_d,SE_V00011_d.wav,LocalData/93217544/0000/1a/1a027bda,-1656480657612578029,164,sfx/SE_V00011_d__4b2aac9b_-1656480657612578029.wav,311564,e1ccd18f04e0b683f5725edc2a6fd4ff0183dc0691ba29e5afe2e1ed417a177f,2,48000,1.6225,UnityPy AudioClip.samples,exported,
sfx,SE_M15527_h,SE_M15527_h.wav,LocalData/93217544/0000/1a/1a07dca7,4851205634740295548,164,sfx/SE_M15527_h__42e0e406_4851205634740295548.wav,597244,35e7cb012f2967b8f451c80a848e777582c55b1e2d8c9b5c7a687ef3f904d441,2,48000,3.1104,UnityPy AudioClip.samples,exported,
sfx,SE_SOLO_S_YUGO_01,SE_SOLO_S_YUGO_01.wav,LocalData/93217544/0000/1a/1a2c724f,-459512782404780686,172,sfx/SE_SOLO_S_YUGO_01__8dc04e39_-459512782404780686.wav,1056624,898e16a6dd338c9fee29e718a311f5fcfb9a0c62a892f6080bff4eefee1b9ad3,2,48000,5.5030,UnityPy AudioClip.samples,exported,
sfx,SE_M06653_j_eff,SE_M06653_j_eff.wav,LocalData/93217544/0000/1a/1a326556,-8430191319405905297,168,sfx/SE_M06653_j_eff__94fc15b2_-8430191319405905297.wav,662768,7178f3463c2cf5b129c07da6771302df273c0a629ed0e45645d67f2771b48cbd,2,48000,3.4517,UnityPy AudioClip.samples,exported,
sfx,SE_LOT_PRIZE_GOLD_02,SE_LOT_PRIZE_GOLD_02.wav,LocalData/93217544/0000/1a/1a4ce1ea,-1628508258732553729,172,sfx/SE_LOT_PRIZE_GOLD_02__fbbd7604_-1628508258732553729.wav,610760,27055a99342b4adf6b1dca3d67259c18f6cddb2a3d1026847a7e7fd80a5b89f4,2,48000,3.1808,UnityPy AudioClip.samples,exported,
sfx,SE_SOLO_BAKUHATSU_02,SE_SOLO_BAKUHATSU_02.wav,LocalData/93217544/0000/1a/1a4f81ec,498975616766929124,172,sfx/SE_SOLO_BAKUHATSU_02__a39bd6ff_498975616766929124.wav,957384,f0ba2734ec42c023b8e23e672985155a1035c4a4a2da9091f1c046bea5ba3529,2,44100,5.4271,UnityPy AudioClip.samples,exported,
sfx,SE_SOLO_GATE078_M_MOVE_02,SE_SOLO_GATE078_M_MOVE_02.wav,LocalData/93217544/0000/1a/1a7f0c02,8881329040400266595,180,sfx/SE_SOLO_GATE078_M_MOVE_02__ae033c66_8881329040400266595.wav,117468,da677957d76cebd7ef7500f8c00858f0e6374cc9971fbd0ca29942564cfa5c2f,2,48000,0.6116,UnityPy AudioClip.samples,exported,
sfx,SE_FIELD_MAT031_TAP,SE_FIELD_MAT031_TAP.wav,LocalData/93217544/0000/1a/1a81e800,-2964649769416765340,172,sfx/SE_FIELD_MAT031_TAP__10766420_-2964649769416765340.wav,578164,d57b59bd18ef1fcc40fd686e098bcc412fbcb8847579f497c80576e947030fc2,2,48000,3.0110,UnityPy AudioClip.samples,exported,
sfx,SE_M13636_h_OUTGAME,SE_M13636_h_OUTGAME.wav,LocalData/93217544/0000/1a/1ad04410,-8769662846952265115,172,sfx/SE_M13636_h_OUTGAME__7411270b_-8769662846952265115.wav,835264,eb6c3bac5c6b3204159cc39cc484fe78ae76da64fe38ba8c31882cf9b2a7d804,2,48000,4.3501,UnityPy AudioClip.samples,exported,
sfx,SE_M17069_h,SE_M17069_h.wav,LocalData/93217544/0000/1a/1ad34881,6400764554370620858,164,sfx/SE_M17069_h__0bae2528_6400764554370620858.wav,1197860,1d494615da5281a8a67d766abd3e313c2bd5b88e55e1991420c9b508c7668cab,2,48000,6.2386,UnityPy AudioClip.samples,exported,
sfx,SE_M13668_h2,SE_M13668_h2.wav,LocalData/93217544/0000/1a/1ada7e98,-90119019182318814,164,sfx/SE_M13668_h2__22b12a3f_-90119019182318814.wav,717120,bc0558b7c1c248984abbbdb16dc313dfd1d34a47896459c8be8d92c239ef8b18,2,48000,3.7348,UnityPy AudioClip.samples,exported,
sfx,SE_FIELD_MAT034_PHASE1_P,SE_FIELD_MAT034_PHASE1_P.wav,LocalData/93217544/0000/1a/1adac629,3592311515602448145,176,sfx/SE_FIELD_MAT034_PHASE1_P__45438aca_3592311515602448145.wav,878936,f48a87ec0dcc8a8e6fe56190e36b8180064b82a194e1cbf86765a075b2db87bd,2,48000,4.5776,UnityPy AudioClip.samples,exported,
sfx,SE_SOLO_WAFU_EFFECT_01,SE_SOLO_WAFU_EFFECT_01.wav,LocalData/93217544/0000/1a/1ae06c5d,-7817598643880436700,176,sfx/SE_SOLO_WAFU_EFFECT_01__39b21e11_-7817598643880436700.wav,1202500,a0a16debbcd2ae3c36cffee7eb598c047ef03e10e848f1bd0cbc5e8f67d45b8a,2,48000,6.2628,UnityPy AudioClip.samples,exported,
sfx,SE_MONSTERATTACK_RA_01,SE_MONSTERATTACK_RA_01.wav,LocalData/93217544/0000/1a/1ae43db3,7268095579609753544,176,sfx/SE_MONSTERATTACK_RA_01__6c84cf0a_7268095579609753544.wav,521636,ca2efc42f32ae7318cb72da058f252de9cd108ee5c1f5ac18da25c0f05ac6d88,2,48000,2.7166,UnityPy AudioClip.samples,exported,
sfx,SE_FIELD_MAT035_PHASE1_R,SE_FIELD_MAT035_PHASE1_R.wav,LocalData/93217544/0000/1b/1b16cc3b,698955236678972734,176,sfx/SE_FIELD_MAT035_PHASE1_R__fafcd44e_698955236678972734.wav,465400,2c9a112c0e52c315798f0a66454b35565765832d06e2d5f4cefb6e2121580a85,2,48000,2.4237,UnityPy AudioClip.samples,exported,
sfx,SE_M19188_f,SE_M19188_f.wav,LocalData/93217544/0000/1b/1b1c3042,8507329109565029922,164,sfx/SE_M19188_f__4840456d_8507329109565029922.wav,505644,3c3a7fd5680389d9d74a5d387bb9d31cff3468b108eca9a16ff088d0640e1836,2,48000,2.6333,UnityPy AudioClip.samples,exported,
sfx,SE_M13011_d,SE_M13011_d.wav,LocalData/93217544/0000/1b/1b302fbd,-3143884684297705431,164,sfx/SE_M13011_d__72a26a99_-3143884684297705431.wav,398676,4d27774c2fad78f7c42d8394113946a76274c82cb377f7f1f859cf7ad0c29fc2,2,48000,2.0762,UnityPy AudioClip.samples,exported,
sfx,SE_DUELISTCUP_LVUP,SE_DUELISTCUP_LVUP.wav,LocalData/93217544/0000/1b/1b4f1849,3367435222576109413,172,sfx/SE_DUELISTCUP_LVUP__8bb821c8_3367435222576109413.wav,791652,7263ed75e23a197f4e890bd97fe13685986caf436287ad56799bd351f4382e97,2,48000,4.1230,UnityPy AudioClip.samples,exported,
sfx,SE_SOLO_HIKARI_04,SE_SOLO_HIKARI_04.wav,LocalData/93217544/0000/1b/1b6ae884,755489060501791945,172,sfx/SE_SOLO_HIKARI_04__3013e003_755489060501791945.wav,738076,00144d48c0c907fd99ade24401cbccf6260c9b690530be77f095fac9857bb6eb,2,48000,3.8439,UnityPy AudioClip.samples,exported,
sfx,SE_M12441_h,SE_M12441_h.wav,LocalData/93217544/0000/1b/1b84e6c1,3013361904889340823,164,sfx/SE_M12441_h__f1602157_3013361904889340823.wav,738672,b864903f9d81aea06d0eef3d28e552a89397b9a5d81109546bc1100c8e59bbe0,2,48000,3.8470,UnityPy AudioClip.samples,exported,
sfx,SE_SOLO_CUTE_CARD_01,SE_SOLO_CUTE_CARD_01.wav,LocalData/93217544/0000/1b/1b96101d,-1149487281657177251,172,sfx/SE_SOLO_CUTE_CARD_01__27a35fc0_-1149487281657177251.wav,306912,5b9b8ec1a7096e6c4d965ff4d4dda89863fcda869608f74056465d5d81efd692,2,44100,1.7396,UnityPy AudioClip.samples,exported,
sfx,SE_FIELD_MAT504_PHASE1_P,SE_FIELD_MAT504_PHASE1_P.wav,LocalData/93217544/0000/1b/1b9bd738,-4423343911145155844,176,sfx/SE_FIELD_MAT504_PHASE1_P__becf3d3b_-4423343911145155844.wav,581916,ace24ebeb7fe9981235fd7bc63b3db3cfc36d4c267167ea14e0f0625fff1a9ed,2,48000,3.0306,UnityPy AudioClip.samples,exported,
sfx,SE_V00010_d,SE_V00010_d.wav,LocalData/93217544/0000/1b/1bc011ed,4989116967573120573,164,sfx/SE_V00010_d__4c2a51c0_4989116967573120573.wav,301004,584a9286bf3efb170438bc862f48956f9a6be13d08710f54c0a8fc4efa6ca056,2,48000,1.5675,UnityPy AudioClip.samples,exported,
music,BGM_DUEL_KEYCARD_04,BGM_DUEL_KEYCARD_04.wav,LocalData/93217544/0000/1b/1bd492d7,-3445191420585514198,172,music/BGM_DUEL_KEYCARD_04__ae681acd_-3445191420585514198.wav,25086200,f0d590ac91fca639326da2ee1f2f720d65b6cae604e89403f2c48eb265346976,2,48000,130.6571,UnityPy AudioClip.samples,exported,
sfx,SE_FIELD_MAT034_PHASE4_P,SE_FIELD_MAT034_PHASE4_P.wav,LocalData/93217544/0000/1c/1c1104c2,1873283921060269012,176,sfx/SE_FIELD_MAT034_PHASE4_P__f09ead27_1873283921060269012.wav,1354684,b0830941d6918b8e0d6ae53a46f44d018166fafd1faa98c89ce8044417c07766,2,48000,7.0554,UnityPy AudioClip.samples,exported,
sfx,SE_M09285_d,SE_M09285_d.wav,LocalData/93217544/0000/1c/1c1db359,-5169099266515226510,164,sfx/SE_M09285_d__440af98b_-5169099266515226510.wav,398148,92a046896b877e1cadc0adf27f08da4b5ecfb55e0599b94aae573c1cebeff7c8,2,48000,2.0735,UnityPy AudioClip.samples,exported,
sfx,SE_M13981_e,SE_M13981_e.wav,LocalData/93217544/0000/1c/1c2f32d0,7840491189630606916,164,sfx/SE_M13981_e__2ffd1131_7840491189630606916.wav,342008,1c14887cb931d77ab7ffbadd99e375036a2f936318a7a6eb4d35ad4f80b13d46,2,48000,1.7811,UnityPy AudioClip.samples,exported,
sfx,SE_SOLO_WAFU_CARD_02,SE_SOLO_WAFU_CARD_02.wav,LocalData/93217544/0000/1c/1c3533c9,1905696378636806245,172,sfx/SE_SOLO_WAFU_CARD_02__27f490e0_1905696378636806245.wav,707916,d761b7397c77a1438655035d81a26582507bc5d2fa1bcfe17fac5834ad1e5e7f,2,48000,3.6868,UnityPy AudioClip.samples,exported,
sfx,SE_FIELD_MAT006_TAP_R,SE_FIELD_MAT006_TAP_R.wav,LocalData/93217544/0000/1c/1c662a1a,-4205832268492211756,176,sfx/SE_FIELD_MAT006_TAP_R__19094832_-4205832268492211756.wav,940848,fe189e1646472318041f4bd30d8206921c4e12dc51e6fa69789120cbfcdc7f17,2,48000,4.9000,UnityPy AudioClip.samples,exported,
sfx,SE_FIELD_MAT036_PHASE2_P,SE_FIELD_MAT036_PHASE2_P.wav,LocalData/93217544/0000/1c/1c69a84d,23758221764673309,176,sfx/SE_FIELD_MAT036_PHASE2_P__beb67553_23758221764673309.wav,613300,1cb6431a14145a65857657d4c1aef433dc73e67f18297edc2ad9c56cd5c1e20b,2,48000,3.1940,UnityPy AudioClip.samples,exported,
sfx,SE_M04007_d,SE_M04007_d.wav,LocalData/93217544/0000/1c/1c730f66,-1414143456857835908,164,sfx/SE_M04007_d__36045ffb_-1414143456857835908.wav,504684,8a10c6479850753d4d28714cc60994f53aaf7c470b67ef413867a90fd56fafd1,2,48000,2.6283,UnityPy AudioClip.samples,exported,
sfx,SE_M19188_h2,SE_M19188_h2.wav,LocalData/93217544/0000/1c/1c9faf0f,2997723937543737562,164,sfx/SE_M19188_h2__1f7c7617_2997723937543737562.wav,825648,c8af90e6e2f89909b96f722cc104c8d65ef1b70dff9a684b30ade4fb446e9a50,2,48000,4.3000,UnityPy AudioClip.samples,exported,
sfx,SE_V00014_d,SE_V00014_d.wav,LocalData/93217544/0000/1c/1cc9b931,-3785633616853252672,164,sfx/SE_V00014_d__6be76892_-3785633616853252672.wav,395496,15d2597a925b9642c674a77734a97805d09e7fa12c51323cb1d0cec98c6836a3,2,48000,2.0596,UnityPy AudioClip.samples,exported,
sfx,SE_M10747_d,SE_M10747_d.wav,LocalData/93217544/0000/1c/1cd70d83,-6872195376491489397,164,sfx/SE_M10747_d__6f553c44_-6872195376491489397.wav,385068,c1eb7cefc1c08600c6c253ea6d3ab9d056b20fb272535cb3fa07e71355b6581d,2,48000,2.0053,UnityPy AudioClip.samples,exported,
sfx,SE_FIELD_MAT506_PHASE3_P,SE_FIELD_MAT506_PHASE3_P.wav,LocalData/93217544/0000/1c/1cead36b,-2881299450130874355,176,sfx/SE_FIELD_MAT506_PHASE3_P__beeb5925_-2881299450130874355.wav,519676,fdbd1ef1389ef9a0bccdbf28ac51e87dd912fea1ae529efb5bde53626b6e6f4c,2,48000,2.7064,UnityPy AudioClip.samples,exported,
sfx,SE_FIELD_MAT506_PHASE2_P,SE_FIELD_MAT506_PHASE2_P.wav,LocalData/93217544/0000/1d/1d28b95c,-3321954890488232037,176,sfx/SE_FIELD_MAT506_PHASE2_P__c69fbca7_-3321954890488232037.wav,545972,f6eed2e1d6ca8aac1a802195b340449f2e0341576473952b880a7b08d5b5417f,2,48000,2.8434,UnityPy AudioClip.samples,exported,
sfx,SE_FIELD_MAT504_PHASE4_P,SE_FIELD_MAT504_PHASE4_P.wav,LocalData/93217544/0000/1d/1d5015d3,8929022369502391708,176,sfx/SE_FIELD_MAT504_PHASE4_P__61a49ae1_8929022369502391708.wav,580616,fc2d317e6652643709ad815c9d7399f0b7415295c53f5d69ad303fa8705820cc,2,48000,3.0238,UnityPy AudioClip.samples,exported,
sfx,SE_M13658_h,SE_M13658_h.wav,LocalData/93217544/0000/1d/1d753aee,3296581449295645959,164,sfx/SE_M13658_h__9f0f4908_3296581449295645959.wav,768048,39b8fcede2bcef04375e1de6d23ccaccbeac27c474ed749fe38e5b8779bf9dff,2,48000,4.0000,UnityPy AudioClip.samples,exported,
sfx,SE_M21371_e_loop,SE_M21371_e_loop.wav,LocalData/93217544/0000/1d/1da24a2f,-4897733948192536083,168,sfx/SE_M21371_e_loop__90bdfe41_-4897733948192536083.wav,1280044,75a04f64817e77aeed188440176dd97acb89d7611511ef575ac15779f3f14a69,2,48000,6.6667,UnityPy AudioClip.samples,exported,
sfx,SE_M07552_i,SE_M07552_i.wav,LocalData/93217544/0000/1d/1da3bcdc,4867628696900085604,164,sfx/SE_M07552_i__be77c44b_4867628696900085604.wav,921616,059fa7ee7ca13f145e3e297435cc738be294ad625f57cec96e884cb4340e2236,2,48000,4.7999,UnityPy AudioClip.samples,exported,
sfx,SE_FIELD_MAT036_PHASE3_P,SE_FIELD_MAT036_PHASE3_P.wav,LocalData/93217544/0000/1d/1dabc27a,-8644238043115253063,176,sfx/SE_FIELD_MAT036_PHASE3_P__7eb4abf1_-8644238043115253063.wav,465204,42411890ebfbb3ce238a5967bc54f72f0d6778177e5bf5ef1bed76827449944f,2,48000,2.4227,UnityPy AudioClip.samples,exported,
sfx,SE_M12642_e,SE_M12642_e.wav,LocalData/93217544/0000/1d/1db37745,1340436084774278738,164,sfx/SE_M12642_e__a1a49237_1340436084774278738.wav,394656,1f72b11bed5bc17ace1c3ae2b3c26733faa0ca558178a0782a7483dc3db53b1c,2,48000,2.0553,UnityPy AudioClip.samples,exported,
sfx,SE_SOLO_WHISTLE,SE_SOLO_WHISTLE.wav,LocalData/93217544/0000/1d/1dcf7574,8888677180230862147,168,sfx/SE_SOLO_WHISTLE__32aa96d7_8888677180230862147.wav,891668,c18aacba3765155cb47db190d4c9d69ca9d9f118d2165b262bdd2e54113fc938,2,48000,4.6439,UnityPy AudioClip.samples,exported,
sfx,SE_FIELD_MAT035_PHASE4_R,SE_FIELD_MAT035_PHASE4_R.wav,LocalData/93217544/0000/1d/1ddd0ed0,-2199802979723186139,176,sfx/SE_FIELD_MAT035_PHASE4_R__c3ce8031_-2199802979723186139.wav,511008,7f9734f4ac48efb485f68c1fae9f232b20de85579568b3a7d2129f2c876e2d9b,2,48000,2.6613,UnityPy AudioClip.samples,exported,
sfx,SE_M13060_g,SE_M13060_g.wav,LocalData/93217544/0000/1e/1e2c2c89,3527328890026470298,164,sfx/SE_M13060_g__777e268b_3527328890026470298.wav,828764,c712178a222f2af35bafffcf6117be54448611300bc525b92b5176bc0ac9cacb,2,48000,4.3163,UnityPy AudioClip.samples,exported,
sfx,SE_FIELD_MAT036_PHASE1_P,SE_FIELD_MAT036_PHASE1_P.wav,LocalData/93217544/0000/1e/1e2f1614,1343906644823598585,176,sfx/SE_FIELD_MAT036_PHASE1_P__85719455_1343906644823598585.wav,604108,b9a59522e4d20e2a1635abc288cd8da3e9c09e720e45d7c9b4353fb6ca6419e5,2,48000,3.1462,UnityPy AudioClip.samples,exported,
sfx,SE_SOLO_3S_CUTIN_5,SE_SOLO_3S_CUTIN_5.wav,LocalData/93217544/0000/1e/1e3702f9,-8597279405064469275,172,sfx/SE_SOLO_3S_CUTIN_5__3e0db031_-8597279405064469275.wav,869420,89bac61b4e7d42aaf3a2f5994beb0ec2ce07e91f09a4a8fd16fcaa4f2fa055dd,2,48000,4.5280,UnityPy AudioClip.samples,exported,
sfx,SE_M20578_h2,SE_M20578_h2.wav,LocalData/93217544/0000/1e/1e4938f8,-1741713623714789400,164,sfx/SE_M20578_h2__fba89901_-1741713623714789400.wav,853588,f8b093df5b7c2cb0bd70171b8c19088c8a11750db20df4ce915f006c36bfad0d,2,48000,4.4455,UnityPy AudioClip.samples,exported,
sfx,SE_M07188_e,SE_M07188_e.wav,LocalData/93217544/0000/1e/1e680b3c,-5658232832331770916,164,sfx/SE_M07188_e__80b6bb04_-5658232832331770916.wav,685616,8ff0e3424715c1bbd24a99344722df3039b4063cc53bf44c1d3eb7dbcfadb209,2,48000,3.5707,UnityPy AudioClip.samples,exported,
sfx,SE_M15245_g,SE_M15245_g.wav,LocalData/93217544/0000/1e/1e779694,-7212478579524099991,164,sfx/SE_M15245_g__05fa1c30_-7212478579524099991.wav,918300,353bbd5d17c0e0493b1f3db2209ff650d56acf99a7c6ec8ee070e88042bf7b2f,2,48000,4.7826,UnityPy AudioClip.samples,exported,
sfx,SE_M21965_f,SE_M21965_f.wav,LocalData/93217544/0000/1e/1ed00713,-3972030647445238831,164,sfx/SE_M21965_f__76c6690e_-3972030647445238831.wav,500308,429187215e2dec4bb086b2d496838eb0a0c32661046b9b39247dcc6cfc6452b4,2,48000,2.6055,UnityPy AudioClip.samples,exported,
sfx,SE_M12843_d1,SE_M12843_d1.wav,LocalData/93217544/0000/1e/1edade8b,3804369850124447912,164,sfx/SE_M12843_d1__b4711489_3804369850124447912.wav,720684,06b7f303c2b6ef715dbceb0d41b05040db4c3409283398636fabb6dfb7a51322,2,48000,3.7533,UnityPy AudioClip.samples,exported,
sfx,SE_M13144_h,SE_M13144_h.wav,LocalData/93217544/0000/1e/1ef378ff,-5728532931222821219,164,sfx/SE_M13144_h__fc9225c3_-5728532931222821219.wav,464280,e6fb8962bbbe3483d9ab7cfefcae23e482dc79985bbdb5ddfa0ba8984331d440,2,48000,2.4179,UnityPy AudioClip.samples,exported,
sfx,SE_EV_ULTIMATE_SLAYER,SE_EV_ULTIMATE_SLAYER.wav,LocalData/93217544/0000/1f/1f14df3c,6378936331855113289,176,sfx/SE_EV_ULTIMATE_SLAYER__d58a19fe_6378936331855113289.wav,1093952,993d618c001919682153b65d16f024236de5b140d91c2ad1d28040b28042ed2f,2,48000,5.6974,UnityPy AudioClip.samples,exported,
sfx,SE_FIELD_MAT506_PHASE1_P,SE_FIELD_MAT506_PHASE1_P.wav,LocalData/93217544/0000/1f/1f6e0705,1118197531828962123,176,sfx/SE_FIELD_MAT506_PHASE1_P__7f928a05_1118197531828962123.wav,600628,4faa6bcbdc28705a21b1214b1b6760161ab5a9e0581d290f0e54909ad9c21c87,2,48000,3.1280,UnityPy AudioClip.samples,exported,
sfx,SE_FIELD_MAT043_OP_04,SE_FIELD_MAT043_OP_04.wav,LocalData/93217544/0000/1f/1f7e3eef,6337724327690527662,176,sfx/SE_FIELD_MAT043_OP_04__a1a17e3e_6337724327690527662.wav,861928,009f21d2feda89509078381b960bd839775d94f5c69ff16a2c5de14118d5cdb1,2,48000,4.4890,UnityPy AudioClip.samples,exported,
sfx,SE_SOLO_S_ABSORPTION,SE_SOLO_S_ABSORPTION.wav,LocalData/93217544/0000/1f/1fe55fa7,-7452092041440962709,172,sfx/SE_SOLO_S_ABSORPTION__9d77026f_-7452092041440962709.wav,1811484,52348467c2b2a18493ef5cc889a9277d7d6c273ee8dd4cc5597aac583aa6500c,2,48000,9.4346,UnityPy AudioClip.samples,exported,
sfx,SE_M15089_c,SE_M15089_c.wav,LocalData/93217544/0000/20/20164731,4767154024298842859,164,sfx/SE_M15089_c__a86685b5_4767154024298842859.wav,689088,ad5fcf928167712268671ea9f818f5ba10212748596ef17d2aebf2b27aa467b4,2,48000,3.5888,UnityPy AudioClip.samples,exported,
sfx,SE_M04054_h,SE_M04054_h.wav,LocalData/93217544/0000/20/205d0d26,4223492735275323002,164,sfx/SE_M04054_h__f6d5f1f6_4223492735275323002.wav,735116,7ebbeefb12461a6756eb41243d27b3d5007c6fd9080fef0d4ecaaa91ea5fef3f,2,48000,3.8285,UnityPy AudioClip.samples,exported,
voice,V_GATE078_03_00_00_18,V_GATE078_03_00_00_18.wav,LocalData/93217544/0000/20/20c60aeb,842110211554630461,176,voice/V_GATE078_03_00_00_18__b7135c62_842110211554630461.wav,283580,3602dd5273261e5768ce66275e833cf71c009fedb8556f999cc9df1febc64c2d,1,48000,2.9535,UnityPy AudioClip.samples,exported,
music,BGM_DUEL_CLIMAX_07,BGM_DUEL_CLIMAX_07.wav,LocalData/93217544/0000/20/20d1d6f4,5814798179251831661,172,music/BGM_DUEL_CLIMAX_07__8ed8b935_5814798179251831661.wav,20690584,8847bb64598451b2412db06477db2e12b0442b4e458bca994639d93ce6558205,2,48000,107.7632,UnityPy AudioClip.samples,exported,
sfx,SE_M13163_g,SE_M13163_g.wav,LocalData/93217544/0000/21/210abb60,-1592002118666246240,164,sfx/SE_M13163_g__198ba907_-1592002118666246240.wav,300220,84773e1586ba88d728c72f67b30f1ee33ac890c79f2ddcf17fa76ca64153906a,2,48000,1.5634,UnityPy AudioClip.samples,exported,
sfx,SE_EV_039_NORMAL,SE_EV_039_NORMAL.wav,LocalData/93217544/0000/21/2117e15a,7288858376938539437,168,sfx/SE_EV_039_NORMAL__ab015208_7288858376938539437.wav,1062564,99057509d71da0c4ff0abfe6534ed7efab2cb2ed60b32a73125e3f69e9a72c1d,2,48000,5.5340,UnityPy AudioClip.samples,exported,
sfx,SE_M06653_d1,SE_M06653_d1.wav,LocalData/93217544/0000/21/2155b2c6,-7859882105262685476,164,sfx/SE_M06653_d1__8d69dacc_-7859882105262685476.wav,438560,c189b75ca82ec6d83023752b840924b9398c85f802b96b60a3391334193c78b8,2,48000,2.2839,UnityPy AudioClip.samples,exported,
sfx,SE_M08732_h1,SE_M08732_h1.wav,LocalData/93217544/0000/21/217fc7f7,6228650958533051006,164,sfx/SE_M08732_h1__d05d66c9_6228650958533051006.wav,872024,e9561f5c3446545ef67a0cad14797e084563c1478eff9bacadc79e5194355c08,2,48000,4.5416,UnityPy AudioClip.samples,exported,
sfx,SE_M19148_c,SE_M19148_c.wav,LocalData/93217544/0000/21/21a07b75,-4774475684159777754,164,sfx/SE_M19148_c__7784b824_-4774475684159777754.wav,794348,8b39b06412309db2e53c16c1e8653269e491227538e6589d2b0367983555c4d8,2,48000,4.1370,UnityPy AudioClip.samples,exported,
sfx,SE_M14760_h,SE_M14760_h.wav,LocalData/93217544/0000/21/21b6ddb0,7548936964516002438,164,sfx/SE_M14760_h__14bb6a2c_7548936964516002438.wav,521812,88e54e92dd46e452fe10b198526325927526f3478729a94a663b371cc2bbea54,2,48000,2.7175,UnityPy AudioClip.samples,exported,
sfx,SE_M13011_f_loop_c,SE_M13011_f_loop_c.wav,LocalData/93217544/0000/21/21cd6107,-8392339115973735379,172,sfx/SE_M13011_f_loop_c__ef945fd8_-8392339115973735379.wav,239096,3b938dfd90afbf1f503fb52cdbe3c2f49ae5921dc1c5e2e08af7799ffd9f55c5,2,48000,1.2451,UnityPy AudioClip.samples,exported,
sfx,SE_M15702_j,SE_M15702_j.wav,LocalData/93217544/0000/22/220be48b,-5236101098845100547,164,sfx/SE_M15702_j__922dc1f3_-5236101098845100547.wav,396844,334b3f4105428d30c8231a0e5364000024b9f8cddad09a508686ec49ba8f3f27,2,48000,2.0667,UnityPy AudioClip.samples,exported,
sfx,SE_SOLO_GATE078_J_MOVE_04_ADD,SE_SOLO_GATE078_J_MOVE_04_ADD.wav,LocalData/93217544/0000/22/223376c3,633100066561913833,184,sfx/SE_SOLO_GATE078_J_MOVE_04_ADD__f2c50388_633100066561913833.wav,213980,fd047e5821739cbdf8aaff89f8770f39cf072a7ca54e55f06e042d48c4252c4f,2,48000,1.1142,UnityPy AudioClip.samples,exported,
sfx,SE_SOLO_S_DRAGON,SE_SOLO_S_DRAGON.wav,LocalData/93217544/0000/22/22a3cf58,-3838801238843826081,168,sfx/SE_SOLO_S_DRAGON__baf02956_-3838801238843826081.wav,1209532,51471eec93097637cb9e08c2d7dbc9cf92938f03049eec02f044e6e44b589eab,2,48000,6.2994,UnityPy AudioClip.samples,exported,
sfx,SE_M12487_i,SE_M12487_i.wav,LocalData/93217544/0000/22/22d8155d,8746267891735048332,164,sfx/SE_M12487_i__10ad2384_8746267891735048332.wav,1131140,61f6b1fd5a1248b03b273d1b2599f8bd339c1a6013c6becb7cca09f8cb153d4d,2,48000,5.8911,UnityPy AudioClip.samples,exported,
sfx,SE_SOLO_GATE078_C_FOOT_03,SE_SOLO_GATE078_C_FOOT_03.wav,LocalData/93217544/0000/22/22e876f5,3831989157818349362,180,sfx/SE_SOLO_GATE078_C_FOOT_03__9319299e_3831989157818349362.wav,54836,0891367b307224d588de45600a5d0caf404f71d3b6f7131666320a8bd8693469,2,48000,0.2854,UnityPy AudioClip.samples,exported,
music,BGM_SOLO_28,BGM_SOLO_28.wav,LocalData/93217544/0000/22/22f0998b,4429450045793647690,164,music/BGM_SOLO_28__6800c2a2_4429450045793647690.wav,16993380,e81b5144c92d9b999e971d4b98d4b77fd71475c7daf65415d6dc0b039f2e5648,2,48000,88.5070,UnityPy AudioClip.samples,exported,
music,BGM_MENU_02,BGM_MENU_02.wav,LocalData/93217544/0000/23/230d3279,7256990304471136909,164,music/BGM_MENU_02__313ea1dd_7256990304471136909.wav,31620140,c2866806976019f45ae3334f152226df9d0602527bc338a52e8fbfd38176e1f0,2,48000,164.6880,UnityPy AudioClip.samples,exported,
music,BGM_DUEL_EX_08_ALL,BGM_DUEL_EX_08_ALL.wav,LocalData/93217544/0000/23/23788d77,5407786328454702241,172,music/BGM_DUEL_EX_08_ALL__a8de6a00_5407786328454702241.wav,38539308,9e24b7205a6466ddc45d15f0abc49325dbffc896eec1a672f8d2fc30b14a82b0,2,48000,200.7253,UnityPy AudioClip.samples,exported,
sfx,SE_M12487_d1,SE_M12487_d1.wav,LocalData/93217544/0000/23/238a64a6,-4819968450120775309,164,sfx/SE_M12487_d1__9c344953_-4819968450120775309.wav,547148,1f545a6ca6dd43dd926ccd8517fad532c47422b6028340e52167047fe7d2cda9,2,48000,2.8495,UnityPy AudioClip.samples,exported,
sfx,SE_M07708_d,SE_M07708_d.wav,LocalData/93217544/0000/23/239be6e5,7492000319893815404,164,sfx/SE_M07708_d__4952c29b_7492000319893815404.wav,577564,9892b2f9011e7c09d1ab62a4ac84a1247b9a3e67dd3024e1d0609280fda83fb3,2,48000,3.0079,UnityPy AudioClip.samples,exported,
sfx,SE_M08732_f,SE_M08732_f.wav,LocalData/93217544/0000/23/23e11f24,6970749327079167949,164,sfx/SE_M08732_f__97444d0c_6970749327079167949.wav,639596,a25096dbfe76c549fd2a8ae4f587dc3c93eeb12a31c3a221bbf07f680c6b76f5,2,48000,3.3310,UnityPy AudioClip.samples,exported,
sfx,SE_SOLO_GATE078_N_MOVE_02,SE_SOLO_GATE078_N_MOVE_02.wav,LocalData/93217544/0000/23/23f230c7,413420737896613766,180,sfx/SE_SOLO_GATE078_N_MOVE_02__cbb79810_413420737896613766.wav,128740,5d2b8cd1ecda7aee729faead1c1903fa7c5b35bf4702ad43d46e5ca09730f006,2,48000,0.6703,UnityPy AudioClip.samples,exported,
sfx,SE_M06000_e,SE_M06000_e.wav,LocalData/93217544/0000/23/23f3887e,4039893815959079721,164,sfx/SE_M06000_e__d7619228_4039893815959079721.wav,708760,507269eda213d7a6976b7eb34e91ec62bec9024c6769ff8a1975935bcfc3a841,2,48000,3.6912,UnityPy AudioClip.samples,exported,
sfx,SE_M06784_h1,SE_M06784_h1.wav,LocalData/93217544/0000/23/23fbd267,1524891611519149531,164,sfx/SE_M06784_h1__64816eaf_1524891611519149531.wav,396392,d27e0aa15a665c594e174a86f5e3ff5eae93cd68c5fb83d2f293402cff610013,2,48000,2.0643,UnityPy AudioClip.samples,exported,
voice,V_GATE078_01_00_00_18,V_GATE078_01_00_00_18.wav,LocalData/93217544/0000/24/2433dad6,3354031937213959582,176,voice/V_GATE078_01_00_00_18__7a0604c0_3354031937213959582.wav,586476,9e0729227d938d3bfba00b6f0016a16f00b65b739446acdd4cc495ac84d97814,1,48000,6.1087,UnityPy AudioClip.samples,exported,
sfx,SE_M06784_d,SE_M06784_d.wav,LocalData/93217544/0000/24/2469e4cb,3247960069394181099,164,sfx/SE_M06784_d__6a57b230_3247960069394181099.wav,290988,f294b2753671f4b8d241ec7e60264789974a16784795032f03aab52831b83561,2,48000,1.5153,UnityPy AudioClip.samples,exported,
sfx,SE_SOLO_3S_WINDOW,SE_SOLO_3S_WINDOW.wav,LocalData/93217544/0000/24/24714654,5121587694051774350,172,sfx/SE_SOLO_3S_WINDOW__94b03564_5121587694051774350.wav,641400,57e407283d1ea05060d3643c1c43a5d81972626f09e2095469f0340ea4add9b8,2,48000,3.3404,UnityPy AudioClip.samples,exported,
sfx,SE_FIELD_MAT012_TAP_R,SE_FIELD_MAT012_TAP_R.wav,LocalData/93217544/0000/24/24830e97,-8537465672083462328,176,sfx/SE_FIELD_MAT012_TAP_R__48dc7c9f_-8537465672083462328.wav,1036844,906f31264788b8011ba97e9d89ba660d6184bf50441a3da1fcb0c0269f066fa9,2,48000,5.4000,UnityPy AudioClip.samples,exported,
sfx,SE_M17405_f,SE_M17405_f.wav,LocalData/93217544/0000/24/249a65fe,-6457550327350268338,164,sfx/SE_M17405_f__50d40d71_-6457550327350268338.wav,520808,cb9c7551b2346bbe8bd11f30757fe3915f75d81b2125b5ab63d95b1335b6c849,2,48000,2.7123,UnityPy AudioClip.samples,exported,
sfx,SE_M18003_f,SE_M18003_f.wav,LocalData/93217544/0000/24/24c10d59,-4852155824144424915,164,sfx/SE_M18003_f__5adf2b46_-4852155824144424915.wav,156844,7c87aef64a084f6cfdd9f784dd1eb30270f5e747caffbb3bf368e30ad427c64c,2,48000,0.8167,UnityPy AudioClip.samples,exported,
sfx,SE_M07595_h,SE_M07595_h.wav,LocalData/93217544/0000/25/253d2577,-3716763697527300349,164,sfx/SE_M07595_h__5a1370c9_-3716763697527300349.wav,626560,8aa1a194796a92aecc17d560733f7d2db3049252cbea146de27cbba77e302109,2,48000,3.2631,UnityPy AudioClip.samples,exported,
sfx,SE_EV_EF21224,SE_EV_EF21224.wav,LocalData/93217544/0000/25/254e29e2,-5655986202728683151,168,sfx/SE_EV_EF21224__ec7e1da6_-5655986202728683151.wav,713980,88c02ee6cbae205c856ceaca92265603d0f781a8d2bb8da5abf9f1bfbb125920,2,48000,3.7184,UnityPy AudioClip.samples,exported,
sfx,SE_M07701_h,SE_M07701_h.wav,LocalData/93217544/0000/25/25fc9141,-8535691109711968291,164,sfx/SE_M07701_h__942806f8_-8535691109711968291.wav,451052,5aabd89b507554dad108d34aa53b76e2fdcfb1802156964b89dfd58f75e37f1a,2,48000,2.3490,UnityPy AudioClip.samples,exported,
sfx,SE_M13679_g,SE_M13679_g.wav,LocalData/93217544/0000/26/260185c3,-4659648829455127544,164,sfx/SE_M13679_g__fa54ce33_-4659648829455127544.wav,753780,2e09540022a4211ea58e6c4465591f57e8b2c91a25bab5b09ef95fb3a059daba,2,48000,3.9257,UnityPy AudioClip.samples,exported,
sfx,SE_SOLO_EFFECT_18,SE_SOLO_EFFECT_18.wav,LocalData/93217544/0000/26/261d72b3,6354116656048184314,172,sfx/SE_SOLO_EFFECT_18__1ca32bdd_6354116656048184314.wav,1679436,18034fe4baf54982aa45a21bf723103786b51654de1eb3de864702130d125f24,2,44100,9.5204,UnityPy AudioClip.samples,exported,
sfx,SE_EV_EF22586,SE_EV_EF22586.wav,LocalData/93217544/0000/26/2655192f,5694778267088760226,168,sfx/SE_EV_EF22586__b6f8c316_5694778267088760226.wav,702944,b47ffadd4760ebb88b8ccb2088ed5d15927e91a6cb738c952ea2137be09d813c,2,48000,3.6609,UnityPy AudioClip.samples,exported,
sfx,SE_SOLO_GATE078_M_FOOT_ROLL01,SE_SOLO_GATE078_M_FOOT_ROLL01.wav,LocalData/93217544/0000/26/26651fac,-4877277893890255828,184,sfx/SE_SOLO_GATE078_M_FOOT_ROLL01__e5c79e0b_-4877277893890255828.wav,171352,71a744e8333b9a6c62a08c82b8746ef6090ab6c42eb8498198bfd4317530e6eb,2,48000,0.8922,UnityPy AudioClip.samples,exported,
sfx,SE_M13163_c,SE_M13163_c.wav,LocalData/93217544/0000/26/26677f79,-527069986535921877,164,sfx/SE_M13163_c__275278d9_-527069986535921877.wav,743824,9f8a48cb2d6dc6f39a0efab0a652f5918cdc670538c8a11e354bd9033e680cbc,2,48000,3.8739,UnityPy AudioClip.samples,exported,
sfx,SE_M04054_e_lp01,SE_M04054_e_lp01.wav,LocalData/93217544/0000/26/266d31c3,7479287010852190116,168,sfx/SE_M04054_e_lp01__e3cc28d2_7479287010852190116.wav,394848,8d07a7811d02e76ff1543322d27adbd740869005d8d44d2b80d52bfc71d463c5,2,48000,2.0563,UnityPy AudioClip.samples,exported,
sfx,SE_FIELD_MAT019_TAP_R,SE_FIELD_MAT019_TAP_R.wav,LocalData/93217544/0000/26/26845a6d,-5208813530373141616,176,sfx/SE_FIELD_MAT019_TAP_R__fc75ec43_-5208813530373141616.wav,565624,449c0bd2023f4f76e8768eff696f57ba57c3b8472ebbb4b981cc8385f49aada3,2,48000,2.9457,UnityPy AudioClip.samples,exported,
sfx,SE_M19148_g,SE_M19148_g.wav,LocalData/93217544/0000/26/26cdbf6c,-3563368933731423062,164,sfx/SE_M19148_g__cf26ecb1_-3563368933731423062.wav,377172,6ce272a268d729f6b4913ada16ee809dd5a10302f16fed755cffed668a68ab28,2,48000,1.9642,UnityPy AudioClip.samples,exported,
sfx,SE_M20196_e,SE_M20196_e.wav,LocalData/93217544/0000/26/26d060c2,-7560489634260742156,164,sfx/SE_M20196_e__b0b223c5_-7560489634260742156.wav,503852,554e3517003914962cea01daaa985a20483dd3d68aecf5e36858583b745ea9cd,2,48000,2.6240,UnityPy AudioClip.samples,exported,
sfx,SE_M21371_d1,SE_M21371_d1.wav,LocalData/93217544/0000/26/26d3816d,7711061700384444191,164,sfx/SE_M21371_d1__da89929f_7711061700384444191.wav,619308,5f08682767bd22041dcd598421158c603b5ec329170bff854caf9820911d9d97,2,48000,3.2253,UnityPy AudioClip.samples,exported,
sfx,SE_M08103_e,SE_M08103_e.wav,LocalData/93217544/0000/26/26df7ee7,7496594053324791279,164,sfx/SE_M08103_e__1f4551b3_7496594053324791279.wav,301380,34e550fa461ed66416a9d33325eaa0f546836fe05af73a7cde1764b34e09bd2c,2,48000,1.5695,UnityPy AudioClip.samples,exported,
sfx,SE_M04007_d1,SE_M04007_d1.wav,LocalData/93217544/0000/27/271158d5,1357245468499503404,164,sfx/SE_M04007_d1__2fbf56b7_1357245468499503404.wav,436504,9763ed5fd67ed4e1745038b5c3252a1fd9a1885f529f7cc763087ddbfc6ef588,2,48000,2.2732,UnityPy AudioClip.samples,exported,
sfx,SE_M15089_g,SE_M15089_g.wav,LocalData/93217544/0000/27/277b8328,-7747362680730577323,164,sfx/SE_M15089_g__a92db7d3_-7747362680730577323.wav,1275312,467f25991d5f18324c803e755649bab404cdfa3caed449531128bac7c5b8054b,2,48000,6.6420,UnityPy AudioClip.samples,exported,
sfx,SE_SOLO_GATE078_DISPLAY_OP,SE_SOLO_GATE078_DISPLAY_OP.wav,LocalData/93217544/0000/27/27a92c11,-7387901472679952588,180,sfx/SE_SOLO_GATE078_DISPLAY_OP__f037b9f3_-7387901472679952588.wav,121188,c41acaf6a1583745e8543d0495260077cc3cc5bd617a6f0ca550b4d14623df84,2,48000,0.6310,UnityPy AudioClip.samples,exported,
sfx,SE_M08092_e_loop,SE_M08092_e_loop.wav,LocalData/93217544/0000/27/27ae8d47,5453340019236475728,168,sfx/SE_M08092_e_loop__8411d17a_5453340019236475728.wav,192316,9722c0e81acf6b3591f1085e1762698cfb15864afb491865c29756500d5584b8,2,48000,1.0014,UnityPy AudioClip.samples,exported,
sfx,SE_FIELD_MAT024_TAP_P,SE_FIELD_MAT024_TAP_P.wav,LocalData/93217544/0000/27/27d25d62,-2352798386071260881,176,sfx/SE_FIELD_MAT024_TAP_P__b399944c_-2352798386071260881.wav,751748,aab6668fff0828e1833c067eef8b53086ba29ea0b3b48c8da805a3285523a6e7,2,48000,3.9151,UnityPy AudioClip.samples,exported,
sfx,SE_FIELD_MAT030_TAP,SE_FIELD_MAT030_TAP.wav,LocalData/93217544/0000/27/27e1c1b0,-34453331424892835,172,sfx/SE_FIELD_MAT030_TAP__abee7c48_-34453331424892835.wav,502556,fc4c91cad8b1ea11837f42228587151f5c5bebe4c0a91ceb35b0b37f41c54c8e,2,48000,2.6172,UnityPy AudioClip.samples,exported,
music,BGM_MENU_RETRO,BGM_MENU_RETRO.wav,LocalData/93217544/0000/27/27e1fb91,6457400393825321051,168,music/BGM_MENU_RETRO__9a20d100_6457400393825321051.wav,27519020,6829f24e36aefdea400885beb40ec7fccfd15d82229f0577a2a2cdc8045506e8,2,48000,143.3280,UnityPy AudioClip.samples,exported,
sfx,SE_M10691_f_loop_a,SE_M10691_f_loop_a.wav,LocalData/93217544/0000/27/27f72840,6098637435756169090,172,sfx/SE_M10691_f_loop_a__9c6d9932_6098637435756169090.wav,694316,f9f35cf816d163e23d1fe18619091067b634e527d2fd835ef2ec6ce25695a7d8,2,48000,3.6160,UnityPy AudioClip.samples,exported,
sfx,SE_M14760_d,SE_M14760_d.wav,LocalData/93217544/0000/28/2800919b,8731884209066380709,164,sfx/SE_M14760_d__d4cd1750_8731884209066380709.wav,333256,a1d1917793c827e78ae1d1278557bb3e26dc7aa2abbe2c1416c9f3a27dfc001e,2,48000,1.7355,UnityPy AudioClip.samples,exported,
sfx,SE_FIELD_MAT049_PHASE1_R,SE_FIELD_MAT049_PHASE1_R.wav,LocalData/93217544/0000/28/28113936,-2311312562717270975,176,sfx/SE_FIELD_MAT049_PHASE1_R__6f5b71de_-2311312562717270975.wav,716844,2f44742dd04a64aeda308ab11448c9cdee62c9911f99b3bb571671d4e95130c3,2,48000,3.7333,UnityPy AudioClip.samples,exported,
sfx,SE_FIELD_MAT029_PHASE4_P,SE_FIELD_MAT029_PHASE4_P.wav,LocalData/93217544/0000/28/286150b2,-7637582963465992918,176,sfx/SE_FIELD_MAT029_PHASE4_P__8a0b65ad_-7637582963465992918.wav,799560,01a55371dc5b506bc4361fff7245f746c1a6a655070ff918b9b579488845f093,2,48000,4.1641,UnityPy AudioClip.samples,exported,
sfx,SE_EV_EF04909,SE_EV_EF04909.wav,LocalData/93217544/0000/28/28827b6e,-6434524371931845750,168,sfx/SE_EV_EF04909__66af2025_-6434524371931845750.wav,348508,f1b25f9b0e28140f8144083d64d03581aaf826d833028d5eaf779925fe924c99,2,48000,1.8149,UnityPy AudioClip.samples,exported,
voice,V_GATE078_02_00_00_16,V_GATE078_02_00_00_16.wav,LocalData/93217544/0000/28/28bc4cd2,-9136067618000236160,176,voice/V_GATE078_02_00_00_16__108effdf_-9136067618000236160.wav,86924,cb72b497500442d15d133a7a3bcb9a8b61781611da751c5f17a6e20aeede29a2,1,48000,0.9050,UnityPy AudioClip.samples,exported,
sfx,SE_SOLO_EFFECT_10,SE_SOLO_EFFECT_10.wav,LocalData/93217544/0000/28/28c6fa81,6676527274602567307,172,sfx/SE_SOLO_EFFECT_10__9010ef37_6676527274602567307.wav,980372,90da82e488a2f0ae5c30bd9ad22350b84b488b9eb7ab19ba9b3fc982f9a6b4ab,2,44100,5.5574,UnityPy AudioClip.samples,exported,
sfx,SE_M19188_d1,SE_M19188_d1.wav,LocalData/93217544/0000/29/2923b1b9,-920382151782970254,164,sfx/SE_M19188_d1__456f249a_-920382151782970254.wav,544044,170c917cdf435396c1e783b781c0b953a8896516e9d2a125b1d67fdf61eafac2,2,48000,2.8333,UnityPy AudioClip.samples,exported,
music,BGM_DUEL_F03_PHASE_C,BGM_DUEL_F03_PHASE_C.wav,LocalData/93217544/0000/29/2937de5f,-7962122050121452461,172,music/BGM_DUEL_F03_PHASE_C__136b14f7_-7962122050121452461.wav,21739052,ca9b24bd1335b6b62a7806693da20cab2206614b4a4f80adb4251647a76a8317,2,48000,113.2240,UnityPy AudioClip.samples,exported,
sfx,SE_M12843_f_se,SE_M12843_f_se.wav,LocalData/93217544/0000/29/294f2335,2139082363744072694,168,sfx/SE_M12843_f_se__d30ae629_2139082363744072694.wav,1012012,8a35d83049ca8402c07035218ef9a7f9dbaa8eccbf0040c0b7170ca51032e282,2,48000,5.2707,UnityPy AudioClip.samples,exported,
voice,V_GATE078_03_00_00_14,V_GATE078_03_00_00_14.wav,LocalData/93217544/0000/29/297046c0,-9083614444994774580,176,voice/V_GATE078_03_00_00_14__96b6b7f4_-9083614444994774580.wav,77768,2141176de86fa2ce489f541d126693332ece811e8112a8236a29838a3dccd52a,1,48000,0.8096,UnityPy AudioClip.samples,exported,
sfx,SE_CARDD_CORRECT,SE_CARDD_CORRECT.wav,LocalData/93217544/0000/29/2970ad42,-1720918795189830486,168,sfx/SE_CARDD_CORRECT__17662de4_-1720918795189830486.wav,756116,77f8555e7d28f275ca86ee94bdae070b33799870dea748da76af3c747f9ff73f,2,48000,3.9379,UnityPy AudioClip.samples,exported,
sfx,SE_M07086_e,SE_M07086_e.wav,LocalData/93217544/0000/29/29960f86,9082887253194798575,164,sfx/SE_M07086_e__f4eb4e76_9082887253194798575.wav,787344,1853e6b2ef9bf3ef58ff33f09be9666559e0b63175ca52ccc1531bc965cbc87d,2,48000,4.1005,UnityPy AudioClip.samples,exported,
sfx,SE_FIELD_MAT028_PHASE4_R,SE_FIELD_MAT028_PHASE4_R.wav,LocalData/93217544/0000/29/29ad5aa0,-2151369086005993188,176,sfx/SE_FIELD_MAT028_PHASE4_R__6c2dee2f_-2151369086005993188.wav,684140,7d4abc6776dafc35a1e95b93103f1e249c4ea7f72888330cb0df563533781f0e,2,48000,3.5630,UnityPy AudioClip.samples,exported,
sfx,SE_SOLO_REACTION_F,SE_SOLO_REACTION_F.wav,LocalData/93217544/0000/29/29b28a99,7605818147881833505,172,sfx/SE_SOLO_REACTION_F__333e9532_7605818147881833505.wav,548344,aaaf91ac5e3a0d863996415193805ee6b5ae9abdc51bac0a66aa75dce95cc6c8,2,48000,2.8557,UnityPy AudioClip.samples,exported,
sfx,SE_FIELD_MAT048_PHASE1_P,SE_FIELD_MAT048_PHASE1_P.wav,LocalData/93217544/0000/29/29dd3324,-8167808006486591035,176,sfx/SE_FIELD_MAT048_PHASE1_P__9e12bd04_-8167808006486591035.wav,308404,f1096d694682210aa4a95710ab2b80cc558ef67c86f9c2412e11ed3bb66c246e,2,48000,1.6060,UnityPy AudioClip.samples,exported,
sfx,SE_M04054_d,SE_M04054_d.wav,LocalData/93217544/0000/29/29eb410d,-4369097474366740767,164,sfx/SE_M04054_d__18c062dc_-4369097474366740767.wav,370024,05b7229d24a7b92d42e5b003b687ff0f740511d998f6ec75dff1d182b740c60e,2,48000,1.9270,UnityPy AudioClip.samples,exported,
sfx,SE_ROOM_SITDOWN,SE_ROOM_SITDOWN.wav,LocalData/93217544/0000/2a/2a256a6f,-1223682226918663175,168,sfx/SE_ROOM_SITDOWN__b47ad657_-1223682226918663175.wav,161776,f8680cd48d239f951a2a9f1f283d690810ea49623fb751f9de36ab6da1111796,2,48000,0.8424,UnityPy AudioClip.samples,exported,
sfx,SE_M07708_h,SE_M07708_h.wav,LocalData/93217544/0000/2a/2a2daace,-7605014732995285628,164,sfx/SE_M07708_h__b841bde2_-7605014732995285628.wav,1043676,ed3d097a867f2c8e807315a08bc3ccdf1d39536b141e952a91b967df053d879e,2,48000,5.4356,UnityPy AudioClip.samples,exported,
sfx,SE_FIELD_MAT049_PHASE2_R,SE_FIELD_MAT049_PHASE2_R.wav,LocalData/93217544/0000/2a/2a57876f,-4093165491985223462,176,sfx/SE_FIELD_MAT049_PHASE2_R__2c2cd367_-4093165491985223462.wav,838444,e4cc098fb6bd03a2b5bfbb698a7a480484d0f24c8e5b3142b2ce64d413dfc4de,2,48000,4.3667,UnityPy AudioClip.samples,exported,
sfx,SE_FIELD_MAT048_PHASE3_P,SE_FIELD_MAT048_PHASE3_P.wav,LocalData/93217544/0000/2a/2a59e74a,395892452857144702,176,sfx/SE_FIELD_MAT048_PHASE3_P__25740c15_395892452857144702.wav,650564,360464f58a3f5ca9035a7070aaea5085a13888803d8c9b68fc3fc1078a9ab39e,2,48000,3.3881,UnityPy AudioClip.samples,exported,
sfx,SE_SOLO_BONE_01,SE_SOLO_BONE_01.wav,LocalData/93217544/0000/2a/2ac94ec8,2032456128850422948,168,sfx/SE_SOLO_BONE_01__3228fc79_2032456128850422948.wav,574604,272b787997e1664dedef04785b3dc95e2d9d159284b11844dd1c77336183a509,2,48000,2.9925,UnityPy AudioClip.samples,exported,
voice,V_GATE078_01_00_00_10,V_GATE078_01_00_00_10.wav,LocalData/93217544/0000/2a/2ae852e4,3281162615011073833,176,voice/V_GATE078_01_00_00_10__cda007bc_3281162615011073833.wav,625700,347c9d4d5e4ce9a6cd463664f516add4a05228bcc19847959d1b44281a257d20,1,48000,6.5172,UnityPy AudioClip.samples,exported,
sfx,SE_M04041_SD_g,SE_M04041_SD_g.wav,LocalData/93217544/0000/2b/2b03c5bf,5833956503870451612,168,sfx/SE_M04041_SD_g__b6bf9475_5833956503870451612.wav,539848,9aa569b46bcb8a042e9949a894d2a46d4ea86ff78bc32b3e74e7996d80e20539,2,48000,2.8115,UnityPy AudioClip.samples,exported,
music,BGM_SOLO_24,BGM_SOLO_24.wav,LocalData/93217544/0000/2b/2b46d5a0,-784306460296359885,164,music/BGM_SOLO_24__71dc8690_-784306460296359885.wav,17541116,0b4dae2156dcd36339dc47aff1cba6a8495c8553890d010b240e2a1a84466e3e,2,48000,91.3598,UnityPy AudioClip.samples,exported,
sfx,SE_M12843_h2,SE_M12843_h2.wav,LocalData/93217544/0000/2b/2b66c03d,7043893263907004342,164,sfx/SE_M12843_h2__ca3f7c16_7043893263907004342.wav,1033260,d4122450a11524459aa0d0dede47e21c8542dd9929010cb4a836e0dc3980b7b4,2,48000,5.3813,UnityPy AudioClip.samples,exported,
sfx,SE_M12487_e,SE_M12487_e.wav,LocalData/93217544/0000/2b/2b6e5976,1843791832608858004,164,sfx/SE_M12487_e__cfe4788e_1843791832608858004.wav,629200,71c2930859a7cb249517ced436abd91aefb978a5773bb65b3d8029fbf4179494,2,48000,3.2769,UnityPy AudioClip.samples,exported,
sfx,SE_FIELD_MAT049_PHASE3_R,SE_FIELD_MAT049_PHASE3_R.wav,LocalData/93217544/0000/2b/2b95ed58,7840372276244109017,176,sfx/SE_FIELD_MAT049_PHASE3_R__2f33e4a5_7840372276244109017.wav,1049644,c865556da985dcc69cb4571da72b632ed6688db0d7020b8f81ee814d26f5f04b,2,48000,5.4667,UnityPy AudioClip.samples,exported,
music,BGM_DUEL_EX_12_KEYCARD,BGM_DUEL_EX_12_KEYCARD.wav,LocalData/93217544/0000/2b/2b9610c9,8699033879765528928,176,music/BGM_DUEL_EX_12_KEYCARD__5d14342d_8699033879765528928.wav,19347500,0cc352d56bc65d924d1437ab375a08f5f6130207167ecd74907ff865a99ad4a7,2,48000,100.7680,UnityPy AudioClip.samples,exported,
sfx,SE_FIELD_MAT048_PHASE2_P,SE_FIELD_MAT048_PHASE2_P.wav,LocalData/93217544/0000/2b/2b9b8d7d,-5154004513971666172,176,sfx/SE_FIELD_MAT048_PHASE2_P__c777b917_-5154004513971666172.wav,450560,21a93fcd58446e7b52bedab85090fbeb9c5fb47691582a83236c1e1cd6ac2608,2,48000,2.3464,UnityPy AudioClip.samples,exported,
sfx,SE_SOLO_S_AVIDA,SE_SOLO_S_AVIDA.wav,LocalData/93217544/0000/2b/2bb7a685,3143398808740496467,168,sfx/SE_SOLO_S_AVIDA__da8485be_3143398808740496467.wav,1261036,75bee8f8c3879d4050e075155219dfbf620c0f279d8b957f61fa31e69fb42286,2,48000,6.5677,UnityPy AudioClip.samples,exported,
sfx,SE_M15702_f,SE_M15702_f.wav,LocalData/93217544/0000/2b/2bbda8a0,-4137191216761091281,164,sfx/SE_M15702_f__2b70f826_-4137191216761091281.wav,480044,8eb995a2dc113b7cb3692c5f31d7f33cfd0f49d842afc3b884ce1597cdeaea7c,2,48000,2.5000,UnityPy AudioClip.samples,exported,
sfx,SE_M20578_d1,SE_M20578_d1.wav,LocalData/93217544/0000/2b/2bf5264e,-6096246340693019013,164,sfx/SE_M20578_d1__11a9ab96_-6096246340693019013.wav,475720,310940431bf596f6617e073eaabf4cd075d7943dd551635322ab526cec97391d,2,48000,2.4775,UnityPy AudioClip.samples,exported,
music,BGM_SOLO_20,BGM_SOLO_20.wav,LocalData/93217544/0000/2c/2c2b11b9,1934594397502962240,164,music/BGM_SOLO_20__5606a834_1934594397502962240.wav,9858076,22aefa37ff10711c5fbc2656b26af6432a8d9022c5eb8a91904333d8f24a60eb,2,48000,51.3439,UnityPy AudioClip.samples,exported,
sfx,SE_M07701_d,SE_M07701_d.wav,LocalData/93217544/0000/2c/2c4add6a,-2920928844383264365,164,sfx/SE_M07701_d__769e0f5c_-2920928844383264365.wav,297904,dc21944c2c628267cd67b95cf4b9f71fec0148417d9f466bbc22f969aee7bba4,2,48000,1.5514,UnityPy AudioClip.samples,exported,
sfx,SE_SOLO_WAFU_KATANA_01,SE_SOLO_WAFU_KATANA_01.wav,LocalData/93217544/0000/2c/2c60123b,1962124355088456979,176,sfx/SE_SOLO_WAFU_KATANA_01__8c91030d_1962124355088456979.wav,658952,f3f7a07f7a3a760b1bf8b3e698ba4bb309571e666b2e41ce6feb20076c2fc575,2,44100,3.7353,UnityPy AudioClip.samples,exported,
sfx,SE_M04041_SD_c,SE_M04041_SD_c.wav,LocalData/93217544/0000/2c/2c6e01a6,-6546108125225342426,168,sfx/SE_M04041_SD_c__cb1c1fa3_-6546108125225342426.wav,415940,b99151d1e07307e8afd6c874b7dcc74c16daa693e4eebb1592d820d773e2cf43,2,48000,2.1661,UnityPy AudioClip.samples,exported,
sfx,SE_M04844_d1,SE_M04844_d1.wav,LocalData/93217544/0000/2c/2c77d396,-897113823155438252,164,sfx/SE_M04844_d1__58cc57ce_-897113823155438252.wav,749748,a4a747547f5d6e39d31fb819c3f039e68b03f9ef3c258078f41c4a6a0fc2bde5,2,48000,3.9047,UnityPy AudioClip.samples,exported,
sfx,SE_M07595_d,SE_M07595_d.wav,LocalData/93217544/0000/2c/2c8b695c,-104955797305206718,164,sfx/SE_M07595_d__19c25fa7_-104955797305206718.wav,451504,03c1f276673dcb4952164a4e1cf9ead0db930346bcdac57d628c01b0f50b7355,2,48000,2.3514,UnityPy AudioClip.samples,exported,
sfx,SE_SOLO_UMEKIGOE_01,SE_SOLO_UMEKIGOE_01.wav,LocalData/93217544/0000/2c/2ca4ac1c,-8049390897310597008,172,sfx/SE_SOLO_UMEKIGOE_01__8c41182c_-8049390897310597008.wav,967716,39442033290628b886c3075d6aa783cfe6fb4f3a766d6dfc6dcdd9e806ee587b,2,48000,5.0400,UnityPy AudioClip.samples,exported,
sfx,SE_FIELD_MAT028_PHASE3_R,SE_FIELD_MAT028_PHASE3_R.wav,LocalData/93217544/0000/2c/2ce24c25,8072423499953522552,176,sfx/SE_FIELD_MAT028_PHASE3_R__86b6ca67_8072423499953522552.wav,449404,07731b0bf7160f45be289fd5054df53b0c565c90428f1321189775d4c17a2654,2,48000,2.3404,UnityPy AudioClip.samples,exported,
sfx,SE_EV_CONVULSION_OF_NATURE_b,SE_EV_CONVULSION_OF_NATURE_b.wav,LocalData/93217544/0000/2c/2ce79915,-4769374575299652686,180,sfx/SE_EV_CONVULSION_OF_NATURE_b__4ec2da0a_-4769374575299652686.wav,295720,6ab6b89d0ab9b81b30319333523781454f5de78fae7daa7a08c33d07bc553e8e,2,48000,1.5400,UnityPy AudioClip.samples,exported,
sfx,SE_FIELD_MAT029_PHASE2_P,SE_FIELD_MAT029_PHASE2_P.wav,LocalData/93217544/0000/2c/2cec2c00,5212980745506774120,176,sfx/SE_FIELD_MAT029_PHASE2_P__f9ddf2af_5212980745506774120.wav,531444,69d178343ee600c4bee9ca49405f083f82b2ab18731722d79a398a760bd2119a,2,48000,2.7677,UnityPy AudioClip.samples,exported,
sfx,SE_FIELD_MAT028_PHASE2_R,SE_FIELD_MAT028_PHASE2_R.wav,LocalData/93217544/0000/2d/2d202612,-399000105855308108,176,sfx/SE_FIELD_MAT028_PHASE2_R__6d186804_-399000105855308108.wav,491844,aa68ed892abaceef49c6f8a5ec87e95f697a728589155307bcb309c9a8d9a965,2,48000,2.5615,UnityPy AudioClip.samples,exported,
music,BGM_DUEL_F05_PHASE_B,BGM_DUEL_F05_PHASE_B.wav,LocalData/93217544/0000/2d/2d2a9743,2892173364620194016,172,music/BGM_DUEL_F05_PHASE_B__02ba9a29_2892173364620194016.wav,26458232,e742bedd4f44914eddf04e6b5205fffb2cc6f3f1d96201e9ba0fcbd7829d92ee,2,48000,137.8031,UnityPy AudioClip.samples,exported,
sfx,SE_FIELD_MAT029_PHASE3_P,SE_FIELD_MAT029_PHASE3_P.wav,LocalData/93217544/0000/2d/2d2e4637,795247551815989255,176,sfx/SE_FIELD_MAT029_PHASE3_P__b43eec79_795247551815989255.wav,556364,a7c9e545c35c12ae77bdd1f362c0d68cca7062b7632d88ea0b1d034feab978d0,2,48000,2.8975,UnityPy AudioClip.samples,exported,
sfx,SE_M12950_i,SE_M12950_i.wav,LocalData/93217544/0000/2d/2d6d1fb4,5030148857537478262,164,sfx/SE_M12950_i__7e85f50d_5030148857537478262.wav,530864,5d0a9921d5ba66f4ac13c88c656e8c5418c6963efb8c3470e6b6423512f7e3a9,2,48000,2.7647,UnityPy AudioClip.samples,exported,
sfx,SE_M11765_h1,SE_M11765_h1.wav,LocalData/93217544/0000/2d/2d7a3573,-2411517383466611059,164,sfx/SE_M11765_h1__e9b2b3ca_-2411517383466611059.wav,894892,cb2055b9d7db30c49f3a36f909ec446540ec9c729e604352108e2602a921b60b,2,48000,4.6607,UnityPy AudioClip.samples,exported,
sfx,SE_DUEL_DECK_ZERO_02,SE_DUEL_DECK_ZERO_02.wav,LocalData/93217544/0000/2d/2d7b9eb8,-6246243872979072239,172,sfx/SE_DUEL_DECK_ZERO_02__f4be6a99_-6246243872979072239.wav,255144,91a61d660ecafe090ac7e7f499f00467a8997bd4f8ba57b1584042707e4aa65b,2,48000,1.3286,UnityPy AudioClip.samples,exported,
voice,V_GATE078_01_00_00_14,V_GATE078_01_00_00_14.wav,LocalData/93217544/0000/2d/2d8596fd,-6663295536878364851,176,voice/V_GATE078_01_00_00_14__cea25f1d_-6663295536878364851.wav,437804,423429681b0d7eda2e1ca292e81e5d13a04a7d9339eec9a53ae1d68841d845ca,1,48000,4.5600,UnityPy AudioClip.samples,exported,
sfx,SE_FIELD_MAT013_TAP,SE_FIELD_MAT013_TAP.wav,LocalData/93217544/0000/2d/2d891a6b,-1711892604753128067,172,sfx/SE_FIELD_MAT013_TAP__5ea094dc_-1711892604753128067.wav,923548,b3c024827e1fa5170692a166aa9534b8862d1f18059d0947af8f0164db64e40d,2,48000,4.8099,UnityPy AudioClip.samples,exported,
sfx,SE_M06784_h,SE_M06784_h.wav,LocalData/93217544/0000/2d/2ddfa8e0,-8599335311295355992,164,sfx/SE_M06784_h__655fb69f_-8599335311295355992.wav,508316,5a49c9910ae758d620da6508aae3f87cc5e13baa091d8602c8ae49d186d076a6,2,48000,2.6473,UnityPy AudioClip.samples,exported,
voice,V_GATE078_03_00_00_10,V_GATE078_03_00_00_10.wav,LocalData/93217544/0000/2e/2e1d82d9,7362589193092534683,176,voice/V_GATE078_03_00_00_10__77df01fe_7362589193092534683.wav,287052,16dede9305c9f5f5fd3f873e1a3a5ba3b65baed06bcd19b1f675b6754d18064c,1,48000,2.9897,UnityPy AudioClip.samples,exported,
sfx,SE_FIELD_MAT029_PHASE1_P,SE_FIELD_MAT029_PHASE1_P.wav,LocalData/93217544/0000/2e/2eaa9259,6283681599764866587,176,sfx/SE_FIELD_MAT029_PHASE1_P__0b13808c_6283681599764866587.wav,525624,4b9c2fde12fad77b1d185344fc3c192cf997e3c1a4e450349ec38e425c569afe,2,48000,2.7374,UnityPy AudioClip.samples,exported,
sfx,SE_M13670_c,SE_M13670_c.wav,LocalData/93217544/0000/2e/2ebd7a55,-6181819768356287825,164,sfx/SE_M13670_c__bcefc22a_-6181819768356287825.wav,657164,19b17e89cd46528eb83d9925876d9575321c7994bd7dbfbaf60a71845e88f6ca,2,48000,3.4225,UnityPy AudioClip.samples,exported,
sfx,SE_FIELD_MAT049_PHASE4_R,SE_FIELD_MAT049_PHASE4_R.wav,LocalData/93217544/0000/2e/2edafbdd,1111333080896508057,176,sfx/SE_FIELD_MAT049_PHASE4_R__1bebb2f4_1111333080896508057.wav,1760044,4844c96951064c489e31b675ad804d9d7dc19ef365079c311523a9c695f99273,2,48000,9.1667,UnityPy AudioClip.samples,exported,
sfx,SE_SOLO_REACTION_B,SE_SOLO_REACTION_B.wav,LocalData/93217544/0000/2e/2edf4e80,7217593549069928834,172,sfx/SE_SOLO_REACTION_B__6e1acf31_7217593549069928834.wav,386724,9d0246c5c2bd5223ad72a8b4dcaaaf844e2f67c093ba29cfe0f79a72ffb360e8,2,48000,2.0140,UnityPy AudioClip.samples,exported,
sfx,SE_SOLO_GATE078_C_YELL_01,SE_SOLO_GATE078_C_YELL_01.wav,LocalData/93217544/0000/2e/2ee6dd38,8493830202046705782,180,sfx/SE_SOLO_GATE078_C_YELL_01__e3b5f46d_8493830202046705782.wav,170164,517e67d9bd63dbeb23c6648e2c2b6ddfb8c696133854742e864c2f1c9d7b4613,2,48000,0.8860,UnityPy AudioClip.samples,exported,
sfx,SE_FIELD_MAT048_PHASE4_P,SE_FIELD_MAT048_PHASE4_P.wav,LocalData/93217544/0000/2f/2f16f1cf,2469320777958908199,176,sfx/SE_FIELD_MAT048_PHASE4_P__1e3f6e0e_2469320777958908199.wav,1629344,f85122ec3d83a49fbd13c71ef8c6ba85ed032f57ff9d22ece2a1cec79294ed99,2,48000,8.4859,UnityPy AudioClip.samples,exported,
sfx,SE_M06901_e,SE_M06901_e.wav,LocalData/93217544/0000/2f/2f218038,3681336789039665733,164,sfx/SE_M06901_e__f14bd9a6_3681336789039665733.wav,200012,4cc58c3d441e1ad983477ccdd19d06ce85d57aa0d8b284a3a25c4ca6530d5f3f,2,48000,1.0415,UnityPy AudioClip.samples,exported,
sfx,SE_EV_EF22169,SE_EV_EF22169.wav,LocalData/93217544/0000/2f/2f6081ec,-3647262225091291123,168,sfx/SE_EV_EF22169__c15dd7fa_-3647262225091291123.wav,512764,9c05e71364d6f496c0beaba8a6b38a81894e3b6da1baa93c425a9714a3632849,2,48000,2.6704,UnityPy AudioClip.samples,exported,
sfx,SE_M20196_i,SE_M20196_i.wav,LocalData/93217544/0000/2f/2f662ce9,4525800862731127161,164,sfx/SE_M20196_i__0a2db6ad_4525800862731127161.wav,945716,e0a053d8bde37624401bf18fb47b126707594d8a74a8768240c957ec24f41edc,2,48000,4.9254,UnityPy AudioClip.samples,exported,
sfx,SE_M13668_d1,SE_M13668_d1.wav,LocalData/93217544/0000/2f/2f66602e,-3837295091744419304,164,sfx/SE_M13668_d1__6909f6a3_-3837295091744419304.wav,462468,e488a7fce2023b6a1c368bc9d132f62942200bf82943ca21d1ae6796c2e1714b,2,48000,2.4085,UnityPy AudioClip.samples,exported,
sfx,SE_FIELD_MAT028_PHASE1_R,SE_FIELD_MAT028_PHASE1_R.wav,LocalData/93217544/0000/2f/2f66984b,3382340693641222765,176,sfx/SE_FIELD_MAT028_PHASE1_R__7396ab85_3382340693641222765.wav,473536,0cdba6e502b9f7193d2a30e9372355b5f1cc3cb80f038adbd7a8157c9f2df661,2,48000,2.4661,UnityPy AudioClip.samples,exported,
sfx,SE_M13671_c,SE_M13671_c.wav,LocalData/93217544/0000/2f/2f7f1062,7833965351829610481,164,sfx/SE_M13671_c__9a20f841_7833965351829610481.wav,802548,2f2fc178148e3621a4ca414f0f7e188621485ca6c224699161f481633d882720,2,48000,4.1797,UnityPy AudioClip.samples,exported,
sfx,SE_SOLO_EFFECT_14,SE_SOLO_EFFECT_14.wav,LocalData/93217544/0000/2f/2fab3e98,33397935383939243,172,sfx/SE_SOLO_EFFECT_14__8dca9946_33397935383939243.wav,1178408,5f7e0a3160c54f01d0ac5b2e9c5a15bf22d7172a706983a517cf70771f3630ab,2,48000,6.1373,UnityPy AudioClip.samples,exported,
voice,V_GATE078_02_00_00_12,V_GATE078_02_00_00_12.wav,LocalData/93217544/0000/2f/2fd188cb,8213796579345527863,176,voice/V_GATE078_02_00_00_12__471edf0e_8213796579345527863.wav,54476,76bc2afb4da14c18b222b85926f91c053ba43d052b4126f90c39514f9f8a0242,1,48000,0.5670,UnityPy AudioClip.samples,exported,
sfx,SE_LOT_CARDOPEN_B,SE_LOT_CARDOPEN_B.wav,LocalData/93217544/0000/2f/2ff50e18,4218642895184601098,172,sfx/SE_LOT_CARDOPEN_B__3ff4e433_4218642895184601098.wav,95832,096197900dce465f5d8fbf6bf51bb749291f6607771396be294ab98440006b09,2,48000,0.4989,UnityPy AudioClip.samples,exported,
sfx,SE_SOLO_POYON,SE_SOLO_POYON.wav,LocalData/93217544/0000/2f/2ffe7695,7740652203710175504,168,sfx/SE_SOLO_POYON__cf87b2b5_7740652203710175504.wav,356836,3d708bea3643e64a8883f832d9544db4a7c4b900cccad149aa71e388cdcf9488,2,48000,1.8583,UnityPy AudioClip.samples,exported,
sfx,SE_FIELD_MAT047_PHASE4_R,SE_FIELD_MAT047_PHASE4_R.wav,LocalData/93217544/0000/30/3013cb6e,3593150709116481184,176,sfx/SE_FIELD_MAT047_PHASE4_R__ec5ae9e0_3593150709116481184.wav,656296,ed3d9462e433ed794b4730d651c8208ebebdaa3dc48296a2efd0cf1688c5c230,2,48000,3.4180,UnityPy AudioClip.samples,exported,
sfx,SE_M14672_c,SE_M14672_c.wav,LocalData/93217544/0000/30/303c9e83,6944509830571695262,164,sfx/SE_M14672_c__6a0411a9_6944509830571695262.wav,616524,a4c22129d1f7fa2be96557d5777335c386c45730e079ff1caa47b9bd551ad67e,2,48000,3.2108,UnityPy AudioClip.samples,exported,
sfx,SE_M14676_g,SE_M14676_g.wav,LocalData/93217544/0000/30/3058f246,5783764400145751080,164,sfx/SE_M14676_g__9a18a07b_5783764400145751080.wav,729648,6bd8b448d2e5d1ef974276d70121b1411151a8e89151a089ec076a2f9adcf2cc,2,48000,3.8000,UnityPy AudioClip.samples,exported,
sfx,SE_FIELD_MAT027_PHASE1_P,SE_FIELD_MAT027_PHASE1_P.wav,LocalData/93217544/0000/30/3063a2ea,-6994559512521271295,176,sfx/SE_FIELD_MAT027_PHASE1_P__6d333df0_-6994559512521271295.wav,496916,cdaf419b333c515a2fabae555eeb51876b49099a32dfd730275a33c798206ada,2,48000,2.5879,UnityPy AudioClip.samples,exported,
sfx,SE_FIELD_MAT045_PHASE2_R,SE_FIELD_MAT045_PHASE2_R.wav,LocalData/93217544/0000/30/306b67e1,-6304270834249470576,176,sfx/SE_FIELD_MAT045_PHASE2_R__02d54633_-6304270834249470576.wav,667220,440dbd129978e489b6d5a32f46311a5d88881cd84da9463e747b7c1f5c8e2216,2,48000,3.4749,UnityPy AudioClip.samples,exported,
voice,V_GATE078_03_00_00_04,V_GATE078_03_00_00_04.wav,LocalData/93217544/0000/30/306b7781,-3416389683981850234,176,voice/V_GATE078_03_00_00_04__670a7851_-3416389683981850234.wav,403220,7789030859d514b9befaef858aca9187be46387cd14f831605a2632fc589a1d5,1,48000,4.1997,UnityPy AudioClip.samples,exported,
sfx,SE_M09441_f,SE_M09441_f.wav,LocalData/93217544/0000/30/308c30b1,321741659070024651,164,sfx/SE_M09441_f__68d0f162_321741659070024651.wav,348348,ef21a5f5cdf787de5b87b04a48420596ec0653492d19cf624af783904adda3f9,2,48000,1.8141,UnityPy AudioClip.samples,exported,
sfx,SE_M20578_i,SE_M20578_i.wav,LocalData/93217544/0000/30/30a7d010,7060414066354227359,164,sfx/SE_M20578_i__7d1cd21e_7060414066354227359.wav,797476,4d90ac9b6b710fef0404e7b67b44826d1079088678e35ddfcb409c75be2594d7,2,48000,4.1533,UnityPy AudioClip.samples,exported,
sfx,SE_MONSTERATTACK_BM_01,SE_MONSTERATTACK_BM_01.wav,LocalData/93217544/0000/30/30d21589,7708952927625751269,176,sfx/SE_MONSTERATTACK_BM_01__4cc71fe4_7708952927625751269.wav,238928,406b7eae9cfac5c65abe44cf1ceac4eb2343be8c0ceac6bc4b9fdaec4678087a,2,48000,1.2442,UnityPy AudioClip.samples,exported,
sfx,SE_M12642_h1,SE_M12642_h1.wav,LocalData/93217544/0000/30/30d99792,5647660378425238128,164,sfx/SE_M12642_h1__2a0e6554_5647660378425238128.wav,751484,d22ecbf42ce601b25f4aca8aab27f9e7401e4f68675e3496b36eb99dfa33e8d2,2,48000,3.9137,UnityPy AudioClip.samples,exported,
sfx,SE_M13587_f_loop02,SE_M13587_f_loop02.wav,LocalData/93217544/0000/31/31344edf,-1569044753949504105,172,sfx/SE_M13587_f_loop02__851f42c1_-1569044753949504105.wav,695572,13364d26349d42f0056107337d14f4ce1a290ed8e61c17a97b0a72a4175d6a10,2,48000,3.6225,UnityPy AudioClip.samples,exported,
sfx,SE_LOT_SHEET_SHINE_02,SE_LOT_SHEET_SHINE_02.wav,LocalData/93217544/0000/31/31735ade,-6816459078073132107,176,sfx/SE_LOT_SHEET_SHINE_02__49583f65_-6816459078073132107.wav,412968,f277da3a8c39c7296569f1319d076f81bd9ed8bf520bec32037d01a3c6c98272,2,48000,2.1506,UnityPy AudioClip.samples,exported,
sfx,SE_M03415_i,SE_M03415_i.wav,LocalData/93217544/0000/31/317f56a8,8840694241058553807,164,sfx/SE_M03415_i__7100a128_8840694241058553807.wav,1702444,1847ff2da0f0817e8f12dd1563e2ab02c2d37fdec0cfd179a7bdcf05187f2dec,2,48000,8.8667,UnityPy AudioClip.samples,exported,
voice,V_GATE078_02_00_00_06,V_GATE078_02_00_00_06.wav,LocalData/93217544/0000/31/31a77d93,-8745898248366338101,176,voice/V_GATE078_02_00_00_06__a0cdbf1c_-8745898248366338101.wav,55724,6a2425c98b2e4a30b90b7810c1ebf9b762f2b3fdbc9e6a04cc146b66faaf292d,1,48000,0.5800,UnityPy AudioClip.samples,exported,
sfx,SE_FIELD_MAT045_PHASE3_R,SE_FIELD_MAT045_PHASE3_R.wav,LocalData/93217544/0000/31/31a90dd6,1171090063655916012,176,sfx/SE_FIELD_MAT045_PHASE3_R__1422a3f5_1171090063655916012.wav,699244,81a399d431a6786f43b7ce5223b2686adff27d804d8e53af6ea2c5b4962ead9a,2,48000,3.6417,UnityPy AudioClip.samples,exported,
sfx,SE_FIELD_MAT026_PHASE1_R,SE_FIELD_MAT026_PHASE1_R.wav,LocalData/93217544/0000/31/31afa8f8,-2640419322076530643,176,sfx/SE_FIELD_MAT026_PHASE1_R__5bc9317d_-2640419322076530643.wav,345172,d7adf199d19d436015d72af643e6090593536afea37bef29c9e2491bfc2eca19,2,48000,1.7975,UnityPy AudioClip.samples,exported,
sfx,SE_COLOSSEUMRESULT_3rd,SE_COLOSSEUMRESULT_3rd.wav,LocalData/93217544/0000/31/31c75c71,2612546328409471683,176,sfx/SE_COLOSSEUMRESULT_3rd__c770e78e_2612546328409471683.wav,1030028,ca9dbad1e3aa7c79b8ee89b502e1f1988166573dee9a1566443df3ef7a59f3b5,2,48000,5.3645,UnityPy AudioClip.samples,exported,
sfx,SE_M15089_h1,SE_M15089_h1.wav,LocalData/93217544/0000/31/31d62001,-9116737698423988509,164,sfx/SE_M15089_h1__4c35efb8_-9116737698423988509.wav,599112,4cda58c924fea946e2e2bd41fa89ed10e64267cae78ebb255550008ce39b3abd,2,48000,3.1201,UnityPy AudioClip.samples,exported,
sfx,SE_FIELD_MAT046_PHASE4_P,SE_FIELD_MAT046_PHASE4_P.wav,LocalData/93217544/0000/31/31dfc17c,-9072253501117644627,176,sfx/SE_FIELD_MAT046_PHASE4_P__b9ddbebf_-9072253501117644627.wav,1411884,7433389d9a89a8fac1d19c5992232ea4f5624e15eaf8efa370e812b901ee28ac,2,48000,7.3533,UnityPy AudioClip.samples,exported,
sfx,SE_FIELD_MAT027_PHASE2_P,SE_FIELD_MAT027_PHASE2_P.wav,LocalData/93217544/0000/32/32251cb3,375821041165471357,176,sfx/SE_FIELD_MAT027_PHASE2_P__74ef306b_375821041165471357.wav,638600,6012ab63e2880a1a031913925c241667aa7af920eaf15239ca0d1ff67c090547,2,48000,3.3258,UnityPy AudioClip.samples,exported,
sfx,SE_FIELD_MAT026_PHASE3_R,SE_FIELD_MAT026_PHASE3_R.wav,LocalData/93217544/0000/32/322b7c96,6745438971217354346,176,sfx/SE_FIELD_MAT026_PHASE3_R__01ef1df9_6745438971217354346.wav,492404,f90e463fa3813cd537c841b7a80556ad09b6b58d09243b87b388a6e6e7dca8e3,2,48000,2.5644,UnityPy AudioClip.samples,exported,
sfx,SE_FIELD_MAT045_PHASE1_R,SE_FIELD_MAT045_PHASE1_R.wav,LocalData/93217544/0000/32/322dd9b8,-7779430745653239374,176,sfx/SE_FIELD_MAT045_PHASE1_R__b3d5c51d_-7779430745653239374.wav,517180,56c1b42954271489688131107b561da1a7bff64e12eab47364627ff8dd181467,2,48000,2.6934,UnityPy AudioClip.samples,exported,
sfx,SE_FIELD_MAT025_PHASE4_P,SE_FIELD_MAT025_PHASE4_P.wav,LocalData/93217544/0000/32/325db03c,-8744223038332197996,176,sfx/SE_FIELD_MAT025_PHASE4_P__343ef36c_-8744223038332197996.wav,606332,d18d63be56c657a16b3a01d90e21d381356434914be6c68ac5be49d8bd49a719,2,48000,3.1578,UnityPy AudioClip.samples,exported,
music,BGM_SOLO_34,BGM_SOLO_34.wav,LocalData/93217544/0000/32/325de4e1,-817324788926994616,164,music/BGM_SOLO_34__d6ff7294_-817324788926994616.wav,17830968,0ce78a0b6ca064903167540f8b4d9bb79a3755fa07dde04461aafdf3b0d3cea4,2,48000,92.8694,UnityPy AudioClip.samples,exported,
voice,V_GATE078_03_00_00_05_b,V_GATE078_03_00_00_05_b.wav,LocalData/93217544/0000/32/327d44d9,9021094644962125101,176,voice/V_GATE078_03_00_00_05_b__21a7b7ca_9021094644962125101.wav,357596,519021f6e1b4e3e65417900a9f052cd45fc8640ad09c1e1ebcfe14373cc88309,1,48000,3.7245,UnityPy AudioClip.samples,exported,
sfx,SE_M13636_h,SE_M13636_h.wav,LocalData/93217544/0000/32/32804838,-1406031109696112444,164,sfx/SE_M13636_h__492b5c7a_-1406031109696112444.wav,764596,cb11091027092f37c7e018ad1355295fb46d63fe0fd74251ab6b923bb1511637,2,48000,3.9820,UnityPy AudioClip.samples,exported,
sfx,SE_M04064_h,SE_M04064_h.wav,LocalData/93217544/0000/32/32e8a2c8,3298312054852190525,164,sfx/SE_M04064_h__cf792404_3298312054852190525.wav,388900,79c23e9be72564c2fce50198c8ac121de62c09ade3dfcd33a4a80eb11e22ef68,2,48000,2.0253,UnityPy AudioClip.samples,exported,
sfx,SE_M08263_d,SE_M08263_d.wav,LocalData/93217544/0000/33/33136b7d,4778244765553790074,164,sfx/SE_M08263_d__91734869_4778244765553790074.wav,317436,5fb91ec4887a5ffc0838fb099a1c4cd8529aee54a6a4725f87b2673dc1413df0,2,48000,1.6531,UnityPy AudioClip.samples,exported,
sfx,SE_SOLO_GATE078_COM_FADEOUT,SE_SOLO_GATE078_COM_FADEOUT.wav,LocalData/93217544/0000/33/334752f6,8940428677242931065,180,sfx/SE_SOLO_GATE078_COM_FADEOUT__e8dbd3ab_8940428677242931065.wav,674472,8e06530e75fc2afa9de436a47184305700ad7f6a0e6ac996252b2c4d2b6de290,2,48000,3.5126,UnityPy AudioClip.samples,exported,
sfx,SE_M13587_g,SE_M13587_g.wav,LocalData/93217544/0000/33/335cc24f,9058774605608877518,164,sfx/SE_M13587_g__b8347103_9058774605608877518.wav,1101716,0be6484cba3c45bbac80628793c130fc4fe5a254a3dd20817f07deb487e2e1ca,2,48000,5.7379,UnityPy AudioClip.samples,exported,
sfx,SE_CARDD_MATCH_01,SE_CARDD_MATCH_01.wav,LocalData/93217544/0000/33/338ca78c,6308762961063463631,172,sfx/SE_CARDD_MATCH_01__805d22bf_6308762961063463631.wav,266700,72a73c9487609d95af1792e293bacac274ee84e94fec4b0f8a8844680e63353b,2,48000,1.3888,UnityPy AudioClip.samples,exported,
sfx,SE_FIELD_MAT024_PHASE4_R,SE_FIELD_MAT024_PHASE4_R.wav,LocalData/93217544/0000/33/3391ba2e,6512299224678550984,176,sfx/SE_FIELD_MAT024_PHASE4_R__b6279e16_6512299224678550984.wav,703696,12019e3d2d414c807cb1b8afc3a3022e7b8d8d48650e0cd8bf9cc5c12f5bbbc9,2,48000,3.6649,UnityPy AudioClip.samples,exported,
sfx,SE_M13587_e_loop_03,SE_M13587_e_loop_03.wav,LocalData/93217544/0000/33/33bfa7ca,6972912126977882456,172,sfx/SE_M13587_e_loop_03__d3be4895_6972912126977882456.wav,384044,ce59843cf6e1cdf0ca9ccb5230fc41921a6133b2a87dae077a242dcadf52c061,2,48000,2.0000,UnityPy AudioClip.samples,exported,
sfx,SE_PACKOPEN_CARD_UR,SE_PACKOPEN_CARD_UR.wav,LocalData/93217544/0000/33/33d614db,-7240260801139403440,172,sfx/SE_PACKOPEN_CARD_UR__cadbf8b5_-7240260801139403440.wav,665648,1c4564299dba63c1b0bb81cadb077730e8accdee533dc399f8abd52ebab738b1,2,48000,3.4667,UnityPy AudioClip.samples,exported,
sfx,SE_FIELD_MAT027_PHASE3_P,SE_FIELD_MAT027_PHASE3_P.wav,LocalData/93217544/0000/33/33e77684,-59356587114718467,176,sfx/SE_FIELD_MAT027_PHASE3_P__451fc339_-59356587114718467.wav,549520,3acdb74e5cfcd87794aa2d017db2bcef5e2b2d35c3044ef3d545596561a7c67e,2,48000,2.8619,UnityPy AudioClip.samples,exported,
sfx,SE_FIELD_MAT026_PHASE2_R,SE_FIELD_MAT026_PHASE2_R.wav,LocalData/93217544/0000/33/33e916a1,4794967317700031319,176,sfx/SE_FIELD_MAT026_PHASE2_R__22726fd7_4794967317700031319.wav,404416,9c475aa68109f7cb419f9f07a858fc626424ccda39ed4ae63b2cd878022a50df,2,48000,2.1061,UnityPy AudioClip.samples,exported,
voice,V_GATE078_01_00_00_00,V_GATE078_01_00_00_00.wav,LocalData/93217544/0000/33/33f363a5,8450959683894318147,176,voice/V_GATE078_01_00_00_00__4114f5bf_8450959683894318147.wav,167852,39265c2d470633c5404f53f681f50d7f903767c5a1782b4eef1f3cc1f571bdea,1,48000,1.7480,UnityPy AudioClip.samples,exported,
sfx,SE_M09903_g,SE_M09903_g.wav,LocalData/93217544/0000/33/33fd87af,2064819334731767423,164,sfx/SE_M09903_g__56e58e19_2064819334731767423.wav,326504,a1880501558f30a6afd7d8caaa159a067aa55b177cc6e7d8af81a775f87bdb74,2,48000,1.7003,UnityPy AudioClip.samples,exported,
music,BGM_DUEL_EX_10_CLIMAX,BGM_DUEL_EX_10_CLIMAX.wav,LocalData/93217544/0000/34/34145f32,9757878402906033,176,music/BGM_DUEL_EX_10_CLIMAX__2e30c187_9757878402906033.wav,18339884,e01281b6a7fed0ef5214f86eaf231c22f133fb9eb2c764e8b7d23197b08bad8a,2,48000,95.5200,UnityPy AudioClip.samples,exported,
sfx,SE_M13587_c,SE_M13587_c.wav,LocalData/93217544/0000/34/34310656,3702956955051324552,164,sfx/SE_M13587_c__7308b71b_3702956955051324552.wav,613004,5756fb31f56c9ede341d7080e6b95b740af874284ec95e952652d1958c9ac6e4,2,48000,3.1925,UnityPy AudioClip.samples,exported,
sfx,SE_M14240_i,SE_M14240_i.wav,LocalData/93217544/0000/34/3458aadd,7592744739570096421,164,sfx/SE_M14240_i__ca2a2719_7592744739570096421.wav,875608,814383d4887a07d49c1fd2ffd8eba61db5400e57fb09d2bea41e3d36e13c7cf8,2,48000,4.5602,UnityPy AudioClip.samples,exported,
sfx,SE_M09903_c,SE_M09903_c.wav,LocalData/93217544/0000/34/349043b6,-660631390522092056,164,sfx/SE_M09903_c__1d70634f_-660631390522092056.wav,420224,17634aa6c4114a8f48a5736cd2e35fd10b13c81805eaee7c6d7145014a4374e8,2,48000,2.1884,UnityPy AudioClip.samples,exported,
sfx,SE_FIELD_MAT046_PHASE3_P,SE_FIELD_MAT046_PHASE3_P.wav,LocalData/93217544/0000/34/3490d7f9,-2910649364431840333,176,sfx/SE_FIELD_MAT046_PHASE3_P__2eca8832_-2910649364431840333.wav,674656,54717bbc8920a8fda4f5f19d24da92b978cf87ea76c0fac2b3258edf4fb6714f,2,48000,3.5136,UnityPy AudioClip.samples,exported,
sfx,SE_FIELD_MAT025_PHASE1_P,SE_FIELD_MAT025_PHASE1_P.wav,LocalData/93217544/0000/34/349672d7,9158092022849896875,176,sfx/SE_FIELD_MAT025_PHASE1_P__1d2c0ca9_9158092022849896875.wav,583524,0a0e22d25df77aac966b6d79d561ac40e13308c211de554322000c376ef81678,2,48000,3.0390,UnityPy AudioClip.samples,exported,
sfx,SE_M05431_d,SE_M05431_d.wav,LocalData/93217544/0000/34/3497a95f,918749877102891689,164,sfx/SE_M05431_d__87c4fd9c_918749877102891689.wav,285024,f59b8927e891640718b6036f767f8ba2fa594ab59a50072fef21ff33ab1e233d,2,48000,1.4843,UnityPy AudioClip.samples,exported,
voice,V_GATE078_01_00_00_04,V_GATE078_01_00_00_04.wav,LocalData/93217544/0000/34/349ea7bc,3154791474363988480,176,voice/V_GATE078_01_00_00_04__cbe817b3_3154791474363988480.wav,98028,f7ed61d920a3a840b5be4820c93d3fe614c9ffdb7ada2a04c556c659f5749e77,1,48000,1.0207,UnityPy AudioClip.samples,exported,
sfx,SE_FIELD_MAT047_PHASE2_R,SE_FIELD_MAT047_PHASE2_R.wav,LocalData/93217544/0000/34/349eb7dc,-3341662998254586649,176,sfx/SE_FIELD_MAT047_PHASE2_R__8a9269fe_-3341662998254586649.wav,578808,1a21ab7a4f83e12f0d66228f06a2b14c3aefef22e3cf4c738763dbc8f8e0aa59,2,48000,3.0144,UnityPy AudioClip.samples,exported,
sfx,SE_FIELD_MAT045_PHASE4_R,SE_FIELD_MAT045_PHASE4_R.wav,LocalData/93217544/0000/34/34e61b53,304308432524234050,176,sfx/SE_FIELD_MAT045_PHASE4_R__18278e54_304308432524234050.wav,1126320,a6f8107c3317f554ad56aff2775b98e247a59dafe31f7459496aef5c2ba2addd,2,48000,5.8660,UnityPy AudioClip.samples,exported,
music,BGM_SOLO_30,BGM_SOLO_30.wav,LocalData/93217544/0000/35/353020f8,3210074557690093939,164,music/BGM_SOLO_30__b84596af_3210074557690093939.wav,13830056,2ba9bd728472edbee8b6724b2a0b3e2f66b64182f0368b302bb5794dfb4a4a4d,2,48000,72.0313,UnityPy AudioClip.samples,exported,
sfx,SE_M21965_d1,SE_M21965_d1.wav,LocalData/93217544/0000/35/354a1cec,7945923642197028802,164,sfx/SE_M21965_d1__2eb0f4c3_7945923642197028802.wav,1067572,cdf95a7cdb9960f4a267ee49e904912820b38f5bf708260fa1c9df5ce895f460,2,48000,5.5600,UnityPy AudioClip.samples,exported,
sfx,SE_FIELD_MAT046_PHASE2_P,SE_FIELD_MAT046_PHASE2_P.wav,LocalData/93217544/0000/35/3552bdce,-7034981509540914182,176,sfx/SE_FIELD_MAT046_PHASE2_P__50b38086_-7034981509540914182.wav,789296,9ff6f147636a93c9ad628acfdc0dff181b3747c0e4f797dd12775df1a70ac3da,2,48000,4.1107,UnityPy AudioClip.samples,exported,
sfx,SE_FIELD_MAT024_PHASE1_R,SE_FIELD_MAT024_PHASE1_R.wav,LocalData/93217544/0000/35/355a78c5,-6355595997833239440,176,sfx/SE_FIELD_MAT024_PHASE1_R__fc42d458_-6355595997833239440.wav,684068,d4d6ccd289fb88f7f20d8a0b6da927c6c39826c62158655548c6a669a579d52e,2,48000,3.5626,UnityPy AudioClip.samples,exported,
sfx,SE_FIELD_MAT047_PHASE3_R,SE_FIELD_MAT047_PHASE3_R.wav,LocalData/93217544/0000/35/355cddeb,-548233090494618683,176,sfx/SE_FIELD_MAT047_PHASE3_R__3998b6fa_-548233090494618683.wav,477828,39ffabd9c7ccf9e300a8407c3ca0c21b680f269f23a2cdff508db061bb3e38d0,2,48000,2.4885,UnityPy AudioClip.samples,exported,
sfx,SE_M14759_d,SE_M14759_d.wav,LocalData/93217544/0000/35/356405fa,4011907259241171960,164,sfx/SE_M14759_d__cc86e7b8_4011907259241171960.wav,387824,2bf8494fe928f2e386118dbf5f919edffbb2dcf2e3927905fd84fcbb69956554,2,48000,2.0197,UnityPy AudioClip.samples,exported,
sfx,SE_TDY_ACHIEVE_SUIT,SE_TDY_ACHIEVE_SUIT.wav,LocalData/93217544/0000/35/3567125d,-7046024647808188984,172,sfx/SE_TDY_ACHIEVE_SUIT__d8589fef_-7046024647808188984.wav,651860,64bd838081a9af189581742b7888775afbe7245af63558f8031e6158f1768c1a,2,48000,3.3949,UnityPy AudioClip.samples,exported,
sfx,SE_M14240_f_lp02,SE_M14240_f_lp02.wav,LocalData/93217544/0000/35/3591943c,3970318997131370649,168,sfx/SE_M14240_f_lp02__acb56657_3970318997131370649.wav,711172,efa1374f84126b96d8dbee6473bd4b21666ca87e93c389bcdf05bad6073a62c8,2,48000,3.7038,UnityPy AudioClip.samples,exported,
sfx,SE_M13011_d1,SE_M13011_d1.wav,LocalData/93217544/0000/36/361710a9,3389329993733417430,164,sfx/SE_M13011_d1__407c71c1_3389329993733417430.wav,490220,d8c29d57e1f4a7952ba90375f14d099381464753ca9a36c5aa8856282c83b523,2,48000,2.5530,UnityPy AudioClip.samples,exported,
sfx,SE_DECK_CRAFT_02,SE_DECK_CRAFT_02.wav,LocalData/93217544/0000/36/362d7841,-628687283204421576,168,sfx/SE_DECK_CRAFT_02__0596e998_-628687283204421576.wav,260480,a89493a01e259a835e6769b937892ed7aa567a3619d361bfd4c9db0271945724,2,48000,1.3564,UnityPy AudioClip.samples,exported,
sfx,SE_M20215_j,SE_M20215_j.wav,LocalData/93217544/0000/36/363d9135,-6253311910221903640,164,sfx/SE_M20215_j__ee02f60e_-6253311910221903640.wav,967364,cf88d03af4c1148317d891a064e9bbd4c9fbf697663699f6c4de41b32fe02b34,2,48000,5.0381,UnityPy AudioClip.samples,exported,
sfx,SE_M17443_e,SE_M17443_e.wav,LocalData/93217544/0000/36/367cdfa1,-3522135193556139334,164,sfx/SE_M17443_e__01277621_-3522135193556139334.wav,423196,ea8cdbc117e4656f737f0571b9351a2835b9ca559a27fc115ef88a1d6b1eb339,2,48000,2.2039,UnityPy AudioClip.samples,exported,
sfx,SE_FIELD_MAT027_PHASE4_P,SE_FIELD_MAT027_PHASE4_P.wav,LocalData/93217544/0000/36/36a86001,7573042763931133655,176,sfx/SE_FIELD_MAT027_PHASE4_P__3eae1931_7573042763931133655.wav,759156,a997242a0f53270da04c80b568f7dec9dd6f3631e54462ab83351d98261bfeee,2,48000,3.9537,UnityPy AudioClip.samples,exported,
sfx,SE_SOLO_EFFECT_04,SE_SOLO_EFFECT_04.wav,LocalData/93217544/0000/36/36b00fd9,-5123898404104429146,172,sfx/SE_SOLO_EFFECT_04__a365a2b2_-5123898404104429146.wav,953976,84627a4a6d2f0ce88547a53cb7c745e439bda0c036e74fb13798f9cd2cb51ca4,2,48000,4.9684,UnityPy AudioClip.samples,exported,
voice,V_GATE078_02_00_00_02,V_GATE078_02_00_00_02.wav,LocalData/93217544/0000/36/36cab98a,8542884771272866182,176,voice/V_GATE078_02_00_00_02__65fba2ce_8542884771272866182.wav,56204,98b4db547263009528c05e56e567878d05114f5fe3b544ba31da773f7b54fd40,1,48000,0.5850,UnityPy AudioClip.samples,exported,
sfx,SE_FIELD_MAT025_PHASE2_P,SE_FIELD_MAT025_PHASE2_P.wav,LocalData/93217544/0000/36/36d0cc8e,-4375583916371331747,176,sfx/SE_FIELD_MAT025_PHASE2_P__3e2b09cb_-4375583916371331747.wav,653304,a71e38fabb277b754bdb6625e6fbddfbc77a26508f27eb3fc78ad79516c9dd14,2,48000,3.4024,UnityPy AudioClip.samples,exported,
sfx,SE_M05432_d,SE_M05432_d.wav,LocalData/93217544/0000/36/36d11706,7076261612347293083,164,sfx/SE_M05432_d__51f86077_7076261612347293083.wav,285024,e1ee57056a00357a0b3674a5625670c649b7a2acb061c23b5a4751b07f1a8d70,2,48000,1.4843,UnityPy AudioClip.samples,exported,
sfx,SE_FIELD_MAT047_PHASE1_R,SE_FIELD_MAT047_PHASE1_R.wav,LocalData/93217544/0000/36/36d80985,6449532654908519279,176,sfx/SE_FIELD_MAT047_PHASE1_R__e4c7c409_6449532654908519279.wav,472100,2bfb0c1ddb8fb58ac047ab8080812187efa64f9f26d18b2354a2e6041a27ed55,2,48000,2.4586,UnityPy AudioClip.samples,exported,
sfx,SE_FIELD_MAT024_PHASE3_R,SE_FIELD_MAT024_PHASE3_R.wav,LocalData/93217544/0000/36/36deacab,-2805811059636393477,176,sfx/SE_FIELD_MAT024_PHASE3_R__551ceb6f_-2805811059636393477.wav,621084,0f2a93959961169723b356c1b318b4a497ddf6dad28a84e47c17e014e2618b46,2,48000,3.2346,UnityPy AudioClip.samples,exported,
sfx,SE_COLOSSEUMRESULT_1st,SE_COLOSSEUMRESULT_1st.wav,LocalData/93217544/0000/36/36efa93a,8565077044941886206,176,sfx/SE_COLOSSEUMRESULT_1st__c731a971_8565077044941886206.wav,1521648,d21a182bff16a9067b3412ede4fdb2451adb4afda580c5ba1495ec9d8ff9528a,2,48000,7.9250,UnityPy AudioClip.samples,exported,
voice,V_GATE078_03_00_00_00,V_GATE078_03_00_00_00.wav,LocalData/93217544/0000/37/3706b398,-8615177126943997608,176,voice/V_GATE078_03_00_00_00__c9a7afeb_-8615177126943997608.wav,232388,e8e72f0dc7e7db0f34ef123bd452264d61eb29860f687d22ffffaf9d23ba588b,1,48000,2.4202,UnityPy AudioClip.samples,exported,
sfx,SE_FIELD_MAT025_PHASE3_P,SE_FIELD_MAT025_PHASE3_P.wav,LocalData/93217544/0000/37/3712a6b9,4519543503771296652,176,sfx/SE_FIELD_MAT025_PHASE3_P__95c35d6b_4519543503771296652.wav,608560,c7c7cb9aa7364c811fdaad3f2f49a5e4fdb736acc29ffc1666a2d30917d9dc9e,2,48000,3.1694,UnityPy AudioClip.samples,exported,
sfx,SE_FIELD_MAT046_PHASE1_P,SE_FIELD_MAT046_PHASE1_P.wav,LocalData/93217544/0000/37/37140397,1298178511937317101,176,sfx/SE_FIELD_MAT046_PHASE1_P__0cf26e24_1298178511937317101.wav,737196,5e36515389752efcf54667d563557716eb602597bf9f648f64c2a1cda0de0cdf,2,48000,3.8393,UnityPy AudioClip.samples,exported,
sfx,SE_FIELD_MAT024_PHASE2_R,SE_FIELD_MAT024_PHASE2_R.wav,LocalData/93217544/0000/37/371cc69c,7613937444339579056,176,sfx/SE_FIELD_MAT024_PHASE2_R__268be42d_7613937444339579056.wav,594940,741e15675ebb970be7c2bca20d45fb4c928bd5159cd6bd95af78b2a57ef1c2b5,2,48000,3.0984,UnityPy AudioClip.samples,exported,
sfx,SE_M14676_c,SE_M14676_c.wav,LocalData/93217544/0000/37/3735365f,-5803311853360762948,164,sfx/SE_M14676_c__63317514_-5803311853360762948.wav,1158448,2d29b0ffb0fbf06b92683b473aa7db3a5db4e7b05da3ab4cbe675acd68d77e3c,2,48000,6.0334,UnityPy AudioClip.samples,exported,
sfx,SE_EV_TRANSMISSION_GEAR_WIN,SE_EV_TRANSMISSION_GEAR_WIN.wav,LocalData/93217544/0000/37/3738faef,3863484187427443708,180,sfx/SE_EV_TRANSMISSION_GEAR_WIN__75d20fe8_3863484187427443708.wav,417408,be5bebd2ed23fcd300eb41da031c5853757c0b4be52acf9c5eac4f9e25cc41ca,2,48000,2.1738,UnityPy AudioClip.samples,exported,
sfx,SE_M14672_g,SE_M14672_g.wav,LocalData/93217544/0000/37/37515a9a,-7998550621613982552,164,sfx/SE_M14672_g__7b1dfd39_-7998550621613982552.wav,1137756,b24c8831943bd9e946532d61102a847d1e4cd65d314f9aa068e68ac719990b60,2,48000,5.9256,UnityPy AudioClip.samples,exported,
sfx,SE_FIELD_MAT026_PHASE4_R,SE_FIELD_MAT026_PHASE4_R.wav,LocalData/93217544/0000/37/37646a13,-234115144280707823,176,sfx/SE_FIELD_MAT026_PHASE4_R__e22caeac_-234115144280707823.wav,627304,0cc74fa67c16b88b0a7196e05ebfe29e67ad204b8ef1e5953ec6a1ba088cfae3,2,48000,3.2670,UnityPy AudioClip.samples,exported,
sfx,SE_M14676_d1,SE_M14676_d1.wav,LocalData/93217544/0000/37/377e0023,6133310455293785962,164,sfx/SE_M14676_d1__bde96d92_6133310455293785962.wav,524848,bbdee46bdc53ffa43b47fd49b185d9c3ec7760f5be1d0dcb9e7207431f73c4a1,2,48000,2.7334,UnityPy AudioClip.samples,exported,
sfx,SE_SOLO_GATE078_LINE_only,SE_SOLO_GATE078_LINE_only.wav,LocalData/93217544/0000/37/379531da,8869334513169368286,180,sfx/SE_SOLO_GATE078_LINE_only__96e898bb_8869334513169368286.wav,555948,fbeeed8236bd12ca4e2d19ed4dc9c6e2d6eafbfcbeedf609567b1b02f64e02b0,2,48000,2.8953,UnityPy AudioClip.samples,exported,
sfx,SE_M13144_h2,SE_M13144_h2.wav,LocalData/93217544/0000/37/37c9a2f8,-6235769444871676666,164,sfx/SE_M13144_h2__e26a5c99_-6235769444871676666.wav,630776,2c06715fa8f3d61102f372d0bd5f0c62a09e2785cd26f9397c3ad3150f3807a6,2,48000,3.2851,UnityPy AudioClip.samples,exported,
sfx,SE_TDY_CHAINGET_LIGHT,SE_TDY_CHAINGET_LIGHT.wav,LocalData/93217544/0000/37/37d3b528,-1732033772511261895,176,sfx/SE_TDY_CHAINGET_LIGHT__da716476_-1732033772511261895.wav,748036,3148e5d922c7cc7e24983f68ea2b1ec8332ccbd18eed30ac478db9653d2ecdbd,2,48000,3.8958,UnityPy AudioClip.samples,exported,
sfx,SE_SOLO_DEGITAL_CARD_02,SE_SOLO_DEGITAL_CARD_02.wav,LocalData/93217544/0000/37/37e2fb0e,1402759235227518946,176,sfx/SE_SOLO_DEGITAL_CARD_02__77468ace_1402759235227518946.wav,493588,21472e18e57dad23998656229694760adf6bf8edfe17dfa6e8691b65149777e6,2,48000,2.5705,UnityPy AudioClip.samples,exported,
sfx,SE_FIELD_MAT049_TAP,SE_FIELD_MAT049_TAP.wav,LocalData/93217544/0000/37/37f49379,-8667091435435877749,172,sfx/SE_FIELD_MAT049_TAP__52d94236_-8667091435435877749.wav,1216044,a7a0236e31b4353a7f5a01365117bea21be7c5344ac37eb233aaeef8f6600db4,2,48000,6.3333,UnityPy AudioClip.samples,exported,
sfx,SE_PACK_SECRET_KEY_MOVE,SE_PACK_SECRET_KEY_MOVE.wav,LocalData/93217544/0000/38/381b6b5e,-2671372308002220937,176,sfx/SE_PACK_SECRET_KEY_MOVE__7a0a6b98_-2671372308002220937.wav,177328,03182bf89c7308153d3ed725d61034b7dbd424b34f1b39cc10399a5ad0b4091a,2,48000,0.9234,UnityPy AudioClip.samples,exported,
sfx,SE_M04844_g,SE_M04844_g.wav,LocalData/93217544/0000/38/382e3c13,-4742569488300802326,164,sfx/SE_M04844_g__6198c8e6_-4742569488300802326.wav,397080,b2a69f98f8490e485acae68dc95cde05c15eea6b5eda663767baa2aa630d494f,2,48000,2.0679,UnityPy AudioClip.samples,exported,
sfx,SE_FIELD_MAT042_PHASE4_P,SE_FIELD_MAT042_PHASE4_P.wav,LocalData/93217544/0000/38/38346106,-2464951466470596823,176,sfx/SE_FIELD_MAT042_PHASE4_P__f7bb457a_-2464951466470596823.wav,1583404,0a1bca91f29dfef8114fe684d9b22d0d848bcd287d36ec31d1ee1a0fcee45c9e,2,48000,8.2467,UnityPy AudioClip.samples,exported,
sfx,SE_FIELD_MAT041_PHASE3_R,SE_FIELD_MAT041_PHASE3_R.wav,LocalData/93217544/0000/38/3842adac,2789267717389508618,176,sfx/SE_FIELD_MAT041_PHASE3_R__52fcbce7_2789267717389508618.wav,651600,c73206e337d642ddc1a1f811e33919843577f54553f58928a73b50753d274e4b,2,48000,3.3935,UnityPy AudioClip.samples,exported,
sfx,SE_FIELD_MAT022_PHASE1_R,SE_FIELD_MAT022_PHASE1_R.wav,LocalData/93217544/0000/38/38440882,-393010607543548316,176,sfx/SE_FIELD_MAT022_PHASE1_R__bc85dcf4_-393010607543548316.wav,348808,8fa22a0a73367d05eabdcae7ccb0bc72e4b0197d48b7f7076bcabcf128debfaa,2,48000,1.8165,UnityPy AudioClip.samples,exported,
sfx,SE_FIELD_MAT040_PHASE2_P,SE_FIELD_MAT040_PHASE2_P.wav,LocalData/93217544/0000/38/384ccd89,374226308661675986,176,sfx/SE_FIELD_MAT040_PHASE2_P__ba878101_374226308661675986.wav,580852,e766bbf23d885975b077c32675cab141c3b75037c109d8c048fae9d9f060c597,2,48000,3.0250,UnityPy AudioClip.samples,exported,
sfx,SE_M13208_f,SE_M13208_f.wav,LocalData/93217544/0000/38/3893411b,4222680827267963339,164,sfx/SE_M13208_f__28db5593_4222680827267963339.wav,294004,4531a2965cafac7558c8292b43d4ce6b91063593e60d1fc3031502aa0e5f4186,2,48000,1.5310,UnityPy AudioClip.samples,exported,
sfx,SE_M03415_e,SE_M03415_e.wav,LocalData/93217544/0000/38/38c91a83,4527028992086537511,164,sfx/SE_M03415_e__ef396a4c_4527028992086537511.wav,684848,d19150b094d3c42c1c978b5e456e3b14ac7b68744ed5e9414824e5494924a97a,2,48000,3.5667,UnityPy AudioClip.samples,exported,
sfx,SE_SOLO_3S_ROBOT_2,SE_SOLO_3S_ROBOT_2.wav,LocalData/93217544/0000/38/38cd3a85,-3179011042517225005,172,sfx/SE_SOLO_3S_ROBOT_2__722a311c_-3179011042517225005.wav,896424,19007724ef53306a578669eafc2b2a734e6b14514390fe9be85407ab239a3522,2,48000,4.6686,UnityPy AudioClip.samples,exported,
sfx,SE_SYS_ITEM_OBTAIN_B,SE_SYS_ITEM_OBTAIN_B.wav,LocalData/93217544/0000/38/38f25b60,2642913120922704201,172,sfx/SE_SYS_ITEM_OBTAIN_B__e607a789_2642913120922704201.wav,181736,97fec4e153401973390f640c85637481677174f4459813bf6039d24883efc930,2,48000,0.9463,UnityPy AudioClip.samples,exported,
sfx,SE_DR_DICEGET,SE_DR_DICEGET.wav,LocalData/93217544/0000/38/38f2ff70,2552653497388986570,168,sfx/SE_DR_DICEGET__62d300de_2552653497388986570.wav,107768,ca8e860071fa7bc36e9abdc7fa2aef7b9b3df8f02ad126053f9121713c853862,2,48000,0.5611,UnityPy AudioClip.samples,exported,
sfx,SE_FUKUBIKI_TIER02,SE_FUKUBIKI_TIER02.wav,LocalData/93217544/0000/38/38fc72b2,-6626960660045588017,172,sfx/SE_FUKUBIKI_TIER02__a83f5d69_-6626960660045588017.wav,653016,733713b7f9af3fdca722e98b45b7129291453ea43974b7f159b0cfcd4ba07434,2,48000,3.4009,UnityPy AudioClip.samples,exported,
sfx,SE_M20578_e,SE_M20578_e.wav,LocalData/93217544/0000/39/39119c3b,7009518148026600464,164,sfx/SE_M20578_e__a890a474_7009518148026600464.wav,465596,a8a367d0d89162d7b679fc1e2864de5625248aaeaab25de32d79d5fab717f1cf,2,48000,2.4247,UnityPy AudioClip.samples,exported,
sfx,SE_FIELD_MAT036_LAST_P,SE_FIELD_MAT036_LAST_P.wav,LocalData/93217544/0000/39/3951a358,-3523141651985446042,176,sfx/SE_FIELD_MAT036_LAST_P__ff944e3e_-3523141651985446042.wav,786884,971b5bd9ee3623b9ed0036ca4805e02842f86f232d5705b54701c1ba0d73122d,2,48000,4.0981,UnityPy AudioClip.samples,exported,
sfx,SE_M10691_f,SE_M10691_f.wav,LocalData/93217544/0000/39/395ee170,-8503579907435515200,164,sfx/SE_M10691_f__508ac51c_-8503579907435515200.wav,735788,45add2e3ebc2d41eecbae071fb6860325042104212db5ed47c955b89d441dcc7,2,48000,3.8320,UnityPy AudioClip.samples,exported,
sfx,SE_FIELD_MAT041_PHASE2_R,SE_FIELD_MAT041_PHASE2_R.wav,LocalData/93217544/0000/39/3980c79b,7979463649203721687,176,sfx/SE_FIELD_MAT041_PHASE2_R__edc1565a_7979463649203721687.wav,924936,55c17c50ee5d915af6d78387dfa3eae18197c5adcb4258bf258e288a96317e2b,2,48000,4.8171,UnityPy AudioClip.samples,exported,
sfx,SE_FIELD_MAT040_PHASE3_P,SE_FIELD_MAT040_PHASE3_P.wav,LocalData/93217544/0000/39/398ea7be,-4344583120012270389,176,sfx/SE_FIELD_MAT040_PHASE3_P__f78d1f21_-4344583120012270389.wav,749748,bc0e08b4042a62419957b362ac661a5e4cbe7c4b0b726e626df84bd367469231,2,48000,3.9047,UnityPy AudioClip.samples,exported,
sfx,SE_SOLO_EXS_08,SE_SOLO_EXS_08.wav,LocalData/93217544/0000/39/39b60178,4139192007913475533,168,sfx/SE_SOLO_EXS_08__e3bb8f73_4139192007913475533.wav,822624,bd348369508a4016c7763a54073d2794210fd5b4ee0407a71df76a6e4a04f3be,2,48000,4.2843,UnityPy AudioClip.samples,exported,
sfx,SE_DECK_CARD_SELECT,SE_DECK_CARD_SELECT.wav,LocalData/93217544/0000/39/39c538eb,-5566337919513970039,172,sfx/SE_DECK_CARD_SELECT__371f3df3_-5566337919513970039.wav,168044,bad7b6dc70e63a15c13245732557a6fda4bb274bf9141adfd41248a6d499be8e,2,48000,0.8750,UnityPy AudioClip.samples,exported,
sfx,SE_M09647_g,SE_M09647_g.wav,LocalData/93217544/0000/39/39c62ff5,-5321798381085269194,164,sfx/SE_M09647_g__a9e24a05_-5321798381085269194.wav,705356,1affee8743986ea014e710efc7f73328954c0d8e5b740efc8a650eaae8d79da9,2,48000,3.6735,UnityPy AudioClip.samples,exported,
voice,V_GATE078_03_00_00_08,V_GATE078_03_00_00_08.wav,LocalData/93217544/0000/39/39dd3baa,8580778578016221497,176,voice/V_GATE078_03_00_00_08__75979574_8580778578016221497.wav,80624,f7d1be750c72da50cd1ded5de6a9ef9fbe83d59dc4c60b34bd11b5f8c2e9a825,1,48000,0.8394,UnityPy AudioClip.samples,exported,
sfx,SE_M14676_k,SE_M14676_k.wav,LocalData/93217544/0000/39/39eebe6d,-5771915477612569926,164,sfx/SE_M14676_k__2676dcce_-5771915477612569926.wav,1161384,bba5822c5991af099fe9b5776142da6b775b2b5b49314dddf3bdb7b6e630a747,2,48000,6.0486,UnityPy AudioClip.samples,exported,
sfx,SE_M04054_f_lp02,SE_M04054_f_lp02.wav,LocalData/93217544/0000/39/39f012d7,2919970933485069138,168,sfx/SE_M04054_f_lp02__a055570e_2919970933485069138.wav,312124,66d3370ae8f9db45d491e6d84c04390c00c6de055c5ab54f4c8e07622e9e0ffc,2,48000,1.6254,UnityPy AudioClip.samples,exported,
sfx,SE_FIELD_MAT043_PHASE4_R,SE_FIELD_MAT043_PHASE4_R.wav,LocalData/93217544/0000/39/39f86b14,4433872830317443353,176,sfx/SE_FIELD_MAT043_PHASE4_R__fa435c20_4433872830317443353.wav,691156,f83df1aaeebac1a3066b089eb3bf8e36489e7e69d14e17011e878ed0517b2b11,2,48000,3.5995,UnityPy AudioClip.samples,exported,
sfx,SE_FIELD_MAT022_PHASE2_R,SE_FIELD_MAT022_PHASE2_R.wav,LocalData/93217544/0000/3a/3a02b6db,1377733439855900914,176,sfx/SE_FIELD_MAT022_PHASE2_R__545d7a8a_1377733439855900914.wav,482880,66963cf1f4f8344425b88d0135af274b3b60a98361e4777cc96513c2873e27c8,2,48000,2.5148,UnityPy AudioClip.samples,exported,
sfx,SE_FIELD_MAT040_PHASE1_P,SE_FIELD_MAT040_PHASE1_P.wav,LocalData/93217544/0000/3a/3a0a73d0,-656827039110174001,176,sfx/SE_FIELD_MAT040_PHASE1_P__9a4eb8e9_-656827039110174001.wav,569024,f91af059f773add8ebc3e26121f4cb58d4316fe4cb747c9fd0e86138ac9b6129,2,48000,2.9634,UnityPy AudioClip.samples,exported,
sfx,SE_SOLO_KIRAKIRA_01,SE_SOLO_KIRAKIRA_01.wav,LocalData/93217544/0000/3a/3a2964e6,3397320271609741289,172,sfx/SE_SOLO_KIRAKIRA_01__a69820f3_3397320271609741289.wav,1146260,f6b38c375a08d1d0b4a2df14a14ddf173e7d14d609d17993a6230ca3bfb55119,2,44100,6.4978,UnityPy AudioClip.samples,exported,
music,BGM_DUEL_F04_PHASE_B,BGM_DUEL_F04_PHASE_B.wav,LocalData/93217544/0000/3a/3a518300,-3667984143615781595,172,music/BGM_DUEL_F04_PHASE_B__8b459d68_-3667984143615781595.wav,29405228,7efdc374db6861aff7844ff8832809440eb6ebc07c95cfa4d1ae6536fce6214e,2,48000,153.1520,UnityPy AudioClip.samples,exported,
sfx,SE_FIELD_MAT020_PHASE4_R,SE_FIELD_MAT020_PHASE4_R.wav,LocalData/93217544/0000/3a/3a7a1a54,-2060337226360348146,176,sfx/SE_FIELD_MAT020_PHASE4_R__50419c7a_-2060337226360348146.wav,665252,3c0c3be7b05483a00130f2eeb1a7241834a1b7524e4a79e06dd965f6c31b0dc5,2,48000,3.4646,UnityPy AudioClip.samples,exported,
sfx,SE_M08263_h,SE_M08263_h.wav,LocalData/93217544/0000/3a/3aa52756,6696624395313908663,164,sfx/SE_M08263_h__99077073_6696624395313908663.wav,388964,18745b236902acb14a4f2fd66bf8ef0e741f30702e522d78ba3015fca815ec60,2,48000,2.0256,UnityPy AudioClip.samples,exported,
sfx,SE_FIELD_MAT040_TAP,SE_FIELD_MAT040_TAP.wav,LocalData/93217544/0000/3a/3ae4f108,6304299454838967756,172,sfx/SE_FIELD_MAT040_TAP__b2d87720_6304299454838967756.wav,1218328,530e65209eb239aba61bbc65d18bf64b63d719ab44ba7c61ca93685e4ab895d9,2,48000,6.3452,UnityPy AudioClip.samples,exported,
sfx,SE_M17443_d1,SE_M17443_d1.wav,LocalData/93217544/0000/3b/3b203157,-5825072137734761416,164,sfx/SE_M17443_d1__93cb9087_-5825072137734761416.wav,398780,42e4c6c9fec8912b10f26e2d40bf12337982b3485d79608880a216e372df72b3,2,48000,2.0768,UnityPy AudioClip.samples,exported,
sfx,SE_M13636_d,SE_M13636_d.wav,LocalData/93217544/0000/3b/3b360413,-5031402859811660181,164,sfx/SE_M13636_d__ba724d4b_-5031402859811660181.wav,694132,4f444bc7cfb74087ad5b7bace0ffecf88eaefb47f0935ad247b382b9588aef13,2,48000,3.6150,UnityPy AudioClip.samples,exported,
sfx,SE_M04064_d,SE_M04064_d.wav,LocalData/93217544/0000/3b/3b5eeee3,-2566021007596371480,164,sfx/SE_M04064_d__74cef9a6_-2566021007596371480.wav,315644,f4a2ab2286c7b9583cc6194c93bf80640071bf9bab920d534b5ad0b64679b3d1,2,48000,1.6438,UnityPy AudioClip.samples,exported,
sfx,SE_FIELD_MAT021_PHASE4_P,SE_FIELD_MAT021_PHASE4_P.wav,LocalData/93217544/0000/3b/3bb61046,-8064708479553512462,176,sfx/SE_FIELD_MAT021_PHASE4_P__9192df24_-8064708479553512462.wav,906340,c1816f9f7558e4956b23b513faa24c6107e347eb5235ee3c86acc23084008750,2,48000,4.7203,UnityPy AudioClip.samples,exported,
sfx,SE_M13208_d1,SE_M13208_d1.wav,LocalData/93217544/0000/3b/3bb7d798,3514499474996446148,164,sfx/SE_M13208_d1__0721ff77_3514499474996446148.wav,316264,582b4ce819a89f613d0280c128258214c3b3303e4c4dfefdf79a660b60f97610,2,48000,1.6470,UnityPy AudioClip.samples,exported,
sfx,SE_FIELD_MAT022_PHASE3_R,SE_FIELD_MAT022_PHASE3_R.wav,LocalData/93217544/0000/3b/3bc0dcec,-1894066504676785416,176,sfx/SE_FIELD_MAT022_PHASE3_R__9b2c10aa_-1894066504676785416.wav,556552,e7fd67a0733ca6571f416d94e8c7e1a0dbd236bd55ca3144de384b8142033ecd,2,48000,2.8985,UnityPy AudioClip.samples,exported,
sfx,SE_FIELD_MAT041_PHASE1_R,SE_FIELD_MAT041_PHASE1_R.wav,LocalData/93217544/0000/3b/3bc679c2,-8580103680546077110,176,sfx/SE_FIELD_MAT041_PHASE1_R__61d55805_-8580103680546077110.wav,628524,9384b6358b2323bf50cda4d4efb8afc83f2282c5a0f12d477c22d1f3d6e0484d,2,48000,3.2733,UnityPy AudioClip.samples,exported,
sfx,SE_SOLO_GATE078_C_MOVE_04,SE_SOLO_GATE078_C_MOVE_04.wav,LocalData/93217544/0000/3b/3bde72a5,4683611602919223882,180,sfx/SE_SOLO_GATE078_C_MOVE_04__bca22dbd_4683611602919223882.wav,227136,a41cfbf01854139d354f9114d989f88b92df47a8f34327d653b928f0aa2bcc76,2,48000,1.1828,UnityPy AudioClip.samples,exported,
music,BGM_SOLO_38,BGM_SOLO_38.wav,LocalData/93217544/0000/3b/3beba8ca,-2402826328539581783,164,music/BGM_SOLO_38__4bf26d05_-2402826328539581783.wav,20918316,39e8a9c0e40922c5eef225155075884506184452db716fb1ff0c552d4e8437e6,2,48000,108.9493,UnityPy AudioClip.samples,exported,
sfx,SE_LOT_PRIZE_SP_01,SE_LOT_PRIZE_SP_01.wav,LocalData/93217544/0000/3b/3bff511a,5888529545796199074,172,sfx/SE_LOT_PRIZE_SP_01__ada5aa5e_5888529545796199074.wav,266260,2cb3ddee2b14ff104cf0435a422537eead1da6b966a75ad90fedcbb8ca77ff2d,2,48000,1.3865,UnityPy AudioClip.samples,exported,
sfx,SE_EV_MUSICALSUMO_DICE,SE_EV_MUSICALSUMO_DICE.wav,LocalData/93217544/0000/3c/3c6a6d22,-1639162939041626946,176,sfx/SE_EV_MUSICALSUMO_DICE__704debc2_-1639162939041626946.wav,1377168,368c9567445f0b5ab96a312d08e609f9c68d72fe288ce8b92d8c2f97f037fb57,2,48000,7.1725,UnityPy AudioClip.samples,exported,
sfx,SE_M13060_d1,SE_M13060_d1.wav,LocalData/93217544/0000/3c/3c8babdc,2816339748318719492,164,sfx/SE_M13060_d1__b113ca0a_2816339748318719492.wav,606448,1a6779d383e4d86c542c76d551dfb8570816ed0b797fc6f8e06fdb8c0ed57875,2,48000,3.1584,UnityPy AudioClip.samples,exported,
sfx,SE_PACK_CARD_MOVE_03,SE_PACK_CARD_MOVE_03.wav,LocalData/93217544/0000/3c/3c9ba4f2,99900672548988747,172,sfx/SE_PACK_CARD_MOVE_03__20a82ef7_99900672548988747.wav,64164,ccb85bf918e10aae6309f3824ca4b82a93889c39ed065cc8ebfab9ae62ee8461,2,48000,0.3340,UnityPy AudioClip.samples,exported,
sfx,SE_FIELD_MAT020_PHASE1_R,SE_FIELD_MAT020_PHASE1_R.wav,LocalData/93217544/0000/3c/3cb1d8bf,-1326243067579772409,176,sfx/SE_FIELD_MAT020_PHASE1_R__c532e8cf_-1326243067579772409.wav,636468,c61e6a425b576f9c6aac649c8535bcd35ad1e2a6f75c0b4e6cb7dea580c5c11f,2,48000,3.3147,UnityPy AudioClip.samples,exported,
sfx,SE_FIELD_MAT043_PHASE3_R,SE_FIELD_MAT043_PHASE3_R.wav,LocalData/93217544/0000/3c/3cb77d91,1733191773067040570,176,sfx/SE_FIELD_MAT043_PHASE3_R__1ec17c3d_1733191773067040570.wav,596664,bac91dac31c80beba4711955401f6ac38c4db5da7bfb962332108806375d14a1,2,48000,3.1074,UnityPy AudioClip.samples,exported,
sfx,SE_FIELD_MAT042_PHASE2_P,SE_FIELD_MAT042_PHASE2_P.wav,LocalData/93217544/0000/3c/3cb91db4,3001375108523857776,176,sfx/SE_FIELD_MAT042_PHASE2_P__7981025a_3001375108523857776.wav,1217396,0d64fa29e9099463f9d1014e6e632e5d1743d3ae4f4798671b8c80973586be19,2,48000,6.3404,UnityPy AudioClip.samples,exported,
sfx,SE_FIELD_MAT040_PHASE4_P,SE_FIELD_MAT040_PHASE4_P.wav,LocalData/93217544/0000/3c/3cc1b13b,5595186865687376879,176,sfx/SE_FIELD_MAT040_PHASE4_P__6f519043_5595186865687376879.wav,1052156,ede49700c32f9439f339575b5b30cc3908c81a11c05375751f20f1b29a5d68ed,2,48000,5.4798,UnityPy AudioClip.samples,exported,
sfx,SE_M14759_h,SE_M14759_h.wav,LocalData/93217544/0000/3c/3cd249d1,2734054373221221162,164,sfx/SE_M14759_h__8051afcb_2734054373221221162.wav,874640,d74158a6071d75bad2f3c18f3210309d1efc02e0be04753a27890fd324be1ed0,2,48000,4.5552,UnityPy AudioClip.samples,exported,
sfx,SE_FIELD_MAT041_PHASE4_R,SE_FIELD_MAT041_PHASE4_R.wav,LocalData/93217544/0000/3d/3d0dbb29,-4142779803103802619,176,sfx/SE_FIELD_MAT041_PHASE4_R__46a03bb5_-4142779803103802619.wav,1310380,8428e5878960bb26a3c5a62a0fd496eb643d870d0174ffd6c6a7a0f29776e734,2,48000,6.8247,UnityPy AudioClip.samples,exported,
sfx,SE_CF_CARDIN_C,SE_CF_CARDIN_C.wav,LocalData/93217544/0000/3d/3d1e9776,6139772652404070633,168,sfx/SE_CF_CARDIN_C__5d18c746_6139772652404070633.wav,91456,c106307b8a5e242a2d51888def3b93d492daf14635c01b98126c164c8e4f9d57,2,48000,0.4761,UnityPy AudioClip.samples,exported,
sfx,SE_M05431_h,SE_M05431_h.wav,LocalData/93217544/0000/3d/3d21e574,-163825271774601720,164,sfx/SE_M05431_h__925d9d50_-163825271774601720.wav,271828,1530c02bf6246be0bcde7eb0d5a69c553aabeff44c91f37efd547840254621b6,2,48000,1.4155,UnityPy AudioClip.samples,exported,
sfx,SE_DR_RAREUP,SE_DR_RAREUP.wav,LocalData/93217544/0000/3d/3d24ca55,2263713288589471466,164,sfx/SE_DR_RAREUP__66212fc7_2263713288589471466.wav,233516,663c438a3d75853e6f4690406f87c16cac4dda34fb4d678bcd9bf9d80dd4b12c,2,48000,1.2160,UnityPy AudioClip.samples,exported,
voice,V_GATE078_01_00_00_08,V_GATE078_01_00_00_08.wav,LocalData/93217544/0000/3d/3d28eb97,-531895718174833410,176,voice/V_GATE078_01_00_00_08__9d9dfaa8_-531895718174833410.wav,580364,05fc3093c3fae3eeb2abcf460d7c6014c009181a22f477e553f7ad13bab8b359,1,48000,6.0450,UnityPy AudioClip.samples,exported,
sfx,SE_SOLO_GATE078_C_SEARCH_02,SE_SOLO_GATE078_C_SEARCH_02.wav,LocalData/93217544/0000/3d/3d42d597,2682340741428245486,180,sfx/SE_SOLO_GATE078_C_SEARCH_02__6ec8badd_2682340741428245486.wav,28344,80706e575b7b6a581837f8eedebed6d92307aee7e6e22a624d11bb8848025140,2,48000,0.1474,UnityPy AudioClip.samples,exported,
sfx,SE_M04844_f_lp02,SE_M04844_f_lp02.wav,LocalData/93217544/0000/3d/3d5c4660,8205183620931719588,168,sfx/SE_M04844_f_lp02__19172954_8205183620931719588.wav,411772,c9f688df9b0e57a26cb91440eaf691c183e274c8bb9cd5d7ddd3929090e190d8,2,48000,2.1444,UnityPy AudioClip.samples,exported,
sfx,SE_FIELD_MAT043_PHASE2_R,SE_FIELD_MAT043_PHASE2_R.wav,LocalData/93217544/0000/3d/3d7517a6,-1541807098691295584,176,sfx/SE_FIELD_MAT043_PHASE2_R__f04fbfd0_-1541807098691295584.wav,649192,a3927aacce1aea62ea08109645bd3d6115758792bc35fbb187abba006a151e92,2,48000,3.3810,UnityPy AudioClip.samples,exported,
sfx,SE_FIELD_MAT042_PHASE3_P,SE_FIELD_MAT042_PHASE3_P.wav,LocalData/93217544/0000/3d/3d7b7783,6827030748774220167,176,sfx/SE_FIELD_MAT042_PHASE3_P__4acc0d35_6827030748774220167.wav,1483536,a496f0722b1b5cd975dde5c620eb95e21cfe4d0b0c76064fb519ca3ac8074b01,2,48000,7.7265,UnityPy AudioClip.samples,exported,
sfx,SE_FIELD_MAT021_PHASE1_P,SE_FIELD_MAT021_PHASE1_P.wav,LocalData/93217544/0000/3d/3d7dd2ad,7077141080804168805,176,sfx/SE_FIELD_MAT021_PHASE1_P__2387fff6_7077141080804168805.wav,613128,b6d3e9f0abd59fef941180cdc4a414fc81478482e487a997da50fa4b95eeef9c,2,48000,3.1931,UnityPy AudioClip.samples,exported,
sfx,SE_FIELD_MAT020_TAP_R,SE_FIELD_MAT020_TAP_R.wav,LocalData/93217544/0000/3d/3d93185d,8826293680109730614,176,sfx/SE_FIELD_MAT020_TAP_R__2b2450b2_8826293680109730614.wav,1177784,4a5f67ce4e77f475ad82dec90dd5d72e240c632026b3d871dbd0f6bcc6f9bb0a,2,48000,6.1341,UnityPy AudioClip.samples,exported,
sfx,SE_SOLO_GATE078_N_FOOT_01,SE_SOLO_GATE078_N_FOOT_01.wav,LocalData/93217544/0000/3d/3da9f08e,-4996832245444323371,180,sfx/SE_SOLO_GATE078_N_FOOT_01__7c8b9934_-4996832245444323371.wav,45036,14ecba6df15d948705e70010520a1ec25656fe9ad850730a506c70ffe8de1124,2,48000,0.2343,UnityPy AudioClip.samples,exported,
sfx,SE_M14240_e,SE_M14240_e.wav,LocalData/93217544/0000/3d/3deee6f6,3625246318946513067,164,sfx/SE_M14240_e__cf58027f_3625246318946513067.wav,541740,e2f294fb411319b2e29d24fdf0b505f0f523d8ba0f10b71ce061a643a251ad4e,2,48000,2.8213,UnityPy AudioClip.samples,exported,
sfx,SE_M15726_h1,SE_M15726_h1.wav,LocalData/93217544/0000/3e/3e00184e,-1473251234526804518,164,sfx/SE_M15726_h1__0d39736c_-1473251234526804518.wav,698388,317e1525726791143ec2f42e000478e1b81accfd792755d20b0968e1606a5f5d,2,48000,3.6372,UnityPy AudioClip.samples,exported,
sfx,SE_SOLO_3S_FLY_2,SE_SOLO_3S_FLY_2.wav,LocalData/93217544/0000/3e/3e3abf6c,-3823267565998093570,168,sfx/SE_SOLO_3S_FLY_2__5665edf9_-3823267565998093570.wav,542656,439a2d6b56f725a9e8c73d38f2a13af62afa0efdb8440e3342641e9a8e09474b,2,48000,2.8261,UnityPy AudioClip.samples,exported,
sfx,SE_FIELD_MAT047_TAP_R,SE_FIELD_MAT047_TAP_R.wav,LocalData/93217544/0000/3e/3e5b2f54,9055431741040556300,176,sfx/SE_FIELD_MAT047_TAP_R__8e19a77d_9055431741040556300.wav,1463568,dad34b1a526fcd142fef2d97b4fb24bb82d011ccf35148582705a919a00e9219,2,48000,7.6225,UnityPy AudioClip.samples,exported,
sfx,SE_FIELD_MAT022_PHASE4_R,SE_FIELD_MAT022_PHASE4_R.wav,LocalData/93217544/0000/3e/3e8fca69,2075862560817310704,176,sfx/SE_FIELD_MAT022_PHASE4_R__9cc0044b_2075862560817310704.wav,650304,04089c23ec38a6f669a102342da4a5ff009b05a0b12abecef7635aaea1d75321,2,48000,3.3868,UnityPy AudioClip.samples,exported,
music,BGM_DUEL_CLIMAX_13,BGM_DUEL_CLIMAX_13.wav,LocalData/93217544/0000/3e/3ea723ac,-1266090451052050052,172,music/BGM_DUEL_CLIMAX_13__7feb3110_-1266090451052050052.wav,22053916,52418af16c54dfe37f832a67ae3e7d70287b6166e7345a6dc5207c7ef8d9d621,2,48000,114.8639,UnityPy AudioClip.samples,exported,
sfx,SE_M09647_c,SE_M09647_c.wav,LocalData/93217544/0000/3e/3eabebec,511086929260447163,164,sfx/SE_M09647_c__812e3776_511086929260447163.wav,428028,69d0999a5121993845513f8963de1033e7cdb5c8479b47abd9cda8b90c499b7b,2,48000,2.2291,UnityPy AudioClip.samples,exported,
sfx,SE_PACKOPEN_KAMINARI_02,SE_PACKOPEN_KAMINARI_02.wav,LocalData/93217544/0000/3e/3eb05e2d,7744824898974507820,176,sfx/SE_PACKOPEN_KAMINARI_02__7a7aec3b_7744824898974507820.wav,412848,8032ffc2d8b427dfb305cb88050e0374a02c3f5ea65718efbf54461531706528,2,48000,2.1500,UnityPy AudioClip.samples,exported,
sfx,SE_FIELD_MAT016_TAP_P,SE_FIELD_MAT016_TAP_P.wav,LocalData/93217544/0000/3e/3ec24ba8,-85942725238404330,176,sfx/SE_FIELD_MAT016_TAP_P__fcb1a5b4_-85942725238404330.wav,1284524,2a65729e2edffd0997333f8f0e9d5eeb23a2d891f85f855f78e2fe45f6d50c76,2,48000,6.6900,UnityPy AudioClip.samples,exported,
sfx,SE_LOT_PRIZE_SILVER_01,SE_LOT_PRIZE_SILVER_01.wav,LocalData/93217544/0000/3e/3ef0a640,-3737082454181099001,176,sfx/SE_LOT_PRIZE_SILVER_01__5ae4c372_-3737082454181099001.wav,266260,6792adacb9cb18806c2391a21b5755e313c68e2256bd5ac8649b6ba10cc9fa43,2,48000,1.3865,UnityPy AudioClip.samples,exported,
sfx,SE_FIELD_MAT020_PHASE2_R,SE_FIELD_MAT020_PHASE2_R.wav,LocalData/93217544/0000/3e/3ef766e6,6573735240104931121,176,sfx/SE_FIELD_MAT020_PHASE2_R__1d9499e0_6573735240104931121.wav,674064,3fdcc8f5af9fc8399a572c524ba1500dc0c7cc8d95b5e8cb3b073112b5002cf2,2,48000,3.5105,UnityPy AudioClip.samples,exported,
sfx,SE_FIELD_MAT021_PHASE3_P,SE_FIELD_MAT021_PHASE3_P.wav,LocalData/93217544/0000/3e/3ef906c3,3899124500909197101,176,sfx/SE_FIELD_MAT021_PHASE3_P__9185b315_3899124500909197101.wav,545784,a9e91288e68ca0c488b6f2ad63f97c30fdd462da7e43c7b359314e2168756b16,2,48000,2.8424,UnityPy AudioClip.samples,exported,
sfx,SE_FIELD_MAT042_PHASE1_P,SE_FIELD_MAT042_PHASE1_P.wav,LocalData/93217544/0000/3e/3effa3ed,-3877747371952010861,176,sfx/SE_FIELD_MAT042_PHASE1_P__b620565a_-3877747371952010861.wav,1195252,4a210cc66ca1232135762d0ad06c9d6a30be83cd5c01b0375b4a647cb7a81f2e,2,48000,6.2250,UnityPy AudioClip.samples,exported,
sfx,SE_SOLO_EFFECT_08,SE_SOLO_EFFECT_08.wav,LocalData/93217544/0000/3f/3f0643f2,-686669143075725245,172,sfx/SE_SOLO_EFFECT_08__f081acbd_-686669143075725245.wav,1143696,ef6aaab3d54f6db3b57e8e7bb1c5148957d118e52cb98a51a724d9decb69f022,2,48000,5.9565,UnityPy AudioClip.samples,exported,
sfx,SE_FIELD_MAT043_PHASE1_R,SE_FIELD_MAT043_PHASE1_R.wav,LocalData/93217544/0000/3f/3f33a9ff,2906375696463304464,176,sfx/SE_FIELD_MAT043_PHASE1_R__6de418a5_2906375696463304464.wav,576288,9f959f9786a395171eb4c1d87c046130d42e1c6108255cee0458fe4f96112bf5,2,48000,3.0013,UnityPy AudioClip.samples,exported,
sfx,SE_FIELD_MAT020_PHASE3_R,SE_FIELD_MAT020_PHASE3_R.wav,LocalData/93217544/0000/3f/3f350cd1,2204769611285706958,176,sfx/SE_FIELD_MAT020_PHASE3_R__e24ecf82_2204769611285706958.wav,654224,c2aebc753a107dde3494db1701aba345d2bea5eb383d4a11b251b7e935d6a47d,2,48000,3.4072,UnityPy AudioClip.samples,exported,
sfx,SE_FIELD_MAT021_PHASE2_P,SE_FIELD_MAT021_PHASE2_P.wav,LocalData/93217544/0000/3f/3f3b6cf4,-2816044184767430427,176,sfx/SE_FIELD_MAT021_PHASE2_P__b03ef423_-2816044184767430427.wav,526044,5ef271fc5adade5667118041e0a6e1ca336d1d7753594d5db43438e91f9e02ea,2,48000,2.7396,UnityPy AudioClip.samples,exported,
sfx,SE_M04844_c,SE_M04844_c.wav,LocalData/93217544/0000/3f/3f43f80a,-2418583992529755585,164,sfx/SE_M04844_c__d1714289_-2418583992529755585.wav,793016,08bb19eb520348ac813aa147d0f11b7f60012bdf0069c3251d191f1974701e43,2,48000,4.1301,UnityPy AudioClip.samples,exported,
sfx,SE_M05432_h,SE_M05432_h.wav,LocalData/93217544/0000/3f/3f675b2d,7655635987451082083,164,sfx/SE_M05432_h__3ca69273_7655635987451082083.wav,271828,1b8b1fa2898d25892f9bd62aaa364cb5ca178ccb657e81c7a45c0e8c5f6e8139,2,48000,1.4155,UnityPy AudioClip.samples,exported,
sfx,SE_M20215_f,SE_M20215_f.wav,LocalData/93217544/0000/3f/3f8bdd1e,379884900890524493,164,sfx/SE_M20215_f__9e533e41_379884900890524493.wav,606772,5b2a375fcd754f5c6ed9e0a1ba129027153d0c00366f840d1c53a616b0ae54c3,2,48000,3.1600,UnityPy AudioClip.samples,exported,
sfx,SE_M17443_i,SE_M17443_i.wav,LocalData/93217544/0000/3f/3fca938a,-6520411226422879669,164,sfx/SE_M17443_i__2bff7d0f_-6520411226422879669.wav,986024,74e9bba972d0191a9ffb5761b9d5e3c5ff42d9a356aca6937a6e5b2efad90386,2,48000,5.1353,UnityPy AudioClip.samples,exported,
sfx,SE_SOLO_GATE078_C_MOVE_SP,SE_SOLO_GATE078_C_MOVE_SP.wav,LocalData/93217544/0000/3f/3fd1ef80,6655818091493229973,180,sfx/SE_SOLO_GATE078_C_MOVE_SP__510b4ee5_6655818091493229973.wav,185728,d78e1069a460c3d5502000cf73adaadf7fb70ae4b85171a8486878f9af63230d,2,48000,0.9671,UnityPy AudioClip.samples,exported,
sfx,SE_EV_EXODIA,SE_EV_EXODIA.wav,LocalData/93217544/0000/3f/3fe94902,6880574276930596370,164,sfx/SE_EV_EXODIA__c5aaf29d_6880574276930596370.wav,2246692,c9cc2cb6b241691e7a850d53f707400b8b8ef280e6fa89729b511c657cd37099,2,48000,11.7013,UnityPy AudioClip.samples,exported,
voice,V_GATE078_03_00_00_01,V_GATE078_03_00_00_01.wav,LocalData/93217544/0000/40/4001830e,-7187783597214363339,176,voice/V_GATE078_03_00_00_01__f6099368_-7187783597214363339.wav,610580,638739324b39cdad9f123a568996300ce655a0d3a642db09d6cc601614dfd0ef,1,48000,6.3598,UnityPy AudioClip.samples,exported,
music,BGM_MD_TEST_QUIZ,BGM_MD_TEST_QUIZ.wav,LocalData/93217544/0000/40/40228712,7100131908905784069,168,music/BGM_MD_TEST_QUIZ__d849a9fb_7100131908905784069.wav,10752044,abbeff3470ee3c88af41e8ca6c7fb1e3194ca408a5589cf25cc813aec3fd40e0,2,48000,56.0000,UnityPy AudioClip.samples,exported,
sfx,SE_FIELD_MAT042_TAP,SE_FIELD_MAT042_TAP.wav,LocalData/93217544/0000/40/4024a268,3118213338471741504,172,sfx/SE_FIELD_MAT042_TAP__c889d497_3118213338471741504.wav,1363312,46ddca6010cb2eb6253897d6391f484ea106c0f2834cb5dd7e8b603db51ad296,2,48000,7.1004,UnityPy AudioClip.samples,exported,
sfx,SE_M14672_f,SE_M14672_f.wav,LocalData/93217544/0000/40/40566a0c,-4399965130882423024,164,sfx/SE_M14672_f__6f1e08a8_-4399965130882423024.wav,1540700,126c6cffa19729cda45e68392af574d4ab0ea19ac5de1289be02e39d53926494,2,48000,8.0243,UnityPy AudioClip.samples,exported,
sfx,SE_M19148_h1,SE_M19148_h1.wav,LocalData/93217544/0000/40/406613b4,3191077065308311285,164,sfx/SE_M19148_h1__69553b3b_3191077065308311285.wav,238024,b78d48023afe5dd1d670682e76ed4e7623208cbb5b0ada82d1d738496679407a,2,48000,1.2395,UnityPy AudioClip.samples,exported,
sfx,SE_SOLO_EXS_01,SE_SOLO_EXS_01.wav,LocalData/93217544/0000/40/406ab9dc,-775218630060372300,168,sfx/SE_SOLO_EXS_01__d24497cf_-775218630060372300.wav,864500,81bd4247991f9aaf09f0a7765eb89977b47f84b203e0df974f70b1ee621a90ba,2,48000,4.5024,UnityPy AudioClip.samples,exported,
sfx,SE_FIELD_MAT016_PHASE4_P,SE_FIELD_MAT016_PHASE4_P.wav,LocalData/93217544/0000/40/40886d3e,-2696696942357301212,176,sfx/SE_FIELD_MAT016_PHASE4_P__22e43e5c_-2696696942357301212.wav,365912,ca1640e9e8a91dedc103a3376e4daf2c9036a07f6e9f18f2071a4ebac01b982e,2,48000,1.9056,UnityPy AudioClip.samples,exported,
sfx,SE_FIELD_MAT013_OP_01,SE_FIELD_MAT013_OP_01.wav,LocalData/93217544/0000/40/40e393fd,5290533775778153223,176,sfx/SE_FIELD_MAT013_OP_01__f47fdbb5_5290533775778153223.wav,2121012,74390db9b6d8fbf8c8e130f471fa3eee157b6ca4c1683d0632b16d4d83570b6d,2,48000,11.0467,UnityPy AudioClip.samples,exported,
sfx,SE_M09441_c,SE_M09441_c.wav,LocalData/93217544/0000/40/40e6c43e,-4555098802758889894,164,sfx/SE_M09441_c__2afa494e_-4555098802758889894.wav,656376,f537dc8c9fb048429bebe07b2c603f75178447286a3baec9b4dc9fcf24a9fb7f,2,48000,3.4184,UnityPy AudioClip.samples,exported,
sfx,SE_SOLO_NOISE_2,SE_SOLO_NOISE_2.wav,LocalData/93217544/0000/40/40e6f09b,-3504203213108478911,168,sfx/SE_SOLO_NOISE_2__06dc9c8f_-3504203213108478911.wav,377616,0a33c0715e4beae343018cbd28a9c602108be7584edaf1861ec5a13ab4786a99,2,48000,1.9665,UnityPy AudioClip.samples,exported,
sfx,SE_FIELD_MAT014_PHASE2_P,SE_FIELD_MAT014_PHASE2_P.wav,LocalData/93217544/0000/40/40f0c1b1,5812972868804139369,176,sfx/SE_FIELD_MAT014_PHASE2_P__fb2e91f2_5812972868804139369.wav,507192,ba3cf3c03629db33be54c842e27e85f65a57d3a69e61e412adb9bfd59b044497,2,48000,2.6414,UnityPy AudioClip.samples,exported,
sfx,SE_FIELD_MAT015_PHASE3_R,SE_FIELD_MAT015_PHASE3_R.wav,LocalData/93217544/0000/40/40fea194,7314698094353603364,176,sfx/SE_FIELD_MAT015_PHASE3_R__6fcd6566_7314698094353603364.wav,672044,74e9117be0314cb1be3f0e3dc9ea96a6b807b5e765380ace5d5f420dc40567c8,2,48000,3.5000,UnityPy AudioClip.samples,exported,
sfx,SE_FIELD_MAT014_PHASE3_P,SE_FIELD_MAT014_PHASE3_P.wav,LocalData/93217544/0000/41/4132ab86,4573845908861976535,176,sfx/SE_FIELD_MAT014_PHASE3_P__0d8a9b97_4573845908861976535.wav,661100,1df14dc4a3556b69100fe1eb6623d9c97ed17f4cbdcd7b011836431ac8bdda15,2,48000,3.4430,UnityPy AudioClip.samples,exported,
sfx,SE_FIELD_MAT015_PHASE2_R,SE_FIELD_MAT015_PHASE2_R.wav,LocalData/93217544/0000/41/413ccba3,-5899237076271031761,176,sfx/SE_FIELD_MAT015_PHASE2_R__b015e558_-5899237076271031761.wav,633580,4ebb40815f89eace4b5d80f894470ff2a020ea335f961a06ba919f47e348f93c,2,48000,3.2997,UnityPy AudioClip.samples,exported,
sfx,SE_FIELD_MAT017_PHASE4_R,SE_FIELD_MAT017_PHASE4_R.wav,LocalData/93217544/0000/41/4144672c,-4600503841374510244,176,sfx/SE_FIELD_MAT017_PHASE4_R__466b0415_-4600503841374510244.wav,690480,e744e7d4aaff4413058c60475af9cf125a8f756a340319dc923d7e0fe4bda3ba,2,48000,3.5960,UnityPy AudioClip.samples,exported,
sfx,SE_PACK_UPGRAD_02,SE_PACK_UPGRAD_02.wav,LocalData/93217544/0000/41/416e85eb,3069075418833992623,172,sfx/SE_PACK_UPGRAD_02__7704b84c_3069075418833992623.wav,1207728,106e91eed8c48a265a1bcc45c58be5ba7d1f90f31b0961c1e927bb2523e3c8ad,2,48000,6.2900,UnityPy AudioClip.samples,exported,
sfx,SE_M17443_d,SE_M17443_d.wav,LocalData/93217544/0000/41/417bef37,-1210470765738126888,164,sfx/SE_M17443_d__15b1866a_-1210470765738126888.wav,381272,8838f83763cb785dd343eb001bb3bd922f55513359ad65b9ee44eb9f673ad06d,2,48000,1.9856,UnityPy AudioClip.samples,exported,
sfx,SE_SOLO_EFFECT_05,SE_SOLO_EFFECT_05.wav,LocalData/93217544/0000/41/41b73f4f,-7629073877703809082,172,sfx/SE_SOLO_EFFECT_05__4e6c0b7c_-7629073877703809082.wav,953836,523c28415aabf89c320989484b3b6b49a28fc19ba57a2b66be982d5466f80ab4,2,48000,4.9677,UnityPy AudioClip.samples,exported,
voice,V_GATE078_02_00_00_03,V_GATE078_02_00_00_03.wav,LocalData/93217544/0000/41/41cd891c,-6696503262384853433,176,voice/V_GATE078_02_00_00_03__c197e38b_-6696503262384853433.wav,150252,67fb17936abec203f29ee516b985838905524815a2fee76811d01a904388ed57,1,48000,1.5647,UnityPy AudioClip.samples,exported,
sfx,SE_M05432_e,SE_M05432_e.wav,LocalData/93217544/0000/41/41d62790,-9023784301787258670,164,sfx/SE_M05432_e__97c708e1_-9023784301787258670.wav,1246204,4f936fc4fa1d2c780b7073961ab8e77e8dd5cc976483caab916ad2e0591b79b4,2,48000,6.4904,UnityPy AudioClip.samples,exported,
sfx,SE_SOLO_RAINCUTE_LOOP,SE_SOLO_RAINCUTE_LOOP.wav,LocalData/93217544/0000/41/41e1b223,9176593492371262020,176,sfx/SE_SOLO_RAINCUTE_LOOP__86e073e0_9176593492371262020.wav,2497256,e9b17106cac68f21fc8548855a647545165360813705924fe52d1ed426dc507a,2,44100,14.1565,UnityPy AudioClip.samples,exported,
sfx,SE_M09903_h1,SE_M09903_h1.wav,LocalData/93217544/0000/42/421eb086,3546115277878659599,164,sfx/SE_M09903_h1__ecded017_3546115277878659599.wav,764648,0ab08d07e21f65060c9b29ce27b645e94efde3c5d9db5d3bafe0f90af21cd3f7,2,48000,3.9823,UnityPy AudioClip.samples,exported,
music,BGM_SOLO_31,BGM_SOLO_31.wav,LocalData/93217544/0000/42/4237106e,3856988600600431485,164,music/BGM_SOLO_31__2c384e15_3856988600600431485.wav,10722304,4b0c86d877d5606b940747baca70ca678ceb50fecce38d2cae004e50ab146861,2,48000,55.8451,UnityPy AudioClip.samples,exported,
sfx,SE_SOLO_GATE078_WHOOSH,SE_SOLO_GATE078_WHOOSH.wav,LocalData/93217544/0000/42/425b191b,-139431067560724415,176,sfx/SE_SOLO_GATE078_WHOOSH__72efa397_-139431067560724415.wav,318864,a82c4f132c08e7fca56e43ea3cb984b10115b921dc55f53b7a614a0c14ff1f90,2,48000,1.6605,UnityPy AudioClip.samples,exported,
sfx,SE_M13896_h2,SE_M13896_h2.wav,LocalData/93217544/0000/42/425fff0a,-73477165880960782,164,sfx/SE_M13896_h2__c090b186_-73477165880960782.wav,552224,081e54a6df876179ff4078d47e66a769dec74118da1562f62310c54901d0ef0d,2,48000,2.8759,UnityPy AudioClip.samples,exported,
sfx,SE_M14759_e,SE_M14759_e.wav,LocalData/93217544/0000/42/4263356c,8991006515352095998,164,sfx/SE_M14759_e__7cb0680f_8991006515352095998.wav,548988,b5dbcc2e7df3f6e481b1b707f015ff05b71136fef304d143b0b9b996f79f1a57,2,48000,2.8591,UnityPy AudioClip.samples,exported,
sfx,SE_FIELD_MAT014_PHASE1_P,SE_FIELD_MAT014_PHASE1_P.wav,LocalData/93217544/0000/42/42b67fe8,-4161520266320740123,176,sfx/SE_FIELD_MAT014_PHASE1_P__2f63a35e_-4161520266320740123.wav,554668,d6a63e3aa9069fd8b7f1aec6bef9968afdd2d3b67d49f799569619a87d564d5f,2,48000,2.8887,UnityPy AudioClip.samples,exported,
sfx,SE_M03415_h1,SE_M03415_h1.wav,LocalData/93217544/0000/42/42fb8a7a,7751537441729369094,164,sfx/SE_M03415_h1__e915ad6b_7751537441729369094.wav,838444,6b6367e25a8d92d118b4935ba4f950f37f90a068106f993ee4e23287481b5301,2,48000,4.3667,UnityPy AudioClip.samples,exported,
sfx,SE_M20196_h1,SE_M20196_h1.wav,LocalData/93217544/0000/43/433ee206,-1672907152738152832,164,sfx/SE_M20196_h1__e546ee6b_-1672907152738152832.wav,806008,8ef49ee995f3a89f6898b3e65ce47f0c624d8631f0bfc24053471055b708b110,2,48000,4.1977,UnityPy AudioClip.samples,exported,
sfx,SE_M14240_h,SE_M14240_h.wav,LocalData/93217544/0000/43/435f9a4b,-7282789775192911453,164,sfx/SE_M14240_h__25e317d3_-7282789775192911453.wav,819140,5ccd00664003efa34fc142c456ae2e848287f51d91dd97b7d2041cb23e65dbe6,2,48000,4.2661,UnityPy AudioClip.samples,exported,
sfx,SE_FIELD_MAT015_PHASE1_R,SE_FIELD_MAT015_PHASE1_R.wav,LocalData/93217544/0000/43/437a75fa,6348604852303983237,176,sfx/SE_FIELD_MAT015_PHASE1_R__f9707b6e_6348604852303983237.wav,521644,e2f48472afd34c228d27d90f4770c47fb9fbd2831c35b14a48813c7885e8528c,2,48000,2.7167,UnityPy AudioClip.samples,exported,
sfx,SE_M05431_e,SE_M05431_e.wav,LocalData/93217544/0000/43/439099c9,-499678907992118697,164,sfx/SE_M05431_e__46076f7c_-499678907992118697.wav,1246204,4d5194fa1f605f530be4216bbb244c90cfdbc7d445f1d00f41ccda78d0093356,2,48000,6.4904,UnityPy AudioClip.samples,exported,
voice,V_GATE078_01_00_00_05,V_GATE078_01_00_00_05.wav,LocalData/93217544/0000/43/4399972a,438387211620532744,176,voice/V_GATE078_01_00_00_05__56f0d4ce_438387211620532744.wav,362924,d5fbcaef9ddeab88487ee484974d00c340230bb2d4e33edec75cbdec67f3cc93,1,48000,3.7800,UnityPy AudioClip.samples,exported,
sfx,SE_FIELD_MAT022_TAP_P,SE_FIELD_MAT022_TAP_P.wav,LocalData/93217544/0000/44/44026858,7226537102373395416,176,sfx/SE_FIELD_MAT022_TAP_P__fae93789_7226537102373395416.wav,630816,e49ae1ebaa8e3d1c8e42af33a3fc40d51f73d60956859cd65cfa117f8fbd05e7,2,48000,3.2853,UnityPy AudioClip.samples,exported,
sfx,SE_FIELD_MAT016_PHASE2_P,SE_FIELD_MAT016_PHASE2_P.wav,LocalData/93217544/0000/44/4405118c,-3577372424421694358,176,sfx/SE_FIELD_MAT016_PHASE2_P__d47d15fc_-3577372424421694358.wav,439424,e6aaa51b5c2d0922f28999731ed60798ab7df16d393eaeea88d004689459b409,2,48000,2.2884,UnityPy AudioClip.samples,exported,
sfx,SE_FIELD_MAT017_PHASE3_R,SE_FIELD_MAT017_PHASE3_R.wav,LocalData/93217544/0000/44/440b71a9,5584944492725839559,176,sfx/SE_FIELD_MAT017_PHASE3_R__9c4fd869_5584944492725839559.wav,498372,a1fca20701c46d40ffc2c0610e706dcc4d343ea2e800f1a78dcb401e8bf47529,2,48000,2.5955,UnityPy AudioClip.samples,exported,
sfx,SE_M08263_e,SE_M08263_e.wav,LocalData/93217544/0000/44/44145beb,9040835271074229834,164,sfx/SE_M08263_e__e1bb34e7_9040835271074229834.wav,385028,dae06f406f3d6b643302c57b19e894dd2ca022d9fca94d50db56389096d8cde8,2,48000,2.0051,UnityPy AudioClip.samples,exported,
sfx,SE_M13587_f,SE_M13587_f.wav,LocalData/93217544/0000/44/445bf2d9,-5720721774369966782,164,sfx/SE_M13587_f__440dd9c5_-5720721774369966782.wav,694124,18a947a0b8baf9ff61f7cdbeeec4549a1a7e69ed50f903c588aca3f7704fea9d,2,48000,3.6150,UnityPy AudioClip.samples,exported,
sfx,SE_FIELD_MAT014_PHASE4_P,SE_FIELD_MAT014_PHASE4_P.wav,LocalData/93217544/0000/44/447dbd03,-5238566083573327603,176,sfx/SE_FIELD_MAT014_PHASE4_P__970a8907_-5238566083573327603.wav,970284,37a695185d8682eedbd50e5a5b197ec78bde0cdc4c05834468c9b8d329451ffc,2,48000,5.0533,UnityPy AudioClip.samples,exported,
music,BGM_DUEL_EX_01,BGM_DUEL_EX_01.wav,LocalData/93217544/0000/44/4488294e,-2640911640722609237,168,music/BGM_DUEL_EX_01__6fe7e757_-2640911640722609237.wav,23568436,748b3843cb97e028381381464e914ccde183093b04f96e543d54ea57acfc1fe4,2,48000,122.7520,UnityPy AudioClip.samples,exported,
sfx,SE_SOLO_3S_BUBBLE,SE_SOLO_3S_BUBBLE.wav,LocalData/93217544/0000/44/44b54e7e,8145107551616808466,172,sfx/SE_SOLO_3S_BUBBLE__e1e514d8_8145107551616808466.wav,743656,ffd6578004d10d280f76c9436b1068b70be35655269b0d1ef533e19c4453f049,2,48000,3.8730,UnityPy AudioClip.samples,exported,
sfx,SE_M13587_e_loop_02,SE_M13587_e_loop_02.wav,LocalData/93217544/0000/44/44b8975c,-4312257683527568043,172,sfx/SE_M13587_e_loop_02__d1587640_-4312257683527568043.wav,384044,ebaedca3589e297060f2f5c887904a6f26187dc22dd34a413bc9652a0db33213,2,48000,2.0000,UnityPy AudioClip.samples,exported,
voice,V_GATE078_01_00_00_01,V_GATE078_01_00_00_01.wav,LocalData/93217544/0000/44/44f45333,2592843827755092804,176,voice/V_GATE078_01_00_00_01__576494d6_2592843827755092804.wav,53324,701b28daa55bdc4789ced3960f741548d46b0e7a82a58726e66ab4af273ce036,1,48000,0.5550,UnityPy AudioClip.samples,exported,
sfx,SE_M09903_f,SE_M09903_f.wav,LocalData/93217544/0000/44/44fab739,7714143646194182873,164,sfx/SE_M09903_f__93fcc4f9_7714143646194182873.wav,371392,c94dc1095074686354721b058a4097370b34e5e414822f93a73d1b142c92d829,2,48000,1.9341,UnityPy AudioClip.samples,exported,
sfx,SE_TEAM_CROWN_L,SE_TEAM_CROWN_L.wav,LocalData/93217544/0000/45/453816df,-8883707685012293208,168,sfx/SE_TEAM_CROWN_L__57414bbc_-8883707685012293208.wav,544844,cf194ee3c21f809805457f187dd5c5f5cee8df722ba4553b7acd8e886cbbe9c0,2,48000,2.8375,UnityPy AudioClip.samples,exported,
music,BGM_SOLO_35,BGM_SOLO_35.wav,LocalData/93217544/0000/45/455ad477,2412006183290190790,164,music/BGM_SOLO_35__ff0bbdd6_2412006183290190790.wav,18300544,b50dea6f976a5f5e8b1fb18632885545df09d669de5c5dee3b996ad49aaaab29,2,48000,95.3151,UnityPy AudioClip.samples,exported,
music,BGM_DUEL_F08_PHASE_A,BGM_DUEL_F08_PHASE_A.wav,LocalData/93217544/0000/45/456c21ae,-962584346244044415,172,music/BGM_DUEL_F08_PHASE_A__06714bee_-962584346244044415.wav,28686380,ffa51db035c980e9d9c55447710a95b7256acf15378a1bdf6e14c9e634294e1a,2,48000,149.4080,UnityPy AudioClip.samples,exported,
voice,V_TITLE_001,V_TITLE_001.wav,LocalData/93217544/0000/45/456c5c45,-4375368872699647816,164,voice/V_TITLE_001__7aff5692_-4375368872699647816.wav,192044,ede1f6dd33abfce7bb3a45ba79b0ab5f8baae692709dd32214a41da9af55ab13,2,48000,1.0000,UnityPy AudioClip.samples,exported,
sfx,SE_FIELD_MAT015_PHASE4_R,SE_FIELD_MAT015_PHASE4_R.wav,LocalData/93217544/0000/45/45b1b711,-2027765126831340977,176,sfx/SE_FIELD_MAT015_PHASE4_R__73222bb5_-2027765126831340977.wav,802856,46813942b039585af341113cd991e57c34c9fdf1c6f9c86bc35f88b028634781,2,48000,4.1813,UnityPy AudioClip.samples,exported,
sfx,SE_FIELD_MAT016_PHASE3_P,SE_FIELD_MAT016_PHASE3_P.wav,LocalData/93217544/0000/45/45c77bbb,4342551446897827352,176,sfx/SE_FIELD_MAT016_PHASE3_P__cc28420b_4342551446897827352.wav,399804,c7abb7fbd3d3ac40e034f1498efbb49fcdb58e48a11cee2aca16585c95c88784,2,48000,2.0821,UnityPy AudioClip.samples,exported,
sfx,SE_FIELD_MAT017_PHASE2_R,SE_FIELD_MAT017_PHASE2_R.wav,LocalData/93217544/0000/45/45c91b9e,-2014707548750551453,176,sfx/SE_FIELD_MAT017_PHASE2_R__d7922a0b_-2014707548750551453.wav,441700,76956b27387401a155a59a021d299dee86d0bb1e80fb8ef00805a8da2c7107d2,2,48000,2.3003,UnityPy AudioClip.samples,exported,
sfx,SE_RATEDUEL_RESULT_01,SE_RATEDUEL_RESULT_01.wav,LocalData/93217544/0000/45/45d48147,2569389691038039390,176,sfx/SE_RATEDUEL_RESULT_01__d7dce2e5_2569389691038039390.wav,776200,b7078d1d7802b0b492c2cb7c1bf9df7badd33091853754717f06806250b4f50b,2,48000,4.0425,UnityPy AudioClip.samples,exported,
sfx,SE_SOLO_ATTACK_01,SE_SOLO_ATTACK_01.wav,LocalData/93217544/0000/46/46021434,-5088648450840083599,172,sfx/SE_SOLO_ATTACK_01__a6b86a7b_-5088648450840083599.wav,440244,dbe450e35dbc61f709e6d940097da90a38d156f784104f35d2849749a74e57e9,2,48000,2.2927,UnityPy AudioClip.samples,exported,
sfx,SE_FIELD_MAT016_PHASE1_P,SE_FIELD_MAT016_PHASE1_P.wav,LocalData/93217544/0000/46/4643afd5,291478984429839974,176,sfx/SE_FIELD_MAT016_PHASE1_P__055b5263_291478984429839974.wav,386460,176b95c37e1be95f0f6565838652bc1daa890b53cb62196053b94266f5f6606f,2,48000,2.0126,UnityPy AudioClip.samples,exported,
sfx,SE_M03415_h,SE_M03415_h.wav,LocalData/93217544/0000/46/4678663e,-4651967940776583023,164,sfx/SE_M03415_h__a80b1122_-4651967940776583023.wav,691244,10fa7650038c1d2677f49f55626d422eebf94626b99aa4f5fa9e00abb719bda7,2,48000,3.6000,UnityPy AudioClip.samples,exported,
voice,V_GATE078_02_00_00_07,V_GATE078_02_00_00_07.wav,LocalData/93217544/0000/46/46a04d05,5768904025250508878,176,voice/V_GATE078_02_00_00_07__15faab44_5768904025250508878.wav,790562,542f92b8a18600be96848da47f2e858bb74656c5d41acc9ad1fd326acb8ecf09,1,48000,8.2346,UnityPy AudioClip.samples,exported,
sfx,SE_SOLO_EFFECT_01,SE_SOLO_EFFECT_01.wav,LocalData/93217544/0000/46/46dafb56,6107177360337039609,172,sfx/SE_SOLO_EFFECT_01__1fbd2b47_6107177360337039609.wav,1041868,9ff1b35570f710cef823fe32fc547e0fffb762dd4ee58c6a5234a78b851a5867,2,48000,5.4262,UnityPy AudioClip.samples,exported,
sfx,SE_SOLO_EXS_05,SE_SOLO_EXS_05.wav,LocalData/93217544/0000/47/47077dc5,5448537149558697137,168,sfx/SE_SOLO_EXS_05__49c18010_5448537149558697137.wav,1139904,cdac7c3ccf6744a64f4b5d1634bfc72d05decf3cc906a63638932630e81abb41,2,48000,5.9368,UnityPy AudioClip.samples,exported,
sfx,SE_M14676_f,SE_M14676_f.wav,LocalData/93217544/0000/47/475fc2d0,8560663466020547655,164,sfx/SE_M14676_f__86559a88_8560663466020547655.wav,902448,1942692a63ad514fe6e701de0b74748b102c4ca563dde2400d61290731298c05,2,48000,4.7000,UnityPy AudioClip.samples,exported,
voice,V_GATE078_03_00_00_05,V_GATE078_03_00_00_05.wav,LocalData/93217544/0000/47/476c4717,-402028836309449930,176,voice/V_GATE078_03_00_00_05__1b71f837_-402028836309449930.wav,425900,7e43d84f56ea757ac49ed9cc6501b1cae14912e776b1a43a88974dd09e26926e,1,48000,4.4360,UnityPy AudioClip.samples,exported,
sfx,SE_SOLO_GATE078_C_MOVE_SP_ADD,SE_SOLO_GATE078_C_MOVE_SP_ADD.wav,LocalData/93217544/0000/47/4774d052,-6009112836351695867,184,sfx/SE_SOLO_GATE078_C_MOVE_SP_ADD__d0a5a3cc_-6009112836351695867.wav,58692,be417625cbcc07b58fe384a0db0f4ce1386534a35fb49371c48bd6fbfc1978ea,2,48000,0.3055,UnityPy AudioClip.samples,exported,
sfx,SE_M17405_h1,SE_M17405_h1.wav,LocalData/93217544/0000/47/477e8747,-409607564426493347,164,sfx/SE_M17405_h1__b8350420_-409607564426493347.wav,772724,e3e500e6c7309f35e31b4e57955d63fc69ca7b9781f86297fc1cc6dbefa461b2,2,48000,4.0244,UnityPy AudioClip.samples,exported,
sfx,SE_M09441_g,SE_M09441_g.wav,LocalData/93217544/0000/47/478b0027,7155150748602608050,164,sfx/SE_M09441_g__b77f702f_7155150748602608050.wav,631108,8de69b2b4f3e5c7008c8656f7978561598ccf1e8530dc015fa6c34d2c61eeb90,2,48000,3.2868,UnityPy AudioClip.samples,exported,
sfx,SE_FIELD_MAT017_PHASE1_R,SE_FIELD_MAT017_PHASE1_R.wav,LocalData/93217544/0000/47/478fa5c7,-523294180005802594,176,sfx/SE_FIELD_MAT017_PHASE1_R__214b3727_-523294180005802594.wav,626856,8760a8cf0f4ab1f54207b8fe0e2997cd495c413002164b89bbc11036725dbf20,2,48000,3.2646,UnityPy AudioClip.samples,exported,
sfx,SE_SOLO_3S_ROBOT,SE_SOLO_3S_ROBOT.wav,LocalData/93217544/0000/47/478fbb6d,-5326103204277415135,168,sfx/SE_SOLO_3S_ROBOT__a9671be9_-5326103204277415135.wav,592932,72e19c7f45eab7e176ac3b68e8cfe10a05f2d4fbad7c82518dafda1a1f29a028,2,48000,3.0880,UnityPy AudioClip.samples,exported,
sfx,SE_M20578_h,SE_M20578_h.wav,LocalData/93217544/0000/47/47a0e086,8476343111681934581,164,sfx/SE_M20578_h__0a548464_8476343111681934581.wav,660200,ac5d14440b9977ea0cb298776a43776227870586bfac2f075b51cdcedc0549fc,2,48000,3.4383,UnityPy AudioClip.samples,exported,
sfx,SE_SOLO_EFFECT_09,SE_SOLO_EFFECT_09.wav,LocalData/93217544/0000/48/48017364,-6532560670396842639,172,sfx/SE_SOLO_EFFECT_09__e1ae5fde_-6532560670396842639.wav,730664,24ab595d5653986a0274ce2d4a6287dc7610683a3d837eb0ed7c7a3586bdff39,2,48000,3.8053,UnityPy AudioClip.samples,exported,
sfx,SE_M20215_g,SE_M20215_g.wav,LocalData/93217544/0000/48/488ced88,-8161606238249718092,164,sfx/SE_M20215_g__a01250bd_-8161606238249718092.wav,1011244,8e5ed144b2457630d12f7034a411df62dc89584de4e82ee11a349cfba27553ba,2,48000,5.2667,UnityPy AudioClip.samples,exported,
sfx,SE_M14760_h1,SE_M14760_h1.wav,LocalData/93217544/0000/48/489ceae6,-1453888562694110266,164,sfx/SE_M14760_h1__2e8a705b_-1453888562694110266.wav,477304,f445cbe713c9387395ac47005265ed663d9549e5eff5aa950fb428fe225466c9,2,48000,2.4857,UnityPy AudioClip.samples,exported,
sfx,SE_FIELD_MAT013_PHASE4_R,SE_FIELD_MAT013_PHASE4_R.wav,LocalData/93217544/0000/48/48afc756,-5282510440767778576,176,sfx/SE_FIELD_MAT013_PHASE4_R__139530b2_-5282510440767778576.wav,1126320,efcc2ccb6fee9ae50aa08ec26035a6f3e30a6bf38e92fdf63caf7ac066655fe6,2,48000,5.8660,UnityPy AudioClip.samples,exported,
sfx,SE_M17443_h,SE_M17443_h.wav,LocalData/93217544/0000/48/48cda31c,1010246794714974361,164,sfx/SE_M17443_h__ccbb1c4a_1010246794714974361.wav,545784,0753bf0e8bffddeda5733da3d625401f4fe4aad76c40c3c58b460d85de12aed3,2,48000,2.8424,UnityPy AudioClip.samples,exported,
sfx,SE_FIELD_MAT011_PHASE2_R,SE_FIELD_MAT011_PHASE2_R.wav,LocalData/93217544/0000/48/48d76bd9,-7170825751183583730,176,sfx/SE_FIELD_MAT011_PHASE2_R__7e0871bc_-7170825751183583730.wav,545764,56fcc2a622890900dcc69528f82e98cbab220d0a6b3876e740811f6ac9ddc9d7,2,48000,2.8423,UnityPy AudioClip.samples,exported,
sfx,SE_FIELD_MAT010_PHASE3_P,SE_FIELD_MAT010_PHASE3_P.wav,LocalData/93217544/0000/48/48d90bfc,628301231459172520,176,sfx/SE_FIELD_MAT010_PHASE3_P__f680468a_628301231459172520.wav,562940,e9bde15ab5896376dafa6d5e8044b4f8461aa7c19367aa900960fc06438fa45a,2,48000,2.9318,UnityPy AudioClip.samples,exported,
sfx,SE_M13208_c,SE_M13208_c.wav,LocalData/93217544/0000/48/48f9b594,-7486205311770587968,164,sfx/SE_M13208_c__4ffe75d9_-7486205311770587968.wav,371412,05b7b625aaa8353ed28e7b96a91c8a4447d5bc40aa7ea3f0a4f75bea54b9cd7c,2,48000,1.9342,UnityPy AudioClip.samples,exported,
sfx,SE_FIELD_MAT011_PHASE3_R,SE_FIELD_MAT011_PHASE3_R.wav,LocalData/93217544/0000/49/491501ee,2445603129201331799,176,sfx/SE_FIELD_MAT011_PHASE3_R__c1f2a14f_2445603129201331799.wav,748600,60e319b9af20bcbe44b50eb876eecc0c4ec3b62e049fd4815b9b1fc73537e0c8,2,48000,3.8987,UnityPy AudioClip.samples,exported,
sfx,SE_FIELD_MAT010_PHASE2_P,SE_FIELD_MAT010_PHASE2_P.wav,LocalData/93217544/0000/49/491b61cb,2321402973867443846,176,sfx/SE_FIELD_MAT010_PHASE2_P__774e5bdb_2321402973867443846.wav,576044,8b54309b7b92cd0dc42ac38216db5855e540f5e7e65b1ea484516a78076c33bf,2,48000,3.0000,UnityPy AudioClip.samples,exported,
sfx,SE_M10691_c,SE_M10691_c.wav,LocalData/93217544/0000/49/493415ff,8016700727149765452,164,sfx/SE_M10691_c__78da8eb3_8016700727149765452.wav,819500,7c1c29b1ab0628f2ece7a5bffcc082934ab81fa8320bd39e5a44dda20b343b69,2,48000,4.2680,UnityPy AudioClip.samples,exported,
music,BGM_DUEL_F02_PHASE_B,BGM_DUEL_F02_PHASE_B.wav,LocalData/93217544/0000/49/494bfa8a,6487324023167829522,172,music/BGM_DUEL_F02_PHASE_B__54b57e7c_6487324023167829522.wav,23773132,222aee33e2e00f3329c4dac285c5d4fe94b20baaf74714082d63d98b62521e48,2,48000,123.8182,UnityPy AudioClip.samples,exported,
sfx,SE_FIELD_MAT012_PHASE4_P,SE_FIELD_MAT012_PHASE4_P.wav,LocalData/93217544/0000/49/4963cd44,9163177215324542871,176,sfx/SE_FIELD_MAT012_PHASE4_P__e26d66a2_9163177215324542871.wav,1094444,21aecd518ce144788c1de246a378bd74fa0f3abd1ef055b00308c46bd2f30a38,2,48000,5.7000,UnityPy AudioClip.samples,exported,
music,BGM_DUEL_CLIMAX_12,BGM_DUEL_CLIMAX_12.wav,LocalData/93217544/0000/49/49a0133a,1798579263754395895,172,music/BGM_DUEL_CLIMAX_12__d59f94ac_1798579263754395895.wav,19756728,ef44725d97938cbc0440cf8317a55e64b192c7588c91a37f980eae2dacc34f95,2,48000,102.8994,UnityPy AudioClip.samples,exported,
sfx,SE_PACKOPEN_KAMINARI_03,SE_PACKOPEN_KAMINARI_03.wav,LocalData/93217544/0000/49/49b76ebb,-14381926647426551,176,sfx/SE_PACKOPEN_KAMINARI_03__4458f6de_-14381926647426551.wav,676828,6481e32d99a32d6f03972f9707dae56006f23ed1d60ba319a65823806f035feb,2,48000,3.5249,UnityPy AudioClip.samples,exported,
sfx,SE_M13163_h1,SE_M13163_h1.wav,LocalData/93217544/0000/49/49d7989b,3294396519092718910,164,sfx/SE_M13163_h1__1f0d9512_3294396519092718910.wav,539508,5bdcd66dc4d6cdeacbe4928404f2cee1644adee6ba42ad695eecd89e66b930f9,2,48000,2.8097,UnityPy AudioClip.samples,exported,
sfx,SE_CF_CARDIN_B,SE_CF_CARDIN_B.wav,LocalData/93217544/0000/4a/4a19a7e0,1924754344870577426,168,sfx/SE_CF_CARDIN_B__dfa54dad_1924754344870577426.wav,91456,3489375e26b6c59d6ff8cfdab2388fa4b5d25d08a3e852e0ea64fcac4086fe43,2,48000,0.4761,UnityPy AudioClip.samples,exported,
sfx,SE_M12843_c,SE_M12843_c.wav,LocalData/93217544/0000/4a/4a220626,4619944809220468233,164,sfx/SE_M12843_c__09204072_4619944809220468233.wav,690988,a4be0fb145ba2edc2cd3ab96aba5393b6bcd34eb49107abfe0bbc5f7be09215a,2,48000,3.5987,UnityPy AudioClip.samples,exported,
voice,V_GATE078_01_00_00_09,V_GATE078_01_00_00_09.wav,LocalData/93217544/0000/4a/4a2fdb01,-2113960256005290074,176,voice/V_GATE078_01_00_00_09__f9dd25f3_-2113960256005290074.wav,584780,031aabc806a516c96c12bfeaaf7fba9f673db7c85ce15c72fa7de77e393a2ce2,1,48000,6.0910,UnityPy AudioClip.samples,exported,
sfx,SE_FIELD_MAT011_PHASE1_R,SE_FIELD_MAT011_PHASE1_R.wav,LocalData/93217544/0000/4a/4a91d580,4148944493510359419,176,sfx/SE_FIELD_MAT011_PHASE1_R__14155250_4148944493510359419.wav,430860,3e4e018e66a64860dcc50b8377abe01136be78de82d1b41d38043e25d36a4ade,2,48000,2.2438,UnityPy AudioClip.samples,exported,
sfx,SE_M14240_d,SE_M14240_d.wav,LocalData/93217544/0000/4a/4ae9d660,-254650272700927050,164,sfx/SE_M14240_d__8f75c4a2_-254650272700927050.wav,588148,a7012ace5bd6c5f12c5f7e39663b5a4ce6d706816704016fd86e5ca559a40315,2,48000,3.0630,UnityPy AudioClip.samples,exported,
sfx,SE_SOLO_GATE078_SMOKE_EXP,SE_SOLO_GATE078_SMOKE_EXP.wav,LocalData/93217544/0000/4b/4b206d5c,7270442746710243214,180,sfx/SE_SOLO_GATE078_SMOKE_EXP__a8b5cdab_7270442746710243214.wav,1391488,4236da9d7dce49adcf53a42f571f684e99aab97d9ef506a1f4e3161ef5edba1a,2,48000,7.2471,UnityPy AudioClip.samples,exported,
sfx,SE_SOLO_SUZU,SE_SOLO_SUZU.wav,LocalData/93217544/0000/4b/4b2b41a5,7509203850322643970,164,sfx/SE_SOLO_SUZU__e884b3d9_7509203850322643970.wav,648560,faca96f535b2a27a561b7291a813286ebe5a639d71339f5aeaa6486d1322f0a6,2,44100,3.6764,UnityPy AudioClip.samples,exported,
sfx,SE_EV_REDREBOOT,SE_EV_REDREBOOT.wav,LocalData/93217544/0000/4b/4b5b53d8,5925145016924772285,168,sfx/SE_EV_REDREBOOT__cd74d0aa_5925145016924772285.wav,439416,fc737d70e1149dd376d1e71afbe0fccc54b78bcfe7fda39d986b02c22fb79668,2,48000,2.2884,UnityPy AudioClip.samples,exported,
sfx,SE_FIELD_MAT010_PHASE1_P,SE_FIELD_MAT010_PHASE1_P.wav,LocalData/93217544/0000/4b/4b5ddf92,-2097980449797960075,176,sfx/SE_FIELD_MAT010_PHASE1_P__fc9a1481_-2097980449797960075.wav,492848,c27ba5e7706e67b599e013bd302af363fa192ed90abc14b46470cd9f8762a7d0,2,48000,2.5667,UnityPy AudioClip.samples,exported,
sfx,SE_SOLO_CONTACT,SE_SOLO_CONTACT.wav,LocalData/93217544/0000/4b/4b69441e,-8495760864165263825,168,sfx/SE_SOLO_CONTACT__9b9b7324_-8495760864165263825.wav,576044,7fa81414eb33b2b7b876a44d7768f08bc2fedb0b9594cb31dd80f09c42f4b307,2,48000,3.0000,UnityPy AudioClip.samples,exported,
sfx,SE_PACK_CARD_MOVE_02,SE_PACK_CARD_MOVE_02.wav,LocalData/93217544/0000/4b/4b9c9464,5478873955321596061,172,sfx/SE_PACK_CARD_MOVE_02__a1b7391c_5478873955321596061.wav,69808,63f5522bc9b8de2d5e44a0d902a6fbf19b2d8d847fe9bc8c3f37b4e1cfc3f627,2,48000,0.3634,UnityPy AudioClip.samples,exported,
sfx,SE_SOLO_GATE078_C_MOVE_01,SE_SOLO_GATE078_C_MOVE_01.wav,LocalData/93217544/0000/4b/4bb4862a,-2653978401729397581,180,sfx/SE_SOLO_GATE078_C_MOVE_01__22e455e1_-2653978401729397581.wav,205000,abdd8be43a8dc4259a07b55af043d8ca70e9d148a5698d7a8d5badec7909a5ce,2,48000,1.0675,UnityPy AudioClip.samples,exported,
sfx,SE_M14759_i,SE_M14759_i.wav,LocalData/93217544/0000/4b/4bd57947,9192679993286110215,164,sfx/SE_M14759_i__10fa0fbb_9192679993286110215.wav,459328,b63f332a9dea0af775ff01bc5588521d4ac1499c81f49e835cf1effaf0250d6d,2,48000,2.3921,UnityPy AudioClip.samples,exported,
sfx,SE_M20215_d1,SE_M20215_d1.wav,LocalData/93217544/0000/4b/4bda3b8b,-4946304816384311901,164,sfx/SE_M20215_d1__444b66e7_-4946304816384311901.wav,558644,a1733c4bdac3f60e34dd8bba16153ecf483fbe2e1404944283f564c4fb95e0b3,2,48000,2.9094,UnityPy AudioClip.samples,exported,
sfx,SE_FIELD_MAT013_PHASE2_R,SE_FIELD_MAT013_PHASE2_R.wav,LocalData/93217544/0000/4c/4c22bbe4,182817749038603264,176,sfx/SE_FIELD_MAT013_PHASE2_R__2b6383a5_182817749038603264.wav,667220,27e9b3c24cb810970a41cb643a8089eaa937c363730e98e900942114026b5c42,2,48000,3.4749,UnityPy AudioClip.samples,exported,
sfx,SE_FIELD_MAT012_PHASE3_P,SE_FIELD_MAT012_PHASE3_P.wav,LocalData/93217544/0000/4c/4c2cdbc1,7593002332705048522,176,sfx/SE_FIELD_MAT012_PHASE3_P__c4fdfdd1_7593002332705048522.wav,832048,1041cdfb79b0bedefff00959efabc65ae39737cdc6c755c6fdf6fb2e27aec49c,2,48000,4.3334,UnityPy AudioClip.samples,exported,
sfx,SE_M13636_e,SE_M13636_e.wav,LocalData/93217544/0000/4c/4c313485,3660310793361826715,164,sfx/SE_M13636_e__670b0874_3660310793361826715.wav,703772,8f1e5eaeb0053b5717fa16b495144693cf3961225c191087c34265fb3c9f2183,2,48000,3.6652,UnityPy AudioClip.samples,exported,
sfx,SE_M04064_e,SE_M04064_e.wav,LocalData/93217544/0000/4c/4c59de75,-2391678636552244613,164,sfx/SE_M04064_e__3a292317_-2391678636552244613.wav,324784,287a07be9f25a262bfef8130204f7ab1e5966ddb617269142ae856b0a27196ea,2,48000,1.6914,UnityPy AudioClip.samples,exported,
sfx,SE_FIELD_MAT011_PHASE4_R,SE_FIELD_MAT011_PHASE4_R.wav,LocalData/93217544/0000/4c/4c5a176b,-871648919483477055,176,sfx/SE_FIELD_MAT011_PHASE4_R__f1e7d588_-871648919483477055.wav,755856,f714395a6430845c6e09bd190f42999639c37b6dd9c24f15e4a0caf0df9e748b,2,48000,3.9365,UnityPy AudioClip.samples,exported,
sfx,SE_EV_038_SPECIAL,SE_EV_038_SPECIAL.wav,LocalData/93217544/0000/4c/4ca7076a,3544611039018879235,172,sfx/SE_EV_038_SPECIAL__46184702_3544611039018879235.wav,722844,7c926c4cadaa3780038ffade9e9acbabc583c8789f35cf34380ca2f71a693ddf,2,48000,3.7646,UnityPy AudioClip.samples,exported,
sfx,SE_M04844_d1_lp02,SE_M04844_d1_lp02.wav,LocalData/93217544/0000/4c/4cd93923,6841671621629627217,172,sfx/SE_M04844_d1_lp02__7b9c509d_6841671621629627217.wav,383768,13486fd2dd0ecde143126d2af10a7e67457f6819a952d4f94d402a84e933f7e5,2,48000,1.9986,UnityPy AudioClip.samples,exported,
music,BGM_SOLO_39,BGM_SOLO_39.wav,LocalData/93217544/0000/4c/4cec985c,7407587945673830555,164,music/BGM_SOLO_39__a7298a04_7407587945673830555.wav,15790124,652a832508f972b3a2f747c9d522b86f13ffc43cec89139e8243838a012ed95b,2,48000,82.2400,UnityPy AudioClip.samples,exported,
sfx,SE_M12843_g,SE_M12843_g.wav,LocalData/93217544/0000/4d/4d4fc23f,6106093896117434287,164,sfx/SE_M12843_g__0b5d7207_6106093896117434287.wav,769324,688395dea5f704942d836b80a10a19abe4ffa28bc964089c9c00b62c28d81d4c,2,48000,4.0067,UnityPy AudioClip.samples,exported,
sfx,SE_FIELD_MAT010_PHASE4_P,SE_FIELD_MAT010_PHASE4_P.wav,LocalData/93217544/0000/4d/4d961d79,-1213071642317459302,176,sfx/SE_FIELD_MAT010_PHASE4_P__3a3d9e87_-1213071642317459302.wav,825644,f2bb191355cd81a48f9879650262b8b9394a36276458ad6240ad4b821c086a63,2,48000,4.3000,UnityPy AudioClip.samples,exported,
sfx,SE_SOLO_GATE078_N_FOOT_04,SE_SOLO_GATE078_N_FOOT_04.wav,LocalData/93217544/0000/4d/4dc30401,-2725816082387763754,180,sfx/SE_SOLO_GATE078_N_FOOT_04__d63a53c4_-2725816082387763754.wav,48388,929b173d6e2dea616a29f7a109f20c0e73e490f98bcfe67dd2ad201cf25ced5c,2,48000,0.2518,UnityPy AudioClip.samples,exported,
sfx,SE_FIELD_MAT013_PHASE3_R,SE_FIELD_MAT013_PHASE3_R.wav,LocalData/93217544/0000/4d/4de0d1d3,7479316928806987886,176,sfx/SE_FIELD_MAT013_PHASE3_R__e8b50bde_7479316928806987886.wav,699244,ac8a1e3268b911dc436487b228f4cf58098a4613432d4f7f7df1ca6190552123,2,48000,3.6417,UnityPy AudioClip.samples,exported,
sfx,SE_FIELD_MAT012_PHASE2_P,SE_FIELD_MAT012_PHASE2_P.wav,LocalData/93217544/0000/4d/4deeb1f6,-5266526740413951394,176,sfx/SE_FIELD_MAT012_PHASE2_P__75e288b4_-5266526740413951394.wav,672044,f7daf55b944146b57be9b350a63612edafcdfec5f714943879c10eeba3619a94,2,48000,3.5000,UnityPy AudioClip.samples,exported,
sfx,SE_CF_COMP_SHINE,SE_CF_COMP_SHINE.wav,LocalData/93217544/0000/4d/4df5386f,4401186949530046402,168,sfx/SE_CF_COMP_SHINE__2981917b_4401186949530046402.wav,456760,aa56b183a86a6b26854df1ebefafc8b0abd48b8fbf5d7d8a27aaa1bbed0b6bc3,2,48000,2.3787,UnityPy AudioClip.samples,exported,
sfx,SE_M20578_d,SE_M20578_d.wav,LocalData/93217544/0000/4e/4e16acad,-5151473269884316195,164,sfx/SE_M20578_d__41eadf42_-5151473269884316195.wav,491332,4809cd157dfacbf1b65eb8e92ccfcc04d0f2b9927a02c5a939c690b137897f6c,2,48000,2.5588,UnityPy AudioClip.samples,exported,
sfx,SE_M10691_g,SE_M10691_g.wav,LocalData/93217544/0000/4e/4e59d1e6,-8822936586201919249,164,sfx/SE_M10691_g__f0be0238_-8822936586201919249.wav,955832,046ee15817fb37052be3bb5f1ad1b98289a71a9a2cf54e37b448b67abc71af60,2,48000,4.9781,UnityPy AudioClip.samples,exported,
sfx,SE_FIELD_MAT013_PHASE1_R,SE_FIELD_MAT013_PHASE1_R.wav,LocalData/93217544/0000/4e/4e6405bd,8270688200150401156,176,sfx/SE_FIELD_MAT013_PHASE1_R__98dcef28_8270688200150401156.wav,517180,4b4fcc20c169c43e4234f4183511374af1ddce69eb9a09fbce2833c3c63e0332,2,48000,2.6934,UnityPy AudioClip.samples,exported,
sfx,SE_M09647_f,SE_M09647_f.wav,LocalData/93217544/0000/4e/4ec11f63,4064809047401873097,164,sfx/SE_M09647_f__d11e0476_4064809047401873097.wav,286132,a9469f69da00e40b2b4a28c8e731272984dac1b4872d128175411bb1357fcc66,2,48000,1.4900,UnityPy AudioClip.samples,exported,
music,BGM_DUEL_CLIMAX_16,BGM_DUEL_CLIMAX_16.wav,LocalData/93217544/0000/4e/4ecdd723,3153960448434486225,172,music/BGM_DUEL_CLIMAX_16__22ecc191_3153960448434486225.wav,17924140,6d519739153399253dc62c2f915802325e57909437bdb0a0dd410ac288e4a180,2,48000,93.3547,UnityPy AudioClip.samples,exported,
voice,V_GATE078_03_00_00_09,V_GATE078_03_00_00_09.wav,LocalData/93217544/0000/4e/4eda0b3c,-7124628838031745567,176,voice/V_GATE078_03_00_00_09__35b7d328_-7124628838031745567.wav,80832,6cd9c69a7bc270251ca891a83160066e8426bfd4c9420647ec70cbea911c12e5,1,48000,0.8415,UnityPy AudioClip.samples,exported,
sfx,SE_M14676_j,SE_M14676_j.wav,LocalData/93217544/0000/4e/4ee98efb,-5969414038545984226,164,sfx/SE_M14676_j__68c8e645_-5969414038545984226.wav,614448,8b2f64f678cb77d0f3d739d5792a8e01e6a0978f127f5b9530a85e551298f0c1,2,48000,3.2000,UnityPy AudioClip.samples,exported,
sfx,SE_M04844_f,SE_M04844_f.wav,LocalData/93217544/0000/4f/4f290c85,-4898201612969204086,164,sfx/SE_M04844_f__9c83a141_-4898201612969204086.wav,1880880,c0f3d3a123fc7d0bec823061f6dcf4fd5e8f2c10fb00faa66b1012a7b201abb6,2,48000,9.7960,UnityPy AudioClip.samples,exported,
sfx,SE_SOLO_KANSEI_01,SE_SOLO_KANSEI_01.wav,LocalData/93217544/0000/4f/4f8efcde,-8862887928358708666,172,sfx/SE_SOLO_KANSEI_01__3799d102_-8862887928358708666.wav,1244760,772b03ed6ff234a97b4d3f170641d97a5f8d43db2f1e1f5d09f8f61c0d3b5d89,2,44100,7.0562,UnityPy AudioClip.samples,exported,
sfx,SE_M13208_g,SE_M13208_g.wav,LocalData/93217544/0000/4f/4f94718d,1080353685234886400,164,sfx/SE_M13208_g__b107d5ba_1080353685234886400.wav,479508,0950e380d7b678edb4bd8baa28e3738bd21c0b35d6659dc1abdb2d452708eec4,2,48000,2.4972,UnityPy AudioClip.samples,exported,
sfx,SE_FIELD_MAT012_PHASE1_P,SE_FIELD_MAT012_PHASE1_P.wav,LocalData/93217544/0000/4f/4fa80faf,2396172620004169748,176,sfx/SE_FIELD_MAT012_PHASE1_P__5e78ca08_2396172620004169748.wav,524844,171233c5e3d224353795cd8a2e68b9efc03069bc731ef6eb308d88881f26f9e8,2,48000,2.7333,UnityPy AudioClip.samples,exported,
sfx,SE_M13258_h2_lp02,SE_M13258_h2_lp02.wav,LocalData/93217544/0000/4f/4fbad15d,3652422901992630164,172,sfx/SE_M13258_h2_lp02__4b9cb51c_3652422901992630164.wav,299792,6b9085341d8ebf800d61389bf1f5d47e94da339943a8421ef15200be4d7266b7,2,48000,1.5612,UnityPy AudioClip.samples,exported,
sfx,SE_M03415_d,SE_M03415_d.wav,LocalData/93217544/0000/4f/4fce2a15,4602325843523674777,164,sfx/SE_M03415_d__2d99a904_4602325843523674777.wav,371248,a167e2265ddc11c713029e210174e48368ea803d7e6296ad8207797c8aceb284,2,48000,1.9334,UnityPy AudioClip.samples,exported,
sfx,SE_M20215_c,SE_M20215_c.wav,LocalData/93217544/0000/4f/4fe12991,-8883120415227094346,164,sfx/SE_M20215_c__46dd0670_-8883120415227094346.wav,1036592,faa3b72f5124a6f17d67334ac5c2dbd875e4271dc28f4d5ccad9e1949e293c85,2,48000,5.3987,UnityPy AudioClip.samples,exported,
sfx,SE_SYS_ITEM_OBTAIN_C,SE_SYS_ITEM_OBTAIN_C.wav,LocalData/93217544/0000/4f/4ff56bf6,1959597764360254727,172,sfx/SE_SYS_ITEM_OBTAIN_C__ddba3a63_1959597764360254727.wav,326204,2554eca6d02936652529ed44bdb4eed30527ce1f3f602fcddb307549cd7056d5,2,48000,1.6987,UnityPy AudioClip.samples,exported,
sfx,SE_FUKUBIKI_TIER03,SE_FUKUBIKI_TIER03.wav,LocalData/93217544/0000/4f/4ffb4224,-8265148293907485867,172,sfx/SE_FUKUBIKI_TIER03__e66c4897_-8265148293907485867.wav,569836,69373813cef49f628cad100fdf4b5b3c1b0cb339401544419f2f805803cd8595,2,48000,2.9677,UnityPy AudioClip.samples,exported,
sfx,SE_M15089_f,SE_M15089_f.wav,LocalData/93217544/0000/50/507cb3be,-6824981830226744038,164,sfx/SE_M15089_f__991fe303_-6824981830226744038.wav,851492,fd35d15cca033a71533b5c405d3b99ea4a44445e544a13ca5a8ebe0422279e31,2,48000,4.4346,UnityPy AudioClip.samples,exported,
sfx,SE_M18193_h2,SE_M18193_h2.wav,LocalData/93217544/0000/50/50890a0a,-397515648536253290,164,sfx/SE_M18193_h2__2e31d3b1_-397515648536253290.wav,804180,f663ce749c65e3e8330e3afdb61b7315ff8db235e7a236390e68085e87d1fea6,2,48000,4.1882,UnityPy AudioClip.samples,exported,
sfx,SE_M09647_h2,SE_M09647_h2.wav,LocalData/93217544/0000/50/50a3627e,-3139790983024205867,164,sfx/SE_M09647_h2__03c90c56_-3139790983024205867.wav,754580,1270e0e3891a8cd6900301f5a5bdddb05a12d7f4448bc825c9fe082007cc52dd,2,48000,3.9299,UnityPy AudioClip.samples,exported,
sfx,SE_SOLO_GATE078_N_MOVE_03_ADD,SE_SOLO_GATE078_N_MOVE_03_ADD.wav,LocalData/93217544/0000/50/50aac045,-6012685511209988380,184,sfx/SE_SOLO_GATE078_N_MOVE_03_ADD__738a3f2c_-6012685511209988380.wav,167288,d728179dd5f29176e6226ff297a23a51bf9c40acb99bef8bb943dec3422120ed,2,48000,0.8711,UnityPy AudioClip.samples,exported,
music,BGM_DUEL_CLIMAX_02,BGM_DUEL_CLIMAX_02.wav,LocalData/93217544/0000/50/50bb227b,-1618949971222891455,172,music/BGM_DUEL_CLIMAX_02__04a75daf_-1618949971222891455.wav,27769036,b9df5efbb119678809953170cb3fae1c92d46f223e3ca666803a6e2a70bcd2c1,2,48000,144.6302,UnityPy AudioClip.samples,exported,
sfx,SE_SOLO_3S_GO,SE_SOLO_3S_GO.wav,LocalData/93217544/0000/50/50f05503,848672917195669032,168,sfx/SE_SOLO_3S_GO__15f230ae_848672917195669032.wav,507788,c1d67a0c41fb4d0d636605ab86c17450730f7679947f60a3fe4d349a35b23aac,2,48000,2.6445,UnityPy AudioClip.samples,exported,
sfx,SE_TDY_MAP_TEXT,SE_TDY_MAP_TEXT.wav,LocalData/93217544/0000/51/5107fa7d,-8029002062401181562,168,sfx/SE_TDY_MAP_TEXT__898222b9_-8029002062401181562.wav,433852,6b1fb158b5dda380f32ff706bb62ba28fd836452cb323d90f3bd38bb25d59c2b,2,48000,2.2594,UnityPy AudioClip.samples,exported,
sfx,SE_SOLO_EFFECT_19,SE_SOLO_EFFECT_19.wav,LocalData/93217544/0000/51/511a4225,-1885645681725014436,172,sfx/SE_SOLO_EFFECT_19__47913331_-1885645681725014436.wav,771500,7ae3cc387ab016c1d3a7466c15231c4bcd04c13c14a243e7e5f9a13c842e7f70,2,44100,4.3733,UnityPy AudioClip.samples,exported,
sfx,SE_M06901_h,SE_M06901_h.wav,LocalData/93217544/0000/51/5190fc85,6939048999910019568,164,sfx/SE_M06901_h__6366e570_6939048999910019568.wav,210540,4868c4c5c9c8f43b918277c4c98f1156abf9c9f45566d500daf9c6726cf3ef61,2,48000,1.0963,UnityPy AudioClip.samples,exported,
sfx,SE_DUEL_WCS_FINAL_OP_01,SE_DUEL_WCS_FINAL_OP_01.wav,LocalData/93217544/0000/51/51a3d291,-3203319736256791864,176,sfx/SE_DUEL_WCS_FINAL_OP_01__56cfd74b_-3203319736256791864.wav,2210912,081fcbda7fe11afa46bd3dd487b14b4463edbf27ee4e24cc56e2cd2ac044777e,2,48000,11.5149,UnityPy AudioClip.samples,exported,
sfx,SE_M07188_a2,SE_M07188_a2.wav,LocalData/93217544/0000/51/51c86f85,-2179033490258359420,164,sfx/SE_M07188_a2__b2dfd07a_-2179033490258359420.wav,186796,1ab9012d3236985b6f799459ea8f7809d16072bbb926d5f57c0d790edc56a2bf,2,48000,0.9727,UnityPy AudioClip.samples,exported,
sfx,SE_M19148_f,SE_M19148_f.wav,LocalData/93217544/0000/51/51ca8ffa,-6905110902828830760,164,sfx/SE_M19148_f__12f9bc44_-6905110902828830760.wav,679016,a66bf6c2fdb043f7cf70babfbac1d864a9f2ab9c699d24bdb42749aa78cc0d05,2,48000,3.5363,UnityPy AudioClip.samples,exported,
sfx,SE_M20196_d,SE_M20196_d.wav,LocalData/93217544/0000/51/51d75054,8762246651848941639,164,sfx/SE_M20196_d__92605025_8762246651848941639.wav,795692,f493e44dfc0034cd0bed6a20ba316124e42108baf023ad2f99e798cfd3630178,2,48000,4.1440,UnityPy AudioClip.samples,exported,
sfx,SE_M08103_d,SE_M08103_d.wav,LocalData/93217544/0000/51/51d84e71,-5432699158259239914,164,sfx/SE_M08103_d__9317650a_-5432699158259239914.wav,215592,0504d1a3d71eaa3799379ce2788e2bd523f9196cd597902228d3419a8895b35f,2,48000,1.1226,UnityPy AudioClip.samples,exported,
sfx,SE_M04054_h1,SE_M04054_h1.wav,LocalData/93217544/0000/51/51f13747,-6375673396645536440,164,sfx/SE_M04054_h1__9bd3788e_-6375673396645536440.wav,672820,ff5d748c39b706f5675856aff51834e434127b55c87ee0f0a489598834d24182,2,48000,3.5040,UnityPy AudioClip.samples,exported,
music,BGM_DUEL_F09_PHASE_A,BGM_DUEL_F09_PHASE_A.wav,LocalData/93217544/0000/52/521735ed,8037798897907100760,172,music/BGM_DUEL_F09_PHASE_A__fa99f7fa_8037798897907100760.wav,27476012,023f90a7c44f73dbab2f113414174d4265f6fe34524ea355cd3c50f557b479db,2,48000,143.1040,UnityPy AudioClip.samples,exported,
sfx,SE_M07595_i,SE_M07595_i.wav,LocalData/93217544/0000/52/523a15e1,7279320868931542868,164,sfx/SE_M07595_i__a25b3a87_7279320868931542868.wav,792752,9f1a8dd592d40adb7dbbbce8df20fcbaa0a66419961ab0bf2a11cabcbe812c65,2,48000,4.1287,UnityPy AudioClip.samples,exported,
sfx,SE_FIELD_MAT038_TAP_SHARK,SE_FIELD_MAT038_TAP_SHARK.wav,LocalData/93217544/0000/52/526fdb12,7737302474960827427,180,sfx/SE_FIELD_MAT038_TAP_SHARK__0535e315_7737302474960827427.wav,791956,5cb960a95fa42ecf59baf11fa4aad57496369168e2318f3118b3fc23008f9055,2,48000,4.1245,UnityPy AudioClip.samples,exported,
sfx,SE_M15527_h2,SE_M15527_h2.wav,LocalData/93217544/0000/52/527d8f9a,4457304930592056822,164,sfx/SE_M15527_h2__165d8a9a_4457304930592056822.wav,756672,040f7e2efeaf15abae49e38dd5469627ce93d4f1d82e35a4f5e9c86260a32712,2,48000,3.9408,UnityPy AudioClip.samples,exported,
sfx,SE_SOLO_GATE078_C_FOOT_06,SE_SOLO_GATE078_C_FOOT_06.wav,LocalData/93217544/0000/52/5282827a,5202491771253952026,180,sfx/SE_SOLO_GATE078_C_FOOT_06__7fcf2d75_5202491771253952026.wav,41132,f075d56a6302356f60389b7997183b065cb730da7f44211005da502adeb6f06a,2,48000,0.2140,UnityPy AudioClip.samples,exported,
sfx,SE_M15702_h2,SE_M15702_h2.wav,LocalData/93217544/0000/52/52ab8dc3,-7074278529202712137,164,sfx/SE_M15702_h2__43174594_-7074278529202712137.wav,588844,a77112e73b7106a2c386d6cf50cf67b25426d5df68f200eb64092801a8ad78a2,2,48000,3.0667,UnityPy AudioClip.samples,exported,
music,BGM_DUEL_EX_10_NORMAL,BGM_DUEL_EX_10_NORMAL.wav,LocalData/93217544/0000/52/52e832df,-3726178541558470043,176,music/BGM_DUEL_EX_10_NORMAL__4a896ece_-3726178541558470043.wav,17410092,7a69b8a19714c648bf1a93c5b9b2cbff788941e96dd0916ff05a77a92916e45f,2,48000,90.6773,UnityPy AudioClip.samples,exported,
voice,V_GATE078_01_00_00_19,V_GATE078_01_00_00_19.wav,LocalData/93217544/0000/53/5334ea40,-3277565999492763022,176,voice/V_GATE078_01_00_00_19__dbda648c_-3277565999492763022.wav,441580,ffd432f5757b55a184e93ab57e4658a93016db29306d6fc478419cb9e59b56e9,1,48000,4.5993,UnityPy AudioClip.samples,exported,
sfx,SE_SOLO_3S_CHANGE_1,SE_SOLO_3S_CHANGE_1.wav,LocalData/93217544/0000/53/533aca3a,-1222865777084340415,172,sfx/SE_SOLO_3S_CHANGE_1__4d4a65f6_-1222865777084340415.wav,1123296,94046b704168921b9fe67911711d89806e330d70aaffb11e3254254be4789f62,2,48000,5.8503,UnityPy AudioClip.samples,exported,
sfx,SE_M06784_e,SE_M06784_e.wav,LocalData/93217544/0000/53/536ed45d,7856391994495152491,164,sfx/SE_M06784_e__a2f41d45_7856391994495152491.wav,661852,a79cba4241dd4e5786a3b5bf5c45392ac33a1298a9a85845c271e45d3725c7e8,2,48000,3.4469,UnityPy AudioClip.samples,exported,
sfx,SE_MISSION_COMPLETE,SE_MISSION_COMPLETE.wav,LocalData/93217544/0000/53/5372faa1,-2067509297764579922,172,sfx/SE_MISSION_COMPLETE__dca6c2b9_-2067509297764579922.wav,634928,aad1c32114d665b667f25b0db49dbc436f46289072cdbb6997ff628e2383a804,2,48000,3.3067,UnityPy AudioClip.samples,exported,
sfx,SE_M08732_c,SE_M08732_c.wav,LocalData/93217544/0000/53/538bebab,-6346870239195673938,164,sfx/SE_M08732_c__ed6223a0_-6346870239195673938.wav,869516,aca0cad8c1bd9447f7b75a3b95ac7f1430d7746f4df1a83e2d2798e51aa79d96,2,48000,4.5285,UnityPy AudioClip.samples,exported,
sfx,SE_M17405_g,SE_M17405_g.wav,LocalData/93217544/0000/53/539d5568,-8560921352408295592,164,sfx/SE_M17405_g__bc414899_-8560921352408295592.wav,916160,de6d607aadfd200b36203f98990d89f897643d08ef8250e4ba45d50452e5a884,2,48000,4.7714,UnityPy AudioClip.samples,exported,
sfx,SE_M18003_g,SE_M18003_g.wav,LocalData/93217544/0000/53/53c63dcf,6875199851597152971,164,sfx/SE_M18003_g__d0b15bf2_6875199851597152971.wav,748844,7d5013738804e40c8017d5130be8968b17bddd3d247cbfa86258451c46f0f803,2,48000,3.9000,UnityPy AudioClip.samples,exported,
sfx,SE_M12950_d,SE_M12950_d.wav,LocalData/93217544/0000/53/53dc6309,1226600377148472687,164,sfx/SE_M12950_d__46468654_1226600377148472687.wav,379044,c2ba500660ee676ac9e8f92dd563bda6190bb99661d21be1efa313fe76631f11,2,48000,1.9740,UnityPy AudioClip.samples,exported,
sfx,SE_M07708_e,SE_M07708_e.wav,LocalData/93217544/0000/54/549cd673,4618968399070359301,164,sfx/SE_M07708_e__21993ed1_4618968399070359301.wav,685276,284a782f2306946ae93b76e4ab06e4ca32f4469afc5233319834a68dd64be664,2,48000,3.5689,UnityPy AudioClip.samples,exported,
sfx,SE_M18003_c,SE_M18003_c.wav,LocalData/93217544/0000/54/54abf9d6,3604096602029664462,164,sfx/SE_M18003_c__4de1b7ab_3604096602029664462.wav,168776,7ee9b2470545e75824af4e35302a2e98e35d33aebb1f89704bf41ae8bc3ac710,2,48000,0.8788,UnityPy AudioClip.samples,exported,
sfx,SE_M08732_g,SE_M08732_g.wav,LocalData/93217544/0000/54/54e62fb2,-1497874116487679842,164,sfx/SE_M08732_g__012160bb_-1497874116487679842.wav,1171852,b451af8117925fb6960d9e4d48fba0047d084725e81ac6f477ff38e7881f00f2,2,48000,6.1032,UnityPy AudioClip.samples,exported,
sfx,SE_M17405_c,SE_M17405_c.wav,LocalData/93217544/0000/54/54f09171,-4270126650242095628,164,sfx/SE_M17405_c__5026c2e2_-4270126650242095628.wav,791224,a149f19b2556c2db7509f7ad515ded6f5e83cd9b6c28031585e525557f0aac5f,2,48000,4.1207,UnityPy AudioClip.samples,exported,
sfx,SE_M06000_d,SE_M06000_d.wav,LocalData/93217544/0000/54/54f4b8e8,-2360269993451312391,164,sfx/SE_M06000_d__cc9f57e8_-2360269993451312391.wav,455520,5f8310138a564da345a0594ed519a8d3d5ac05979f40944952717a9921f6123c,2,48000,2.3723,UnityPy AudioClip.samples,exported,
sfx,SE_FIELD_MAT004_TAP,SE_FIELD_MAT004_TAP.wav,LocalData/93217544/0000/54/54f515de,1234668784496595214,172,sfx/SE_FIELD_MAT004_TAP__2393b5c4_1234668784496595214.wav,1296224,27282094e66756751727b451afa3f2203f3a39e1fe414725cee837e3799623ea,2,48000,6.7509,UnityPy AudioClip.samples,exported,
sfx,SE_M15702_k,SE_M15702_k.wav,LocalData/93217544/0000/55/550cd41d,-6284477063260718163,164,sfx/SE_M15702_k__c4e81bdb_-6284477063260718163.wav,1088048,d0fb28aed0064d4cb6b7781f25a89cf18bf6a5ab453aebe3e45bcd9dac5c932d,2,48000,5.6667,UnityPy AudioClip.samples,exported,
sfx,SE_LOT_PRIZE_BRONZE_01,SE_LOT_PRIZE_BRONZE_01.wav,LocalData/93217544/0000/55/55892811,-5496745478612493892,176,sfx/SE_LOT_PRIZE_BRONZE_01__b9df9169_-5496745478612493892.wav,266260,fe710f4e96e2a854940c391d6ecb467a0ceabfef9ba34f8d924cfe54a6b239ba,2,48000,1.3865,UnityPy AudioClip.samples,exported,
sfx,SE_DUEL_SW_EXODIA_02,SE_DUEL_SW_EXODIA_02.wav,LocalData/93217544/0000/55/55a1e540,-439166462296875671,172,sfx/SE_DUEL_SW_EXODIA_02__dff31937_-439166462296875671.wav,986348,64ae1cb6f7091d338c362c29f0376b5efe0c85e72ed6259a7f30ffa9d3a5e703,2,44100,5.5913,UnityPy AudioClip.samples,exported,
sfx,SE_M12487_h,SE_M12487_h.wav,LocalData/93217544/0000/55/55df25cb,-7457924683104327106,164,sfx/SE_M12487_h__dc4248b5_-7457924683104327106.wav,780128,449fb1fb5d380ef957e8681f33b6efa1e368ec663849fe5b54d6d328b064bdc4,2,48000,4.0629,UnityPy AudioClip.samples,exported,
sfx,SE_SOLO_GATE078_C_FOOT_02,SE_SOLO_GATE078_C_FOOT_02.wav,LocalData/93217544/0000/55/55ef4663,-5757593481313024813,180,sfx/SE_SOLO_GATE078_C_FOOT_02__4c5d0eec_-5757593481313024813.wav,65304,bdb5b16b4f7af571cae643451ccb316e9d12e4ac802a0eb191fe91054007793c,2,48000,0.3399,UnityPy AudioClip.samples,exported,
music,BGM_SOLO_29,BGM_SOLO_29.wav,LocalData/93217544/0000/55/55f7a91d,-5181368317552093518,164,music/BGM_SOLO_29__ace2cd48_-5181368317552093518.wav,13141852,1a61459e540431aae8c8086fa71f10fdc86bb8151dfdf1300d725be0e157fddc,2,48000,68.4469,UnityPy AudioClip.samples,exported,
sfx,SE_M13163_f,SE_M13163_f.wav,LocalData/93217544/0000/56/560d8bf6,-6416057851653670309,164,sfx/SE_M13163_f__c466fc76_-6416057851653670309.wav,296008,c4544f0954b589f7ef8dc0cc2edf2ddd91acd717da817aa11d8f1dc7e6ceabe5,2,48000,1.5415,UnityPy AudioClip.samples,exported,
sfx,SE_SOLO_GATE078_M_FOOT_ROLL04,SE_SOLO_GATE078_M_FOOT_ROLL04.wav,LocalData/93217544/0000/56/560feb23,-8195459924032270920,184,sfx/SE_SOLO_GATE078_M_FOOT_ROLL04__145fe09b_-8195459924032270920.wav,183508,61489f158dff596815e9c8e658910df40829da06062ee26890d60ae88e692061,2,48000,0.9555,UnityPy AudioClip.samples,exported,
sfx,SE_DR_ONESQUARE,SE_DR_ONESQUARE.wav,LocalData/93217544/0000/56/564421e1,-5443397310567505605,168,sfx/SE_DR_ONESQUARE__f0112064_-5443397310567505605.wav,337724,3a19dc268a70bf0878efcd4dfdbfd2cf5572757e225bd354a9bcf1d331762ba9,2,48000,1.7588,UnityPy AudioClip.samples,exported,
sfx,SE_M13671_j,SE_M13671_j.wav,LocalData/93217544/0000/56/56a3a8c6,-169769198184370644,164,sfx/SE_M13671_j__230a4826_-169769198184370644.wav,811072,f6954a8e15bbe6f6bd07e9a224fb43f0f6d014254f7d225ec3fdd594d6b5a86b,2,48000,4.2241,UnityPy AudioClip.samples,exported,
sfx,SE_M13011_f_loop_b,SE_M13011_f_loop_b.wav,LocalData/93217544/0000/56/56ca5191,4977214402864087203,172,sfx/SE_M13011_f_loop_b__5a86a93e_4977214402864087203.wav,239096,2065df6d6aa1989b221f62e4997a1ecb85018ac175d8e84fbaebdf28c8acdaad,2,48000,1.2451,UnityPy AudioClip.samples,exported,
sfx,SE_M12950_h1,SE_M12950_h1.wav,LocalData/93217544/0000/56/56e6c47c,2406559870626064173,164,sfx/SE_M12950_h1__ebfac450_2406559870626064173.wav,844200,3a909c581e666c64d35b268d0172b5519dd823ca03d5c96010e5a460d90c9671,2,48000,4.3966,UnityPy AudioClip.samples,exported,
sfx,SE_M07086_h,SE_M07086_h.wav,LocalData/93217544/0000/57/5727733b,812802966493678329,164,sfx/SE_M07086_h__42cc5538_812802966493678329.wav,1009904,a5c0370846af64b5eca906d70640cd010be46087b022f7321f6e8d011e366bb1,2,48000,5.2597,UnityPy AudioClip.samples,exported,
sfx,SE_FIELD_MAT011_TAP,SE_FIELD_MAT011_TAP.wav,LocalData/93217544/0000/57/5749490b,-2850973778903032594,172,sfx/SE_FIELD_MAT011_TAP__3668e0f9_-2850973778903032594.wav,1016180,3f968df4460302927cc7665db32be9c471ba8a67d23c959182d46e9919af9bc6,2,48000,5.2924,UnityPy AudioClip.samples,exported,
sfx,SE_M04054_i,SE_M04054_i.wav,LocalData/93217544/0000/57/575a3db0,2010929661487685746,164,sfx/SE_M04054_i__21034179_2010929661487685746.wav,746792,b9cec75726d1a9c6ed867782c903aac2cde532ac4b82175171adf87ca893b1df,2,48000,3.8893,UnityPy AudioClip.samples,exported,
sfx,SE_SOLO_COMICAL_CRASH_2,SE_SOLO_COMICAL_CRASH_2.wav,LocalData/93217544/0000/57/5786a93d,-4602732523900460661,176,sfx/SE_SOLO_COMICAL_CRASH_2__1527bf43_-4602732523900460661.wav,640044,c30f1222569be09b1bee99cbcd5da8784939108ea1a4becb90bde54b112a251e,2,48000,3.3333,UnityPy AudioClip.samples,exported,
voice,V_GATE078_03_00_00_19,V_GATE078_03_00_00_19.wav,LocalData/93217544/0000/57/57c13a7d,-7754987862130454112,176,voice/V_GATE078_03_00_00_19__c671a29b_-7754987862130454112.wav,62294,8d38cc878fe46163d4ba7fa6e155ca45d5472c8dfc3a5d7536927289a8cb2be5,1,48000,0.6484,UnityPy AudioClip.samples,exported,
music,BGM_DUEL_CLIMAX_06,BGM_DUEL_CLIMAX_06.wav,LocalData/93217544/0000/57/57d6e662,411663245064061407,172,music/BGM_DUEL_CLIMAX_06__786ce868_411663245064061407.wav,21102656,0877033df63bf2b686d9fd8ffe3f447919fa6aa454e7e8e6d6cd983f46b6b097,2,48000,109.9094,UnityPy AudioClip.samples,exported,
sfx,SE_DUEL_TIME_COUNT_OTT,SE_DUEL_TIME_COUNT_OTT.wav,LocalData/93217544/0000/58/5808fdcb,-4350310657207160330,176,sfx/SE_DUEL_TIME_COUNT_OTT__0aa478da_-4350310657207160330.wav,170596,e865e5a7fea8fb3bb398dfdb8c1c1607e9d15c9f839a5246c86b20c2812e45db,2,44100,0.9668,UnityPy AudioClip.samples,exported,
sfx,SE_M06901_d,SE_M06901_d.wav,LocalData/93217544/0000/58/5826b0ae,6795182064722931334,164,sfx/SE_M06901_d__8b9e9bd8_6795182064722931334.wav,339180,49b5a796e29b94bd6d56181665b0de5aee6d392270a2cb1d1f7a297b68a730be,2,48000,1.7663,UnityPy AudioClip.samples,exported,
sfx,SE_M20196_h,SE_M20196_h.wav,LocalData/93217544/0000/58/58611c7f,-4002783724173023949,164,sfx/SE_M20196_h__728f4753_-4002783724173023949.wav,1217292,96eeb22e39de4c858a79f4efbe254eb7f9d7e3c7f20f737c4572e980d2d4710c,2,48000,6.3398,UnityPy AudioClip.samples,exported,
sfx,SE_M08103_h,SE_M08103_h.wav,LocalData/93217544/0000/58/586e025a,-2584277581506146672,164,sfx/SE_M08103_h__c177428d_-2584277581506146672.wav,593740,4a0bcff1ce68bc781b07eb20a7df60b367ddf13039cc28c9cd519d7cd764a735,2,48000,3.0922,UnityPy AudioClip.samples,exported,
sfx,SE_FIELD_MAT018_PHASE1_P,SE_FIELD_MAT018_PHASE1_P.wav,LocalData/93217544/0000/58/588a9f66,-4186722423045479618,176,sfx/SE_FIELD_MAT018_PHASE1_P__c5c376eb_-4186722423045479618.wav,430240,f68b229a6f584e36a011dde6f6c1347e8d9d258d90cddac30b4dc197b071feb4,2,48000,2.2406,UnityPy AudioClip.samples,exported,
sfx,SE_SOLO_EFFECT_15,SE_SOLO_EFFECT_15.wav,LocalData/93217544/0000/58/58ac0e0e,-4088045652508940043,172,sfx/SE_SOLO_EFFECT_15__7be415f0_-4088045652508940043.wav,1327076,7ee69d1d496fea68f5b7116b9b4f94abe79614963361f513afa652ec292a7dad,2,44100,7.5229,UnityPy AudioClip.samples,exported,
voice,V_GATE078_02_00_00_13,V_GATE078_02_00_00_13.wav,LocalData/93217544/0000/58/58d6b85d,6511205384633138596,176,voice/V_GATE078_02_00_00_13__72e08001_6511205384633138596.wav,650476,2cb88b81a250d6eeb603433b4c80b6dc7e267d18bb30dc7053a404cfbe257beb,1,48000,6.7753,UnityPy AudioClip.samples,exported,
sfx,SE_LOT_CARDOPEN_C,SE_LOT_CARDOPEN_C.wav,LocalData/93217544/0000/58/58f23e8e,-5233508230331095745,172,sfx/SE_LOT_CARDOPEN_C__cd7d3805_-5233508230331095745.wav,95832,eb445ad496bed032ef248124c01f6f74c3c797884f7f04e4c10bf2e0d25dd6db,2,48000,0.4989,UnityPy AudioClip.samples,exported,
voice,V_GATE078_03_00_00_11,V_GATE078_03_00_00_11.wav,LocalData/93217544/0000/59/591ab24f,4177114895050314741,176,voice/V_GATE078_03_00_00_11__baac2280_4177114895050314741.wav,59324,f1932e6ff3b95aebbe3928b4c886169105babf031af3e2ac81e1014c3deec7ae,1,48000,0.6175,UnityPy AudioClip.samples,exported,
sfx,SE_FIELD_MAT019_PHASE1_R,SE_FIELD_MAT019_PHASE1_R.wav,LocalData/93217544/0000/59/59469574,-7815870160750387041,176,sfx/SE_FIELD_MAT019_PHASE1_R__02c38917_-7815870160750387041.wav,661920,930831fee09571cfc1d7e468a5218659a6613518c3b726ebeef49597081ff610,2,48000,3.4473,UnityPy AudioClip.samples,exported,
sfx,SE_SOLO_PENDANT,SE_SOLO_PENDANT.wav,LocalData/93217544/0000/59/5973c8f9,3710749138110189851,168,sfx/SE_SOLO_PENDANT__a36e5551_3710749138110189851.wav,673964,a5b2d2995023d863446b12550774ff00ffb514bf5e23f5dbfab53d2a3dbae6d5,2,48000,3.5100,UnityPy AudioClip.samples,exported,
sfx,SE_EV_GOLD_SARCOPHAGUS,SE_EV_GOLD_SARCOPHAGUS.wav,LocalData/93217544/0000/59/59b490d0,2478608405951865968,176,sfx/SE_EV_GOLD_SARCOPHAGUS__781eaaf8_2478608405951865968.wav,632684,1b3297dd5e14e6a3621894183ae68d0fa8f7a2adbe1437fc3a5c7f4f39365805,2,48000,3.2950,UnityPy AudioClip.samples,exported,
sfx,SE_SOLO_REACTION_C,SE_SOLO_REACTION_C.wav,LocalData/93217544/0000/59/59d87e16,6079359785232244728,172,sfx/SE_SOLO_REACTION_C__c8e2ef8c_6079359785232244728.wav,222372,1559bc9b8172de1b96a9bf20f0f84732787f5cf2e678403e7dd16e7d350bc3b2,2,48000,1.1580,UnityPy AudioClip.samples,exported,
sfx,SE_EV_040_NORMAL,SE_EV_040_NORMAL.wav,LocalData/93217544/0000/5a/5a3997b8,-5209942208214271909,168,sfx/SE_EV_040_NORMAL__b16b1db4_-5209942208214271909.wav,520292,ca2ad79df74e26db5c9b6f371e76a9c4771f5c74a2f1f9cfc60350e38b9539f1,2,48000,2.7096,UnityPy AudioClip.samples,exported,
sfx,SE_M12950_h,SE_M12950_h.wav,LocalData/93217544/0000/5a/5a6a2f22,4927060025651272633,164,sfx/SE_M12950_h__10768487_4927060025651272633.wav,543388,d0cd2ad4385b308b60c7084ff806c11665a25bf07787ed25b5b99697ff198b83,2,48000,2.8299,UnityPy AudioClip.samples,exported,
voice,V_GATE078_01_00_00_15,V_GATE078_01_00_00_15.wav,LocalData/93217544/0000/5a/5a82a66b,-5317962193709470241,176,voice/V_GATE078_01_00_00_15__6e9240f1_-5317962193709470241.wav,510130,344380c7890dfc0843f694ad987d6ca6d578a763e5ab30fedea42512f3364f5c,1,48000,5.3134,UnityPy AudioClip.samples,exported,
sfx,SE_M18003_f_loop,SE_M18003_f_loop.wav,LocalData/93217544/0000/5a/5a960543,-8126192548913271603,168,sfx/SE_M18003_f_loop__6695809b_-8126192548913271603.wav,492844,0c8a3852fa786edb6f9b976d152071fff1ba3eba14bd22a1d94963c826cb14db,2,48000,2.5667,UnityPy AudioClip.samples,exported,
sfx,SE_M13671_h2,SE_M13671_h2.wav,LocalData/93217544/0000/5a/5ab218a2,-6011146069123575958,164,sfx/SE_M13671_h2__90044e27_-6011146069123575958.wav,1080580,4c1df8ae947a33e82d91dac1b3c3cab7d4b35fffa90616683bdca1cefbb714cb,2,48000,5.6278,UnityPy AudioClip.samples,exported,
sfx,SE_FIELD_MAT019_PHASE3_R,SE_FIELD_MAT019_PHASE3_R.wav,LocalData/93217544/0000/5a/5ac2411a,-8148283132347578542,176,sfx/SE_FIELD_MAT019_PHASE3_R__1506771d_-8148283132347578542.wav,780920,5b6b6d22e505142be76126fddf8ed06415c37fc159b88742d3db5f3549024c4c,2,48000,4.0671,UnityPy AudioClip.samples,exported,
sfx,SE_EV_HARPIESFEATHER_DUSTER,SE_EV_HARPIESFEATHER_DUSTER.wav,LocalData/93217544/0000/5a/5ac5ce30,4801726562857543180,180,sfx/SE_EV_HARPIESFEATHER_DUSTER__289164bc_4801726562857543180.wav,524616,679e8e3fe405f80bc8a16692f70009ada30cb61fc0579900f590c651a352d9d9,2,48000,2.7321,UnityPy AudioClip.samples,exported,
sfx,SE_FIELD_MAT018_PHASE2_P,SE_FIELD_MAT018_PHASE2_P.wav,LocalData/93217544/0000/5a/5acc213f,-3952904741198515486,176,sfx/SE_FIELD_MAT018_PHASE2_P__21c9db68_-3952904741198515486.wav,505940,325321bcc0a3606530b52ef17a1e5163348a32da41228618d8f4a4f8001d50cc,2,48000,2.6349,UnityPy AudioClip.samples,exported,
sfx,SE_M06784_i,SE_M06784_i.wav,LocalData/93217544/0000/5a/5ad89876,-5317547457720397003,164,sfx/SE_M06784_i__d16b5140_-5317547457720397003.wav,774400,533dd6de62306c87289779cc871741bdb64e2a92a05293d7c56e4029237fdb18,2,48000,4.0331,UnityPy AudioClip.samples,exported,
sfx,SE_FIELD_MAT019_PHASE2_R,SE_FIELD_MAT019_PHASE2_R.wav,LocalData/93217544/0000/5b/5b002b2d,-6182261932014481804,176,sfx/SE_FIELD_MAT019_PHASE2_R__ba6ec900_-6182261932014481804.wav,805664,21065f4792e59a3869712f43f7e58c9d43d3a47f4f6ca4a2d1b7a1d9cf95f96c,2,48000,4.1959,UnityPy AudioClip.samples,exported,
sfx,SE_FIELD_MAT018_PHASE3_P,SE_FIELD_MAT018_PHASE3_P.wav,LocalData/93217544/0000/5b/5b0e4b08,5062760102723615168,176,sfx/SE_FIELD_MAT018_PHASE3_P__7973be17_5062760102723615168.wav,535752,1ad1e78c28349dfc6473ea6cbb64a9cef34337479d6c26cc8aaf61c16cc886b7,2,48000,2.7901,UnityPy AudioClip.samples,exported,
music,BGM_SOLO_21,BGM_SOLO_21.wav,LocalData/93217544/0000/5b/5b2c212f,-1076901980051635926,164,music/BGM_SOLO_21__03546816_-1076901980051635926.wav,13446892,46cb9491e39f0ecc3b6ff36219f097950328a814ee1d89ec8cb18af9eda360fb,2,48000,70.0357,UnityPy AudioClip.samples,exported,
sfx,SE_M07701_e,SE_M07701_e.wav,LocalData/93217544/0000/5b/5b4dedfc,9176086020388079587,164,sfx/SE_M07701_e__9940afef_9176086020388079587.wav,382216,424c4e9af5cb07f100ac8135c60766e580757777ab10197dc41fc3f49304beba,2,48000,1.9905,UnityPy AudioClip.samples,exported,
sfx,SE_M04041_h1,SE_M04041_h1.wav,LocalData/93217544/0000/5b/5b4feec5,530841442176612040,164,sfx/SE_M04041_h1__87fb17fe_530841442176612040.wav,744364,6957f9f68cb15f8efcd59fa2dba08c65e080bea62d56cbfb1391b1864605691c,2,48000,3.8767,UnityPy AudioClip.samples,exported,
sfx,SE_M04041_SD_b,SE_M04041_SD_b.wav,LocalData/93217544/0000/5b/5b693130,-8968180730205757279,168,sfx/SE_M04041_SD_b__b56f85af_-8968180730205757279.wav,186796,1ab9012d3236985b6f799459ea8f7809d16072bbb926d5f57c0d790edc56a2bf,2,48000,0.9727,UnityPy AudioClip.samples,exported,
sfx,SE_PACK_SECRET_KEY,SE_PACK_SECRET_KEY.wav,LocalData/93217544/0000/5b/5b84973f,-8798612899806978766,172,sfx/SE_PACK_SECRET_KEY__f31d3dde_-8798612899806978766.wav,259888,765771179e6b430e2948e56291d6b05dd6347b0c259084aae5197912aaf6c47a,2,48000,1.3534,UnityPy AudioClip.samples,exported,
sfx,SE_M07595_e,SE_M07595_e.wav,LocalData/93217544/0000/5b/5b8c59ca,4392225577478158564,164,sfx/SE_M07595_e__2ad72def_4392225577478158564.wav,517640,6a6ba6f9058398d9fc86bb3f4057c7e25763fb7227a54f62821d47e168059bd2,2,48000,2.6958,UnityPy AudioClip.samples,exported,
sfx,SE_DUELISTCUP_2ND_DPUP,SE_DUELISTCUP_2ND_DPUP.wav,LocalData/93217544/0000/5b/5bb5ae9e,3988264454461210235,176,sfx/SE_DUELISTCUP_2ND_DPUP__8ccb700f_3988264454461210235.wav,676868,84ae8f1ffffced4633f48a6c230472fca78494b7b590c88239d587d667843715,2,48000,3.5251,UnityPy AudioClip.samples,exported,
sfx,SE_M10747_h1,SE_M10747_h1.wav,LocalData/93217544/0000/5b/5bc4a52c,-2519678812066432705,164,sfx/SE_M10747_h1__4a4bc52f_-2519678812066432705.wav,956888,87dd0d56ca5afca08c3ba285306b6179d2b860fa615cef7eb0b29239e4416db1,2,48000,4.9836,UnityPy AudioClip.samples,exported,
sfx,SE_M15702_c,SE_M15702_c.wav,LocalData/93217544/0000/5b/5bd75c2f,4134570145153909900,164,sfx/SE_M15702_c__a2f3dd93_4134570145153909900.wav,524844,25faa9cafa06c579fd364d96166c779bf24d3d78dba71bc91d809afc6c576202,2,48000,2.7333,UnityPy AudioClip.samples,exported,
sfx,SE_EV_039_SPECIAL,SE_EV_039_SPECIAL.wav,LocalData/93217544/0000/5b/5bdc1329,-3780120309212622894,172,sfx/SE_EV_039_SPECIAL__4f373623_-3780120309212622894.wav,697524,f99983dd7680eb2a78c99fbc1806bc21dca721b7f10a814c515d631e99ac6dec,2,48000,3.6327,UnityPy AudioClip.samples,exported,
sfx,SE_M04041_SD_f,SE_M04041_SD_f.wav,LocalData/93217544/0000/5c/5c04f529,4033586247065804942,168,sfx/SE_M04041_SD_f__7ad28d4f_4033586247065804942.wav,289472,b1a1383dad922489dafa3c728f5b63e35dd96e409069879d5f420e10c9eccc2e,2,48000,1.5074,UnityPy AudioClip.samples,exported,
music,BGM_SOLO_25,BGM_SOLO_25.wav,LocalData/93217544/0000/5c/5c41e536,-5290157233098683587,164,music/BGM_SOLO_25__2db29f5b_-5290157233098683587.wav,14983024,3fcf2a26f06c2ae8ffda2fac842608573e9d26759bb930e85a5a8bfd30cd2815,2,48000,78.0364,UnityPy AudioClip.samples,exported,
sfx,SE_M12487_d,SE_M12487_d.wav,LocalData/93217544/0000/5c/5c6969e0,7509291380331032697,164,sfx/SE_M12487_d__b6415969_7509291380331032697.wav,623812,8502f24f2d3469c670941834d8d905897afc21c239a1b4b9306201430fe46f45,2,48000,3.2488,UnityPy AudioClip.samples,exported,
sfx,SE_M15702_g,SE_M15702_g.wav,LocalData/93217544/0000/5c/5cba9836,-1727417224101041919,164,sfx/SE_M15702_g__76e7d3cf_-1727417224101041919.wav,563244,03618a19134778802b41ea8abf1e45607370fd73ee3a4f0a1c0db16551c4eb32,2,48000,2.9333,UnityPy AudioClip.samples,exported,
sfx,SE_SOLO_UMEKIGOE_04,SE_SOLO_UMEKIGOE_04.wav,LocalData/93217544/0000/5c/5cce5893,-3301157330767791089,172,sfx/SE_SOLO_UMEKIGOE_04__3463e7f3_-3301157330767791089.wav,743140,f5f343eae1fea8e20a3d1ed88e138bec5daffba7f357c3003994bed20f80fd4d,2,44100,4.2126,UnityPy AudioClip.samples,exported,
music,BGM_DUEL_EX_09_PHASE_A,BGM_DUEL_EX_09_PHASE_A.wav,LocalData/93217544/0000/5d/5d029702,-2504173545306482366,176,music/BGM_DUEL_EX_09_PHASE_A__81aee1b8_-2504173545306482366.wav,24285228,e36d3d8652c828b7962af055f367689b78da46b63b30081a97776cb2b2804eb0,2,48000,126.4853,UnityPy AudioClip.samples,exported,
sfx,SE_FIELD_MAT010_TAP_P,SE_FIELD_MAT010_TAP_P.wav,LocalData/93217544/0000/5d/5d127e92,-5756937231804881071,176,sfx/SE_FIELD_MAT010_TAP_P__cb1d28a8_-5756937231804881071.wav,859352,742c29c0d5674704565df7780144f459ced9801e59067225507fb999c818c20e,2,48000,4.4756,UnityPy AudioClip.samples,exported,
sfx,SE_M07708_i,SE_M07708_i.wav,LocalData/93217544/0000/5d/5d2a9a58,-5643773102779512618,164,sfx/SE_M07708_i__cbb7dce4_-5643773102779512618.wav,794800,4a500147768d383ec64d8fc87225247a3493193388c251e9b312ee99c42c14db,2,48000,4.1394,UnityPy AudioClip.samples,exported,
sfx,SE_M06000_h,SE_M06000_h.wav,LocalData/93217544/0000/5d/5d42f4c3,6451224177539296981,164,sfx/SE_M06000_h__c12407b2_6451224177539296981.wav,432860,4f5104ab3a09df3b303638869cfcb351033eb33dd82117122cd746b6b202915c,2,48000,2.2542,UnityPy AudioClip.samples,exported,
sfx,SE_M13658_h2,SE_M13658_h2.wav,LocalData/93217544/0000/5d/5d7a0448,5500051157266582111,164,sfx/SE_M13658_h2__010f5e92_5500051157266582111.wav,823332,e887cb1934c4e4fbc2173e2fc8c6d34605231c5e5a6e7802299ab588ccc3afee,2,48000,4.2880,UnityPy AudioClip.samples,exported,
sfx,SE_FIELD_MAT041_TAP_R,SE_FIELD_MAT041_TAP_R.wav,LocalData/93217544/0000/5d/5d8b1a6e,4753488025239101327,176,sfx/SE_FIELD_MAT041_TAP_R__bfe35fe3_4753488025239101327.wav,951340,d7f0d0e81ef948bbe7653cc905372325827a9032c95588afacc2620041181067,2,48000,4.9547,UnityPy AudioClip.samples,exported,
sfx,SE_SOLO_LAUGHTER,SE_SOLO_LAUGHTER.wav,LocalData/93217544/0000/5d/5dd524e6,2952947624480035170,168,sfx/SE_SOLO_LAUGHTER__7ad9375e_2952947624480035170.wav,918124,c68cafc4d291699a81422a646dc82e56387043f4e1452115b95d724b0de647f0,2,48000,4.7817,UnityPy AudioClip.samples,exported,
sfx,SE_TDY_CHAINGET_HAND,SE_TDY_CHAINGET_HAND.wav,LocalData/93217544/0000/5d/5de19914,-2472990702814794742,172,sfx/SE_TDY_CHAINGET_HAND__f92d11e4_-2472990702814794742.wav,797148,5b9f57c68d323ae8508f3063406a20f2e2a48f933481dbefa2e7db70d51f958f,2,48000,4.1516,UnityPy AudioClip.samples,exported,
voice,V_GATE078_01_00_00_11,V_GATE078_01_00_00_11.wav,LocalData/93217544/0000/5d/5def6272,2890405698404841392,176,voice/V_GATE078_01_00_00_11__21d8b8ce_2890405698404841392.wav,607244,9532d5c701c00aeaf7384127ff1769807a4cd209c3841855debb7f83caf90726,1,48000,6.3250,UnityPy AudioClip.samples,exported,
sfx,SE_M04043_d1,SE_M04043_d1.wav,LocalData/93217544/0000/5d/5df36942,-4897873974629491276,164,sfx/SE_M04043_d1__840f8c08_-4897873974629491276.wav,485628,c5b91d5cac499b9067a0653a287a5d307e5bf122328952cc9dabebc7dfcb7482,2,48000,2.5291,UnityPy AudioClip.samples,exported,
music,BGM_DUEL_F03_PHASE_B,BGM_DUEL_F03_PHASE_B.wav,LocalData/93217544/0000/5e/5e30eec9,-2265777920271946490,172,music/BGM_DUEL_F03_PHASE_B__8d8583d0_-2265777920271946490.wav,18152492,0979d346c080f4075144a2f2b48eb596871b89962b4ba0df44007c2fd1d123ff,2,48000,94.5440,UnityPy AudioClip.samples,exported,
sfx,SE_FIELD_MAT018_PHASE4_P,SE_FIELD_MAT018_PHASE4_P.wav,LocalData/93217544/0000/5e/5e415d8d,-2907851383511723893,176,sfx/SE_FIELD_MAT018_PHASE4_P__1eb46cde_-2907851383511723893.wav,782416,ebbdd6ab83c4177d56b56e57958da58009701c8becb82b8e126f570d0a48596d,2,48000,4.0749,UnityPy AudioClip.samples,exported,
voice,V_GATE078_03_00_00_15,V_GATE078_03_00_00_15.wav,LocalData/93217544/0000/5e/5e777656,8393900390506831088,176,voice/V_GATE078_03_00_00_15__5332db46_8393900390506831088.wav,269580,a059c72b24bcb89ff6c5767e6cc2c623c2d21a16d884d893ec376a9aae8cacfa,1,48000,2.8077,UnityPy AudioClip.samples,exported,
sfx,SE_CF_TURNOVER_A,SE_CF_TURNOVER_A.wav,LocalData/93217544/0000/5e/5e8850ab,-5518297053677940565,168,sfx/SE_CF_TURNOVER_A__41c9d701_-5518297053677940565.wav,136624,492f086cc241589035f56dcf785102a8973cc513d425fc5218c5ddfd45599d53,2,48000,0.7114,UnityPy AudioClip.samples,exported,
sfx,SE_M07086_d,SE_M07086_d.wav,LocalData/93217544/0000/5e/5e913f10,-5543112085138274307,164,sfx/SE_M07086_d__6df9f3ed_-5543112085138274307.wav,420116,84f6d521e2216c71967eed9be35c73f3ace0fb5df387d0f61fbf20e52132387e,2,48000,2.1879,UnityPy AudioClip.samples,exported,
sfx,SE_DUEL_SW_EXODIA_OP,SE_DUEL_SW_EXODIA_OP.wav,LocalData/93217544/0000/5e/5eba800d,5933728872981186011,172,sfx/SE_DUEL_SW_EXODIA_OP__17fcea04_5933728872981186011.wav,803376,b9aa486c5ca8b6d48b4be8fac35ee5d969a3853296eda575bb5cb0478151dbfe,2,44100,4.5540,UnityPy AudioClip.samples,exported,
sfx,SE_M13670_f,SE_M13670_f.wav,LocalData/93217544/0000/5e/5ed78eda,6466933215558099044,164,sfx/SE_M13670_f__5fe7207a_6466933215558099044.wav,944540,9c46dbc4a29cdb930c0215abb1a81d2760571b7c0b14d0c4afbd1fd57891bba2,2,48000,4.9192,UnityPy AudioClip.samples,exported,
sfx,SE_M04054_e,SE_M04054_e.wav,LocalData/93217544/0000/5e/5eec719b,710369956132468991,164,sfx/SE_M04054_e__aac1babb_710369956132468991.wav,796240,f77494a60b1cd3abd34fe76b1194276c9aebb32be2f52ab2bc7dedd05e4e89ed,2,48000,4.1469,UnityPy AudioClip.samples,exported,
sfx,SE_M13671_f,SE_M13671_f.wav,LocalData/93217544/0000/5f/5f15e4ed,-22647200623854863,164,sfx/SE_M13671_f__4a71a0ce_-22647200623854863.wav,1097268,16325dd661649e431367c90eac765ce19793e7fcfe335e555e3a1fd188c23140,2,48000,5.7147,UnityPy AudioClip.samples,exported,
sfx,SE_EV_045_SPECIAL,SE_EV_045_SPECIAL.wav,LocalData/93217544/0000/5f/5f34fb44,6166039000330849518,172,sfx/SE_EV_045_SPECIAL__44339b3d_6166039000330849518.wav,787588,c93dd7d3724bad3bf1f6a896f30e3d2784725bef45c719594969154e3f62d558,2,48000,4.1018,UnityPy AudioClip.samples,exported,
sfx,SE_CARDD_COUNT_01,SE_CARDD_COUNT_01.wav,LocalData/93217544/0000/5f/5f3a31d0,260086735026469521,172,sfx/SE_CARDD_COUNT_01__25c89706_260086735026469521.wav,11436,17dd3e686ee84ef1c05081ebb03beef438063636f964d8551d7f8c8a6c8c04b0,2,48000,0.0593,UnityPy AudioClip.samples,exported,
sfx,SE_FIELD_MAT019_PHASE4_R,SE_FIELD_MAT019_PHASE4_R.wav,LocalData/93217544/0000/5f/5f8d579f,4291276092782777129,176,sfx/SE_FIELD_MAT019_PHASE4_R__c6c86874_4291276092782777129.wav,639256,7e3ed6b8eb2e0c4afc4666cc4dab0e62b92b51cb65c7abdd917919e5d2303fbc,2,48000,3.3292,UnityPy AudioClip.samples,exported,
sfx,SE_M15245_d1,SE_M15245_d1.wav,LocalData/93217544/0000/5f/5f8d9cbf,-5548100224335049220,164,sfx/SE_M15245_d1__828e6743_-5548100224335049220.wav,548400,3f50680b6851bebb35ee371a8a52fd62b370742ab8ed1c0c40673681ad39510a,2,48000,2.8560,UnityPy AudioClip.samples,exported,
sfx,SE_M04041_SD_h1,SE_M04041_SD_h1.wav,LocalData/93217544/0000/5f/5fb15ea0,6360316510559185125,168,sfx/SE_M04041_SD_h1__3e6b3512_6360316510559185125.wav,534576,90d2a953a48bdb90ffea42e1d3a50bb638f76c33422a31783961d381b953f8fe,2,48000,2.7840,UnityPy AudioClip.samples,exported,
voice,V_GATE078_02_00_00_17,V_GATE078_02_00_00_17.wav,LocalData/93217544/0000/5f/5fbb7c44,4513588759197896371,176,voice/V_GATE078_02_00_00_17__ed1b3ea9_4513588759197896371.wav,655700,50984341f9d480fa7525a27ae4181a3a8b6f866cd48cbf99b1343337388ffbd1,1,48000,6.8297,UnityPy AudioClip.samples,exported,
sfx,SE_SOLO_EFFECT_11,SE_SOLO_EFFECT_11.wav,LocalData/93217544/0000/5f/5fc1ca17,7388217410801465090,172,sfx/SE_SOLO_EFFECT_11__3336e880_7388217410801465090.wav,1191980,7cf7baa36f3779626a8adf46f5f64ca18f09f6ffdea8780bf13f0e0d4a722449,2,44100,6.7570,UnityPy AudioClip.samples,exported,
sfx,SE_M13258_h1,SE_M13258_h1.wav,LocalData/93217544/0000/5f/5fe217e4,-3779216306947660777,164,sfx/SE_M13258_h1__3d675ac7_-3779216306947660777.wav,872396,e37e45cd6ea175012b296f706a78f5077cde16163e0eb1926bfa67c4e96284c8,2,48000,4.5435,UnityPy AudioClip.samples,exported,
sfx,SE_M13668_c1,SE_M13668_c1.wav,LocalData/93217544/0000/60/6027f6e9,-1697831586050736594,164,sfx/SE_M13668_c1__3ab851d5_-1697831586050736594.wav,779752,719e2838c5032444100346c7a6e74bff778594fa0427e27a2f5d99a3088c90ec,2,48000,4.0610,UnityPy AudioClip.samples,exported,
sfx,SE_SOLO_GATE078_ELECTRIC,SE_SOLO_GATE078_ELECTRIC.wav,LocalData/93217544/0000/60/603615a5,-7361434097232660556,176,sfx/SE_SOLO_GATE078_ELECTRIC__af88ebe5_-7361434097232660556.wav,582876,584aaf9be6adb1a4bd573a63e6f99fc7feba49fbdb99094174407fabf51f8cd1,2,48000,3.0356,UnityPy AudioClip.samples,exported,
sfx,SE_M13144_e,SE_M13144_e.wav,LocalData/93217544/0000/60/60420442,-2329826121114093706,164,sfx/SE_M13144_e__3e2de74e_-2329826121114093706.wav,866888,bc56faba1f4d1b059b50158e52ab2fe2d5352884e49a652f6b670dd92480d654,2,48000,4.5148,UnityPy AudioClip.samples,exported,
sfx,SE_SOLO_GATE078_J_FOOT_01,SE_SOLO_GATE078_J_FOOT_01.wav,LocalData/93217544/0000/60/6045a182,-3067084261872289926,180,sfx/SE_SOLO_GATE078_J_FOOT_01__ce2fdd8c_-3067084261872289926.wav,224220,0b792570f2a6991db98292426faf3d6be6f60c6daea49ca79382b7a65650d311,2,48000,1.1676,UnityPy AudioClip.samples,exported,
sfx,SE_M15245_j,SE_M15245_j.wav,LocalData/93217544/0000/60/60c6ea29,6741762780091455169,164,sfx/SE_M15245_j__d6083780_6741762780091455169.wav,580104,c757b3c47b16c952298a06470939c18821aef2df60161bdfa3fc8e1324e6fc21,2,48000,3.0211,UnityPy AudioClip.samples,exported,
sfx,SE_M07188_h,SE_M07188_h.wav,LocalData/93217544/0000/60/60d97781,3309382968885765928,164,sfx/SE_M07188_h__a0b18986_3309382968885765928.wav,325912,62605265e3dc2b74cfa6ae515e1ea138affbf00d9160c4982bb7da8bcc641d63,2,48000,1.6972,UnityPy AudioClip.samples,exported,
sfx,SE_SOLO_NAGURU_03,SE_SOLO_NAGURU_03.wav,LocalData/93217544/0000/60/60d9ddc6,4575616058367860048,172,sfx/SE_SOLO_NAGURU_03__c5c41669_4575616058367860048.wav,674648,54bfdec1c61ecb6afc515f1eb57550922393793aff2f9c4e1af490cc41f028ca,2,48000,3.5136,UnityPy AudioClip.samples,exported,
sfx,SE_M15726_h,SE_M15726_h.wav,LocalData/93217544/0000/61/6105e5f0,6658918522859526975,164,sfx/SE_M15726_h__8912547a_6658918522859526975.wav,641732,2854d73ab13925a62c6910efb68e04583018ef8f304adb22fa3f27c177dae93d,2,48000,3.3421,UnityPy AudioClip.samples,exported,
sfx,SE_M17452_g,SE_M17452_g.wav,LocalData/93217544/0000/61/610cb3df,-885812418458329682,164,sfx/SE_M17452_g__ab3a586a_-885812418458329682.wav,424584,071a5cfdcf5137769b870ba014e32d37a21aab527ce6094ff01031395a58c740,2,48000,2.2111,UnityPy AudioClip.samples,exported,
music,BGM_DUEL_EX_02_CLIMAX,BGM_DUEL_EX_02_CLIMAX.wav,LocalData/93217544/0000/61/614a4c0c,5008560212329123410,176,music/BGM_DUEL_EX_02_CLIMAX__21013fa0_5008560212329123410.wav,20258280,bbe4b92e28e0f583de2fff15e4e36dd1336a24764f7e14ef56c2eb228d19d392,2,48000,105.5116,UnityPy AudioClip.samples,exported,
sfx,SE_FIELD_MAT003_PHASE1_P,SE_FIELD_MAT003_PHASE1_P.wav,LocalData/93217544/0000/61/61e4bb51,-4517659965651391695,176,sfx/SE_FIELD_MAT003_PHASE1_P__5eb986eb_-4517659965651391695.wav,544776,672c31cf070cda9352f1f16670ee3ee6f43df81cc68765dca864326fcab9a67a,2,48000,2.8371,UnityPy AudioClip.samples,exported,
sfx,SE_SOLO_GATE078_M_MOVE_05_ADD,SE_SOLO_GATE078_M_MOVE_05_ADD.wav,LocalData/93217544/0000/62/6220592b,8198937344711149711,184,sfx/SE_SOLO_GATE078_M_MOVE_05_ADD__5659d65f_8198937344711149711.wav,93276,14d91e9bf474eff861b3a240b1609bab2c6d5eb690d5cc9a954f5be576479b1b,2,48000,0.4856,UnityPy AudioClip.samples,exported,
sfx,SE_SOLO_CONGRATULATIONS,SE_SOLO_CONGRATULATIONS.wav,LocalData/93217544/0000/62/62503ac9,1990573339237962023,176,sfx/SE_SOLO_CONGRATULATIONS__54b78300_1990573339237962023.wav,961804,88e61f37be466c3a9a7f29e61d013783c178ecc2717545c87761e216a9acb282,2,48000,5.0092,UnityPy AudioClip.samples,exported,
sfx,SE_FIELD_MAT003_PHASE3_P,SE_FIELD_MAT003_PHASE3_P.wav,LocalData/93217544/0000/62/62606f3f,-2726118506660938226,176,sfx/SE_FIELD_MAT003_PHASE3_P__292d563a_-2726118506660938226.wav,663944,3d4138dc6f79d9ed4f3ab57b0c017cfba41d6c8c31528a696ef1f2bc15886b94,2,48000,3.4578,UnityPy AudioClip.samples,exported,
sfx,SE_M10747_i,SE_M10747_i.wav,LocalData/93217544/0000/62/6266713e,7190322127764614075,164,sfx/SE_M10747_i__6de9eb3a_7190322127764614075.wav,598544,41eab027a454adddcbb61c2b4594904dd1ae8fad594e4c04ed516b2262cc1e29,2,48000,3.1172,UnityPy AudioClip.samples,exported,
sfx,SE_M14240_h1,SE_M14240_h1.wav,LocalData/93217544/0000/62/62912835,-1123441880647860950,164,sfx/SE_M14240_h1__20f56366_-1123441880647860950.wav,485228,462edd8be342271bfe95253c95c10dbabf0f191596b7a8481bf109f9d0267fa5,2,48000,2.5270,UnityPy AudioClip.samples,exported,
sfx,SE_M13981_h,SE_M13981_h.wav,LocalData/93217544/0000/62/629e4e6d,6390746393888312478,164,sfx/SE_M13981_h__2b3fcf24_6390746393888312478.wav,658184,eff3b49a7b5542ae0f7480c22f7b0df788c4dddb12c4c9bd18f09d025999abfb,2,48000,3.4278,UnityPy AudioClip.samples,exported,
sfx,SE_M09285_i,SE_M09285_i.wav,LocalData/93217544/0000/62/62accfe4,-9064552075693656671,164,sfx/SE_M09285_i__13fdcd95_-9064552075693656671.wav,1034128,4a2c217579e247a40cd8bf157456190bd55edab5edf06cd0129b95d284451643,2,48000,5.3859,UnityPy AudioClip.samples,exported,
sfx,SE_M04007_i,SE_M04007_i.wav,LocalData/93217544/0000/62/62c273db,-4948634773471619539,164,sfx/SE_M04007_i__90e197ae_-4948634773471619539.wav,586584,873f40884a51fe649bd9c7c95f94dc5f788d3a8136704d1baf8ec086c5dd3f6b,2,48000,3.0549,UnityPy AudioClip.samples,exported,
sfx,SE_EV_MAGIC_CYLINDER,SE_EV_MAGIC_CYLINDER.wav,LocalData/93217544/0000/62/62c815bb,-1394190257462503254,172,sfx/SE_EV_MAGIC_CYLINDER__4e752b7e_-1394190257462503254.wav,618852,5e2b735b66027ba802ce8a6ada6a701a69879c44cad33291840a1fe553ea9d6a,2,48000,3.2230,UnityPy AudioClip.samples,exported,
music,BGM_DUEL_NORMAL_10,BGM_DUEL_NORMAL_10.wav,LocalData/93217544/0000/62/62cc9a5e,-752347098036625339,172,music/BGM_DUEL_NORMAL_10__e79c5007_-752347098036625339.wav,22044684,37905b3d801db03e49a02c3bc8d3be78e163d21a480dc3aab2ac9877588d0a1d,2,48000,114.8158,UnityPy AudioClip.samples,exported,
sfx,SE_M14288_h1,SE_M14288_h1.wav,LocalData/93217544/0000/62/62d5eddb,-2812410013474844730,164,sfx/SE_M14288_h1__3cfacdc7_-2812410013474844730.wav,1216044,dec7cea77b440ddac90eaa171417d0e7e877556afaa04c8e2966b433eb7bedc9,2,48000,6.3333,UnityPy AudioClip.samples,exported,
sfx,SE_M12642_h,SE_M12642_h.wav,LocalData/93217544/0000/63/63020bf8,-1541834247153540157,164,sfx/SE_M12642_h__841c8345_-1541834247153540157.wav,668972,67b126037a814a7bdc4d176b562f510fd483b5b0fd289c1f161b7ec23e65f978,2,48000,3.4840,UnityPy AudioClip.samples,exported,
sfx,SE_M07552_d,SE_M07552_d.wav,LocalData/93217544/0000/63/6312c061,-8755600840598256040,164,sfx/SE_M07552_d__03b6d054_-8755600840598256040.wav,605724,a284db30ef4269ff4188f5824f6969b7d4815be72d8139843825c0973e349b8e,2,48000,3.1546,UnityPy AudioClip.samples,exported,
sfx,SE_M09285_h1_lp01,SE_M09285_h1_lp01.wav,LocalData/93217544/0000/63/6337af4a,439425240760035688,172,sfx/SE_M09285_h1_lp01__69c340fc_439425240760035688.wav,673916,3cb7f3258cb2540c9364f362b5feb90bd9ed13825bcb5d9718747d163cf73bd1,2,48000,3.5097,UnityPy AudioClip.samples,exported,
sfx,SE_FIELD_MAT003_PHASE2_P,SE_FIELD_MAT003_PHASE2_P.wav,LocalData/93217544/0000/63/63a20508,-6856262322498630670,176,sfx/SE_FIELD_MAT003_PHASE2_P__829b83a5_-6856262322498630670.wav,673724,2b32040f1d561c74860a3986414a0a83c342dd53f4b2bfb0b734cbffaee03366,2,48000,3.5088,UnityPy AudioClip.samples,exported,
sfx,SE_M13658_e,SE_M13658_e.wav,LocalData/93217544/0000/63/63c44653,2635388450366789731,164,sfx/SE_M13658_e__be98c4bb_2635388450366789731.wav,623828,4434ed841354b347f9c35376ae9b704c7b1cbf72d582cb15d8b9e9392fd83d61,2,48000,3.2489,UnityPy AudioClip.samples,exported,
sfx,SE_FIELD_MAT001_PHASE4_P,SE_FIELD_MAT001_PHASE4_P.wav,LocalData/93217544/0000/63/63daa987,-58860845473942106,176,sfx/SE_FIELD_MAT001_PHASE4_P__d066310c_-58860845473942106.wav,1018308,ee8e6eb71886a0da526b5e300ebf22712d7da569fe42ca4b6d80c62251468f88,2,48000,5.3035,UnityPy AudioClip.samples,exported,
sfx,SE_FIELD_MAT026_TAP,SE_FIELD_MAT026_TAP.wav,LocalData/93217544/0000/63/63fde7b5,277532806729060514,172,sfx/SE_FIELD_MAT026_TAP__365284e7_277532806729060514.wav,1168780,73f5a460f540d130be9e9bec038c58eb328c0643d4ec89eb09df7ab59c22bc84,2,48000,6.0872,UnityPy AudioClip.samples,exported,
sfx,SE_M07188_h2_lp01,SE_M07188_h2_lp01.wav,LocalData/93217544/0000/64/643f8fac,9058559737576752507,172,sfx/SE_M07188_h2_lp01__4598ac81_9058559737576752507.wav,562556,ee24e14bd6ab63d22a6e14dc9517f9bb01003e6ad2d3c7b3badb538587c8bd4f,2,48000,2.9297,UnityPy AudioClip.samples,exported,
sfx,SE_M17069_e,SE_M17069_e.wav,LocalData/93217544/0000/64/6462343c,-2556592958803716723,164,sfx/SE_M17069_e__d1bfc64c_-2556592958803716723.wav,1133744,5ffc91cebb26aeb177d162ab450a49d907502792fea90f1cb93a71bf09685555,2,48000,5.9047,UnityPy AudioClip.samples,exported,
sfx,SE_FIELD_MAT039_TAP_R,SE_FIELD_MAT039_TAP_R.wav,LocalData/93217544/0000/64/64a15d10,-1088641028131144177,176,sfx/SE_FIELD_MAT039_TAP_R__d845403d_-1088641028131144177.wav,1431932,6d6befe0682d9ad12cf7eeb649ed64ae2aefd6cbbbd2ba98b6a2f789309db0d3,2,48000,7.4577,UnityPy AudioClip.samples,exported,
sfx,SE_M18193_f,SE_M18193_f.wav,LocalData/93217544/0000/64/64a96b63,3626566902091196755,164,sfx/SE_M18193_f__6e4506fc_3626566902091196755.wav,1328008,98382a250b9a116bfab2ff12c267a095114ee1364ec1a94a0d01078d27b98545,2,48000,6.9165,UnityPy AudioClip.samples,exported,
sfx,SE_M15527_e,SE_M15527_e.wav,LocalData/93217544/0000/64/64b6a01a,-5391781683431915356,164,sfx/SE_M15527_e__66b65123_-5391781683431915356.wav,511808,f8275c806c0d6c42539742d137e9ae9977a836ebb2b014657930415b4fa3a9cd,2,48000,2.6654,UnityPy AudioClip.samples,exported,
sfx,SE_TDY_COMP_FADEIN,SE_TDY_COMP_FADEIN.wav,LocalData/93217544/0000/64/64bb4123,-7642023223902858064,172,sfx/SE_TDY_COMP_FADEIN__92f41bf2_-7642023223902858064.wav,588316,f67ebca7e11024b515272620b3030da19209f11c031b7d8e9aa2bf03853511fb,2,48000,3.0639,UnityPy AudioClip.samples,exported,
sfx,SE_FIELD_MAT001_PHASE1_P,SE_FIELD_MAT001_PHASE1_P.wav,LocalData/93217544/0000/65/65116b6c,-1406504692691283823,176,sfx/SE_FIELD_MAT001_PHASE1_P__44f11124_-1406504692691283823.wav,544252,451a6c37346285d876ab6408820c666d8c19a2a9d9e97361964f4852b8939754,2,48000,2.8344,UnityPy AudioClip.samples,exported,
sfx,SE_M09647_d1,SE_M09647_d1.wav,LocalData/93217544/0000/65/651f7cc8,-6863564077063358233,164,sfx/SE_M09647_d1__bd39fbe3_-6863564077063358233.wav,304840,535bb31f484326a36112713f74712051ed22f076254063a146c5ab837d34387f,2,48000,1.5875,UnityPy AudioClip.samples,exported,
sfx,SE_M18193_d1,SE_M18193_d1.wav,LocalData/93217544/0000/65/653514bc,7641895497969525834,164,sfx/SE_M18193_d1__84d59f31_7641895497969525834.wav,762504,bfb9c2ae8c6b76711e19c6a94415fbf48824188221bb6f2f69a8c5896cb6b8ea,2,48000,3.9711,UnityPy AudioClip.samples,exported,
sfx,SE_M12441_e,SE_M12441_e.wav,LocalData/93217544/0000/65/65359a7c,4071496611657826072,164,sfx/SE_M12441_e__c365b4f8_4071496611657826072.wav,462136,0834dce05ce0323e7cb86f8bc65e9bec939f8ab7986f8f0f5342bb7f4705e1fb,2,48000,2.4067,UnityPy AudioClip.samples,exported,
music,BGM_DUEL_KEYCARD_09,BGM_DUEL_KEYCARD_09.wav,LocalData/93217544/0000/65/6565ee6a,-4260384816522150177,172,music/BGM_DUEL_KEYCARD_09__eec18eeb_-4260384816522150177.wav,16142332,e90f59a61bbf337326727bae063dcbaceed219b59811c2972098bdf9c8967410,2,48000,84.0744,UnityPy AudioClip.samples,exported,
sfx,SE_M13011_i,SE_M13011_i.wav,LocalData/93217544/0000/65/65815300,3099666823249618363,164,sfx/SE_M13011_i__1a801d84_3099666823249618363.wav,775964,b2e1f9c06bc9699c4465833a9f8542fedaf51d0e2f9c80a5cd99212e538f7fd0,2,48000,4.0412,UnityPy AudioClip.samples,exported,
sfx,SE_PACKOPEN_CARD_SR,SE_PACKOPEN_CARD_SR.wav,LocalData/93217544/0000/65/658cb35d,8470663577584438578,172,sfx/SE_PACKOPEN_CARD_SR__f897be6f_8470663577584438578.wav,333484,057d4018d881fc2ed086b5f0e578c3daf53f4fcec2dab61d916095742809e0eb,2,48000,1.7367,UnityPy AudioClip.samples,exported,
music,BGM_DUEL_NORMAL_14,BGM_DUEL_NORMAL_14.wav,LocalData/93217544/0000/65/65a15e47,-5436692886940889714,172,music/BGM_DUEL_NORMAL_14__0af3a456_-5436692886940889714.wav,19685420,5b85586128e6a3eab8964235c05ba299da320d082235189ca7bcfc900f52bdd8,2,48000,102.5280,UnityPy AudioClip.samples,exported,
sfx,SE_EV_EF03408_v2,SE_EV_EF03408_v2.wav,LocalData/93217544/0000/65/65a2d169,-8520489717921941076,168,sfx/SE_EV_EF03408_v2__2942f688_-8520489717921941076.wav,764140,22657fdd055e2baf9fb29bf81239110a4e6d786ff84f820ac4b25545e4329c30,2,48000,3.9797,UnityPy AudioClip.samples,exported,
sfx,SE_M13587_e_oneshot,SE_M13587_e_oneshot.wav,LocalData/93217544/0000/65/65b1bf00,6795718496955948451,172,sfx/SE_M13587_e_oneshot__f2cb4116_6795718496955948451.wav,734592,68f74d6ec4885a2dd945a9ff387268798e7e985275de1e7daae876a331ea523f,2,48000,3.8258,UnityPy AudioClip.samples,exported,
sfx,SE_M11765_a2,SE_M11765_a2.wav,LocalData/93217544/0000/65/65b1df80,4172925714087847855,164,sfx/SE_M11765_a2__c8354d15_4172925714087847855.wav,186796,1ab9012d3236985b6f799459ea8f7809d16072bbb926d5f57c0d790edc56a2bf,2,48000,0.9727,UnityPy AudioClip.samples,exported,
sfx,SE_1ST_PACK_OP,SE_1ST_PACK_OP.wav,LocalData/93217544/0000/65/65cce2c0,6771981755968143185,168,sfx/SE_1ST_PACK_OP__a6825fec_6771981755968143185.wav,302984,f7e96bdc7a300ca481d268a2e4e22c8c4e7de0fc29ec06d636467129548b4b85,2,48000,1.5778,UnityPy AudioClip.samples,exported,
music,BGM_SOLO_GATE078_02,BGM_SOLO_GATE078_02.wav,LocalData/93217544/0000/66/661a314c,2463530317489336428,172,music/BGM_SOLO_GATE078_02__97e855a3_2463530317489336428.wav,15673388,7b06e26bd37904c427f40851b20cddccef67d0908f8dfd6209498f99f9d5fb6d,2,48000,81.6320,UnityPy AudioClip.samples,exported,
sfx,SE_M17452_c,SE_M17452_c.wav,LocalData/93217544/0000/66/666177c6,-4167343527443932201,164,sfx/SE_M17452_c__a906e4fc_-4167343527443932201.wav,380620,63a34c3305b4614d50645cf853a5d2e5052cc9424affdbb7f8476e7f2bf68ecd,2,48000,1.9822,UnityPy AudioClip.samples,exported,
sfx,SE_M09647_f_lp02,SE_M09647_f_lp02.wav,LocalData/93217544/0000/66/668e3c37,-8907719073780425540,168,sfx/SE_M09647_f_lp02__29754d7f_-8907719073780425540.wav,296232,62e71ebaeaf5c74a80ede03d6393d97df04a600dc6d81119d65ceb6a1fe4446b,2,48000,1.5426,UnityPy AudioClip.samples,exported,
sfx,SE_FIELD_MAT001_PHASE3_P,SE_FIELD_MAT001_PHASE3_P.wav,LocalData/93217544/0000/66/6695bf02,4479258206870123294,176,sfx/SE_FIELD_MAT001_PHASE3_P__005493c3_4479258206870123294.wav,732100,e4553fa6b3ef4b0be2c1f0376c3876c7a2e1e44eab3c70ada32c43aa49940267,2,48000,3.8128,UnityPy AudioClip.samples,exported,
sfx,SE_M15702_d1,SE_M15702_d1.wav,LocalData/93217544/0000/67/67179375,2113338258936021249,164,sfx/SE_M15702_d1__b6d51510_2113338258936021249.wav,716848,b7c1f440ef353e15ddbbe83a73b8e30ebf9375b96ab0fe69e68b33a482a5dea7,2,48000,3.7334,UnityPy AudioClip.samples,exported,
sfx,SE_FIELD_MAT003_PHASE4_P,SE_FIELD_MAT003_PHASE4_P.wav,LocalData/93217544/0000/67/672f79ba,-7910333518718792708,176,sfx/SE_FIELD_MAT003_PHASE4_P__dfeeff0c_-7910333518718792708.wav,1063756,8216c6aeda82f27fc9b35ac54ae0325c322751f83b9eef2902f2ebfc0cee1283,2,48000,5.5402,UnityPy AudioClip.samples,exported,
sfx,SE_SOLO_STOP_MONSTER,SE_SOLO_STOP_MONSTER.wav,LocalData/93217544/0000/67/67540238,-3109310685068784677,172,sfx/SE_SOLO_STOP_MONSTER__ae5d97f5_-3109310685068784677.wav,876616,24ef8ad98e635471cef54222454fd9a6e149e52e635c5e55e3ef62055b0e9612,2,44100,4.9692,UnityPy AudioClip.samples,exported,
sfx,SE_FIELD_MAT001_PHASE2_P,SE_FIELD_MAT001_PHASE2_P.wav,LocalData/93217544/0000/67/6757d535,5342909667116961851,176,sfx/SE_FIELD_MAT001_PHASE2_P__e0ef00c6_5342909667116961851.wav,623676,0e7e020bbb35fa2a985188b732d9806281397d671390e0786d93a34ea5f081e5,2,48000,3.2481,UnityPy AudioClip.samples,exported,
sfx,SE_M08092_e,SE_M08092_e.wav,LocalData/93217544/0000/67/677572ea,-1494134987059229314,164,sfx/SE_M08092_e__459b0371_-1494134987059229314.wav,751268,5c69ff2d1542d745324285093998c3a30241b101dc8e1fbbbf7a52706af1099a,2,48000,3.9126,UnityPy AudioClip.samples,exported,
sfx,SE_DR_CARDPLUS,SE_DR_CARDPLUS.wav,LocalData/93217544/0000/67/6799b618,7880645292398417176,168,sfx/SE_DR_CARDPLUS__c5da128d_7880645292398417176.wav,392040,92e06899c78494fed6f7ada725dbe2ed2ab6a50544880837907fbcea4e6fa6ff,2,48000,2.0416,UnityPy AudioClip.samples,exported,
sfx,SE_M13346_h,SE_M13346_h.wav,LocalData/93217544/0000/67/67b7fff1,-7903621951121879799,164,sfx/SE_M13346_h__7453c015_-7903621951121879799.wav,275396,604f01f886e17cd7ad63f21b8886d786bf633030469b2b739a84d419ac61a652,2,48000,1.4341,UnityPy AudioClip.samples,exported,
sfx,SE_M15527_d1,SE_M15527_d1.wav,LocalData/93217544/0000/67/67c1912c,319598557042444937,164,sfx/SE_M15527_d1__881f434b_319598557042444937.wav,530768,507bcf9782059530cacc69a9b001db659eaf59a43a48fc763d07f0d672e041d7,2,48000,2.7642,UnityPy AudioClip.samples,exported,
music,BGM_SOLO_09,BGM_SOLO_09.wav,LocalData/93217544/0000/67/67c1cb9f,-3929503727080982319,164,music/BGM_SOLO_09__7036e721_-3929503727080982319.wav,16367660,86523c8dffd554f95f48eedad1322201625b1af1c4d6327234c66fb4917a22c5,2,48000,85.2480,UnityPy AudioClip.samples,exported,
sfx,SE_FIELD_MAT007_PHASE1_P,SE_FIELD_MAT007_PHASE1_P.wav,LocalData/93217544/0000/68/680f1b2b,-5467156986278368786,176,sfx/SE_FIELD_MAT007_PHASE1_P__0cf34a6c_-5467156986278368786.wav,541380,6d0797b84ac63569b6ead77465cd0d04c615f8850a11ccd0a24278e4790d177b,2,48000,2.8195,UnityPy AudioClip.samples,exported,
sfx,SE_M04043_h2,SE_M04043_h2.wav,LocalData/93217544/0000/68/684f77f4,-4618367439884479394,164,sfx/SE_M04043_h2__2eee6970_-4618367439884479394.wav,579588,bbff7ac05fbba243f3fb4e544b0ce6a0ddc7a050956dab298b48cebcf46d8037,2,48000,3.0185,UnityPy AudioClip.samples,exported,
sfx,SE_M15726_d,SE_M15726_d.wav,LocalData/93217544/0000/68/68b3a9db,5448754246193851945,164,sfx/SE_M15726_d__79eddf25_5448754246193851945.wav,420540,8c14833ace0d3f359812793252194ef02c597236cf79bb691d3290c4d3a2aef9,2,48000,2.1901,UnityPy AudioClip.samples,exported,
sfx,SE_M13658_d1,SE_M13658_d1.wav,LocalData/93217544/0000/68/68c61afe,-668851936368487590,164,sfx/SE_M13658_d1__d3cc9ea4_-668851936368487590.wav,820936,7863f095ac96d5993aba816cd7042a56f32db0a515d0236e88b949fff50cdd4c,2,48000,4.2755,UnityPy AudioClip.samples,exported,
music,BGM_SOLO_01,BGM_SOLO_01.wav,LocalData/93217544/0000/69/691a43ad,-8575729918468316518,164,music/BGM_SOLO_01__ddf698f1_-8575729918468316518.wav,13564508,00a0b4f89cb6eb941f9c6c2e374fa04bd8f1eedf838b61b825652a024b8d97fc,2,48000,70.6483,UnityPy AudioClip.samples,exported,
sfx,SE_M13060_f,SE_M13060_f.wav,LocalData/93217544/0000/69/692b1c1f,-257382436722152169,164,sfx/SE_M13060_f__6d53c53c_-257382436722152169.wav,1275200,e8a554c3d9a91e87dde590c37142f1bd1891c5bdc6c0fa18796717d529a43bf5,2,48000,6.6414,UnityPy AudioClip.samples,exported,
sfx,SE_SOLO_3S_CUTIN_4,SE_SOLO_3S_CUTIN_4.wav,LocalData/93217544/0000/69/6930326f,-7179094694769216697,172,sfx/SE_SOLO_3S_CUTIN_4__e932125c_-7179094694769216697.wav,1295864,f72ea6b59513245acee5ee2b0d2a8f33b2353814e41cbcf29256f8cc96eb7667,2,48000,6.7491,UnityPy AudioClip.samples,exported,
sfx,SE_M07188_d,SE_M07188_d.wav,LocalData/93217544/0000/69/696f3baa,-1140271029664412729,164,sfx/SE_M07188_d__c9d69236_-1140271029664412729.wav,217304,9d7d86bad6712f91916ada3b56c959a1443bc3d9b494ae172aa1aed8a8a7a16b,2,48000,1.1316,UnityPy AudioClip.samples,exported,
sfx,SE_M15245_f,SE_M15245_f.wav,LocalData/93217544/0000/69/6970a602,2788161957419518935,164,sfx/SE_M15245_f__53faed7c_2788161957419518935.wav,620444,aa96681beed67320f64ffa90953dcfe1b84d0ccaf541eb15ed1c21086dbc4cc1,2,48000,3.2313,UnityPy AudioClip.samples,exported,
sfx,SE_FIELD_MAT005_TAP,SE_FIELD_MAT005_TAP.wav,LocalData/93217544/0000/69/69953c6e,7351175417771913099,172,sfx/SE_FIELD_MAT005_TAP__3a6490f1_7351175417771913099.wav,885760,5167680212bd5db170504828d9f449c38c31d59fedb258385e7cb72c3b5410d5,2,48000,4.6131,UnityPy AudioClip.samples,exported,
sfx,SE_M10747_f_lp02,SE_M10747_f_lp02.wav,LocalData/93217544/0000/69/69a425e3,7362243831185125904,168,sfx/SE_M10747_f_lp02__e030e82d_7362243831185125904.wav,438764,403a307b38c97d1ebf7d59f054cd66ed246bc4d15cbc6102b057b105147a2964,2,48000,2.2850,UnityPy AudioClip.samples,exported,
sfx,SE_FIELD_MAT006_PHASE1_R,SE_FIELD_MAT006_PHASE1_R.wav,LocalData/93217544/0000/69/69c31139,-40561755117971546,176,sfx/SE_FIELD_MAT006_PHASE1_R__37d406e7_-40561755117971546.wav,460844,c7067c5b45a2a6ce34111bbc0795a1684d2dc06600b877349d636b831a64d036,2,48000,2.4000,UnityPy AudioClip.samples,exported,
sfx,SE_M21965_g,SE_M21965_g.wav,LocalData/93217544/0000/69/69d73785,-2719259775056690192,164,sfx/SE_M21965_g__7b1fa94f_-2719259775056690192.wav,839208,7d6859ff6a79c8f6b6595cb08301fd80169141cadd13a4434a696612ef14cb71,2,48000,4.3706,UnityPy AudioClip.samples,exported,
sfx,SE_SOLO_DEGITAL_CARD_01_b,SE_SOLO_DEGITAL_CARD_01_b.wav,LocalData/93217544/0000/69/69ecdcb1,6389295352557325795,180,sfx/SE_SOLO_DEGITAL_CARD_01_b__2e25028b_6389295352557325795.wav,374528,62b10251cf3651ce104984acabe550edf547964c8d7890df59eae506f895c551,2,48000,1.9504,UnityPy AudioClip.samples,exported,
sfx,SE_M13144_i,SE_M13144_i.wav,LocalData/93217544/0000/69/69f44869,1175423757959512592,164,sfx/SE_M13144_i__cf989f03_1175423757959512592.wav,593788,0b3eeec3309abe7b02a9ba95dfa396c3ed39128c992d1aca361de4b8c597a1dc,2,48000,3.0924,UnityPy AudioClip.samples,exported,
sfx,SE_M04758_f_loop_v2,SE_M04758_f_loop_v2.wav,LocalData/93217544/0000/6a/6a2b7251,2989865263732849779,172,sfx/SE_M04758_f_loop_v2__d320ab3e_2989865263732849779.wav,508252,9abd76258f31c577526828b9f75d7d45525adf51cd621dc8c07e8f17dee7502d,2,48000,2.6469,UnityPy AudioClip.samples,exported,
sfx,SE_FIELD_MAT005_PHASE4_P,SE_FIELD_MAT005_PHASE4_P.wav,LocalData/93217544/0000/6a/6a3109fd,-5921869403816058535,176,sfx/SE_FIELD_MAT005_PHASE4_P__52af56ec_-5921869403816058535.wav,841016,36339cae971fc588365361ccd13b60c17369c7a0a5a10549e24f3d2054b046ff,2,48000,4.3801,UnityPy AudioClip.samples,exported,
sfx,SE_M15245_h2,SE_M15245_h2.wav,LocalData/93217544/0000/6a/6a318209,8474969128355261468,164,sfx/SE_M15245_h2__14db535e_8474969128355261468.wav,540396,74b6fb8eebf6b8ac91cd2ec63b703fb37535ec808c73752f4bc44968e745a60d,2,48000,2.8143,UnityPy AudioClip.samples,exported,
sfx,SE_FIELD_MAT006_PHASE3_R,SE_FIELD_MAT006_PHASE3_R.wav,LocalData/93217544/0000/6a/6a47c557,6771553800170769793,176,sfx/SE_FIELD_MAT006_PHASE3_R__89d3a9ce_6771553800170769793.wav,697644,9a2ed1187b0907a28655db237248fd856fe2502a6c82c5fa98ae434bef455847,2,48000,3.6333,UnityPy AudioClip.samples,exported,
sfx,SE_FIELD_MAT007_PHASE2_P,SE_FIELD_MAT007_PHASE2_P.wav,LocalData/93217544/0000/6a/6a49a572,7937264007628751352,176,sfx/SE_FIELD_MAT007_PHASE2_P__67e979d4_7937264007628751352.wav,597792,373663d2fd3e6ac4a4dbe02a86dd0ff77be82b997de191b89b236b3a9904dbcc,2,48000,3.1133,UnityPy AudioClip.samples,exported,
sfx,SE_M13658_i,SE_M13658_i.wav,LocalData/93217544/0000/6a/6a720a78,754248614233433324,164,sfx/SE_M13658_i__b595f4c6_754248614233433324.wav,750252,1c47ea2e0e331b8fbf0184b2ad54bfde24f6d29591e8afc4018d00f6a2b663bc,2,48000,3.9073,UnityPy AudioClip.samples,exported,
sfx,SE_EV_EF21233_R,SE_EV_EF21233_R.wav,LocalData/93217544/0000/6a/6a963e10,-1957409920172736608,168,sfx/SE_EV_EF21233_R__16ab12cb_-1957409920172736608.wav,481468,67995afe6963a4c60f4fd15ea588a3fcefd2288a01a26074c817270129902fee,2,48000,2.5074,UnityPy AudioClip.samples,exported,
sfx,SE_M07552_h,SE_M07552_h.wav,LocalData/93217544/0000/6a/6aa48c4a,-6728320238791793128,164,sfx/SE_M07552_h__3c004f2e_-6728320238791793128.wav,1091844,d6a279607d5ad8826e2428ca541e2bf18324e9e326c8e4c499ae39ad59a044df,2,48000,5.6865,UnityPy AudioClip.samples,exported,
sfx,SE_M12642_d,SE_M12642_d.wav,LocalData/93217544/0000/6a/6ab447d3,-9001182635448078094,164,sfx/SE_M12642_d__137fe385_-9001182635448078094.wav,391664,7ce3260afcf8fc3cae2018fade98ce61bf028f9b67fc5b967b8713e3780b9a80,2,48000,2.0397,UnityPy AudioClip.samples,exported,
sfx,SE_SOLO_HIKARI_01,SE_SOLO_HIKARI_01.wav,LocalData/93217544/0000/6b/6b001c0b,2425175547316815395,172,sfx/SE_SOLO_HIKARI_01__6f7b27d1_2425175547316815395.wav,1065004,000259ab6f21b027dcfdd10265caa27bf4220a8bf9eeca58446aa49ee0ba311b,2,48000,5.5467,UnityPy AudioClip.samples,exported,
sfx,SE_M09285_e,SE_M09285_e.wav,LocalData/93217544/0000/6b/6b1a83cf,-7586835399985606518,164,sfx/SE_M09285_e__550a9727_-7586835399985606518.wav,429436,87b3916800a1f89c436915f71cbe43343e9a7a4ac1f2ff66b48a3a1cc147191a,2,48000,2.2364,UnityPy AudioClip.samples,exported,
sfx,SE_FUKUBIKI_ROLL,SE_FUKUBIKI_ROLL.wav,LocalData/93217544/0000/6b/6b1df1e8,-9103690807030469391,168,sfx/SE_FUKUBIKI_ROLL__34c42fe3_-9103690807030469391.wav,587252,fad833ef34007920a7df6937e7b07f8e1ace639fe7fefe1e33b2bc50fb93de1d,2,48000,3.0584,UnityPy AudioClip.samples,exported,
sfx,SE_M13981_d,SE_M13981_d.wav,LocalData/93217544/0000/6b/6b280246,-2971515720808738721,164,sfx/SE_M13981_d__9de1564b_-2971515720808738721.wav,342532,cc8737da496a01aab35b7f6f12aa95c9a2d8c5c34fcf46b20a0151963ee10766,2,48000,1.7838,UnityPy AudioClip.samples,exported,
sfx,SE_M04007_e,SE_M04007_e.wav,LocalData/93217544/0000/6b/6b743ff0,-6352254402889920921,164,sfx/SE_M04007_e__6a5d8cc1_-6352254402889920921.wav,480116,6002e98320c0f516d51ee75cc3eb502c66f3112e8aece9138490b28c442a65b8,2,48000,2.5004,UnityPy AudioClip.samples,exported,
sfx,SE_M19188_c,SE_M19188_c.wav,LocalData/93217544/0000/6b/6b76c4cd,2878252982470582477,164,sfx/SE_M19188_c__44caf109_2878252982470582477.wav,627244,db7c00daa569ab1a030edfef781c060f683974c2cba7d6708713df6d70969b5c,2,48000,3.2667,UnityPy AudioClip.samples,exported,
sfx,SE_FIELD_MAT006_PHASE2_R,SE_FIELD_MAT006_PHASE2_R.wav,LocalData/93217544/0000/6b/6b85af60,4836604413503189957,176,sfx/SE_FIELD_MAT006_PHASE2_R__ac7869a5_4836604413503189957.wav,601644,1b44c4d12dcc1b933f17a2d3a8d2208f6960497ee2d73dcfd224a34bdd5d039c,2,48000,3.1333,UnityPy AudioClip.samples,exported,
sfx,SE_FIELD_MAT007_PHASE3_P,SE_FIELD_MAT007_PHASE3_P.wav,LocalData/93217544/0000/6b/6b8bcf45,-565424118588565333,176,sfx/SE_FIELD_MAT007_PHASE3_P__a008cdb2_-565424118588565333.wav,676288,f7659a9062c257797d0c937f19d835aee1fd52ce81f562ee03206c6868e715e8,2,48000,3.5221,UnityPy AudioClip.samples,exported,
music,BGM_DUEL_EX_05_CLIMAX,BGM_DUEL_EX_05_CLIMAX.wav,LocalData/93217544/0000/6b/6b8f4515,-2688318545792498243,176,music/BGM_DUEL_EX_05_CLIMAX__d4cc59a7_-2688318545792498243.wav,25264172,c06c0867a45895e07a7c3ab672b0aa831648f72b6eca44d9bc5cb710aa59cfe9,2,48000,131.5840,UnityPy AudioClip.samples,exported,
music,BGM_DUEL_KEYCARD_01,BGM_DUEL_KEYCARD_01.wav,LocalData/93217544/0000/6b/6bbe6658,-8242058814872131823,172,music/BGM_DUEL_KEYCARD_01__caa7f781_-8242058814872131823.wav,25922716,30954575b891e3d7346bf2faedd09fe6f789b49b5ea9c7ebdb1926972c7849de,2,48000,135.0139,UnityPy AudioClip.samples,exported,
sfx,SE_V00014_e,SE_V00014_e.wav,LocalData/93217544/0000/6b/6bce89a7,1309599688744712421,164,sfx/SE_V00014_e__69b16a75_1309599688744712421.wav,438836,b37b037f9a457e1718f3a2ac7fbb6d78088aab7200d290bf7416e49309a9b1e6,2,48000,2.2854,UnityPy AudioClip.samples,exported,
sfx,SE_M10747_e,SE_M10747_e.wav,LocalData/93217544/0000/6b/6bd03d15,5388388800921365961,164,sfx/SE_M10747_e__2fb151d9_5388388800921365961.wav,509100,870c3a141c329ac70f77f4158f662077c2f495572c4d2ac577610adfeb4b5c39,2,48000,2.6513,UnityPy AudioClip.samples,exported,
sfx,SE_FIELD_MAT045_OP_01,SE_FIELD_MAT045_OP_01.wav,LocalData/93217544/0000/6b/6bd3a8a3,1032432954006653924,176,sfx/SE_FIELD_MAT045_OP_01__0a6f9989_1032432954006653924.wav,2121012,f879f2f1f4f368e269a7ac95248f7d4579e7ae0caeebf6c5d520f913b65c0a7f,2,48000,11.0467,UnityPy AudioClip.samples,exported,
sfx,SE_FIELD_MAT004_PHASE4_R,SE_FIELD_MAT004_PHASE4_R.wav,LocalData/93217544/0000/6b/6bfd03ef,865008052961258471,176,sfx/SE_FIELD_MAT004_PHASE4_R__d70bb0d4_865008052961258471.wav,890888,301508ba9225f71383264488672a87f0e6f300a41a3dbfe40182cb803338f12f,2,48000,4.6398,UnityPy AudioClip.samples,exported,
sfx,SE_M12642_f_1,SE_M12642_f_1.wav,LocalData/93217544/0000/6c/6c0daf6b,2096037616188138183,168,sfx/SE_M12642_f_1__956ac5db_2096037616188138183.wav,376348,1ea5230209c4360c037f617c1bdcc1c1a14b31a7bbb9d6436848e43d8b43dc3b,2,48000,1.9599,UnityPy AudioClip.samples,exported,
sfx,SE_M19188_g,SE_M19188_g.wav,LocalData/93217544/0000/6c/6c1b00d4,5713218814666867573,164,sfx/SE_M19188_g__c3b1f146_5713218814666867573.wav,889648,0ada895ff160e798de3f54cccbb49caa54db443a4c5e62d43bf9a705f6d77c1a,2,48000,4.6334,UnityPy AudioClip.samples,exported,
sfx,SE_M13011_e,SE_M13011_e.wav,LocalData/93217544/0000/6c/6c371f2b,-9130943453370267507,164,sfx/SE_M13011_e__6160ddf9_-9130943453370267507.wav,485740,d8b6fa3c10fbf0a80d0d7eff76712e679b1d392ef5e9993ad23c8b075999ecb6,2,48000,2.5297,UnityPy AudioClip.samples,exported,
sfx,SE_LOT_SHEET_SET,SE_LOT_SHEET_SET.wav,LocalData/93217544/0000/6c/6c6caea3,2892595461387253439,168,sfx/SE_LOT_SHEET_SET__43b4cead_2892595461387253439.wav,246448,7267d628cf5a34a3de5305bc480914fad7372d54c1d1b7b780ac63340d0ab0cf,2,48000,1.2834,UnityPy AudioClip.samples,exported,
sfx,SE_PACK_SECRET_KEY_COUNT,SE_PACK_SECRET_KEY_COUNT.wav,LocalData/93217544/0000/6c/6c6dc40b,-7711801916099925398,176,sfx/SE_PACK_SECRET_KEY_COUNT__ffe0fb1f_-7711801916099925398.wav,253488,2a163c08635ae65de957a624834844cf065402c5a16c363b0d368d8bd3fcf8a1,2,48000,1.3200,UnityPy AudioClip.samples,exported,
sfx,SE_MONSTERATTACK_BE_02,SE_MONSTERATTACK_BE_02.wav,LocalData/93217544/0000/6c/6c6f6cdc,640487051010430336,176,sfx/SE_MONSTERATTACK_BE_02__478339af_640487051010430336.wav,1146220,75c2544f68b2441140d6eff8ea2f4a017487a763632eb5bd7f0fe580163cd79e,2,48000,5.9697,UnityPy AudioClip.samples,exported,
sfx,SE_M12441_i,SE_M12441_i.wav,LocalData/93217544/0000/6c/6c83d657,-6230488833425937002,164,sfx/SE_M12441_i__61316830_-6230488833425937002.wav,1331136,5a057a2d71a370e77b596acccc60faf9ba4ac6f6c94692d1bc0dad5195e25d97,2,48000,6.9328,UnityPy AudioClip.samples,exported,
sfx,SE_M04044_h1,SE_M04044_h1.wav,LocalData/93217544/0000/6c/6c911ef7,7732667008363521346,164,sfx/SE_M04044_h1__a252c10b_7732667008363521346.wav,749132,2bc3fbec0f236a81d58610b2d2e16b0e7731275919773c9036b0aa8857f5e1d8,2,48000,3.9015,UnityPy AudioClip.samples,exported,
sfx,SE_V00010_e,SE_V00010_e.wav,LocalData/93217544/0000/6c/6cc7217b,7449514362252433314,164,sfx/SE_V00010_e__e41c2c36_7449514362252433314.wav,377952,5b93c15b0cbcf7b2b525a19e51fb717f5451764459ce4432f7ebace9e39e2f37,2,48000,1.9683,UnityPy AudioClip.samples,exported,
music,BGM_DUEL_KEYCARD_05,BGM_DUEL_KEYCARD_05.wav,LocalData/93217544/0000/6c/6cd3a241,-6773184422144454914,172,music/BGM_DUEL_KEYCARD_05__f489a1c5_-6773184422144454914.wav,20985796,060339b7da2c690d6be93a2ace8b3a0ef81533556c87d858dfd3ebec17e6882a,2,48000,109.3008,UnityPy AudioClip.samples,exported,
sfx,SE_FIELD_MAT005_PHASE1_P,SE_FIELD_MAT005_PHASE1_P.wav,LocalData/93217544/0000/6c/6cfacb16,-7516046459384349738,176,sfx/SE_FIELD_MAT005_PHASE1_P__c7496f72_-7516046459384349738.wav,655324,421ce6976c5ef3666a69b3036fc785b6962ad0c377d7970344e0d8d5f5885f6d,2,48000,3.4129,UnityPy AudioClip.samples,exported,
sfx,SE_M15527_i,SE_M15527_i.wav,LocalData/93217544/0000/6d/6d00ec31,-922918225463025685,164,sfx/SE_M15527_i__5c976905_-922918225463025685.wav,671168,547d8b5d648f7c1bc6dcd5f7a3f2131015c11f305e499e35508a28eb38070939,2,48000,3.4954,UnityPy AudioClip.samples,exported,
sfx,SE_V00011_e,SE_V00011_e.wav,LocalData/93217544/0000/6d/6d054b4c,-7651475963444660207,164,sfx/SE_V00011_e__66be87f3_-7651475963444660207.wav,256780,3f07591c28be30dfc1a77278a2a168fa8b789e3e0affbb4413594791b4c9f4ae,2,48000,1.3372,UnityPy AudioClip.samples,exported,
voice,V_GATE078_TITLECALL,V_GATE078_TITLECALL.wav,LocalData/93217544/0000/6d/6d174ad9,-8394744554484325746,172,voice/V_GATE078_TITLECALL__8c37ea1d_-8394744554484325746.wav,377600,aa0dd309f627408f89f78289504039db4be2ecd826ea323f7cbab1c1bab93328,1,48000,3.9329,UnityPy AudioClip.samples,exported,
sfx,SE_M18193_j,SE_M18193_j.wav,LocalData/93217544/0000/6d/6d1f2748,-2310356490529483514,164,sfx/SE_M18193_j__69dd6740_-2310356490529483514.wav,969032,0fca6b7d8e991df55460f92e99c3916c06e6b5b0071ad97223ab5f91d8a38a70,2,48000,5.0468,UnityPy AudioClip.samples,exported,
sfx,SE_FIELD_MAT004_PHASE1_R,SE_FIELD_MAT004_PHASE1_R.wav,LocalData/93217544/0000/6d/6d36c104,-2281703207509499301,176,sfx/SE_FIELD_MAT004_PHASE1_R__0fb54720_-2281703207509499301.wav,575248,927537665ba2733b526df0708af0876f3cdff51f44506ea5ae900be0e79beae2,2,48000,2.9959,UnityPy AudioClip.samples,exported,
sfx,SE_SOLO_GATE078_M_MOVE_03,SE_SOLO_GATE078_M_MOVE_03.wav,LocalData/93217544/0000/6d/6d783c94,5012277497208711211,180,sfx/SE_SOLO_GATE078_M_MOVE_03__dd6b2471_5012277497208711211.wav,129860,88f791c7e2d51dff94c3914c9bab720365df3ca7fb4830cd2ec4ccaffb4c988d,2,48000,0.6761,UnityPy AudioClip.samples,exported,
sfx,SE_M04844_c_lp02,SE_M04844_c_lp02.wav,LocalData/93217544/0000/6d/6d91d7d3,-6963675021774989975,168,sfx/SE_M04844_c_lp02__eafd918a_-6963675021774989975.wav,460060,7a4a261c1ee5d3cdfe76462a45c52a8e03215bfec698840980eba3eca40d47d4,2,48000,2.3959,UnityPy AudioClip.samples,exported,
sfx,SE_M17069_i,SE_M17069_i.wav,LocalData/93217544/0000/6d/6dd47817,4667728270140342295,164,sfx/SE_M17069_i__9255ce9f_4667728270140342295.wav,1223336,f20dbce42e89ecec84cda09b98ca4ef9ffba16b1eef5a0d03b4425eb0a2f0c49,2,48000,6.3713,UnityPy AudioClip.samples,exported,
sfx,SE_M13346_d,SE_M13346_d.wav,LocalData/93217544/0000/6e/6e01b3da,-8266492702294677002,164,sfx/SE_M13346_d__87b4a87e_-8266492702294677002.wav,280008,2aa36fb3945642d40e66c471b3085fceebdfd2d168cefad7b97253aff7e27b76,2,48000,1.4581,UnityPy AudioClip.samples,exported,
sfx,SE_EV_EF21235_R,SE_EV_EF21235_R.wav,LocalData/93217544/0000/6e/6e1b42a2,-1681396522182537589,168,sfx/SE_EV_EF21235_R__c3a43d47_-1681396522182537589.wav,543036,ceff191b5e7ea0acc13a31e24a0b84909a4c464ad1a52b1c12f51bc2b69cc45d,2,48000,2.8281,UnityPy AudioClip.samples,exported,
music,BGM_SOLO_05,BGM_SOLO_05.wav,LocalData/93217544/0000/6e/6e7787b4,-4157916485652863755,164,music/BGM_SOLO_05__4819315c_-4157916485652863755.wav,11917868,722823750c7c65621ab16e4772fdc6c8648ea2e9caa7f55cb7ded35e23455a99,2,48000,62.0720,UnityPy AudioClip.samples,exported,
sfx,SE_M21965_f_loop_a,SE_M21965_f_loop_a.wav,LocalData/93217544/0000/6e/6e871fd3,1287505800121469317,172,sfx/SE_M21965_f_loop_a__1912aaee_1287505800121469317.wav,405700,bedd9523958d6ac061fd2a134bfd3589d9b14176d11a032f36d621a3117b03d6,2,48000,2.1128,UnityPy AudioClip.samples,exported,
sfx,SE_FIELD_MAT004_PHASE3_R,SE_FIELD_MAT004_PHASE3_R.wav,LocalData/93217544/0000/6e/6eb2156a,-4716714990730646812,176,sfx/SE_FIELD_MAT004_PHASE3_R__cc5adc2d_-4716714990730646812.wav,723084,6a8a6a32423fbcc4f7d7297258543cd79e37bfe9e97e461fec2fc0ae197c0d19,2,48000,3.7658,UnityPy AudioClip.samples,exported,
sfx,SE_M21965_c,SE_M21965_c.wav,LocalData/93217544/0000/6e/6ebaf39c,4574607154309078539,164,sfx/SE_M21965_c__b83e1e15_4574607154309078539.wav,694940,51c63bc94ace0aa59a5a4c98a2f0632977a3c8a2fe236ba0bdd0c90c91288eac,2,48000,3.6193,UnityPy AudioClip.samples,exported,
sfx,SE_FIELD_MAT005_PHASE2_P,SE_FIELD_MAT005_PHASE2_P.wav,LocalData/93217544/0000/6e/6ebc754f,-3190366189355144867,176,sfx/SE_FIELD_MAT005_PHASE2_P__65d1f36b_-3190366189355144867.wav,797916,e47251ea434b152e0679f8780fea00eed6d0dc76b4cf48e9d23f2d25ba273038,2,48000,4.1556,UnityPy AudioClip.samples,exported,
sfx,SE_M08092_i,SE_M08092_i.wav,LocalData/93217544/0000/6e/6ec33ec1,-1941362427049549592,164,sfx/SE_M08092_i__33e1227c_-1941362427049549592.wav,1253420,37d01000270049a7e7183229d5584eb5d861208b7e9eeade92128bd3aeb1b5a4,2,48000,6.5280,UnityPy AudioClip.samples,exported,
sfx,SE_FIELD_MAT007_PHASE4_P,SE_FIELD_MAT007_PHASE4_P.wav,LocalData/93217544/0000/6e/6ec4d9c0,-1223498637906372943,176,sfx/SE_FIELD_MAT007_PHASE4_P__2e9f2d5e_-1223498637906372943.wav,551404,57960396e80f98f3cd78d91a6dd779b2e5c7e64a8cf9eae412d2d70c41c546c5,2,48000,2.8717,UnityPy AudioClip.samples,exported,
sfx,SE_FIELD_MAT018_TAP_P,SE_FIELD_MAT018_TAP_P.wav,LocalData/93217544/0000/6e/6efd30f5,-1618216686473544422,176,sfx/SE_FIELD_MAT018_TAP_P__9e4a4dff_-1618216686473544422.wav,610692,82c1fff1efed1e0ba2042124ae8e559f5e29e13f24ce681638a334e6fa1d7849,2,48000,3.1805,UnityPy AudioClip.samples,exported,
sfx,SE_FIELD_MAT006_PHASE4_R,SE_FIELD_MAT006_PHASE4_R.wav,LocalData/93217544/0000/6f/6f08d3d2,8509383100341296125,176,sfx/SE_FIELD_MAT006_PHASE4_R__a746cf88_8509383100341296125.wav,578924,16d6292be424be8d1804ba6b23bf587344739fbe60ac555af24a374523ab603b,2,48000,3.0150,UnityPy AudioClip.samples,exported,
sfx,SE_M13671_d1,SE_M13671_d1.wav,LocalData/93217544/0000/6f/6f0e0614,1786176137224261440,164,sfx/SE_M13671_d1__98aea8d7_1786176137224261440.wav,677952,f403c33ebc3e62ffd6cda363500248ec927ee16f5794140e7a91706f590fabb1,2,48000,3.5308,UnityPy AudioClip.samples,exported,
sfx,SE_FIELD_MAT043_OP_01,SE_FIELD_MAT043_OP_01.wav,LocalData/93217544/0000/6f/6f14ca60,8168363723606085542,176,sfx/SE_FIELD_MAT043_OP_01__6697bafc_8168363723606085542.wav,1136456,40804eb2ab474533bb49e355ee7203be7a330d914790b7f145eeef1e4c80fcad,2,48000,5.9188,UnityPy AudioClip.samples,exported,
sfx,SE_V00012_e,SE_V00012_e.wav,LocalData/93217544/0000/6f/6f43f515,7091065430067731592,164,sfx/SE_V00012_e__c949b521_7091065430067731592.wav,795788,76a74a7ac5119b6496ad1e01988a043960522f2259e416949719229a02703083,2,48000,4.1445,UnityPy AudioClip.samples,exported,
sfx,SE_FIELD_MAT004_PHASE2_R,SE_FIELD_MAT004_PHASE2_R.wav,LocalData/93217544/0000/6f/6f707f5d,-6917031750168882246,176,sfx/SE_FIELD_MAT004_PHASE2_R__b2aa8805_-6917031750168882246.wav,592864,19be80993a607a5c2748bec0245e125423e4216a5268f7295317f6a06fe3d3df,2,48000,3.0876,UnityPy AudioClip.samples,exported,
sfx,SE_FIELD_MAT005_PHASE3_P,SE_FIELD_MAT005_PHASE3_P.wav,LocalData/93217544/0000/6f/6f7e1f78,5576286166654366977,176,sfx/SE_FIELD_MAT005_PHASE3_P__27211884_5576286166654366977.wav,838504,72439744ccd2bf420f367be54bf3591f157dc35e6970aabd2f512f423de44aae,2,48000,4.3670,UnityPy AudioClip.samples,exported,
sfx,SE_M12441_h1,SE_M12441_h1.wav,LocalData/93217544/0000/6f/6fa49977,9028114372721151742,164,sfx/SE_M12441_h1__e9ade334_9028114372721151742.wav,562376,a38e41bfa1918379dcdc4f267ec64ddc3c9cc3f9416d4c66c993913910edef34,2,48000,2.9288,UnityPy AudioClip.samples,exported,
sfx,SE_FIELD_MAT025_TAP_R,SE_FIELD_MAT025_TAP_R.wav,LocalData/93217544/0000/6f/6fab37fa,-6528493894648882213,176,sfx/SE_FIELD_MAT025_TAP_R__ad61b9dd_-6528493894648882213.wav,792668,1cdca3e46ee3d4e05f7f12641619585ddd9d72cfcd36f92d1f1af5619381c457,2,48000,4.1283,UnityPy AudioClip.samples,exported,
music,BGM_SOLO_11,BGM_SOLO_11.wav,LocalData/93217544/0000/70/700172ec,-506734914954072959,164,music/BGM_SOLO_11__31b210de_-506734914954072959.wav,20441132,df17325b2ed3dc31d2e8fc33062fdfe2171b71cb9a703362d0db04e87e7403bb,2,48000,106.4640,UnityPy AudioClip.samples,exported,
sfx,SE_FIELD_MAT009_PHASE4_P,SE_FIELD_MAT009_PHASE4_P.wav,LocalData/93217544/0000/70/700de973,-1746843683028761191,176,sfx/SE_FIELD_MAT009_PHASE4_P__b9c46cfd_-1746843683028761191.wav,1043244,176e07e62056691811cad8c14e161be98f32f70440132c9544f0de225dbd4b40,2,48000,5.4333,UnityPy AudioClip.samples,exported,
sfx,SE_M07188_f_lp01,SE_M07188_f_lp01.wav,LocalData/93217544/0000/70/7039bc4a,-6414968765336657491,168,sfx/SE_M07188_f_lp01__701b829c_-6414968765336657491.wav,394788,a5ccde56fc112a2efab7227df2762b9c4fda9f8493441e93fa9352a4cb6a54c7,2,48000,2.0560,UnityPy AudioClip.samples,exported,
sfx,SE_M06653_c,SE_M06653_c.wav,LocalData/93217544/0000/70/70489680,6873052821816710262,164,sfx/SE_M06653_c__663a318c_6873052821816710262.wav,544140,59e82f44613256271a7dd7485ebd5d91254fc840709c1f881274c9d040b15386,2,48000,2.8338,UnityPy AudioClip.samples,exported,
sfx,SE_TDY_COMP_CUTLIGHT,SE_TDY_COMP_CUTLIGHT.wav,LocalData/93217544/0000/70/706bcd1f,-4527404009839662216,172,sfx/SE_TDY_COMP_CUTLIGHT__f24cd98a_-4527404009839662216.wav,536440,33b343a9a2bbb2e78c7d63d6f0b4f450e0d173b630fae4f88321ac2baa1a26a2,2,48000,2.7937,UnityPy AudioClip.samples,exported,
sfx,SE_M13029_e,SE_M13029_e.wav,LocalData/93217544/0000/70/7091e17d,-1880486298621120115,164,sfx/SE_M13029_e__f011b2d6_-1880486298621120115.wav,310808,df320e1c25743c31c206f526f198e32cc0fd3e07323f8783340cf6f1149cb2e7,2,48000,1.6186,UnityPy AudioClip.samples,exported,
sfx,SE_M14288_i,SE_M14288_i.wav,LocalData/93217544/0000/70/709d44dd,116459890137974017,164,sfx/SE_M14288_i__55e2e304_116459890137974017.wav,1459244,7ad7b40355b942a3b003a4bd86ed1a72dd572981c0e0979263699b77e7ecc8e7,2,48000,7.6000,UnityPy AudioClip.samples,exported,
sfx,SE_M19200_h,SE_M19200_h.wav,LocalData/93217544/0000/70/70a31ec2,5827760720866366704,164,sfx/SE_M19200_h__ec85a2f8_5827760720866366704.wav,513180,1cc816474cc37ebea8e3f766faf49c20705dae9de0f6b283acceab555e420be8,2,48000,2.6726,UnityPy AudioClip.samples,exported,
sfx,SE_M14240_h1_lp01,SE_M14240_h1_lp01.wav,LocalData/93217544/0000/70/70a5d2e0,-5796931234813091905,172,sfx/SE_M14240_h1_lp01__6595fa3e_-5796931234813091905.wav,620092,957fbaac0fc14f40ac252bbd0d967e6b480187315d9c9bac0cd0d60c673302fb,2,48000,3.2294,UnityPy AudioClip.samples,exported,
sfx,SE_SOLO_3S_DRONE,SE_SOLO_3S_DRONE.wav,LocalData/93217544/0000/71/712fd4ed,-5662866068870591322,168,sfx/SE_SOLO_3S_DRONE__21eab042_-5662866068870591322.wav,1545724,d799f2aa93deaf29ae9b25200d94757d2843539e39ea2a5a27cfc832485d452e,2,48000,8.0504,UnityPy AudioClip.samples,exported,
sfx,SE_SOLO_3S_NOISE_1,SE_SOLO_3S_NOISE_1.wav,LocalData/93217544/0000/71/71418df4,-27387061801839362,172,sfx/SE_SOLO_3S_NOISE_1__149d21bb_-27387061801839362.wav,528604,85908709c403e650f975e0084785e847747be50ce9d2149a94d8a6dd44342f91,2,48000,2.7529,UnityPy AudioClip.samples,exported,
sfx,SE_SOLO_WHOOSH_03,SE_SOLO_WHOOSH_03.wav,LocalData/93217544/0000/71/7144fbaf,-7649165769001523149,172,sfx/SE_SOLO_WHOOSH_03__98b7097d_-7649165769001523149.wav,557380,3d3196db33be74f112fa5ee9a3d900d2099867abc9a2ffb1da8532044962da34,2,44100,3.1595,UnityPy AudioClip.samples,exported,
sfx,SE_EV_MIRRORFORCE,SE_EV_MIRRORFORCE.wav,LocalData/93217544/0000/71/716b174a,-6257835260145593412,172,sfx/SE_EV_MIRRORFORCE__34f19cb6_-6257835260145593412.wav,575792,cc29ccede878f379f9a4d4a4a8c4c7337d291eac813e19bb7eb4e2ccaf14b0ba,2,48000,2.9987,UnityPy AudioClip.samples,exported,
sfx,SE_M13668_e,SE_M13668_e.wav,LocalData/93217544/0000/71/7171e9bd,-7884036070136161140,164,sfx/SE_M13668_e__7defcf62_-7884036070136161140.wav,688548,c26db85d4f7b96d1c7a368dc6d052d6f1ef872c6a6c90fdb80fa1cfd83687138,2,48000,3.5860,UnityPy AudioClip.samples,exported,
sfx,SE_FIELD_MAT008_PHASE4_R,SE_FIELD_MAT008_PHASE4_R.wav,LocalData/93217544/0000/71/71c1e361,-8351280117890770966,176,sfx/SE_FIELD_MAT008_PHASE4_R__f9f42a64_-8351280117890770966.wav,1357948,0999e587dd7eb531e8987b0ec7ad7eaf3fd136580a1e772d2da68904c36d6701,2,48000,7.0724,UnityPy AudioClip.samples,exported,
sfx,SE_SOLO_WIND_01,SE_SOLO_WIND_01.wav,LocalData/93217544/0000/71/71ca79d9,-1323466931638723310,168,sfx/SE_SOLO_WIND_01__5eac5641_-1323466931638723310.wav,941952,60e022d2f152c138dc985a42bb78488330395c46e2ad7a4bccf5df35e05bbd0a,2,44100,5.3396,UnityPy AudioClip.samples,exported,
sfx,SE_M14759_h1,SE_M14759_h1.wav,LocalData/93217544/0000/72/7234dfbc,7303699672648359035,164,sfx/SE_M14759_h1__bdf4f060_7303699672648359035.wav,375872,68a1042dc5870fac072e09006587bc5e53f8425b2e4caadd321c35aa4eb46f94,2,48000,1.9574,UnityPy AudioClip.samples,exported,
voice,V_GATE078_03_00_00_21,V_GATE078_03_00_00_21.wav,LocalData/93217544/0000/72/7237e18c,-3441567757524558558,176,voice/V_GATE078_03_00_00_21__30d51afa_-3441567757524558558.wav,499004,2faa7ded03946d4207705b8425090874615db9ee63c247657f11362f9c9a8138,1,48000,5.1975,UnityPy AudioClip.samples,exported,
sfx,SE_M07074_e,SE_M07074_e.wav,LocalData/93217544/0000/72/7271cbbe,2539811163495279462,164,sfx/SE_M07074_e__eddb785e_2539811163495279462.wav,426468,10ffa3825e7196cc479f9d77a981a66476eba0085193016ff32e582f8d5adfc7,2,48000,2.2210,UnityPy AudioClip.samples,exported,
voice,V_GATE078_01_00_00_20_b,V_GATE078_01_00_00_20_b.wav,LocalData/93217544/0000/72/7284d026,8171669208230428343,176,voice/V_GATE078_01_00_00_20_b__0d2f8176_8171669208230428343.wav,157068,22a218683bf58a47dba8ca97526518699914918b46026e460cea9717bb9ab500,1,48000,1.6357,UnityPy AudioClip.samples,exported,
music,BGM_DUEL_KEYCARD_11,BGM_DUEL_KEYCARD_11.wav,LocalData/93217544/0000/72/72a55719,-7662979355419466809,172,music/BGM_DUEL_KEYCARD_11__262cfdb6_-7662979355419466809.wav,22954220,73cbacebe49ecb136ba81fc1c5fc4ce154085f9e3237770a835a113d719c4068,2,48000,119.5530,UnityPy AudioClip.samples,exported,
sfx,SE_M13896_g,SE_M13896_g.wav,LocalData/93217544/0000/72/72b20bac,-3764023738989021556,164,sfx/SE_M13896_g__5d7927c4_-3764023738989021556.wav,576632,dc8a4b124e50a3c76dc5aef65b01e7a87e84c04e4b17dc847da8efbb8df93ac4,2,48000,3.0031,UnityPy AudioClip.samples,exported,
sfx,SE_M21371_e,SE_M21371_e.wav,LocalData/93217544/0000/72/72dc81b1,8071257738410727475,164,sfx/SE_M21371_e__fcadd894_8071257738410727475.wav,262188,3b43443c4aba3bdf3d3c94f644b95ed4caeb218afcb5c520907567b6b5ecd17b,2,48000,1.3653,UnityPy AudioClip.samples,exported,
sfx,SE_SOLO_3S_MOVE_1,SE_SOLO_3S_MOVE_1.wav,LocalData/93217544/0000/73/73005172,5252746719951730602,172,sfx/SE_SOLO_3S_MOVE_1__14bfb446_5252746719951730602.wav,481536,f8267a177adadf8848015e1ad777d0965215a2e71e92e777cbc34468a4fe86ef,2,48000,2.5078,UnityPy AudioClip.samples,exported,
music,BGM_DUEL_DC02_NORMAL,BGM_DUEL_DC02_NORMAL.wav,LocalData/93217544/0000/73/7336e9ac,719119312297773039,172,music/BGM_DUEL_DC02_NORMAL__2fb71588_719119312297773039.wav,24336428,4e37d4cbe4b20ec7ad6396281cc141178c1039fad5af2fcf800f6dde09a4398b,2,48000,126.7520,UnityPy AudioClip.samples,exported,
voice,V_GATE078_02_00_00_23,V_GATE078_02_00_00_23.wav,LocalData/93217544/0000/73/73fbeb9e,836495970178266363,176,voice/V_GATE078_02_00_00_23__d6db9786_836495970178266363.wav,808160,f16418bbcdb332923447f0fbef7f9966a3b456edb22a7e23de2ebdf1d7f35468,1,48000,8.4179,UnityPy AudioClip.samples,exported,
sfx,SE_SOLO_GATE078_M_FOOT_04,SE_SOLO_GATE078_M_FOOT_04.wav,LocalData/93217544/0000/74/744e38c4,-697540455503162750,180,sfx/SE_SOLO_GATE078_M_FOOT_04__43e959d9_-697540455503162750.wav,51280,d6b15a82189ed61adfd91fbf8ef851b6b35db2223b2f40735f96265f47182054,2,48000,0.2669,UnityPy AudioClip.samples,exported,
sfx,SE_FIELD_MAT009_PHASE2_P,SE_FIELD_MAT009_PHASE2_P.wav,LocalData/93217544/0000/74/748095c1,7334844842230004551,176,sfx/SE_FIELD_MAT009_PHASE2_P__37d0582d_7334844842230004551.wav,620844,2f52086b90b6b8550aa625691d72a3e8954f3fb4f20dc2e9f00282b9258b71cf,2,48000,3.2333,UnityPy AudioClip.samples,exported,
sfx,SE_FIELD_MAT008_PHASE3_R,SE_FIELD_MAT008_PHASE3_R.wav,LocalData/93217544/0000/74/748ef5e4,-2840900495741924004,176,sfx/SE_FIELD_MAT008_PHASE3_R__041444b6_-2840900495741924004.wav,679432,51b50b1afcaf7b1bfb2596b188387c81e2fee0074d8fcf22bb626bdec7768513,2,48000,3.5385,UnityPy AudioClip.samples,exported,
voice,V_GATE078_02_00_00_27,V_GATE078_02_00_00_27.wav,LocalData/93217544/0000/74/74962f87,1904705710027979938,176,voice/V_GATE078_02_00_00_27__0b7af8b2_1904705710027979938.wav,66764,b7d8dda2dcd1c90258d0da43714492b431b7ae60a384cfdbb9e133bead7ab587,1,48000,0.6950,UnityPy AudioClip.samples,exported,
sfx,SE_SOLO_EFFECT_21,SE_SOLO_EFFECT_21.wav,LocalData/93217544/0000/74/74ec99d4,-4822045095112969578,172,sfx/SE_SOLO_EFFECT_21__df9d1d63_-4822045095112969578.wav,735216,d4d5ab109d9512dc28de20be7c2dd08078c3e5ca1a29732a307c207f9a858280,2,44100,4.1676,UnityPy AudioClip.samples,exported,
music,BGM_DUEL_NORMAL_08,BGM_DUEL_NORMAL_08.wav,LocalData/93217544/0000/75/750c232d,-4488846398074597055,172,music/BGM_DUEL_NORMAL_08__1ad36a51_-4488846398074597055.wav,32472180,8f9c9c3327b51e7094f6c98408304429912a3200b513d2d6334e1b211fbf4dae,2,48000,169.1257,UnityPy AudioClip.samples,exported,
sfx,SE_DUEL_WCS_FINAL_KANSEI,SE_DUEL_WCS_FINAL_KANSEI.wav,LocalData/93217544/0000/75/752d13ec,1538915371392070803,176,sfx/SE_DUEL_WCS_FINAL_KANSEI__0f804c6d_1538915371392070803.wav,2669532,a278392c8012cfca0371b9dce2cbc004083c2ed52c8eb0f9027a3ae3127e9866,2,48000,13.9036,UnityPy AudioClip.samples,exported,
sfx,SE_M06344_f,SE_M06344_f.wav,LocalData/93217544/0000/75/75319c9f,1409678868870854041,164,sfx/SE_M06344_f__9771462f_1409678868870854041.wav,516784,5a3eb9b4e6cb99c9b1ff2bf43d2905b7a330ccb1311b15894c7a3cc4445e90e3,2,48000,2.6914,UnityPy AudioClip.samples,exported,
sfx,SE_FIELD_MAT009_PHASE3_P,SE_FIELD_MAT009_PHASE3_P.wav,LocalData/93217544/0000/75/7542fff6,-2878287729131726845,176,sfx/SE_FIELD_MAT009_PHASE3_P__6af5be42_-2878287729131726845.wav,640044,f233d76d083120b4bcb542be2912981b60555f0d5e8d60a1a6560a6573b3b96b,2,48000,3.3333,UnityPy AudioClip.samples,exported,
sfx,SE_FIELD_MAT008_PHASE2_R,SE_FIELD_MAT008_PHASE2_R.wav,LocalData/93217544/0000/75/754c9fd3,2938105664629581,176,sfx/SE_FIELD_MAT008_PHASE2_R__98cd0ba0_2938105664629581.wav,598192,9840a4782b545c348f08804dbc5fba448e4d47d857121859a1ec413c8d52513b,2,48000,3.1154,UnityPy AudioClip.samples,exported,
sfx,SE_EV_GHOSTRICK_ANGEL,SE_EV_GHOSTRICK_ANGEL.wav,LocalData/93217544/0000/75/75681141,-7384571241768003199,176,sfx/SE_EV_GHOSTRICK_ANGEL__8cb9aa47_-7384571241768003199.wav,1274240,b9832b03bc188dc683702b76c75dd669a99e7b12dfb6b71965bc1738c3e1e8f7,2,48000,6.6364,UnityPy AudioClip.samples,exported,
sfx,SE_M12678_d,SE_M12678_d.wav,LocalData/93217544/0000/75/75966deb,5593063895180908324,164,sfx/SE_M12678_d__8fe09d15_5593063895180908324.wav,697532,46808685505d0deadf994f35c04ed38e73b04d6c64031126f630d1911e9b88cf,2,48000,3.6328,UnityPy AudioClip.samples,exported,
music,BGM_DUEL_KEYCARD_15,BGM_DUEL_KEYCARD_15.wav,LocalData/93217544/0000/75/75c89300,6620475992224011380,172,music/BGM_DUEL_KEYCARD_15__71befa6a_6620475992224011380.wav,19685420,f52df315a685a14d047dde81c417d8f4f21280c1ace101acb2732f54d30638a2,2,48000,102.5280,UnityPy AudioClip.samples,exported,
sfx,SE_M13896_c,SE_M13896_c.wav,LocalData/93217544/0000/75/75dfcfb5,-7028836324065173829,164,sfx/SE_M13896_c__4551bb1e_-7028836324065173829.wav,521472,468a322ca019714d5713e3106144dd1b8a9ee31317cecc2e1d4d97d8120e9d6f,2,48000,2.7158,UnityPy AudioClip.samples,exported,
sfx,SE_SOLO_CONTROL_01,SE_SOLO_CONTROL_01.wav,LocalData/93217544/0000/75/75e5b9de,-4196165806451781942,172,sfx/SE_SOLO_CONTROL_01__c331c6d9_-4196165806451781942.wav,322220,764b00c1082677a5d4070f705b32526e91908048a7fea56a71fe59258dac2be8,2,48000,1.6780,UnityPy AudioClip.samples,exported,
sfx,SE_SOLO_SUZU_LOOP,SE_SOLO_SUZU_LOOP.wav,LocalData/93217544/0000/76/76159030,1188244733602081968,172,sfx/SE_SOLO_SUZU_LOOP__b312fb5b_1188244733602081968.wav,1205932,903462faf3680a60d1f7874f7b145687869eafaafeb2bf818e6b6ea551ecd6e3,2,44100,6.8361,UnityPy AudioClip.samples,exported,
music,BGM_DUEL_EX_12_CLIMAX,BGM_DUEL_EX_12_CLIMAX.wav,LocalData/93217544/0000/76/7631584f,2445819715505513427,176,music/BGM_DUEL_EX_12_CLIMAX__0fc2e612_2445819715505513427.wav,21309484,d29d3afa019878a4bc1b848ce0772041f93bc53963a4f7bc5f1be7ccfb1ff343,2,48000,110.9867,UnityPy AudioClip.samples,exported,
sfx,SE_RESULT_REWARD_02,SE_RESULT_REWARD_02.wav,LocalData/93217544/0000/76/7651e062,4351349591181114779,172,sfx/SE_RESULT_REWARD_02__bc5b4fb6_4351349591181114779.wav,254632,b6f5fbbfb75f3a468d44076104394c9d34735ac4b6c2d34919d97efb25d9fd50,2,48000,1.3260,UnityPy AudioClip.samples,exported,
sfx,SE_M04608_f,SE_M04608_f.wav,LocalData/93217544/0000/76/7661dcd7,2492251653821730014,164,sfx/SE_M04608_f__e50fcd2e_2492251653821730014.wav,604168,28c9e0662588dead1842671b84af50323cccfe91c2ee8c2af6931477d7b8dfab,2,48000,3.1465,UnityPy AudioClip.samples,exported,
sfx,SE_SOLO_GATE078_CAT,SE_SOLO_GATE078_CAT.wav,LocalData/93217544/0000/76/7677e1f1,-4187474072259288001,172,sfx/SE_SOLO_GATE078_CAT__1099d4e1_-4187474072259288001.wav,152484,ab52017ad18e9062627597da2df9b69536406fe96974419d33f0990e44c5ca94,2,48000,0.7940,UnityPy AudioClip.samples,exported,
sfx,SE_EV_LIGHTNINGSTORM_R,SE_EV_LIGHTNINGSTORM_R.wav,LocalData/93217544/0000/76/7692f227,-6080222175905935373,176,sfx/SE_EV_LIGHTNINGSTORM_R__bf244429_-6080222175905935373.wav,436776,42abe13082b160e33293257dab22055ea7deb9a8f96cd3550fd1a30746e6cfb3,2,48000,2.2746,UnityPy AudioClip.samples,exported,
sfx,SE_FIELD_MAT017_TAP_R,SE_FIELD_MAT017_TAP_R.wav,LocalData/93217544/0000/76/76bb2130,705870746547126299,176,sfx/SE_FIELD_MAT017_TAP_R__ac73618a_705870746547126299.wav,1039960,183c4e5e8f86e3983163007cf6a5a158e23fe2d1b4ec278d8c8e8b03123771ef,2,48000,5.4162,UnityPy AudioClip.samples,exported,
voice,V_GATE078_01_00_00_21,V_GATE078_01_00_00_21.wav,LocalData/93217544/0000/76/76c231b1,-177808467490721610,176,voice/V_GATE078_01_00_00_21__b4f031eb_-177808467490721610.wav,581304,6570653c5f1f3ec41e936eae61e726bdde8054f5490216da9c06889f2cc687aa,1,48000,6.0548,UnityPy AudioClip.samples,exported,
sfx,SE_FIELD_MAT009_PHASE1_P,SE_FIELD_MAT009_PHASE1_P.wav,LocalData/93217544/0000/76/76c62b98,-3727467765350757495,176,sfx/SE_FIELD_MAT009_PHASE1_P__4af35343_-3727467765350757495.wav,524844,686aff926039c26440e104d418e13ff0a8387ee76becaf7085d9d9e5fbd37e65,2,48000,2.7333,UnityPy AudioClip.samples,exported,
sfx,SE_M04044_j,SE_M04044_j.wav,LocalData/93217544/0000/76/76ef0b6f,3303213339758504924,164,sfx/SE_M04044_j__c6d813f7_3303213339758504924.wav,393772,d8757d05467f1bcaff3f89f80371a5c6461edd59a6b9cc1f34cbb0baaacf81ec,2,48000,2.0507,UnityPy AudioClip.samples,exported,
sfx,SE_FIELD_MAT008_PHASE1_R,SE_FIELD_MAT008_PHASE1_R.wav,LocalData/93217544/0000/77/770a218a,7479513739558228643,176,sfx/SE_FIELD_MAT008_PHASE1_R__4a20151f_7479513739558228643.wav,525452,50f1be2657602ee64dffc91e6556ff494ac2cd73fb037a19dca11dae503ffcda,2,48000,2.7365,UnityPy AudioClip.samples,exported,
sfx,SE_M06653_g,SE_M06653_g.wav,LocalData/93217544/0000/77/77255299,5728866694931776087,164,sfx/SE_M06653_g__6a1d2d68_5728866694931776087.wav,663996,aca158b5ae3dda459d6241fa046fea3525d4c3959cd269e2a0225e8909b4316d,2,48000,3.4581,UnityPy AudioClip.samples,exported,
sfx,SE_EV_EFFECT_VEILER,SE_EV_EFFECT_VEILER.wav,LocalData/93217544/0000/77/77554b24,5717182122692470147,172,sfx/SE_EV_EFFECT_VEILER__5f5f1550_5717182122692470147.wav,560212,fa4a395e85eae4ef5bc9d224be7f363db6c6f7acdb609ddf7290efd24f76976c,2,48000,2.9175,UnityPy AudioClip.samples,exported,
music,BGM_SOLO_15,BGM_SOLO_15.wav,LocalData/93217544/0000/77/776cb6f5,3201538488922199335,164,music/BGM_SOLO_15__6e790222_3201538488922199335.wav,11239468,a42160d86e589054f044b82be626f7cb8412229470aee3d2b75d003733a602b9,2,48000,58.5387,UnityPy AudioClip.samples,exported,
sfx,SE_M11765_h,SE_M11765_h.wav,LocalData/93217544/0000/77/77b08ee8,6770848114160993431,164,sfx/SE_M11765_h__bd52ecc0_6770848114160993431.wav,556844,f8ab3a20f82ed0435bdf16da581210c448a42a6101665d8fb921f4051350b0b3,2,48000,2.9000,UnityPy AudioClip.samples,exported,
sfx,SE_M21371_f_loop_A,SE_M21371_f_loop_A.wav,LocalData/93217544/0000/77/77bba8c0,-6635660405228717211,172,sfx/SE_M21371_f_loop_A__ee177ac9_-6635660405228717211.wav,354604,01609dacbac628c3c7348ef9f1c15e829d5bf4bd8ca4d8549d299bbe398bd329,2,48000,1.8467,UnityPy AudioClip.samples,exported,
sfx,SE_M13896_d1,SE_M13896_d1.wav,LocalData/93217544/0000/77/77e3e1bc,4108850085581432483,164,sfx/SE_M13896_d1__58f8bb18_4108850085581432483.wav,586644,de7f0613b00ce6dcdb10cd5b6142a5dc2e1da5ac9e1d4f25a084890eabde9653,2,48000,3.0552,UnityPy AudioClip.samples,exported,
sfx,SE_TDY_COMP_KIZUNAPAD,SE_TDY_COMP_KIZUNAPAD.wav,LocalData/93217544/0000/78/782a355e,-3681586562269627837,176,sfx/SE_TDY_COMP_KIZUNAPAD__dca7f1f5_-3681586562269627837.wav,822528,cf7de4de30588b24d89111da3279b9574ca070f92b5c6b896cd7482c64ed5669,2,48000,4.2838,UnityPy AudioClip.samples,exported,
sfx,SE_M13258_g,SE_M13258_g.wav,LocalData/93217544/0000/78/784a81bf,1253749622379568339,164,sfx/SE_M13258_g__21ddb6b0_1253749622379568339.wav,599084,fcc181b3ccaf90ff8b16e367c171e6bba6a85f1579c09e8310c6ab2446789c14,2,48000,3.1200,UnityPy AudioClip.samples,exported,
sfx,SE_SOLO_FC_06,SE_SOLO_FC_06.wav,LocalData/93217544/0000/78/787c4b8a,-3244295250084430355,168,sfx/SE_SOLO_FC_06__439e6391_-3244295250084430355.wav,585124,deab5d9ab2b92b020dd7c2e2c5a636249bb0773e3c65678ba264b2d7dcb17836,2,48000,3.0473,UnityPy AudioClip.samples,exported,
sfx,SE_M19200_d,SE_M19200_d.wav,LocalData/93217544/0000/79/791552e9,6489160812969106570,164,sfx/SE_M19200_d__dcf55362_6489160812969106570.wav,625116,2b3bacde73834b69f9f78b019706c1b0c4b010af9d0482d4ed396d40dab3d197,2,48000,3.2556,UnityPy AudioClip.samples,exported,
sfx,SE_M14288_e,SE_M14288_e.wav,LocalData/93217544/0000/79/792b08f6,-1594663543368258614,164,sfx/SE_M14288_e__92b663eb_-1594663543368258614.wav,1260844,e9668cc4f164e37282a9b11a5258237cb6736fd0c7f8192723df1085d0cf1617,2,48000,6.5667,UnityPy AudioClip.samples,exported,
sfx,SE_EV_SOLEMNJUDGMENT,SE_EV_SOLEMNJUDGMENT.wav,LocalData/93217544/0000/79/7991d4db,-5698922114744605988,172,sfx/SE_EV_SOLEMNJUDGMENT__d686df4b_-5698922114744605988.wav,674624,af0cc3f417148dcf7b6327007838ed06ba8f842a2eee2f459a0d7d216fa817fd,2,48000,3.5134,UnityPy AudioClip.samples,exported,
sfx,SE_M04041_f,SE_M04041_f.wav,LocalData/93217544/0000/79/799285af,7800033776818881571,164,sfx/SE_M04041_f__6e93b731_7800033776818881571.wav,298716,18cde11d8eaa118b2628f249861769172f7bb589d98a9602f66349dbe0147341,2,48000,1.5556,UnityPy AudioClip.samples,exported,
sfx,SE_M04043_f,SE_M04043_f.wav,LocalData/93217544/0000/7a/7a1651c1,2804335671373225209,164,sfx/SE_M04043_f__76135287_2804335671373225209.wav,756476,e92e95e22847b51d242760682d4d84eca945af44345ea56466ff464ce28e0334,2,48000,3.9398,UnityPy AudioClip.samples,exported,
music,BGM_SOLO_40,BGM_SOLO_40.wav,LocalData/93217544/0000/7a/7a71b63f,-6356416358131904629,164,music/BGM_SOLO_40__8e3ed074_-6356416358131904629.wav,28413996,d3613123428b186418759b05a54b27c5c9ad29656a91414c75083654b41246bd,2,48000,147.9893,UnityPy AudioClip.samples,exported,
sfx,SE_M07074_outgame,SE_M07074_outgame.wav,LocalData/93217544/0000/7a/7a931a08,-4400921236056705061,172,sfx/SE_M07074_outgame__ef86944a_-4400921236056705061.wav,669412,b9432e899b838e34ca00b289f7e52524cd6c63622876f4fdb31a88a65288c627,2,48000,3.4863,UnityPy AudioClip.samples,exported,
sfx,SE_CARDD_START_01,SE_CARDD_START_01.wav,LocalData/93217544/0000/7b/7b0ff2c1,-4476001452653816120,172,sfx/SE_CARDD_START_01__ca485657_-4476001452653816120.wav,400488,9c8523035d8ae49371781cc865f3ea35dada746a3f39845922d68f126ba30c33,2,48000,2.0856,UnityPy AudioClip.samples,exported,
sfx,SE_M21371_i,SE_M21371_i.wav,LocalData/93217544/0000/7b/7b6acd9a,-7627376130193235445,164,sfx/SE_M21371_i__cdaf173e_-7627376130193235445.wav,480300,49b353ef6f882df02d281097c77c47ed0f22a148a9dcc699c434c3fab915dfb6,2,48000,2.5013,UnityPy AudioClip.samples,exported,
sfx,SE_M12843_f_se_lp,SE_M12843_f_se_lp.wav,LocalData/93217544/0000/7b/7b86e93a,-8927886151423239898,172,sfx/SE_M12843_f_se_lp__592ecfdc_-8927886151423239898.wav,2382636,0266d6441cafc8addc42db2229e492a26a9f6d9191a9bafd46e56d36a36a5379,2,48000,12.4093,UnityPy AudioClip.samples,exported,
sfx,SE_M07188_h1_lp02,SE_M07188_h1_lp02.wav,LocalData/93217544/0000/7b/7ba2acb8,499641125860458859,172,sfx/SE_M07188_h1_lp02__a1cc4de3_499641125860458859.wav,416032,86712e538af00bb145f79446b6281d26a08f4bab2551169c1f602e8696a0410e,2,48000,2.1666,UnityPy AudioClip.samples,exported,
sfx,SE_SOLO_JUNGLE_LOOP,SE_SOLO_JUNGLE_LOOP.wav,LocalData/93217544/0000/7c/7c0517bc,4254916502266564159,172,sfx/SE_SOLO_JUNGLE_LOOP__66b9072c_4254916502266564159.wav,2518156,fac42432207c4d3b6194f331051b243954974ca62c5575043f8781dfdb65a995,2,48000,13.1152,UnityPy AudioClip.samples,exported,
sfx,SE_FIELD_MAT506_TAP,SE_FIELD_MAT506_TAP.wav,LocalData/93217544/0000/7c/7c0d6919,6668888423540789415,172,sfx/SE_FIELD_MAT506_TAP__c873e3f3_6668888423540789415.wav,1295932,17d407bf1b3af76b911c7b6dc36492df5ef47bf3cfc3698cd081838c658d493f,2,48000,6.7494,UnityPy AudioClip.samples,exported,
sfx,SE_M12678_h,SE_M12678_h.wav,LocalData/93217544/0000/7c/7c2021c0,9212733124532858390,164,sfx/SE_M12678_h__a1afa613_9212733124532858390.wav,796704,ff76e507849230a08a1e7fd4013846fc2a922065a3af737d1c4dca7b6810589f,2,48000,4.1493,UnityPy AudioClip.samples,exported,
sfx,SE_M09285_h2_lp02,SE_M09285_h2_lp02.wav,LocalData/93217544/0000/7c/7caa8c5e,-117120776136686378,172,sfx/SE_M09285_h2_lp02__01c7fea2_-117120776136686378.wav,716020,fc9234381fb4504338fceb3ee2a19a3fec15ecd0f5680917f9a73dd40bdda44a,2,48000,3.7290,UnityPy AudioClip.samples,exported,
music,BGM_DUEL_NORMAL_04,BGM_DUEL_NORMAL_04.wav,LocalData/93217544/0000/7c/7cba6f06,1622659384987870589,172,music/BGM_DUEL_NORMAL_04__34a77162_1622659384987870589.wav,26714436,09645b5c40a64d128476c2694ac9cb33aa22afc93a8c350f1a9882a609a98c8b,2,48000,139.1375,UnityPy AudioClip.samples,exported,
sfx,SE_M04758_f,SE_M04758_f.wav,LocalData/93217544/0000/7c/7cdf0555,8644513099400718198,164,sfx/SE_M04758_f__9022d101_8644513099400718198.wav,515308,10eef0dc7a43f6484e34eae09ff33f56a4e0a57fe9403cb06eadfd884f8d7abe,2,48000,2.6837,UnityPy AudioClip.samples,exported,
sfx,SE_SOLO_3S_ATTACK_2,SE_SOLO_3S_ATTACK_2.wav,LocalData/93217544/0000/7c/7cdfd4e3,-3698431352842547934,172,sfx/SE_SOLO_3S_ATTACK_2__2b805c2e_-3698431352842547934.wav,344648,b77ac29581f3ad757c58ac998de3e3c6816d11f2703be4f76ef47c814976abcc,2,48000,1.7948,UnityPy AudioClip.samples,exported,
sfx,SE_FIELD_MAT036_TAP_P,SE_FIELD_MAT036_TAP_P.wav,LocalData/93217544/0000/7c/7ce74cd5,-5884821384850646790,176,sfx/SE_FIELD_MAT036_TAP_P__90c4ae60_-5884821384850646790.wav,522240,ac79f54a67b63256dddc3cc8a2c80d33edde593c87ec1182f3eb65014e2d0880,2,48000,2.7198,UnityPy AudioClip.samples,exported,
music,BGM_SOLO_44,BGM_SOLO_44.wav,LocalData/93217544/0000/7d/7d1c7226,6030345701978342296,164,music/BGM_SOLO_44__164ce7b0_6030345701978342296.wav,15519788,b33dfd0d1f073e8072ce76282964fd30ace962b1e76a31a0d0a0ba2cea26c139,2,48000,80.8320,UnityPy AudioClip.samples,exported,
sfx,SE_SOLO_MOVIESLIDE,SE_SOLO_MOVIESLIDE.wav,LocalData/93217544/0000/7d/7d28c048,-6887144003513063459,172,sfx/SE_SOLO_MOVIESLIDE__cea2a6e3_-6887144003513063459.wav,242160,30dec5a9d1aa1a3c4145353ec9e6deb79df146c72c1290264048ee62af401642,2,48000,1.2610,UnityPy AudioClip.samples,exported,
sfx,SE_FIELD_MAT043_TAP,SE_FIELD_MAT043_TAP.wav,LocalData/93217544/0000/7d/7d448bd8,617514114277717507,172,sfx/SE_FIELD_MAT043_TAP__4c5b2238_617514114277717507.wav,951092,98911a5a35bb5e896eb73061c3b0f8f3dc01fb4409e29a29bfcba63f00ddba89,2,48000,4.9534,UnityPy AudioClip.samples,exported,
sfx,SE_M06344_h1,SE_M06344_h1.wav,LocalData/93217544/0000/7d/7d9a7d70,1393965287716404721,164,sfx/SE_M06344_h1__3260067a_1393965287716404721.wav,502024,e516ff42ec6f682a4f4b5cd509e9ff93cde76de0b8c1322b4169db90e81eaf80,2,48000,2.6145,UnityPy AudioClip.samples,exported,
sfx,SE_M11765_d,SE_M11765_d.wav,LocalData/93217544/0000/7e/7e06c2c3,1263456893856214796,164,sfx/SE_M11765_d__bb2994f1_1263456893856214796.wav,499244,0024bf1c0e8173f2df3d24b49c5e1af9edb1916ed67d8582ff2246404f836a76,2,48000,2.6000,UnityPy AudioClip.samples,exported,
sfx,SE_SOLO_GATE078_J_MOVE_02,SE_SOLO_GATE078_J_MOVE_02.wav,LocalData/93217544/0000/7e/7e1e61cb,-7333200436388943911,180,sfx/SE_SOLO_GATE078_J_MOVE_02__90ca718f_-7333200436388943911.wav,247256,12c807f906ade207a714cab0e9b4d7e86d62f5a63c2ea5e355c26f7185df765a,2,48000,1.2876,UnityPy AudioClip.samples,exported,
sfx,SE_M20215_h2,SE_M20215_h2.wav,LocalData/93217544/0000/7e/7e66253d,-54924332579586117,164,sfx/SE_M20215_h2__5efdb3c4_-54924332579586117.wav,850008,691384822c9ee6e3f4bc01177ceb7856fb0b389447a37794f6248055fee39c94,2,48000,4.4269,UnityPy AudioClip.samples,exported,
music,BGM_SOLO_19,BGM_SOLO_19.wav,LocalData/93217544/0000/7e/7edafade,4861309669491560978,164,music/BGM_SOLO_19__3643f0a9_4861309669491560978.wav,14224172,01dfe7fef5fb6ed5e7e8eb9297a55f433474480201c430291390dc34158a8dc9,2,48000,74.0840,UnityPy AudioClip.samples,exported,
sfx,SE_M04041_b,SE_M04041_b.wav,LocalData/93217544/0000/7e/7eff41b6,504169584467814209,164,sfx/SE_M04041_b__10a1eb9c_504169584467814209.wav,186796,1ab9012d3236985b6f799459ea8f7809d16072bbb926d5f57c0d790edc56a2bf,2,48000,0.9727,UnityPy AudioClip.samples,exported,
sfx,SE_SOLO_FC_02,SE_SOLO_FC_02.wav,LocalData/93217544/0000/7f/7f118f93,-7993428139455745777,168,sfx/SE_SOLO_FC_02__c3205cdb_-7993428139455745777.wav,478484,f7c5007a2f81d43239761753c53402b6bd5d327adb100c0b2fea5ccf3c0125e2,2,48000,2.4919,UnityPy AudioClip.samples,exported,
sfx,SE_M13258_c,SE_M13258_c.wav,LocalData/93217544/0000/7f/7f2745a6,3400611735272689509,164,sfx/SE_M13258_c__e355b39f_3400611735272689509.wav,460844,b20c870ec43095a81c3acf8bde7800a6ebd60149bd2c09ba15f3a06688361f1e,2,48000,2.4000,UnityPy AudioClip.samples,exported,
sfx,SE_SOLO_GATE078_ENV05_HALLWAY,SE_SOLO_GATE078_ENV05_HALLWAY.wav,LocalData/93217544/0000/7f/7f2d6778,7287646616754175817,184,sfx/SE_SOLO_GATE078_ENV05_HALLWAY__dd7966b3_7287646616754175817.wav,3936044,5fde8f5afd31a5b8ceeb261e06ec5d72c9738e753f0ccad28e01707e65620cac,2,48000,20.5000,UnityPy AudioClip.samples,exported,
sfx,SE_M04044_f,SE_M04044_f.wav,LocalData/93217544/0000/7f/7f594744,-4782051254072799795,164,sfx/SE_M04044_f__f7bd2214_-4782051254072799795.wav,741680,e892193456f0022be4f616f9e612a7491483a8bb475bce3f39c7c191d9a22c0d,2,48000,3.8627,UnityPy AudioClip.samples,exported,
sfx,SE_M12678_h1_lp01,SE_M12678_h1_lp01.wav,LocalData/93217544/0000/7f/7fae1d99,1326731307438651693,172,sfx/SE_M12678_h1_lp01__83cd5dad_1326731307438651693.wav,629844,d1ebfef2be621c89284138dde520186821c78a97f009b26d875e2eadf1fa60d8,2,48000,3.2802,UnityPy AudioClip.samples,exported,
sfx,SE_CF_OPEN,SE_CF_OPEN.wav,LocalData/93217544/0000/7f/7fea23c1,-7222053356292837736,164,sfx/SE_CF_OPEN__7f047f09_-7222053356292837736.wav,239940,e06c1925d7936a24768abf67911ac53f0cdf52bb81bf363222e89fa4cd4116ee,2,48000,1.2495,UnityPy AudioClip.samples,exported,
sfx,SE_M07188_h2,SE_M07188_h2.wav,LocalData/93217544/0000/80/800ad4cc,8336997966929409069,164,sfx/SE_M07188_h2__9946febc_8336997966929409069.wav,186796,1ab9012d3236985b6f799459ea8f7809d16072bbb926d5f57c0d790edc56a2bf,2,48000,0.9727,UnityPy AudioClip.samples,exported,
sfx,SE_SOLO_LAUGHTER_2,SE_SOLO_LAUGHTER_2.wav,LocalData/93217544/0000/80/800aef8a,566110929625880133,172,sfx/SE_SOLO_LAUGHTER_2__b0cdc2c0_566110929625880133.wav,685232,b343f7e133f206ce6814e2c299c2ffe3d46b2c064b14578a6cfa6455bd4b950f,2,48000,3.5687,UnityPy AudioClip.samples,exported,
sfx,SE_M07188_b,SE_M07188_b.wav,LocalData/93217544/0000/80/800c9e9f,-2501507520492968407,164,sfx/SE_M07188_b__d3aed3fd_-2501507520492968407.wav,186796,1ab9012d3236985b6f799459ea8f7809d16072bbb926d5f57c0d790edc56a2bf,2,48000,0.9727,UnityPy AudioClip.samples,exported,
sfx,SE_EV_EF21235_P,SE_EV_EF21235_P.wav,LocalData/93217544/0000/80/8015238e,3899153145664700034,168,sfx/SE_EV_EF21235_P__39ecf3fc_3899153145664700034.wav,543036,50d105f5df9cc75f34b809f3cd03aa89c9335db8805cf29f291a1292f59d0b99,2,48000,2.8281,UnityPy AudioClip.samples,exported,
sfx,SE_M16201_h,SE_M16201_h.wav,LocalData/93217544/0000/80/8037c620,-4231859515055815538,164,sfx/SE_M16201_h__289632f0_-4231859515055815538.wav,368524,696de51f95292bc21ffdcac8517e37997683b3d9d3e41cdeda8b578e7a006f95,2,48000,1.9192,UnityPy AudioClip.samples,exported,
sfx,SE_SOLO_3S_CUTIN_2,SE_SOLO_3S_CUTIN_2.wav,LocalData/93217544/0000/80/8053975a,-860666438125746631,172,sfx/SE_SOLO_3S_CUTIN_2__3498b85b_-860666438125746631.wav,686868,dcc2afc87d31ee83191ad037ca816e7be0656ac3f87a614957ce98890f2101a6,2,48000,3.5772,UnityPy AudioClip.samples,exported,
sfx,SE_M17069_h2,SE_M17069_h2.wav,LocalData/93217544/0000/80/8070def3,-1469954932246227603,164,sfx/SE_M17069_h2__05ec1d09_-1469954932246227603.wav,1091784,438a811a2f5186ef974cce7a964dc965581f6b1642a40e91f8c4c50f1453678a,2,48000,5.6861,UnityPy AudioClip.samples,exported,
music,BGM_SOLO_07,BGM_SOLO_07.wav,LocalData/93217544/0000/80/8079e698,-4488888534950811214,164,music/BGM_SOLO_07__4f11a5f1_-4488888534950811214.wav,21522476,445f1fcdf726559be64e4cfbe67443377fbb7e74edac9bfe71c18c5598136bc8,2,48000,112.0960,UnityPy AudioClip.samples,exported,
sfx,SE_CF_CLOSE_A,SE_CF_CLOSE_A.wav,LocalData/93217544/0000/80/808419dc,-4096486302192655450,168,sfx/SE_CF_CLOSE_A__cdc594ee_-4096486302192655450.wav,211380,871b11abfd7193a213933ece6795ac53b6472b920ddbb282948226baf78d6aaf,2,48000,1.1007,UnityPy AudioClip.samples,exported,
music,BGM_DUEL_RATE01_KEYCARD,BGM_DUEL_RATE01_KEYCARD.wav,LocalData/93217544/0000/80/808bdad0,4597960269825633925,176,music/BGM_DUEL_RATE01_KEYCARD__f6091c2a_4597960269825633925.wav,23248940,b6cce07a9c37aae9abcc6d8fbf61929e1c3bc3f2c752c0c5385d8c260a11f8a3,2,48000,121.0880,UnityPy AudioClip.samples,exported,
sfx,SE_FIELD_MAT005_PHASE2_R,SE_FIELD_MAT005_PHASE2_R.wav,LocalData/93217544/0000/80/80b21463,1156490684471568617,176,sfx/SE_FIELD_MAT005_PHASE2_R__f9972d68_1156490684471568617.wav,745104,0b7de98ac49816cffee8da697cd1a63dfb11a4a701e8b01213b63576a8ef6403,2,48000,3.8805,UnityPy AudioClip.samples,exported,
sfx,SE_SOLO_GATE078_DOOR_OPEN,SE_SOLO_GATE078_DOOR_OPEN.wav,LocalData/93217544/0000/80/80bafe92,-6701785354924291637,180,sfx/SE_SOLO_GATE078_DOOR_OPEN__defc030c_-6701785354924291637.wav,309260,a7296488713cd12b966e034ecf19bbb9c4a8661c18b427fbfb8e13744efb4224,2,48000,1.6105,UnityPy AudioClip.samples,exported,
sfx,SE_FIELD_MAT004_PHASE3_P,SE_FIELD_MAT004_PHASE3_P.wav,LocalData/93217544/0000/80/80bc7446,3429340180761359297,176,sfx/SE_FIELD_MAT004_PHASE3_P__3bf8db6d_3429340180761359297.wav,725180,49b1016fdc5e2c7ad150c428ae29e4e6e5f73d6cc152d8b02089c79117fab144,2,48000,3.7767,UnityPy AudioClip.samples,exported,
sfx,SE_M04844_h1,SE_M04844_h1.wav,LocalData/93217544/0000/80/80c29c9a,-5312984307973736557,164,sfx/SE_M04844_h1__ca431c00_-5312984307973736557.wav,1185360,25e1a1b670b9891c2a0a11d3ede582e00fd43fec8351293f5447407007caf4a3,2,48000,6.1735,UnityPy AudioClip.samples,exported,
sfx,SE_FIELD_MAT007_PHASE4_R,SE_FIELD_MAT007_PHASE4_R.wav,LocalData/93217544/0000/80/80cab8ec,1259751408519527849,176,sfx/SE_FIELD_MAT007_PHASE4_R__598e9dcb_1259751408519527849.wav,595424,c13d7d55e1581d524de302a648a818161db09ef3202db859850bf57121ea03c0,2,48000,3.1009,UnityPy AudioClip.samples,exported,
sfx,SE_FIELD_MAT018_TAP_R,SE_FIELD_MAT018_TAP_R.wav,LocalData/93217544/0000/80/80f351d9,3211085430636975771,176,sfx/SE_FIELD_MAT018_TAP_R__3cc490ed_3211085430636975771.wav,610692,7ac6a0056b0edbe2467087950af2785c80970b77a14838ab80c7c3f1352acae8,2,48000,3.1805,UnityPy AudioClip.samples,exported,
sfx,SE_FIELD_MAT006_PHASE4_P,SE_FIELD_MAT006_PHASE4_P.wav,LocalData/93217544/0000/81/8106b2fe,-3053047079056615683,176,sfx/SE_FIELD_MAT006_PHASE4_P__dcdef8e3_-3053047079056615683.wav,493892,e03d399ebcb03c80d1651cb69c17f7665aee3c42c58fd042bd643da8501da57b,2,48000,2.5721,UnityPy AudioClip.samples,exported,
sfx,SE_FIELD_MAT043_OP_03,SE_FIELD_MAT043_OP_03.wav,LocalData/93217544/0000/81/811aab4c,-7811160277537602118,176,sfx/SE_FIELD_MAT043_OP_03__a15c2c28_-7811160277537602118.wav,625772,ec91b044b93290240cb2a592cf94eb4cbec60cbbe2e762e8d89c34964a6f3040,2,48000,3.2590,UnityPy AudioClip.samples,exported,
sfx,SE_FIELD_MAT005_PHASE3_R,SE_FIELD_MAT005_PHASE3_R.wav,LocalData/93217544/0000/81/81707e54,8691726518722186634,176,sfx/SE_FIELD_MAT005_PHASE3_R__e2f4f355_8691726518722186634.wav,845832,1da4118342d3012c13b7e9cc6516d2c1095bbd1739c589ed97ab244160c56b22,2,48000,4.4051,UnityPy AudioClip.samples,exported,
sfx,SE_FIELD_MAT004_PHASE2_P,SE_FIELD_MAT004_PHASE2_P.wav,LocalData/93217544/0000/81/817e1e71,1244465803285512681,176,sfx/SE_FIELD_MAT004_PHASE2_P__eb04906d_1244465803285512681.wav,624160,e93ced0ec5e5885e2851eac6572fc9c4a67631064ed2d087d320ac9fde8d8fb7,2,48000,3.2506,UnityPy AudioClip.samples,exported,
sfx,SE_FIELD_MAT025_TAP_P,SE_FIELD_MAT025_TAP_P.wav,LocalData/93217544/0000/81/81a556d6,4407600790045087371,176,sfx/SE_FIELD_MAT025_TAP_P__57130db9_4407600790045087371.wav,995072,17e5f987f7a3851ac8d52e5c3f26afb555eb4bff3b2d41cd0c0f30e6daffcddb,2,48000,5.1824,UnityPy AudioClip.samples,exported,
sfx,SE_M12678_h2,SE_M12678_h2.wav,LocalData/93217544/0000/81/81cd5c9c,-4982231181462854197,164,sfx/SE_M12678_h2__1ad893e6_-4982231181462854197.wav,700444,20d9e817a990273365d50555cd7acfcc0e1ca0bea0062ac416f26489ff1f73dd,2,48000,3.6479,UnityPy AudioClip.samples,exported,
sfx,SE_M11765_d1,SE_M11765_d1.wav,LocalData/93217544/0000/81/81cf7a7f,-4702281942790767850,164,sfx/SE_M11765_d1__56f52c08_-4702281942790767850.wav,518444,f7d461c1d2579ff593fdada6409f0f871ba41bc90fc7419abecfb7919ffa6df2,2,48000,2.7000,UnityPy AudioClip.samples,exported,
sfx,SE_PACK_UPGRAD_01_UR,SE_PACK_UPGRAD_01_UR.wav,LocalData/93217544/0000/81/81f499e9,3328357821991116759,172,sfx/SE_PACK_UPGRAD_01_UR__6bb0ea9f_3328357821991116759.wav,1045808,9384811f53ea4e0d83909782bd22c9b89c36a0b7466b00ff19d921e344bec3ef,2,48000,5.4467,UnityPy AudioClip.samples,exported,
sfx,SE_M12642_f_3,SE_M12642_f_3.wav,LocalData/93217544/0000/82/8203ce47,-2030830364654377089,168,sfx/SE_M12642_f_3__eeae0d38_-2030830364654377089.wav,376348,efb0efd91048883340b7f3450355e3d44bf9e836dc1748b4b0e40cb51662c6e6,2,48000,1.9599,UnityPy AudioClip.samples,exported,
sfx,SE_M19188_e,SE_M19188_e.wav,LocalData/93217544/0000/82/821561f8,-2552032749581353977,164,sfx/SE_M19188_e__656a9fa6_-2552032749581353977.wav,531244,2c08fed8db0fd983280d0832a1c866271d34efdc31bfbda7504952d00d9b6b05,2,48000,2.7667,UnityPy AudioClip.samples,exported,
sfx,SE_M04007_c,SE_M04007_c.wav,LocalData/93217544/0000/82/82179ac5,7976841977638627569,164,sfx/SE_M04007_c__ad1d9b48_7976841977638627569.wav,568548,34d98cd3d6c63478d8f38821e34d696932838ad6581ca5d9cc658f1c0370e805,2,48000,2.9610,UnityPy AudioClip.samples,exported,
sfx,SE_M13011_g,SE_M13011_g.wav,LocalData/93217544/0000/82/82397e07,3322780794387772430,164,sfx/SE_M13011_g__d8a99224_3322780794387772430.wav,1147580,38529c759dd64ff1cebf8c74b7ecb57d98748d9a9b7083a35f489fba02e75114,2,48000,5.9768,UnityPy AudioClip.samples,exported,
sfx,SE_SOLO_GATE078_LINE_02,SE_SOLO_GATE078_LINE_02.wav,LocalData/93217544/0000/82/8256f427,-1861058235513711282,176,sfx/SE_SOLO_GATE078_LINE_02__de653a59_-1861058235513711282.wav,1253268,2db05158ed8dc56a6ee40dc73d600c37846e11583c5bafcc5050ebc92fb50013,2,48000,6.5272,UnityPy AudioClip.samples,exported,
sfx,SE_M09285_c,SE_M09285_c.wav,LocalData/93217544/0000/82/827926fa,3476958138033935361,164,sfx/SE_M09285_c__8058841d_3476958138033935361.wav,368376,692aa4249553db46ca390e9e2e526c2a17826bc449095949896d4e8bd84d016c,2,48000,1.9184,UnityPy AudioClip.samples,exported,
sfx,SE_TDY_ACHIEVE_KIZUNAPAD,SE_TDY_ACHIEVE_KIZUNAPAD.wav,LocalData/93217544/0000/82/827ae196,-3288028795219790089,176,sfx/SE_TDY_ACHIEVE_KIZUNAPAD__084407d6_-3288028795219790089.wav,442412,7aa1991232eca784d64e945bbca136ce6f0d2c524e879f728d99ff2c0d7a3539,2,48000,2.3040,UnityPy AudioClip.samples,exported,
sfx,SE_M10747_c,SE_M10747_c.wav,LocalData/93217544/0000/82/82b39820,-4419678605775486546,164,sfx/SE_M10747_c__5e39ed48_-4419678605775486546.wav,490436,5e26a3d9537870f64c3b9c28fd80027aaeb51800a1c5641d3ffd25bcc78b870b,2,48000,2.5541,UnityPy AudioClip.samples,exported,
sfx,SE_SOLO_EXS_04_card,SE_SOLO_EXS_04_card.wav,LocalData/93217544/0000/82/82baebc0,94092125775658150,172,sfx/SE_SOLO_EXS_04_card__48891bc5_94092125775658150.wav,517928,5964a1c2a4e7c35b4520658e6ac6de1fec50cb684d0e726176ebee4665b818b8,2,48000,2.6973,UnityPy AudioClip.samples,exported,
music,BGM_DUEL_KEYCARD_07,BGM_DUEL_KEYCARD_07.wav,LocalData/93217544/0000/82/82ddc36d,-8475081966296384514,172,music/BGM_DUEL_KEYCARD_07__891eca51_-8475081966296384514.wav,20946284,fa221e716c5536d283568a93b7568c3597621000e8f77564c2ee2346f5a3620a,2,48000,109.0950,UnityPy AudioClip.samples,exported,
sfx,SE_PACKOPEN_04_CARDIN,SE_PACKOPEN_04_CARDIN.wav,LocalData/93217544/0000/82/82f08e5f,9101936687142247703,176,sfx/SE_PACKOPEN_04_CARDIN__599b61f8_9101936687142247703.wav,351420,d10d4d975ad19d98bd3dadf81097f9b2377a4e553dcddae31efc8d217167b511,2,48000,1.8301,UnityPy AudioClip.samples,exported,
sfx,SE_FIELD_MAT005_PHASE1_R,SE_FIELD_MAT005_PHASE1_R.wav,LocalData/93217544/0000/82/82f4aa3a,7425922348052713186,176,sfx/SE_FIELD_MAT005_PHASE1_R__5203ce0e_7425922348052713186.wav,618288,b14c79145939b4bf927b44b80446d7d76e2b396ab93de5cbd12193c8d2fe1f2a,2,48000,3.2200,UnityPy AudioClip.samples,exported,
sfx,SE_M18193_h,SE_M18193_h.wav,LocalData/93217544/0000/83/83114664,7016916002355627689,164,sfx/SE_M18193_h__f20c5a4b_7016916002355627689.wav,799004,24fc87676ed9661f1bdf5f2f6459c03c0724aea95f2d2adcde5bce26b319c8fe,2,48000,4.1612,UnityPy AudioClip.samples,exported,
sfx,SE_SOLO_S_YUGO_02,SE_SOLO_S_YUGO_02.wav,LocalData/93217544/0000/83/832523f5,4446470857302527407,172,sfx/SE_SOLO_S_YUGO_02__3974ede6_4446470857302527407.wav,1626860,3c0cacaeaa327822922735caa4b9d15f7e3a4a9a5fa5ee50094c86f6f10f597b,2,48000,8.4730,UnityPy AudioClip.samples,exported,
sfx,SE_SYS_VS_OP,SE_SYS_VS_OP.wav,LocalData/93217544/0000/83/832892a7,-3945235199429053897,164,sfx/SE_SYS_VS_OP__e78b4515_-3945235199429053897.wav,507164,df6fc5ad22342e2f3261a726abcf62d743f236f2fa403b705bccc1deff67e01a,2,48000,2.6412,UnityPy AudioClip.samples,exported,
sfx,SE_EV_EF14144_v2,SE_EV_EF14144_v2.wav,LocalData/93217544/0000/83/833467b2,4459458915356852549,168,sfx/SE_EV_EF14144_v2__59f96122_4459458915356852549.wav,759048,a74d3eb34b2abec9626f33d95325cda290ba4934ddd8a9b4e135f17649e13b0d,2,48000,3.9531,UnityPy AudioClip.samples,exported,
sfx,SE_FIELD_MAT004_PHASE1_P,SE_FIELD_MAT004_PHASE1_P.wav,LocalData/93217544/0000/83/8338a028,-1922257583492691136,176,sfx/SE_FIELD_MAT004_PHASE1_P__2304e517_-1922257583492691136.wav,580124,804930552de97e93b08d6b63979b8035bb8ba84e0fd54c61040fce71073d82f2,2,48000,3.0213,UnityPy AudioClip.samples,exported,
sfx,SE_LOT_PRIZE_GOLD_01,SE_LOT_PRIZE_GOLD_01.wav,LocalData/93217544/0000/83/8345b050,3438942343649638347,172,sfx/SE_LOT_PRIZE_GOLD_01__0056ec47_3438942343649638347.wav,266260,4e3b9d89680f7ca4215a9c43218ed4b205c7e946d8736c8b4d1a84a3513f9827,2,48000,1.3865,UnityPy AudioClip.samples,exported,
sfx,SE_SOLO_BAKUHATSU_01,SE_SOLO_BAKUHATSU_01.wav,LocalData/93217544/0000/83/8346d056,7762675368272276132,172,sfx/SE_SOLO_BAKUHATSU_01__edafb06b_7762675368272276132.wav,967568,c88b9d3f88ad8437a4a1dcf01892f09208e8f0366af9bd1c04748440319dffe0,2,48000,5.0392,UnityPy AudioClip.samples,exported,
sfx,SE_SOLO_GATE078_M_MOVE_01,SE_SOLO_GATE078_M_MOVE_01.wav,LocalData/93217544/0000/83/83765db8,-6509817089980791,180,sfx/SE_SOLO_GATE078_M_MOVE_01__993e4ddf_-6509817089980791.wav,103788,92c6349e462c80015aad39764dd31bb17fe9d4a3f26def19f2db576111e504cb,2,48000,0.5403,UnityPy AudioClip.samples,exported,
sfx,SE_M12070_e,SE_M12070_e.wav,LocalData/93217544/0000/83/83c2f965,-3948174754409062649,164,sfx/SE_M12070_e__c14ba10e_-3948174754409062649.wav,542784,9625ea456643c814fcb8f9515f1cd4a9e3811405ea1e666e9c8088786cf7f99d,2,48000,2.8268,UnityPy AudioClip.samples,exported,
sfx,SE_M13668_h1,SE_M13668_h1.wav,LocalData/93217544/0000/83/83d32f22,-7510714986855018667,164,sfx/SE_M13668_h1__2bb99bc6_-7510714986855018667.wav,599156,80080f20715b44550f6d4db2ab1328864b037f8b53ba9cd68335449f02c7d2cd,2,48000,3.1204,UnityPy AudioClip.samples,exported,
sfx,SE_SOLO_WAFU_EFFECT_02,SE_SOLO_WAFU_EFFECT_02.wav,LocalData/93217544/0000/83/83e93de7,-4498364185873124410,176,sfx/SE_SOLO_WAFU_EFFECT_02__a2b66cf6_-4498364185873124410.wav,958096,cb092dba1d14d1400470c2b5e9e818f07ddefcad4ab34ad72fb7cb5fef2d70d6,2,48000,4.9899,UnityPy AudioClip.samples,exported,
sfx,SE_MONSTERATTACK_RA_02,SE_MONSTERATTACK_RA_02.wav,LocalData/93217544/0000/83/83ed6c09,5393977136407351533,176,sfx/SE_MONSTERATTACK_RA_02__558bb301_5393977136407351533.wav,1051812,6bdb25b85641201e2b61d6abc6af774f053297657f0d7c3b1f486d2e145da675,2,48000,5.4780,UnityPy AudioClip.samples,exported,
sfx,SE_CARDCHEAT_EFFECTACTIVE,SE_CARDCHEAT_EFFECTACTIVE.wav,LocalData/93217544/0000/83/83ff7cfe,-8839217116374200708,180,sfx/SE_CARDCHEAT_EFFECTACTIVE__e369ff27_-8839217116374200708.wav,743148,802081fafbf1712f6b412edaf6ee4970efbf25e5fa11b8705810a4d06c8e43b6,2,48000,3.8703,UnityPy AudioClip.samples,exported,
sfx,SE_EV_EF09279_v1,SE_EV_EF09279_v1.wav,LocalData/93217544/0000/84/841e87f5,-2111058416384374924,168,sfx/SE_EV_EF09279_v1__12b1d760_-2111058416384374924.wav,606524,35d5580db1511f273c2a62b018d6d51201d966993f4b7d8e6c12e57787302c63,2,48000,3.1587,UnityPy AudioClip.samples,exported,
sfx,SE_PACKOPEN_02_PACKOUT_1pack,SE_PACKOPEN_02_PACKOUT_1pack.wav,LocalData/93217544/0000/84/8439707d,1045401449468474896,180,sfx/SE_PACKOPEN_02_PACKOUT_1pack__53058764_1045401449468474896.wav,240936,d3ec7a0c94ef04312ce66b3944e22fd64288c4259aa682ca1451c4e7fa692c21,2,48000,1.2546,UnityPy AudioClip.samples,exported,
sfx,SE_FIELD_MAT005_PHASE4_R,SE_FIELD_MAT005_PHASE4_R.wav,LocalData/93217544/0000/84/843f68d1,-7290888373626085783,176,sfx/SE_FIELD_MAT005_PHASE4_R__13110635_-7290888373626085783.wav,737604,c6137c3596334ea4daecd992fdcf573263b8fd1ef2b9d2560255ffe889fc61e4,2,48000,3.8415,UnityPy AudioClip.samples,exported,
sfx,SE_FIELD_MAT007_PHASE2_R,SE_FIELD_MAT007_PHASE2_R.wav,LocalData/93217544/0000/84/8447c45e,-7727547023093287754,176,sfx/SE_FIELD_MAT007_PHASE2_R__c9dfc2e6_-7727547023093287754.wav,576220,9322e43b3e9bad069f120d59a835f6a1210b2c341de7f822d465a3f8b32886f4,2,48000,3.0009,UnityPy AudioClip.samples,exported,
sfx,SE_FIELD_MAT006_PHASE3_P,SE_FIELD_MAT006_PHASE3_P.wav,LocalData/93217544/0000/84/8449a47b,-16423284852301304,176,sfx/SE_FIELD_MAT006_PHASE3_P__668c4967_-16423284852301304.wav,628392,254fcd622102c3f9463c1bc676c39e38d6c84109093575ca7ad4ef3517896e9b,2,48000,3.2726,UnityPy AudioClip.samples,exported,
sfx,SE_EV_EF21233_P,SE_EV_EF21233_P.wav,LocalData/93217544/0000/84/84985f3c,5849616287194938521,168,sfx/SE_EV_EF21233_P__2fc9de6c_5849616287194938521.wav,667484,844c09c10a1432b28fbab88d06eadcc2882bb778709502b138d3c35226bf581d,2,48000,3.4762,UnityPy AudioClip.samples,exported,
sfx,SE_SOLO_HIKARI_03,SE_SOLO_HIKARI_03.wav,LocalData/93217544/0000/85/850e7d27,1953452590174039456,172,sfx/SE_SOLO_HIKARI_03__612b9ee1_1953452590174039456.wav,879436,501a30ca59e723c510dea87e9b606f3ad5a01940577eec94d2a910856bca2ef0,2,44100,4.9852,UnityPy AudioClip.samples,exported,
sfx,SE_M09285_g,SE_M09285_g.wav,LocalData/93217544/0000/85/8514e2e3,3098733638997208308,164,sfx/SE_M09285_g__4af16d8b_3098733638997208308.wav,399160,698f0238517bad0718be21d1208e8e13ef65b259721c8581debca7a35afaa76d,2,48000,2.0787,UnityPy AudioClip.samples,exported,
sfx,SE_DUEL_CARDOF_EFFECT,SE_DUEL_CARDOF_EFFECT.wav,LocalData/93217544/0000/85/8523483f,2170120054340473980,176,sfx/SE_DUEL_CARDOF_EFFECT__8dabca69_2170120054340473980.wav,428048,fb5a5059797ca75631a50e21a43cc9bc0e6c28e5d94816a68582c56faa64fff0,2,48000,2.2292,UnityPy AudioClip.samples,exported,
sfx,SE_M09775_h,SE_M09775_h.wav,LocalData/93217544/0000/85/85286054,-7339807649641987391,164,sfx/SE_M09775_h__4cf1f055_-7339807649641987391.wav,271524,561f45c3137472b62b6b17dc44d928e32b8272aa256264672f6eff9cfe13009b,2,48000,1.4140,UnityPy AudioClip.samples,exported,
sfx,SE_SOLO_WAFU_CARD_01,SE_SOLO_WAFU_CARD_01.wav,LocalData/93217544/0000/85/853c6273,-6984391005070817859,172,sfx/SE_SOLO_WAFU_CARD_01__eff184ae_-6984391005070817859.wav,537520,94e038ab084ae92df06f5b9bf1737b762ad0c32b44501c7c11fdff26d2f3901f,2,44100,3.0469,UnityPy AudioClip.samples,exported,
sfx,SE_M13011_c,SE_M13011_c.wav,LocalData/93217544/0000/85/8554ba1e,-5289986294564180882,164,sfx/SE_M13011_c__a32a3f91_-5289986294564180882.wav,463400,353a84206f93bc55d74b4c34a3a9503ecb8016cb35ab73f047b30587c74d27ac,2,48000,2.4133,UnityPy AudioClip.samples,exported,
sfx,SE_M04007_g,SE_M04007_g.wav,LocalData/93217544/0000/85/857a5edc,8989078357810100037,164,sfx/SE_M04007_g__6482f31d_8989078357810100037.wav,905516,386aded4bd6adb379893a50f0ba0ac521df9f11f9908d2229865c9bdca22138e,2,48000,4.7160,UnityPy AudioClip.samples,exported,
sfx,SE_FIELD_MAT007_PHASE3_R,SE_FIELD_MAT007_PHASE3_R.wav,LocalData/93217544/0000/85/8585ae69,-7787381032039862201,176,sfx/SE_FIELD_MAT007_PHASE3_R__d442932b_-7787381032039862201.wav,657204,8787165c54572dd3eee5dea2c95f85ba648a4333c04c4286e3fb5799bc1cc1ac,2,48000,3.4227,UnityPy AudioClip.samples,exported,
sfx,SE_FIELD_MAT006_PHASE2_P,SE_FIELD_MAT006_PHASE2_P.wav,LocalData/93217544/0000/85/858bce4c,-9207896139368145334,176,sfx/SE_FIELD_MAT006_PHASE2_P__888b9e49_-9207896139368145334.wav,582448,98fb0c876a89af4d37728dd59277b80ae272982c31774bdb11d637947791e0c0,2,48000,3.0334,UnityPy AudioClip.samples,exported,
sfx,SE_M19188_h1,SE_M19188_h1.wav,LocalData/93217544/0000/85/8596feb5,-707682749270482302,164,sfx/SE_M19188_h1__e8eebca0_-707682749270482302.wav,652844,0060e90f3b3b8bfc9be9f9a464c473d2d3841807baa49ab30b572ff27af9b087,2,48000,3.4000,UnityPy AudioClip.samples,exported,
sfx,SE_CARDCHEAT_APPEAR,SE_CARDCHEAT_APPEAR.wav,LocalData/93217544/0000/85/8597a394,-2225473558349353784,172,sfx/SE_CARDCHEAT_APPEAR__2810a754_-2225473558349353784.wav,340128,304e8a061b9fcad542a0f98a8170057c55e787a462f387ed5e4e8fde27ff986e,2,48000,1.7713,UnityPy AudioClip.samples,exported,
sfx,SE_M10747_g,SE_M10747_g.wav,LocalData/93217544/0000/85/85de5c39,-4316034422675183894,164,sfx/SE_M10747_g__caef9046_-4316034422675183894.wav,425616,b9785988b44cc7af4a71cebb6630f53c14b26ac5e025ec9d983223aa5b4f4016,2,48000,2.2165,UnityPy AudioClip.samples,exported,
sfx,SE_FIELD_MAT004_PHASE4_P,SE_FIELD_MAT004_PHASE4_P.wav,LocalData/93217544/0000/85/85f362c3,-1413956757182200534,176,sfx/SE_FIELD_MAT004_PHASE4_P__198e7bbd_-1413956757182200534.wav,763712,0fdfa14340d33349fde865449e5d269f3c5074b630e178f1e60f82f767951144,2,48000,3.9774,UnityPy AudioClip.samples,exported,
sfx,SE_FIELD_MAT007_PHASE1_R,SE_FIELD_MAT007_PHASE1_R.wav,LocalData/93217544/0000/86/86017a07,4944600068907257770,176,sfx/SE_FIELD_MAT007_PHASE1_R__f093d665_4944600068907257770.wav,517040,41a8d159d102626baa4c3ceb88c3d1053aa8f4d3846da7def8e2548bb5bb254c,2,48000,2.6927,UnityPy AudioClip.samples,exported,
sfx,SE_M17452_i,SE_M17452_i.wav,LocalData/93217544/0000/86/86b49ed8,1124800139515202964,164,sfx/SE_M17452_i__a5f7aa0a_1124800139515202964.wav,372304,2a380db77f2cc375e534c0d86691ff799dac2ea1eeb36bda2ca435c57cad3cc1,2,48000,1.9389,UnityPy AudioClip.samples,exported,
sfx,SE_M15726_f,SE_M15726_f.wav,LocalData/93217544/0000/86/86bdc8f7,-4800332161925512604,164,sfx/SE_M15726_f__c398075c_-4800332161925512604.wav,676616,10e6749e7b20b8964bfc4c696e7aa1b5639dac63dcdeecb14319988ec1593f32,2,48000,3.5238,UnityPy AudioClip.samples,exported,
music,BGM_SOLO_03,BGM_SOLO_03.wav,LocalData/93217544/0000/87/87142281,7295957653637601594,164,music/BGM_SOLO_03__d90e3506_7295957653637601594.wav,16572460,1a3b5344729004ede97ddd74554b30a78bd64545e204acfcb336530ef1fa29b9,2,48000,86.3147,UnityPy AudioClip.samples,exported,
sfx,SE_M13060_d,SE_M13060_d.wav,LocalData/93217544/0000/87/87257d33,-1874650556128208800,164,sfx/SE_M13060_d__ac67a60d_-1874650556128208800.wav,818136,165ad3e82ec945970eaad30600d8d90310df35ae6c7cb2faeb82335e8307990a,2,48000,4.2609,UnityPy AudioClip.samples,exported,
sfx,SE_M20578_h1,SE_M20578_h1.wav,LocalData/93217544/0000/87/87406942,-1567408009399533029,164,sfx/SE_M20578_h1__ba200e4a_-1567408009399533029.wav,817700,19627eae8b11c0a3a6617c53441ebb04f35b54e179f13c3f3e4d3ea0655af9af,2,48000,4.2586,UnityPy AudioClip.samples,exported,
sfx,SE_M07188_f,SE_M07188_f.wav,LocalData/93217544/0000/87/87615a86,1177099206436138620,164,sfx/SE_M07188_f__69f2674d_1177099206436138620.wav,359112,24df1ce91b23441110ad3e078755cedd4dddb4bcbc0b72d6f73518d0e6332a89,2,48000,1.8701,UnityPy AudioClip.samples,exported,
sfx,SE_EV_HARPIESFEATHER_DUSTER_3D,SE_EV_HARPIESFEATHER_DUSTER_3D.wav,LocalData/93217544/0000/87/87677913,8236786652684227926,184,sfx/SE_EV_HARPIESFEATHER_DUSTER_3D__43542554_8236786652684227926.wav,890028,3d74556fb8099582d2650d2a2348bde1d84ba9bd8f0a07127326d3c7918ff47f,2,48000,4.6353,UnityPy AudioClip.samples,exported,
sfx,SE_M15245_d,SE_M15245_d.wav,LocalData/93217544/0000/87/877ec72e,5128329286641906622,164,sfx/SE_M15245_d__90f9d568_5128329286641906622.wav,479204,7f19212a76bf06f577ad1cb58baa48c8d434534b073cedc5ad3fa6fcc42fe6f1,2,48000,2.4956,UnityPy AudioClip.samples,exported,
sfx,SE_FIELD_MAT006_PHASE1_P,SE_FIELD_MAT006_PHASE1_P.wav,LocalData/93217544/0000/87/87cd7015,8519620729288522644,176,sfx/SE_FIELD_MAT006_PHASE1_P__95f73148_8519620729288522644.wav,480044,e8829ba27187a77673de18550ed879917ef19678103cf6f185b3f91feba10414,2,48000,2.5000,UnityPy AudioClip.samples,exported,
sfx,SE_M21965_e,SE_M21965_e.wav,LocalData/93217544/0000/87/87d956a9,1320146573266798942,164,sfx/SE_M21965_e__d5b47a57_1320146573266798942.wav,638468,a1cdc82b502532e1622ab8eca6d114084c97e8f9dd20dcd8735d73dab05fce13,2,48000,3.3251,UnityPy AudioClip.samples,exported,
music,BGM_DUEL_F10_PHASE_B,BGM_DUEL_F10_PHASE_B.wav,LocalData/93217544/0000/88/887fb932,7342509268246515747,172,music/BGM_DUEL_F10_PHASE_B__4949eec0_7342509268246515747.wav,22296620,2b155882060a0c84a478c3b816d1f4b39b0f3d81f8d2055b2ae834aaf61cbd85,2,48000,116.1280,UnityPy AudioClip.samples,exported,
sfx,SE_FIELD_MAT001_PHASE3_R,SE_FIELD_MAT001_PHASE3_R.wav,LocalData/93217544/0000/88/889bde2e,7872442172568959196,176,sfx/SE_FIELD_MAT001_PHASE3_R__591e5a2c_7872442172568959196.wav,665784,59263c6eed058395a60c7d84c41dbf1aaeef9a3ae1a18af8e3fda388f9cac30f,2,48000,3.4674,UnityPy AudioClip.samples,exported,
sfx,SE_M12678_h2_02,SE_M12678_h2_02.wav,LocalData/93217544/0000/88/88e23aac,-1913730839768085087,168,sfx/SE_M12678_h2_02__2e63f3c9_-1913730839768085087.wav,630372,9a213718c9c058094893a79389053df8e773948d7bfead2d372a2cc5e816506d,2,48000,3.2830,UnityPy AudioClip.samples,exported,
sfx,SE_FIELD_MAT003_PHASE4_R,SE_FIELD_MAT003_PHASE4_R.wav,LocalData/93217544/0000/89/89211896,-6825346602804398892,176,sfx/SE_FIELD_MAT003_PHASE4_R__b7fd6ff0_-6825346602804398892.wav,1134268,bf3603b0d2fe76254353f73475780b1c8c6bda6c687dec0cf1a870ee7277b518,2,48000,5.9074,UnityPy AudioClip.samples,exported,
sfx,SE_M13144_c,SE_M13144_c.wav,LocalData/93217544/0000/89/8921a177,2036688875150534034,164,sfx/SE_M13144_c__bc8e318a_2036688875150534034.wav,535952,d2174c8e341c8310057d7bccf21fbd1f8e5e7c95f975804d710b68bc9d7de11f,2,48000,2.7912,UnityPy AudioClip.samples,exported,
sfx,SE_FIELD_MAT001_PHASE2_R,SE_FIELD_MAT001_PHASE2_R.wav,LocalData/93217544/0000/89/8959b419,4590824216342522166,176,sfx/SE_FIELD_MAT001_PHASE2_R__16cf3088_4590824216342522166.wav,619200,c3b48da33b3256f451e508cb582d89e297c87108af33ac3da21927c804fb5f6e,2,48000,3.2248,UnityPy AudioClip.samples,exported,
sfx,SE_SOLO_KANSEI_LOOP,SE_SOLO_KANSEI_LOOP.wav,LocalData/93217544/0000/89/89655397,-526575866958699639,172,sfx/SE_SOLO_KANSEI_LOOP__7dd44973_-526575866958699639.wav,1755556,c8a080f3317039693ad23ace5a46861c4feda88f6df2531f25ffb5a1102ac26b,2,44100,9.9519,UnityPy AudioClip.samples,exported,
sfx,SE_M08092_g,SE_M08092_g.wav,LocalData/93217544/0000/89/897b13c6,-2360177714580978754,164,sfx/SE_M08092_g__d4c0137e_-2360177714580978754.wav,964436,aa56aef2fc8772449587a0f3443554980b8e5ce989c1d510aa688463f6bc1bfa,2,48000,5.0229,UnityPy AudioClip.samples,exported,
sfx,SE_M16201_d,SE_M16201_d.wav,LocalData/93217544/0000/89/89818a0b,795957618827108862,164,sfx/SE_M16201_d__9f1d0397_795957618827108862.wav,339524,db889673cee4c656d29dd0e75c738239587ef179e99d70d0980f3dffe355a207,2,48000,1.7681,UnityPy AudioClip.samples,exported,
sfx,SE_FIELD_MAT502_TAP,SE_FIELD_MAT502_TAP.wav,LocalData/93217544/0000/89/898dcfd9,-931002590654258452,172,sfx/SE_FIELD_MAT502_TAP__a7cc013a_-931002590654258452.wav,1295932,cfd2e8a7c0c94602f042b06ea98fb8cd4497f0f8dff2923fdaa6197d4477c73c,2,48000,6.7494,UnityPy AudioClip.samples,exported,
sfx,SE_M21371_h1,SE_M21371_h1.wav,LocalData/93217544/0000/8a/8a66ce61,-7952332665684059875,164,sfx/SE_M21371_h1__24d1cbad_-7952332665684059875.wav,397612,f848771dd40c57365e2306d2632c3f58dc8ce669dc269a49ef333de4edb4086f,2,48000,2.0707,UnityPy AudioClip.samples,exported,
sfx,SE_M04041_a1,SE_M04041_a1.wav,LocalData/93217544/0000/8a/8a8d558c,4186397567691171366,164,sfx/SE_M04041_a1__406a4608_4186397567691171366.wav,186796,1ab9012d3236985b6f799459ea8f7809d16072bbb926d5f57c0d790edc56a2bf,2,48000,0.9727,UnityPy AudioClip.samples,exported,
sfx,SE_M18193_d,SE_M18193_d.wav,LocalData/93217544/0000/8a/8aa70a4f,5613423370774388388,164,sfx/SE_M18193_d__5987448d_5613423370774388388.wav,521272,1339c033226dc6ab5a3bf6b9715b978a5ea8107de4bb19bbe47581ba066b2f4e,2,48000,2.7147,UnityPy AudioClip.samples,exported,
sfx,SE_M13658_c,SE_M13658_c.wav,LocalData/93217544/0000/8a/8aa7e366,3431745851853982856,164,sfx/SE_M13658_c__d1d002ba_3431745851853982856.wav,511164,9fcfdcf920d41233a44413d4e041e4b1a1b0841f3228115b46d4d9045df750e2,2,48000,2.6621,UnityPy AudioClip.samples,exported,
sfx,SE_FIELD_MAT039_TAP_P,SE_FIELD_MAT039_TAP_P.wav,LocalData/93217544/0000/8a/8aaf3c3c,7230864440699303267,176,sfx/SE_FIELD_MAT039_TAP_P__43b0cc94_7230864440699303267.wav,1263724,f639760e149e930c21b39d50d37fdb9b0f503f284b2ec2486bdb2862ece6aab7,2,48000,6.5817,UnityPy AudioClip.samples,exported,
sfx,SE_M15527_g,SE_M15527_g.wav,LocalData/93217544/0000/8a/8ab8c136,5126503652011566669,164,sfx/SE_M15527_g__57a0cc8e_5126503652011566669.wav,521196,6f56dde34ef0c3d889b69fdc19ee96d08e843312c0beae987738f720c9bf2838,2,48000,2.7143,UnityPy AudioClip.samples,exported,
sfx,SE_DUEL_ENTRY_TEAM_HANDLE,SE_DUEL_ENTRY_TEAM_HANDLE.wav,LocalData/93217544/0000/8a/8acdfd43,4062388154187819829,180,sfx/SE_DUEL_ENTRY_TEAM_HANDLE__5e6ade27_4062388154187819829.wav,385500,321f5f7463a124210746cafcf67fa004fe1f9580228c58d7e071b4579748484c,2,48000,2.0076,UnityPy AudioClip.samples,exported,
music,BGM_DUEL_F01_ALL,BGM_DUEL_F01_ALL.wav,LocalData/93217544/0000/8a/8ace70a1,-4611289489795249498,168,music/BGM_DUEL_F01_ALL__fc242f18_-4611289489795249498.wav,31598636,1feb4ac293470c68dd9d4c2fb4673fe76bf658354b88f930ed6f8385ac9613ab,2,48000,164.5760,UnityPy AudioClip.samples,exported,
sfx,SE_EV_ENGAGE,SE_EV_ENGAGE.wav,LocalData/93217544/0000/8a/8ad828b3,5497768708872516188,164,sfx/SE_EV_ENGAGE__3fcb273c_5497768708872516188.wav,693012,b6286b0e2fd4585efed771f6683167af2a0932e715e038f000a4a5c0c5ddbdbc,2,48000,3.6092,UnityPy AudioClip.samples,exported,
sfx,SE_DUEL_WCS_FINALLOGO_01,SE_DUEL_WCS_FINALLOGO_01.wav,LocalData/93217544/0000/8a/8afac8b5,-238183489111954868,176,sfx/SE_DUEL_WCS_FINALLOGO_01__f52b5c61_-238183489111954868.wav,806916,6ff510741bb00a0477010f8038278142eb73771edfd6a0be34cc1ce050a55d26,2,48000,4.2025,UnityPy AudioClip.samples,exported,
sfx,SE_FIELD_MAT001_PHASE1_R,SE_FIELD_MAT001_PHASE1_R.wav,LocalData/93217544/0000/8b/8b1f0a40,-4476090914230974664,176,sfx/SE_FIELD_MAT001_PHASE1_R__f2df3f58_-4476090914230974664.wav,519280,ebbce2e397b41dbeb14a6be5b1ba0dbcc0929a6b21ef77ccfdfcd200d5dfb1d2,2,48000,2.7044,UnityPy AudioClip.samples,exported,
sfx,SE_M12441_g,SE_M12441_g.wav,LocalData/93217544/0000/8b/8b3bfb50,-8419711309284050334,164,sfx/SE_M12441_g__f72889ba_-8419711309284050334.wav,278600,9619851dd802929f83f58cedde950c8da49d5230d6fe728ac394809f70487c10,2,48000,1.4508,UnityPy AudioClip.samples,exported,
sfx,SE_M17452_h2,SE_M17452_h2.wav,LocalData/93217544/0000/8b/8b406134,-4778353266716558341,164,sfx/SE_M17452_h2__06f0c2ea_-4778353266716558341.wav,734688,2543485ade1abe2b7b146957be9e2b3479136e8158ea0e8c0501276273398add,2,48000,3.8263,UnityPy AudioClip.samples,exported,
sfx,SE_SOLO_FIRE_LOOP,SE_SOLO_FIRE_LOOP.wav,LocalData/93217544/0000/8b/8b6fff96,5877432055136563991,172,sfx/SE_SOLO_FIRE_LOOP__69eab04c_5877432055136563991.wav,679608,d783a0cae1dd7e370e2c4eb2753b9573b05362f2453134759d2adbcc2781f0cf,2,44100,3.8524,UnityPy AudioClip.samples,exported,
sfx,SE_SOLO_EXS_02_foot,SE_SOLO_EXS_02_foot.wav,LocalData/93217544/0000/8b/8b78a99d,-6541968648271593853,172,sfx/SE_SOLO_EXS_02_foot__2a03161e_-6541968648271593853.wav,640772,118344a1fd5d6d0133252cbf7cec2be7ae9b47db34635bd566097ebd8360c6c7,2,48000,3.3371,UnityPy AudioClip.samples,exported,
sfx,SE_M04844_h1_lp02,SE_M04844_h1_lp02.wav,LocalData/93217544/0000/8b/8b795357,99851357647798194,172,sfx/SE_M04844_h1_lp02__cb46f827_99851357647798194.wav,313032,52b277b8ef3366b5677b00c0c1f19d5b574a6aba164844e27fadd459fa69fe9d,2,48000,1.6301,UnityPy AudioClip.samples,exported,
sfx,SE_M19188_i,SE_M19188_i.wav,LocalData/93217544/0000/8b/8ba32dd3,1865203162438896338,164,sfx/SE_M19188_i__d69f0251_1865203162438896338.wav,659248,22a6be1f017fd9f99940f71b92d441fb91d63c770efd3f5ccebf2491015251fe,2,48000,3.4334,UnityPy AudioClip.samples,exported,
sfx,SE_M04007_h1,SE_M04007_h1.wav,LocalData/93217544/0000/8b/8ba417d9,7478678096210683525,164,sfx/SE_M04007_h1__b4933c48_7478678096210683525.wav,833696,07d04e9b4241f54e29ba3630a99d52abe3aa6875c04eb2013d5a234c9fdf1b61,2,48000,4.3419,UnityPy AudioClip.samples,exported,
music,BGM_DUEL_NORMAL_16,BGM_DUEL_NORMAL_16.wav,LocalData/93217544/0000/8b/8baf3f6b,6245320903549657350,172,music/BGM_DUEL_NORMAL_16__cb18ee37_6245320903549657350.wav,20321612,10f927a5faa6b032ccc23260a5e8fac8d0081bcc80a239a226c5d805b1bf53af,2,48000,105.8415,UnityPy AudioClip.samples,exported,
sfx,SE_M12441_c,SE_M12441_c.wav,LocalData/93217544/0000/8c/8c563f49,5147030172498102570,164,sfx/SE_M12441_c__34d47f75_5147030172498102570.wav,401060,d68c4e2fd85218fe2cb96be09843fd3cd410589e1d13a82406801afe29c20b02,2,48000,2.0886,UnityPy AudioClip.samples,exported,
sfx,SE_SOLO_GATE078_ENV06_TOWN,SE_SOLO_GATE078_ENV06_TOWN.wav,LocalData/93217544/0000/8c/8c6db1b4,-5133594781288907212,180,sfx/SE_SOLO_GATE078_ENV06_TOWN__e0750aeb_-5133594781288907212.wav,5280044,e0fa3df40d45adca7e75a448458c73a2cdb58e80c4e05064161d851183393262,2,48000,27.5000,UnityPy AudioClip.samples,exported,
sfx,SE_FIELD_MAT003_PHASE3_R,SE_FIELD_MAT003_PHASE3_R.wav,LocalData/93217544/0000/8c/8c6e0e13,9084876286031463253,176,sfx/SE_FIELD_MAT003_PHASE3_R__fe8c4f04_9084876286031463253.wav,685896,c4459ca12d33e32bdee470817b88f9ed0818fbee6f07d4d1c3b83a7a3951b3df,2,48000,3.5721,UnityPy AudioClip.samples,exported,
sfx,SE_M09775_d,SE_M09775_d.wav,LocalData/93217544/0000/8c/8c9e2c7f,-6344322108324530927,164,sfx/SE_M09775_d__0d134403_-6344322108324530927.wav,442556,eabac9c45ae68d94682e2938f8ad802c8418cf6fa2319014bac21c5640f4ff03,2,48000,2.3047,UnityPy AudioClip.samples,exported,
music,BGM_DUEL_NORMAL_12,BGM_DUEL_NORMAL_12.wav,LocalData/93217544/0000/8c/8cc2fb72,3092677525364873204,172,music/BGM_DUEL_NORMAL_12__2ebcc106_3092677525364873204.wav,22366340,2f6c68eeb529b32f5ec85496426ef8195e9af595b47eaefba590ff58b1c37c91,2,48000,116.4911,UnityPy AudioClip.samples,exported,
sfx,SE_M17069_c,SE_M17069_c.wav,LocalData/93217544/0000/8d/8d019109,-5835041264967024064,164,sfx/SE_M17069_c__04f09544_-5835041264967024064.wav,802260,c1e8dbdb374fb6729a48e2c78382693247ffc4e3cc5a45ae88e692c21cf95733,2,48000,4.1782,UnityPy AudioClip.samples,exported,
sfx,SE_M07552_f,SE_M07552_f.wav,LocalData/93217544/0000/8d/8d1ca14d,899789644607634283,164,sfx/SE_M07552_f__e02d1a87_899789644607634283.wav,709496,cd55bc701ccd582aba3b7b4509eea05c4f116d2a1c6bbc38c85bea569c7f15ce,2,48000,3.6951,UnityPy AudioClip.samples,exported,
sfx,SE_SOLO_BUBBLE,SE_SOLO_BUBBLE.wav,LocalData/93217544/0000/8d/8d46ced3,-2834305654936389813,168,sfx/SE_SOLO_BUBBLE__a901d87c_-2834305654936389813.wav,860864,a606d5278b713d8e36b2584495057bfb6de8648dbf8f01e16a95ef02b2e8f11e,2,48000,4.4834,UnityPy AudioClip.samples,exported,
sfx,SE_AI_APPEARANCE,SE_AI_APPEARANCE.wav,LocalData/93217544/0000/8d/8d6baf7e,-9014769296872077810,168,sfx/SE_AI_APPEARANCE__c2cd2e5b_-9014769296872077810.wav,27468,db27d7cf19432ad44c543abde5ba71325d27f8d709d52d9c1c7c3ed0f3e591d1,2,48000,0.1428,UnityPy AudioClip.samples,exported,
sfx,SE_MONSTERATTACK_SLIFER_02,SE_MONSTERATTACK_SLIFER_02.wav,LocalData/93217544/0000/8d/8d6c4e5b,-6779697003267779968,180,sfx/SE_MONSTERATTACK_SLIFER_02__20139c0f_-6779697003267779968.wav,1092788,1ae7927d3e075b4238fa9a8ed3134e06565fd29c8475b51acbe3e0393849fd89,2,48000,5.6914,UnityPy AudioClip.samples,exported,
sfx,SE_SOLO_GATE078_EMERGENCY,SE_SOLO_GATE078_EMERGENCY.wav,LocalData/93217544/0000/8d/8d8822fe,-962314687445482352,180,sfx/SE_SOLO_GATE078_EMERGENCY__583e4390_-962314687445482352.wav,1100364,4fb5c92df766b37462913af406a4cdc66226060c95329f8474da1ac7c50227d7,2,48000,5.7308,UnityPy AudioClip.samples,exported,
sfx,SE_M14672_h2,SE_M14672_h2.wav,LocalData/93217544/0000/8d/8da089c2,4574797255792537958,164,sfx/SE_M14672_h2__e4b4f554_4574797255792537958.wav,943880,2b11bf215c198885d45957c2f1401823e8b620a830cfcbc8053468401886b3bc,2,48000,4.9158,UnityPy AudioClip.samples,exported,
sfx,SE_FIELD_MAT003_PHASE2_R,SE_FIELD_MAT003_PHASE2_R.wav,LocalData/93217544/0000/8d/8dac6424,-3852461606490479155,176,sfx/SE_FIELD_MAT003_PHASE2_R__7dfe44d2_-3852461606490479155.wav,632224,82b794f271d1ad66133ff69032757a4aef474f65ba191db3a05ab3e2dc9a3ae6,2,48000,3.2926,UnityPy AudioClip.samples,exported,
music,BGM_DUEL_F06_PHASE_A,BGM_DUEL_F06_PHASE_A.wav,LocalData/93217544/0000/8d/8daefa3c,-8164673272586672324,172,music/BGM_DUEL_F06_PHASE_A__33ebbf73_-8164673272586672324.wav,25743404,5899a798443ccf6793f51188701e7aeca716f5381d8afd38bdec65f32ba74446,2,48000,134.0800,UnityPy AudioClip.samples,exported,
sfx,SE_M13658_g,SE_M13658_g.wav,LocalData/93217544/0000/8d/8dca277f,-7708837666610050650,164,sfx/SE_M13658_g__b8402d1b_-7708837666610050650.wav,1097476,f46ba6eb86f9f53287c20fe225353b4220141ad8d24eadf536838e5941d4613b,2,48000,5.7158,UnityPy AudioClip.samples,exported,
sfx,SE_M08732_d1,SE_M08732_d1.wav,LocalData/93217544/0000/8d/8dca88fb,-3595170683032014702,164,sfx/SE_M08732_d1__57837afe_-3595170683032014702.wav,460956,81f13dc22b6d9c61f9ada8165b01a0ff78a0c47cea6e93be2d6344f83bd67dcc,2,48000,2.4006,UnityPy AudioClip.samples,exported,
sfx,SE_FIELD_MAT001_PHASE4_R,SE_FIELD_MAT001_PHASE4_R.wav,LocalData/93217544/0000/8d/8dd4c8ab,4382733787838377578,176,sfx/SE_FIELD_MAT001_PHASE4_R__09d0ce75_4382733787838377578.wav,1101208,623024009e04b74de2c62b906ab1d2f6c185b2d04880de97a82ac943d436bc9d,2,48000,5.7352,UnityPy AudioClip.samples,exported,
sfx,SE_M15527_c,SE_M15527_c.wav,LocalData/93217544/0000/8d/8dd5052f,-757023195837713047,164,sfx/SE_M15527_c__16589d3b_-757023195837713047.wav,625160,c44cbd5e4f9f9546309ff58330179e68b3c42decadcc66a52198af46e37e00cd,2,48000,3.2558,UnityPy AudioClip.samples,exported,
sfx,SE_SOLO_S_KIRAKIRA,SE_SOLO_S_KIRAKIRA.wav,LocalData/93217544/0000/8d/8de0a82e,-8642373375278214420,172,sfx/SE_SOLO_S_KIRAKIRA__e2fdf25f_-8642373375278214420.wav,2376916,c255661e08fc18cebb20a62d44a95a00b07d11ed153129ea435e3386a4de005b,2,48000,12.3795,UnityPy AudioClip.samples,exported,
sfx,SE_M06653_h1,SE_M06653_h1.wav,LocalData/93217544/0000/8d/8de0fdca,6103132816439539936,164,sfx/SE_M06653_h1__117b4a20_6103132816439539936.wav,731792,a59931e70679965e83d5cbaf3fde5261be7a736520477e756f85e0c608a68e85,2,48000,3.8112,UnityPy AudioClip.samples,exported,
sfx,SE_M08092_c,SE_M08092_c.wav,LocalData/93217544/0000/8e/8e16d7df,6959202892581150493,164,sfx/SE_M08092_c__7a0dd964_6959202892581150493.wav,657372,3d96bfe2f9b8c239999b997877b9da9359817e8b0de5ab99e9f618fc3caf67c2,2,48000,3.4236,UnityPy AudioClip.samples,exported,
sfx,SE_M13258_a1,SE_M13258_a1.wav,LocalData/93217544/0000/8e/8e20acad,2659599167311712156,164,sfx/SE_M13258_a1__721efab5_2659599167311712156.wav,186796,1ab9012d3236985b6f799459ea8f7809d16072bbb926d5f57c0d790edc56a2bf,2,48000,0.9727,UnityPy AudioClip.samples,exported,
sfx,SE_SOLO_GATE078_J_FOOT_03,SE_SOLO_GATE078_J_FOOT_03.wav,LocalData/93217544/0000/8e/8e4bc0ae,-3146607774417967482,180,sfx/SE_SOLO_GATE078_J_FOOT_03__576b6f6c_-3146607774417967482.wav,221524,55d51e1b36ee3df142e1d2ac2ab70966ce023f6ede552690ce20174c76418d03,2,48000,1.1535,UnityPy AudioClip.samples,exported,
sfx,SE_M13144_g,SE_M13144_g.wav,LocalData/93217544/0000/8e/8e4c656e,1704884327455620524,164,sfx/SE_M13144_g__12e82c4b_1704884327455620524.wav,554012,87365d8c9e190f86d16b9a480c7d7c11340602123dd45c44788ef9f0232cd678,2,48000,2.8853,UnityPy AudioClip.samples,exported,
sfx,SE_M21965_i,SE_M21965_i.wav,LocalData/93217544/0000/8e/8e6f1a82,5151273003432301574,164,sfx/SE_M21965_i__7a2e08c1_5151273003432301574.wav,994284,b45df823b33e98cc03594a6a22dc5bbb4c49ccadc1b75b98b4d3b279e9ed145b,2,48000,5.1783,UnityPy AudioClip.samples,exported,
sfx,SE_M04041_SD_a1,SE_M04041_SD_a1.wav,LocalData/93217544/0000/8e/8e73e5e9,4667193526935012320,168,sfx/SE_M04041_SD_a1__8e78cb3e_4667193526935012320.wav,186796,1ab9012d3236985b6f799459ea8f7809d16072bbb926d5f57c0d790edc56a2bf,2,48000,0.9727,UnityPy AudioClip.samples,exported,
sfx,SE_M13060_h,SE_M13060_h.wav,LocalData/93217544/0000/8e/8e933118,8581155272256807333,164,sfx/SE_M13060_h__4c7021b1_8581155272256807333.wav,761016,223cedbb99b8ceabdbde53e24ee2f1749abb1ea83db67e6f4a0e4c3ad01e4823,2,48000,3.9634,UnityPy AudioClip.samples,exported,
sfx,SE_M15245_h,SE_M15245_h.wav,LocalData/93217544/0000/8e/8ec88b05,5831669785967455821,164,sfx/SE_M15245_h__bb2c6dd3_5831669785967455821.wav,865888,ac37b3acea30634c2d85204562b0501472b0996e44fd4d7299d96a377f362ced,2,48000,4.5096,UnityPy AudioClip.samples,exported,
sfx,SE_SOLO_NAGURU_01,SE_SOLO_NAGURU_01.wav,LocalData/93217544/0000/8e/8ed7bcea,-3529773672209312334,172,sfx/SE_SOLO_NAGURU_01__22760727_-3529773672209312334.wav,467004,891d4d96e7a9367070be0e5aa50eb504a0fa61c310c6f207aa38d61e02f25c44,2,48000,2.4321,UnityPy AudioClip.samples,exported,
sfx,SE_M17452_e,SE_M17452_e.wav,LocalData/93217544/0000/8f/8f02d2f3,-3366373227673018849,164,sfx/SE_M17452_e__f943df27_-3366373227673018849.wav,312116,72142ce0d742efe75f163619f0a351a31245b0bf126b08ba32b30aa035cd26f0,2,48000,1.6254,UnityPy AudioClip.samples,exported,
sfx,SE_M12487_h1,SE_M12487_h1.wav,LocalData/93217544/0000/8f/8f3f2baa,5205503767224428642,164,sfx/SE_M12487_h1__9ac8028b_5205503767224428642.wav,730788,bec24454724f27067eb03b7a78bb303eaa0ba24bf69a8cab0dae0104cbf0ae10,2,48000,3.8060,UnityPy AudioClip.samples,exported,
sfx,SE_M06784_d1,SE_M06784_d1.wav,LocalData/93217544/0000/8f/8f4e9d6b,-4253842918398114384,164,sfx/SE_M06784_d1__db406f83_-4253842918398114384.wav,319480,360d2fe94c1383fbdb6a8b7db3f02ad9eecc43b82a4258c75cf4f6da35655629,2,48000,1.6637,UnityPy AudioClip.samples,exported,
music,BGM_SOLO_GATE078_04,BGM_SOLO_GATE078_04.wav,LocalData/93217544/0000/8f/8f799479,-516844368199797921,172,music/BGM_SOLO_GATE078_04__8c2cd043_-516844368199797921.wav,13066284,3f593694a948cea3996335c069f9f2295cd0eebc74151cbde1a64bad130e4749,2,48000,68.0533,UnityPy AudioClip.samples,exported,
sfx,SE_FIELD_MAT003_PHASE1_R,SE_FIELD_MAT003_PHASE1_R.wav,LocalData/93217544/0000/8f/8feada7d,6445739389186068009,176,sfx/SE_FIELD_MAT003_PHASE1_R__10fe3196_6445739389186068009.wav,539604,5fb6e32b06649e118f59a56dde5878a74d27c1625902d8119af02e0d2d1214bb,2,48000,2.8102,UnityPy AudioClip.samples,exported,
sfx,SE_M09647_f_lp04,SE_M09647_f_lp04.wav,LocalData/93217544/0000/8f/8fed9902,6068275526175312016,168,sfx/SE_M09647_f_lp04__02fc56b4_6068275526175312016.wav,302360,aaaf1944f1c7659fff64554c5d6acfb0c89f6f45a0f15f9fa6a7ed66e319780f,2,48000,1.5746,UnityPy AudioClip.samples,exported,
sfx,SE_M11765_f,SE_M11765_f.wav,LocalData/93217544/0000/90/9008a3ef,-7893414920772547931,164,sfx/SE_M11765_f__0ddbcf58_-7893414920772547931.wav,1380520,b1728058e5e8d6312d02bb014f70ae892b339c33d80468369930d048105347c9,2,48000,7.1900,UnityPy AudioClip.samples,exported,
music,BGM_DUEL_EX_11_PHASE_B,BGM_DUEL_EX_11_PHASE_B.wav,LocalData/93217544/0000/90/90110f9e,2164258306450827381,176,music/BGM_DUEL_EX_11_PHASE_B__2e5f3f94_2164258306450827381.wav,27058220,b6ed48ce7e2dff7b850420584e08808a35967923cbb12e827cc12d9e462d8ae3,2,48000,140.9280,UnityPy AudioClip.samples,exported,
sfx,SE_M13060_h1,SE_M13060_h1.wav,LocalData/93217544/0000/90/903ee4d0,-8312563088282732182,164,sfx/SE_M13060_h1__51d63553_-8312563088282732182.wav,1223332,c922c8e2ef5db729ed6751ff045a04423ea6c599c78e59cb065d5f1f14fd2059,2,48000,6.3713,UnityPy AudioClip.samples,exported,
sfx,SE_M14288_c,SE_M14288_c.wav,LocalData/93217544/0000/90/9048adc3,6712572464333100784,164,sfx/SE_M14288_c__b82e1d31_6712572464333100784.wav,1286444,58304869aae8849db5bae0258c6a93da913e1416585607bc56e03efa0eec26b1,2,48000,6.7000,UnityPy AudioClip.samples,exported,
sfx,SE_M06653_i,SE_M06653_i.wav,LocalData/93217544/0000/90/909d7f9e,5044595343503884421,164,sfx/SE_M06653_i__cd37a564_5044595343503884421.wav,740088,9dcdd6326bf78d9a7fb7bbf16f4a91192dac8abec4c8fe9eb87c5933f324a6f5,2,48000,3.8544,UnityPy AudioClip.samples,exported,
sfx,SE_FIELD_MAT008_TAP,SE_FIELD_MAT008_TAP.wav,LocalData/93217544/0000/91/9105f8df,-1313670180834133418,172,sfx/SE_FIELD_MAT008_TAP__04d2c171_-1313670180834133418.wav,513720,b4b341962d9e81ef7ce793128ff41596d49f8448c842c3e85d1042308662cb7d,2,48000,2.6754,UnityPy AudioClip.samples,exported,
sfx,SE_M13258_a,SE_M13258_a.wav,LocalData/93217544/0000/91/9129248a,4863245034259096521,164,sfx/SE_M13258_a__173158ec_4863245034259096521.wav,186796,1ab9012d3236985b6f799459ea8f7809d16072bbb926d5f57c0d790edc56a2bf,2,48000,0.9727,UnityPy AudioClip.samples,exported,
sfx,SE_M04044_d,SE_M04044_d.wav,LocalData/93217544/0000/91/91572668,-6932703053062506257,164,sfx/SE_M04044_d__ce9de523_-6932703053062506257.wav,470888,5ee95b9f5d91fea0d61a0532e59928990f55f67f4d6172cc13c560f259b1673b,2,48000,2.4523,UnityPy AudioClip.samples,exported,
sfx,SE_M09285_d1,SE_M09285_d1.wav,LocalData/93217544/0000/91/91771b54,-3091557198769347173,164,sfx/SE_M09285_d1__0a101faa_-3091557198769347173.wav,421108,6db89e5313a82f31e4130f4b097209b53bc12f78f16f053f5c3e1d88757f2b8b,2,48000,2.1930,UnityPy AudioClip.samples,exported,
sfx,SE_M04608_h,SE_M04608_h.wav,LocalData/93217544/0000/91/91d9f1d0,3937562785534591816,164,sfx/SE_M04608_h__1910eeb9_3937562785534591816.wav,555268,8feedd534836c31683445887fb0d3b524fb5beff5f37cadc1b46c49d30312d55,2,48000,2.8918,UnityPy AudioClip.samples,exported,
sfx,SE_LOGINBONUS_01,SE_LOGINBONUS_01.wav,LocalData/93217544/0000/91/91e57dd4,2902268063838401353,168,sfx/SE_LOGINBONUS_01__bd16845d_2902268063838401353.wav,789808,ec68c1418e7bb6cce1f86771d612925c33d61fa1f61643de0815e9cdb61fc82e,2,48000,4.1134,UnityPy AudioClip.samples,exported,
sfx,SE_DR_MIGHTY_loop,SE_DR_MIGHTY_loop.wav,LocalData/93217544/0000/92/9226bdc4,-4023917645168589184,172,sfx/SE_DR_MIGHTY_loop__d86408db_-4023917645168589184.wav,337176,8ec2970744ffb98af3597077eadedfb5a74a09cf53c989ed901a9d87659d6a28,2,48000,1.7559,UnityPy AudioClip.samples,exported,
sfx,SE_M06344_h,SE_M06344_h.wav,LocalData/93217544/0000/92/9289b198,5190870873273808507,164,sfx/SE_M06344_h__71475c5d_5190870873273808507.wav,293884,053478d3630b012dac6acd882aca2261f6da61f1610ab482941321b9c4e382e5,2,48000,1.5304,UnityPy AudioClip.samples,exported,
sfx,SE_DUEL_TIME_THIRTY_SEC,SE_DUEL_TIME_THIRTY_SEC.wav,LocalData/93217544/0000/92/928f5e4e,1864769927906912508,176,sfx/SE_DUEL_TIME_THIRTY_SEC__6ee29243_1864769927906912508.wav,256516,03426acf15f14d12709ee04eea12b76db468f717727856a137f8524873a2ed22,2,44100,1.4539,UnityPy AudioClip.samples,exported,
sfx,SE_M15125_e,SE_M15125_e.wav,LocalData/93217544/0000/92/92b2d2b4,-5088874133671076677,164,sfx/SE_M15125_e__61198eda_-5088874133671076677.wav,734228,f9c55a5a9ee8e1c604216d7517269b76e93523feee37b1c3d96c087752b2bef7,2,48000,3.8239,UnityPy AudioClip.samples,exported,
music,BGM_DUEL_NORMAL_06,BGM_DUEL_NORMAL_06.wav,LocalData/93217544/0000/92/92b40e2a,2088713943456337736,172,music/BGM_DUEL_NORMAL_06__3ad6de14_2088713943456337736.wav,25853368,eb762e5203dc45735ab4c78bd2b1fd658c9465976b82687d7967d346619645fc,2,48000,134.6527,UnityPy AudioClip.samples,exported,
sfx,SE_M15726_d1,SE_M15726_d1.wav,LocalData/93217544/0000/92/92b55742,-8504508729015010294,164,sfx/SE_M15726_d1__0a0c759e_-8504508729015010294.wav,422820,e9163e6b24c06c752530d0324f442ea8b405bc423d18e4e6e3295b71db66e488,2,48000,2.2020,UnityPy AudioClip.samples,exported,
sfx,SE_M04758_d,SE_M04758_d.wav,LocalData/93217544/0000/92/92d16479,-8339046238296603989,164,sfx/SE_M04758_d__0f04adf0_-8339046238296603989.wav,712292,5ea5a37c43034e17e8340cd5540c60974b20e468cd2aaf01a46b1811d38b6df5,2,48000,3.7096,UnityPy AudioClip.samples,exported,
sfx,SE_FIELD_MAT036_TAP_R,SE_FIELD_MAT036_TAP_R.wav,LocalData/93217544/0000/92/92e92df9,-5376511480545686975,176,sfx/SE_FIELD_MAT036_TAP_R__bd9d3c66_-5376511480545686975.wav,895936,111c2a7ac6ac85467c3e896fc5796e8060ed2f4204583408399afa5987981034,2,48000,4.6661,UnityPy AudioClip.samples,exported,
sfx,SE_EV_037_SPECIAL,SE_EV_037_SPECIAL.wav,LocalData/93217544/0000/93/931ec8bb,-51201866544449820,172,sfx/SE_EV_037_SPECIAL__b32259e4_-51201866544449820.wav,751912,dfbd1c48771ec9bd82f924a096f026cd3aeb749e900b2c63cc9fc207fc1e1906,2,48000,3.9160,UnityPy AudioClip.samples,exported,
sfx,SE_PACK_UPGRAD_02_UR,SE_PACK_UPGRAD_02_UR.wav,LocalData/93217544/0000/93/93413607,-114133461396919202,172,sfx/SE_PACK_UPGRAD_02_UR__eab6fe0e_-114133461396919202.wav,1038764,f782d69ff95408dc82a6a78968c28a3daac9b89907a157818fd2296f2f3e72a0,2,48000,5.4100,UnityPy AudioClip.samples,exported,
sfx,SE_M04043_d,SE_M04043_d.wav,LocalData/93217544/0000/94/941830ed,9187153080542293922,164,sfx/SE_M04043_d__9bda89e0_9187153080542293922.wav,523180,69629d0b809b0a1ffd3295aa85032d45b932e2a597a92bd53a130830900914d1,2,48000,2.7247,UnityPy AudioClip.samples,exported,
music,BGM_SOLO_42,BGM_SOLO_42.wav,LocalData/93217544/0000/94/947fd713,-1776653641437430076,164,music/BGM_SOLO_42__550ff290_-1776653641437430076.wav,12312620,36d6eac03d1f66c197ec2d5340e5820ea2dd9225c3b610f577bdc3c9a0474896,2,48000,64.1280,UnityPy AudioClip.samples,exported,
sfx,SE_TDY_CHAINGET_CHAIN_02,SE_TDY_CHAINGET_CHAIN_02.wav,LocalData/93217544/0000/94/94cc7d5e,-1801947448949730037,176,sfx/SE_TDY_CHAINGET_CHAIN_02__116b8ab9_-1801947448949730037.wav,309988,a9b858f7d89b7770ec343cad8bb364280a24d442aaef4ffbb53706468bba9b75,2,48000,1.6143,UnityPy AudioClip.samples,exported,
sfx,SE_M04844_h2_lp01,SE_M04844_h2_lp01.wav,LocalData/93217544/0000/94/94e47043,8315973611157481677,172,sfx/SE_M04844_h2_lp01__bb79f05c_8315973611157481677.wav,263232,923809da8853bf7d026337f46a2d625f921d8b51e1fe17eafe1d837bfc07192a,2,48000,1.3708,UnityPy AudioClip.samples,exported,
sfx,SE_M13896_i,SE_M13896_i.wav,LocalData/93217544/0000/95/950a26ab,3435001262822319253,164,sfx/SE_M13896_i__ca3d1ab8_3435001262822319253.wav,600080,5a71777b0e68e276a26d738a4210247f71ebb268b61edfcd988c340bf141acb8,2,48000,3.1252,UnityPy AudioClip.samples,exported,
sfx,SE_M06018_e,SE_M06018_e.wav,LocalData/93217544/0000/95/955cbea3,-6719943393942870086,164,sfx/SE_M06018_e__e218fa21_-6719943393942870086.wav,150444,cdd72c4ca148efd666511c2cd04dad0cf5d5001b1d76b4faa5763eb40a003836,2,48000,0.7833,UnityPy AudioClip.samples,exported,
sfx,SE_MONSTERATTACK_RE_01,SE_MONSTERATTACK_RE_01.wav,LocalData/93217544/0000/95/9586aae4,-5905063284452653159,176,sfx/SE_MONSTERATTACK_RE_01__75d53f20_-5905063284452653159.wav,665000,a60d77bd148a043e196c912593b08e525f86f5ae2da21b6e37aad699adeb7683,2,48000,3.4633,UnityPy AudioClip.samples,exported,
music,BGM_DUEL_EX_07_PHASE_A,BGM_DUEL_EX_07_PHASE_A.wav,LocalData/93217544/0000/95/95c04c90,-2196319627801165734,176,music/BGM_DUEL_EX_07_PHASE_A__faf88e64_-2196319627801165734.wav,28858412,fe65a2ee25b05cc34296cb6c495e4f6d658ce2e69d82c4be436710c0e3db51f8,2,48000,150.3040,UnityPy AudioClip.samples,exported,
music,BGM_DUEL_NORMAL_02,BGM_DUEL_NORMAL_02.wav,LocalData/93217544/0000/95/95d9ca33,5317318093473566287,172,music/BGM_DUEL_NORMAL_02__0c14153b_5317318093473566287.wav,25379036,98ddcac920f4aea078c823931c638edf6eb5be409c95965090bdc48cd86117e5,2,48000,132.1823,UnityPy AudioClip.samples,exported,
sfx,SE_TOURNAMENT_HOLD,SE_TOURNAMENT_HOLD.wav,LocalData/93217544/0000/95/95edb8dd,-3898906537099095526,172,sfx/SE_TOURNAMENT_HOLD__41bad014_-3898906537099095526.wav,627516,66ae3831efb2d92742c0a8d17f11d49e33f75986dbcb87245cdc76be6fe2602f,2,48000,3.2681,UnityPy AudioClip.samples,exported,
sfx,SE_M13258_e,SE_M13258_e.wav,LocalData/93217544/0000/96/9644e093,2663358933306173354,164,sfx/SE_M13258_e__37b6b423_2663358933306173354.wav,771160,a7df27b0cf5af5c32e29f6294379e46d05b36a03799bdaae3c265f0427a4066d,2,48000,4.0162,UnityPy AudioClip.samples,exported,
sfx,SE_M04818_h,SE_M04818_h.wav,LocalData/93217544/0000/96/965528d4,-2486695240300504322,164,sfx/SE_M04818_h__7b3c6467_-2486695240300504322.wav,412488,466a315f5642b5e8fdd17a4737605d2882f58366fa7ae1a3a62a9d0148a8d74c,2,44100,2.3381,UnityPy AudioClip.samples,exported,
sfx,SE_SOLO_FC_04,SE_SOLO_FC_04.wav,LocalData/93217544/0000/96/96722aa6,-3911517318824870045,168,sfx/SE_SOLO_FC_04__8f689e55_-3911517318824870045.wav,329180,8e663b8ce1d5db8dcc2a9692942cc65d8225b1e085b5245e6888ed0cced97fa1,2,48000,1.7143,UnityPy AudioClip.samples,exported,
sfx,SE_EV_041_NORMAL,SE_EV_041_NORMAL.wav,LocalData/93217544/0000/96/96939726,-5876372617249784960,168,sfx/SE_EV_041_NORMAL__81e7271b_-5876372617249784960.wav,434868,c1170a0fbb5e30ff3d3947a521e6bcd1f0b0808aab4b35c2d9087967a531f6c3,2,48000,2.2647,UnityPy AudioClip.samples,exported,
sfx,SE_M18003_h2,SE_M18003_h2.wav,LocalData/93217544/0000/96/96c5bbde,-4946074100732696498,164,sfx/SE_M18003_h2__054f7f97_-4946074100732696498.wav,998444,976bc952e9523123abac598a388402ed701308e4034d1f024d9da1f2b384b529,2,48000,5.2000,UnityPy AudioClip.samples,exported,
sfx,SE_M08554_d,SE_M08554_d.wav,LocalData/93217544/0000/96/96c90e06,-6847532987745242742,164,sfx/SE_M08554_d__dfa88d30_-6847532987745242742.wav,431440,2e3b6cfe866ba0c354a2e50128001b93258c22d97c47392bc23733b5f982dc3a,2,48000,2.2469,UnityPy AudioClip.samples,exported,
sfx,SE_M13208_h1,SE_M13208_h1.wav,LocalData/93217544/0000/97/97029894,-5150477292486097392,164,sfx/SE_M13208_h1__aaedf912_-5150477292486097392.wav,610836,92f8de2d6336bbb70960f4ac3370059237b20dd6ba7e31be122ed596618fa0de,2,48000,3.1812,UnityPy AudioClip.samples,exported,
sfx,SE_PACK_PROC_RARE,SE_PACK_PROC_RARE.wav,LocalData/93217544/0000/97/97091ae0,-2872365225293042587,172,sfx/SE_PACK_PROC_RARE__c4c8437b_-2872365225293042587.wav,452528,1b48e26e6359b90257336f103664c635250859fa45df8504f94edac7aa0d45d2,2,48000,2.3567,UnityPy AudioClip.samples,exported,
sfx,SE_SOLO_GATE078_COM_FADEIN,SE_SOLO_GATE078_COM_FADEIN.wav,LocalData/93217544/0000/97/971a0d75,105118836352947613,180,sfx/SE_SOLO_GATE078_COM_FADEIN__8314f305_105118836352947613.wav,674476,23dd3ab60e546343eed0576c46a24d8b0ce600c342fe82eec032a46953f32094,2,48000,3.5127,UnityPy AudioClip.samples,exported,
sfx,SE_M14288_g,SE_M14288_g.wav,LocalData/93217544/0000/97/972569da,2834950387369043355,164,sfx/SE_M14288_g__437b523b_2834950387369043355.wav,1152044,3473bc6577c6243ee0ad6e98c7dd8383a7b16784ad6e5c108a19b5d6a667aebf,2,48000,6.0000,UnityPy AudioClip.samples,exported,
sfx,SE_M11765_b,SE_M11765_b.wav,LocalData/93217544/0000/97/976567f6,6709892248316910312,164,sfx/SE_M11765_b__1595b798_6709892248316910312.wav,186796,1ab9012d3236985b6f799459ea8f7809d16072bbb926d5f57c0d790edc56a2bf,2,48000,0.9727,UnityPy AudioClip.samples,exported,
sfx,SE_M17443_h1,SE_M17443_h1.wav,LocalData/93217544/0000/97/97957e5b,5442930494134293835,164,sfx/SE_M17443_h1__fbfd769c_5442930494134293835.wav,506464,762166b5deafc63d67c52a167481b0335e3170a3438dd2a2dcf1c15cda575dbb,2,48000,2.6376,UnityPy AudioClip.samples,exported,
sfx,SE_M04041_d,SE_M04041_d.wav,LocalData/93217544/0000/97/979ce483,-7218702018557446986,164,sfx/SE_M04041_d__baab7872_-7218702018557446986.wav,182432,9fe1dbdb53d4c9a7bc123563f216c1ade8e56c73a49902d5f8b8120a6f34d027,2,48000,0.9499,UnityPy AudioClip.samples,exported,
sfx,SE_SOLO_GATE078_WHOOSH_02_J,SE_SOLO_GATE078_WHOOSH_02_J.wav,LocalData/93217544/0000/98/9808dd1d,-614101800947934175,180,sfx/SE_SOLO_GATE078_WHOOSH_02_J__98095206_-614101800947934175.wav,485784,f14f840f1aca9e525e8fbaf952063111981e948f065c205676d03c54df0f1b63,2,48000,2.5299,UnityPy AudioClip.samples,exported,
sfx,SE_M13668_c,SE_M13668_c.wav,LocalData/93217544/0000/98/98124c88,1673691039030697684,164,sfx/SE_M13668_c__6d3f4b73_1673691039030697684.wav,853040,554f65721710b691fd58f9bc323ce983b0cdf25c2f1daa779831bb9b12045711,2,48000,4.4427,UnityPy AudioClip.samples,exported,
sfx,SE_SOLO_WHOOSH_05,SE_SOLO_WHOOSH_05.wav,LocalData/93217544/0000/98/98275e9a,7477388907145715948,172,sfx/SE_SOLO_WHOOSH_05__bbfb26d9_7477388907145715948.wav,803592,2db7ad87ab814090044767d13b7a559cc5c9ab89a40724c42bc4b8a9982c58fd,2,44100,4.5553,UnityPy AudioClip.samples,exported,
sfx,SE_M04608_d,SE_M04608_d.wav,LocalData/93217544/0000/98/986fbdfb,8802507074158666046,164,sfx/SE_M04608_d__4b80ea5c_8802507074158666046.wav,483256,ab91fde151f8ef50249cc159ee96396b025bc59098ab13f19675ffe20073cea9,2,48000,2.5167,UnityPy AudioClip.samples,exported,
sfx,SE_M17405_e_1,SE_M17405_e_1.wav,LocalData/93217544/0000/98/98859079,8148730540406763394,168,sfx/SE_M17405_e_1__8c44532d_8148730540406763394.wav,419456,072031c643adb65ae9d647138a218e320de4355dd6c6c60aa0f2ccbbb620fb34,2,48000,2.1844,UnityPy AudioClip.samples,exported,
sfx,SE_EV_LIGHTNINGSTORM_P,SE_EV_LIGHTNINGSTORM_P.wav,LocalData/93217544/0000/98/989c930b,-9125511919564056596,176,sfx/SE_EV_LIGHTNINGSTORM_P__d8a137af_-9125511919564056596.wav,478348,bcee7bee5947a90ead30465a08d1bebd5272badd35c80cfe125df043fe1c85e8,2,48000,2.4912,UnityPy AudioClip.samples,exported,
sfx,SE_FIELD_MAT017_TAP_P,SE_FIELD_MAT017_TAP_P.wav,LocalData/93217544/0000/98/98b5401c,-6807422551302704405,176,sfx/SE_FIELD_MAT017_TAP_P__394f72c6_-6807422551302704405.wav,604160,385d6c95b6e71dec00fe548f4d245acf51cc5bd2aad6165bbb3ff96fc9d26880,2,48000,3.1464,UnityPy AudioClip.samples,exported,
sfx,SE_FIELD_MAT009_PHASE1_R,SE_FIELD_MAT009_PHASE1_R.wav,LocalData/93217544/0000/98/98c84ab4,3628107202682595467,176,sfx/SE_FIELD_MAT009_PHASE1_R__9bc3a36f_3628107202682595467.wav,524844,686aff926039c26440e104d418e13ff0a8387ee76becaf7085d9d9e5fbd37e65,2,48000,2.7333,UnityPy AudioClip.samples,exported,
sfx,SE_EV_TRANSMISSION_GEAR_LOSE,SE_EV_TRANSMISSION_GEAR_LOSE.wav,LocalData/93217544/0000/98/98cf5db1,-4890768382120137519,180,sfx/SE_EV_TRANSMISSION_GEAR_LOSE__0a6b7fbc_-4890768382120137519.wav,336096,1ffb1d24542674aeafcd651616172a8125751484e8345cda999ad4aed2e899b8,2,48000,1.7503,UnityPy AudioClip.samples,exported,
sfx,SE_M04044_h,SE_M04044_h.wav,LocalData/93217544/0000/98/98e16a43,-9071023303411866910,164,sfx/SE_M04044_h__c806e2c9_-9071023303411866910.wav,584644,72ba0b1e33c3f0fae237d312828b6ef3414f224fe39d2018f01251f04153ee7f,2,48000,3.0448,UnityPy AudioClip.samples,exported,
sfx,SE_FIELD_MAT008_PHASE1_P,SE_FIELD_MAT008_PHASE1_P.wav,LocalData/93217544/0000/99/990440a6,-7266379411370687260,176,sfx/SE_FIELD_MAT008_PHASE1_P__b56bbad5_-7266379411370687260.wav,525452,50f1be2657602ee64dffc91e6556ff494ac2cd73fb037a19dca11dae503ffcda,2,48000,2.7365,UnityPy AudioClip.samples,exported,
sfx,SE_M06653_e,SE_M06653_e.wav,LocalData/93217544/0000/99/992b33b5,3274105334176694604,164,sfx/SE_M06653_e__22c620aa_3274105334176694604.wav,380644,64fd4e1bb79173ba383e69f0f08695fe79d66495e47bac874ffca8a7dabebee3,2,48000,1.9823,UnityPy AudioClip.samples,exported,
music,BGM_SOLO_17,BGM_SOLO_17.wav,LocalData/93217544/0000/99/9962d7d9,-2119988170384583896,164,music/BGM_SOLO_17__abf373dd_-2119988170384583896.wav,16324140,799acf62707d1b328bbf6ed62fd34ef02348745a18413b7bcbf55aec46208fda,2,48000,85.0213,UnityPy AudioClip.samples,exported,
sfx,SE_SOLO_SPEAR_02,SE_SOLO_SPEAR_02.wav,LocalData/93217544/0000/99/997ad3d1,6429373516766018978,168,sfx/SE_SOLO_SPEAR_02__27494b97_6429373516766018978.wav,452516,0557c1cbf0322a9b04c1e96a6540f24a85b1f4c9cfef493c6d297e5fa7100a12,2,48000,2.3566,UnityPy AudioClip.samples,exported,
sfx,SE_M21965_h1,SE_M21965_h1.wav,LocalData/93217544/0000/99/99ff53e0,3753602456993775714,164,sfx/SE_M21965_h1__377647f5_3753602456993775714.wav,676352,d8ba0568a71060ee8b340a8ff4cee9797e0075feaaad46fd82152563394cca33,2,48000,3.5224,UnityPy AudioClip.samples,exported,
sfx,SE_FIELD_MAT008_PHASE3_P,SE_FIELD_MAT008_PHASE3_P.wav,LocalData/93217544/0000/9a/9a8094c8,6769067425737648966,176,sfx/SE_FIELD_MAT008_PHASE3_P__97a73bd7_6769067425737648966.wav,679432,51b50b1afcaf7b1bfb2596b188387c81e2fee0074d8fcf22bb626bdec7768513,2,48000,3.5385,UnityPy AudioClip.samples,exported,
sfx,SE_FIELD_MAT009_PHASE2_R,SE_FIELD_MAT009_PHASE2_R.wav,LocalData/93217544/0000/9a/9a8ef4ed,4993745726108966201,176,sfx/SE_FIELD_MAT009_PHASE2_R__11e24015_4993745726108966201.wav,620844,2f52086b90b6b8550aa625691d72a3e8954f3fb4f20dc2e9f00282b9258b71cf,2,48000,3.2333,UnityPy AudioClip.samples,exported,
voice,V_GATE078_02_00_00_25,V_GATE078_02_00_00_25.wav,LocalData/93217544/0000/9a/9a984eab,5558954009125711178,176,voice/V_GATE078_02_00_00_25__8975d08f_5558954009125711178.wav,152684,2fc7ad11de7c553453522d55caf227b811f9faf28faea517026e6252042fd440,1,48000,1.5900,UnityPy AudioClip.samples,exported,
sfx,SE_M13011_h1,SE_M13011_h1.wav,LocalData/93217544/0000/9a/9aa25fa5,-1965057893967347128,164,sfx/SE_M13011_h1__6733221f_-1965057893967347128.wav,481400,e3000022c090af9dbc19fc10a7cb4d086bf76ca468bcbecf79a7c914ed938367,2,48000,2.5071,UnityPy AudioClip.samples,exported,
sfx,SE_EV_INFINITE_IMPERMANENCE,SE_EV_INFINITE_IMPERMANENCE.wav,LocalData/93217544/0000/9a/9abaf1e3,4448112279697711990,180,sfx/SE_EV_INFINITE_IMPERMANENCE__3c0202c5_4448112279697711990.wav,602212,9d5e63bd6ff52b45393589343ed52acb76fadb5a8a9d2e5281e909efcb491868,2,48000,3.1363,UnityPy AudioClip.samples,exported,
music,BGM_DUEL_F07_PHASE_A,BGM_DUEL_F07_PHASE_A.wav,LocalData/93217544/0000/9a/9ad5ee7f,7067016374587925483,172,music/BGM_DUEL_F07_PHASE_A__7ceb90d2_7067016374587925483.wav,24762412,0ea0ba5cc2b57431f41a57d172e3f5ffe91b71dd9df04392ef9dbebaaaa04e74,2,48000,128.9707,UnityPy AudioClip.samples,exported,
sfx,SE_SOLO_EFFECT_23,SE_SOLO_EFFECT_23.wav,LocalData/93217544/0000/9a/9ae2f8f8,-8819485527195954598,172,sfx/SE_SOLO_EFFECT_23__ada0bf9a_-8819485527195954598.wav,906976,8514b62d4e13022ca63ea388079d1b0573626ec3b11252a1d1fdc687f8d3aa09,2,48000,4.7236,UnityPy AudioClip.samples,exported,
sfx,SE_M06344_d,SE_M06344_d.wav,LocalData/93217544/0000/9b/9b3ffdb3,-3834329029249433769,164,sfx/SE_M06344_d__49c74bde_-3834329029249433769.wav,357924,d6dd38c258e0f74338c74dd02beb9c0379b298a446d6d1a4765d88af2d2742ca,2,48000,1.8640,UnityPy AudioClip.samples,exported,
sfx,SE_FIELD_MAT008_PHASE2_P,SE_FIELD_MAT008_PHASE2_P.wav,LocalData/93217544/0000/9b/9b42feff,212080568468529253,176,sfx/SE_FIELD_MAT008_PHASE2_P__4cce375f_212080568468529253.wav,598192,9840a4782b545c348f08804dbc5fba448e4d47d857121859a1ec413c8d52513b,2,48000,3.1154,UnityPy AudioClip.samples,exported,
music,BGM_DUEL_DC01_CLIMAX,BGM_DUEL_DC01_CLIMAX.wav,LocalData/93217544/0000/9b/9b4583a2,-1177506846737470194,172,music/BGM_DUEL_DC01_CLIMAX__d7ed9d68_-1177506846737470194.wav,24115244,33e3f084e8f6883d9f6cef71e96fd1f220b6dcb93d2557b0a67535af49cd6c26,2,48000,125.6000,UnityPy AudioClip.samples,exported,
sfx,SE_FIELD_MAT009_PHASE3_R,SE_FIELD_MAT009_PHASE3_R.wav,LocalData/93217544/0000/9b/9b4c9eda,-6371006102194811395,176,sfx/SE_FIELD_MAT009_PHASE3_R__bd0829cb_-6371006102194811395.wav,640044,f233d76d083120b4bcb542be2912981b60555f0d5e8d60a1a6560a6573b3b96b,2,48000,3.3333,UnityPy AudioClip.samples,exported,
sfx,SE_M04758_h,SE_M04758_h.wav,LocalData/93217544/0000/9b/9b672852,5365312252242345740,164,sfx/SE_M04758_h__9555ac02_5365312252242345740.wav,883452,1d7b743d22318e0d60fd7a702145097628f5b863bc1f876bd57a980948d646e7,2,48000,4.6011,UnityPy AudioClip.samples,exported,
sfx,SE_M12678_f,SE_M12678_f.wav,LocalData/93217544/0000/9b/9b980cc7,180952685760978359,164,sfx/SE_M12678_f__6a31440b_180952685760978359.wav,569496,3941a8dd9ffc037d07d0da9d589d31dbc20f03813f5f2696a8e6999e91d6fa7b,2,48000,2.9659,UnityPy AudioClip.samples,exported,
sfx,SE_M21371_c,SE_M21371_c.wav,LocalData/93217544/0000/9b/9bbf2484,9147127254622879714,164,sfx/SE_M21371_c__0e2bc22a_9147127254622879714.wav,649380,f7a6594e3a4a3c019c0e9bf279cf4850918b8a311da76a8c35cc6a99a8eb2438,2,48000,3.3820,UnityPy AudioClip.samples,exported,
sfx,SE_M14676_h1,SE_M14676_h1.wav,LocalData/93217544/0000/9b/9bcb4f2f,6121756680611991930,164,sfx/SE_M14676_h1__789eefe3_6121756680611991930.wav,768044,297b7b204c3647a16439c31b9323d84a6fbe5d10f12f6f0dd3ebf3f606c049bf,2,48000,4.0000,UnityPy AudioClip.samples,exported,
sfx,SE_FIELD_MAT001_TAP,SE_FIELD_MAT001_TAP.wav,LocalData/93217544/0000/9c/9c159aae,-4583880549908353517,172,sfx/SE_FIELD_MAT001_TAP__4e09cb30_-4583880549908353517.wav,976552,7fcb4f311d763273f26693f50ec52e2f4e6ee5c026b8dc01487487f8191fc44e,2,48000,5.0860,UnityPy AudioClip.samples,exported,
voice,V_GATE078_03_00_00_23,V_GATE078_03_00_00_23.wav,LocalData/93217544/0000/9c/9c3980a0,-4871343894076454373,176,voice/V_GATE078_03_00_00_23__ec620e8e_-4871343894076454373.wav,510048,8646e4762a00c06b9a3e13e6bfcba26ce0030fea2cf8537fa8bddbce3833abba,1,48000,5.3125,UnityPy AudioClip.samples,exported,
music,BGM_DUEL_EX_06_ALL,BGM_DUEL_EX_06_ALL.wav,LocalData/93217544/0000/9c/9c483316,-4021250703011256902,172,music/BGM_DUEL_EX_06_ALL__b68eec5a_-4021250703011256902.wav,36331564,7f4a3ebbe8107b6e651f6e82d6b7e9e2a866d7b485d6ec4d581a1475e56d0b32,2,48000,189.2267,UnityPy AudioClip.samples,exported,
sfx,SE_M12642_d1,SE_M12642_d1.wav,LocalData/93217544/0000/9c/9c6cd89e,-3966239982248026319,164,sfx/SE_M12642_d1__2340dbfe_-3966239982248026319.wav,358280,488e6bf9b841c5e950fe46763af72fd7daea5624e16f71e03cfc2ff0b7c279bd,2,48000,1.8658,UnityPy AudioClip.samples,exported,
sfx,SE_M04608_h2,SE_M04608_h2.wav,LocalData/93217544/0000/9c/9c97b528,-3540240421490159135,164,sfx/SE_M04608_h2__f9f920ab_-3540240421490159135.wav,770324,b918f667dc37e32984eb6a009fc067d4c6a8fd01ec8eae2849d903a91fa9fc44,2,48000,4.0119,UnityPy AudioClip.samples,exported,
music,BGM_DUEL_KEYCARD_13,BGM_DUEL_KEYCARD_13.wav,LocalData/93217544/0000/9c/9cab3635,-1830724247300790885,172,music/BGM_DUEL_KEYCARD_13__d4ab7e0e_-1830724247300790885.wav,22765692,f903c58a7f339abd83a5e42546ffd3b6bb23da734ccd385e3e0b93cb57323299,2,48000,118.5711,UnityPy AudioClip.samples,exported,
sfx,SE_M13896_e,SE_M13896_e.wav,LocalData/93217544/0000/9c/9cbc6a80,-2318806042454122125,164,sfx/SE_M13896_e__120963ee_-2318806042454122125.wav,463304,104b628c486c244b40bbda5a4dfd8a3470b6d3573e799023f58c9b0f9d64e3be,2,48000,2.4128,UnityPy AudioClip.samples,exported,
sfx,SE_M21371_g,SE_M21371_g.wav,LocalData/93217544/0000/9c/9cd2e09d,9086695689127566220,164,sfx/SE_M21371_g__35a64f8c_9086695689127566220.wav,685100,32697778294dcbb89b4459c3bb8f41e8d50d39e69c69e178f8f1c96b2756dc67,2,48000,3.5680,UnityPy AudioClip.samples,exported,
sfx,SE_MONSTERATTACK_OBELISK_01,SE_MONSTERATTACK_OBELISK_01.wav,LocalData/93217544/0000/9d/9d033cec,861836321215036461,180,sfx/SE_MONSTERATTACK_OBELISK_01__7b70b1db_861836321215036461.wav,510448,2debed05c1812b19b79fe914bbe7ca437dcc629659807a54ed7c366eee7e48af,2,48000,2.6584,UnityPy AudioClip.samples,exported,
sfx,SE_SOLO_3S_MOVE_3,SE_SOLO_3S_MOVE_3.wav,LocalData/93217544/0000/9d/9d0e305e,-7675149520427859709,172,sfx/SE_SOLO_3S_MOVE_3__f4de005b_-7675149520427859709.wav,532380,b9992ef39685f52c596f60d181a26a3ea9016cfe349f44f7ba6d9c67736c3721,2,48000,2.7726,UnityPy AudioClip.samples,exported,
sfx,SE_SOLO_GATE078_M_FOOT_02,SE_SOLO_GATE078_M_FOOT_02.wav,LocalData/93217544/0000/9d/9d2d9df1,-4349023987502342350,180,sfx/SE_SOLO_GATE078_M_FOOT_02__d37b849f_-4349023987502342350.wav,49212,758b21f79b7446b6f05d8ce2717810f80174fe19911769435dc4e9e15b4c0061,2,48000,0.2561,UnityPy AudioClip.samples,exported,
sfx,SE_M15089_d1,SE_M15089_d1.wav,LocalData/93217544/0000/9d/9d636f0d,5011621238312937822,164,sfx/SE_M15089_d1__7df7c8bd_5011621238312937822.wav,487876,40996c01ba9d86a5156242337d3eb3a52b4c8200b235a99302928dc86f762827,2,48000,2.5408,UnityPy AudioClip.samples,exported,
sfx,SE_SOLO_NOISE,SE_SOLO_NOISE.wav,LocalData/93217544/0000/9d/9dad78d3,-3951583217410109474,168,sfx/SE_SOLO_NOISE__9b45756b_-3951583217410109474.wav,380856,840955260e3a3dfe4742eb0956fc2f4516506f96653663e0327db7af941b1c8f,2,48000,1.9834,UnityPy AudioClip.samples,exported,
sfx,SE_M04043_h,SE_M04043_h.wav,LocalData/93217544/0000/9d/9dae7cc6,3653113905780751717,164,sfx/SE_M04043_h__9b083a23_3653113905780751717.wav,804764,b2b06a2f97ab6a1413f3698abb165ef27e696c7ac177fc81e7a85b4a88dda21c,2,48000,4.1913,UnityPy AudioClip.samples,exported,
voice,V_GATE078_02_00_00_21,V_GATE078_02_00_00_21.wav,LocalData/93217544/0000/9d/9df58ab2,-1861044005237915009,176,voice/V_GATE078_02_00_00_21__a6b2413f_-1861044005237915009.wav,332924,970c817db0c40568176e857b425b930cca28d28bbe7551acdc66e9f082ba41a2,1,48000,3.4675,UnityPy AudioClip.samples,exported,
sfx,SE_FIELD_MAT009_PHASE4_R,SE_FIELD_MAT009_PHASE4_R.wav,LocalData/93217544/0000/9e/9e03885f,-8686352048907705747,176,sfx/SE_FIELD_MAT009_PHASE4_R__c37c3ac0_-8686352048907705747.wav,1043244,176e07e62056691811cad8c14e161be98f32f70440132c9544f0de225dbd4b40,2,48000,5.4333,UnityPy AudioClip.samples,exported,
music,BGM_SOLO_13,BGM_SOLO_13.wav,LocalData/93217544/0000/9e/9e0f13c0,1583568525334809301,164,music/BGM_SOLO_13__490a5828_1583568525334809301.wav,10147820,0105e592d438b10766b04a361d7c91f793945b5ddd7cea896b4ef67a30e3d85c,2,48000,52.8530,UnityPy AudioClip.samples,exported,
sfx,SE_M04041_h,SE_M04041_h.wav,LocalData/93217544/0000/9e/9e2aa8a8,-7750663564388075876,164,sfx/SE_M04041_h__a9419dfd_-7750663564388075876.wav,528960,d867cc8d774430365bfebe37730ef539c4eda65158f9d8b20b0fe17368e89655,2,48000,2.7548,UnityPy AudioClip.samples,exported,
sfx,SE_SOLO_JET,SE_SOLO_JET.wav,LocalData/93217544/0000/9e/9e7235ff,-6407104989466089480,164,sfx/SE_SOLO_JET__9569e1f8_-6407104989466089480.wav,1004396,7f705706de82dba6dfed07fb103972708a31de666a80503791bd35400b74f9b2,2,44100,5.6936,UnityPy AudioClip.samples,exported,
sfx,SE_LOT_TRANSITION,SE_LOT_TRANSITION.wav,LocalData/93217544/0000/9e/9ef4ccad,7138561642289760702,172,sfx/SE_LOT_TRANSITION__5271ea00_7138561642289760702.wav,288460,7dbedb62220744c488bd8d84ba16c0e92387e25acc38fff2a325e87085ac1b43,2,48000,1.5022,UnityPy AudioClip.samples,exported,
music,BGM_DUEL_F11_PHASE_B,BGM_DUEL_F11_PHASE_B.wav,LocalData/93217544/0000/9f/9f04ad71,5406212075149790691,172,music/BGM_DUEL_F11_PHASE_B__7b35a459_5406212075149790691.wav,23155244,ccae56548629a0e201c5f84aefc9c654dff339c36e73388085e5fa9744f9aa75,2,48000,120.6000,UnityPy AudioClip.samples,exported,
sfx,SE_M04758_h2,SE_M04758_h2.wav,LocalData/93217544/0000/9f/9f2be9fd,2933025850659574720,164,sfx/SE_M04758_h2__77928d6e_2933025850659574720.wav,601508,748c1b79443297580001e2059852b23dcc837ce9c3102e217a44e607c28fec0b,2,48000,3.1326,UnityPy AudioClip.samples,exported,
sfx,SE_SOLO_WHOOSH_01,SE_SOLO_WHOOSH_01.wav,LocalData/93217544/0000/9f/9f4a9a83,6317575016331402643,172,sfx/SE_SOLO_WHOOSH_01__6045cdec_6317575016331402643.wav,1245712,9930a7ff89a40ea9583f002553119e1e4f5854c3a58030d09ce3c60a0e249745,2,44100,7.0616,UnityPy AudioClip.samples,exported,
sfx,SE_SOLO_3S_NOISE_3,SE_SOLO_3S_NOISE_3.wav,LocalData/93217544/0000/9f/9f4fecd8,1513681860402961932,172,sfx/SE_SOLO_3S_NOISE_3__5e819267_1513681860402961932.wav,579512,551fd0265a66c7f67080274d4381298ef7404bb9b64fc5f893cfe75ef352e913,2,48000,3.0181,UnityPy AudioClip.samples,exported,
sfx,SE_RESULT_RANKUP,SE_RESULT_RANKUP.wav,LocalData/93217544/0000/9f/9f65dc74,5494330188728569217,168,sfx/SE_RESULT_RANKUP__82b0e2ea_5494330188728569217.wav,699296,f248c36b186e390d279b13e4bbb8587828ee6a09ea840baf34716af60da2c37f,2,48000,3.6419,UnityPy AudioClip.samples,exported,
sfx,SE_M08554_h,SE_M08554_h.wav,LocalData/93217544/0000/9f/9f7f422d,9075974575792813188,164,sfx/SE_M08554_h__89b71b32_9075974575792813188.wav,578980,86cc40a76adea9165e4d7be425c35f2b29797ef336eef78c5df4a9f16b7eb881,2,48000,3.0153,UnityPy AudioClip.samples,exported,
sfx,SE_FIELD_MAT014_TAP,SE_FIELD_MAT014_TAP.wav,LocalData/93217544/0000/9f/9fa9c67b,-7346365795911818038,172,sfx/SE_FIELD_MAT014_TAP__0e378e13_-7346365795911818038.wav,985644,8a9c94d477ef09ac5060d0ea580cece9e40f6ba89c02490c8f30f964e95c698d,2,48000,5.1333,UnityPy AudioClip.samples,exported,
sfx,SE_FIELD_MAT008_PHASE4_P,SE_FIELD_MAT008_PHASE4_P.wav,LocalData/93217544/0000/9f/9fcf824d,8919274481334957431,176,sfx/SE_FIELD_MAT008_PHASE4_P__ecc2dea8_8919274481334957431.wav,1357948,0999e587dd7eb531e8987b0ec7ad7eaf3fd136580a1e772d2da68904c36d6701,2,48000,7.0724,UnityPy AudioClip.samples,exported,
sfx,SE_M04818_d,SE_M04818_d.wav,LocalData/93217544/0000/9f/9fe364ff,-2506216929014745943,164,sfx/SE_M04818_d__4101a9ae_-2506216929014745943.wav,257868,527442cea7aa7a231d71e8dfbb24d071a53141e697407b58b6f3d89cd0118b9d,2,44100,1.4616,UnityPy AudioClip.samples,exported,
sfx,SE_M13258_i,SE_M13258_i.wav,LocalData/93217544/0000/9f/9ff2acb8,3138196392123478303,164,sfx/SE_M13258_i__930a4736_3138196392123478303.wav,563244,8df864f57423e15891a3163d5b5a12cbd97253bad33cb182eb2439a4fb511c9f,2,48000,2.9333,UnityPy AudioClip.samples,exported,
sfx,SE_M20578_f,SE_M20578_f.wav,LocalData/93217544/0000/a0/a018cd81,-1757246158995191913,164,sfx/SE_M20578_f__6d2a641f_-1757246158995191913.wav,550436,b16ea7c48dd6802874382bbfed329a67c44afb4c51c6d190509931eccc9aa635,2,48000,2.8666,UnityPy AudioClip.samples,exported,
sfx,SE_M09441_i,SE_M09441_i.wav,LocalData/93217544/0000/a0/a0332d20,-4861286250774449700,164,sfx/SE_M09441_i__9e767633_-4861286250774449700.wav,1673500,ab4a2415fec0ffb274efa413c9a29601bc35f6b436945c6a56271b41a8e2a4bc,2,48000,8.7159,UnityPy AudioClip.samples,exported,
music,BGM_DUEL_EX_05_KEYCARD,BGM_DUEL_EX_05_KEYCARD.wav,LocalData/93217544/0000/a0/a035163e,-81871634235588919,176,music/BGM_DUEL_EX_05_KEYCARD__0383a75b_-81871634235588919.wav,24462344,fdbdfd3da05045a3f7528785ea9aab0e4ecbc1cbfbf91e41cecc4578f1c06db4,2,48000,127.4078,UnityPy AudioClip.samples,exported,
sfx,SE_M10691_e,SE_M10691_e.wav,LocalData/93217544/0000/a0/a057b0ca,4884345272169238436,164,sfx/SE_M10691_e__ffd4a762_4884345272169238436.wav,982316,386f3b4381d8604691b5affd7855f5d990364352a8bcf9f6d103d0cca07f8cd5,2,48000,5.1160,UnityPy AudioClip.samples,exported,
sfx,SE_FIELD_MAT013_PHASE1_P,SE_FIELD_MAT013_PHASE1_P.wav,LocalData/93217544/0000/a0/a06a6491,-7955063263755362212,176,sfx/SE_FIELD_MAT013_PHASE1_P__5bcd3d7d_-7955063263755362212.wav,517180,39a9be7e9eb9ddde423789525b4b217072b1334a8fe86400b8b0e89ace151828,2,48000,2.6934,UnityPy AudioClip.samples,exported,
music,BGM_DUEL_CLIMAX_14,BGM_DUEL_CLIMAX_14.wav,LocalData/93217544/0000/a0/a0c3b60f,-7266251302400678547,172,music/BGM_DUEL_CLIMAX_14__51750f5d_-7266251302400678547.wav,21206572,6c35458db491c7edbc2c76dbeb60630ea2c8a7ef9b5eaa6879e4f7f9c2f836ac,2,48000,110.4507,UnityPy AudioClip.samples,exported,
sfx,SE_M09647_d,SE_M09647_d.wav,LocalData/93217544/0000/a0/a0cf7e4f,6302369419395751423,164,sfx/SE_M09647_d__c7378830_6302369419395751423.wav,354652,94eb4bbe2c2bae03b204786935f5e7179ddce0de262c64a9719cccdd23b6ed55,2,48000,1.8469,UnityPy AudioClip.samples,exported,
sfx,SE_M14676_h,SE_M14676_h.wav,LocalData/93217544/0000/a0/a0e7efd7,518897667945410814,164,sfx/SE_M14676_h__98a0c763_518897667945410814.wav,652848,0c61ed76ebeec29c72ec7979bc0781c94912fd397f65939a2c8b254cb8a8e4ca,2,48000,3.4000,UnityPy AudioClip.samples,exported,
sfx,SE_V00002_d,SE_V00002_d.wav,LocalData/93217544/0000/a0/a0f8a2e6,-2756051659169732953,164,sfx/SE_V00002_d__c4f4a907_-2756051659169732953.wav,538244,464fe549b32753f40570cee9fcc37300ffba4c20e474fe6c8de345a74bccae69,2,48000,2.8031,UnityPy AudioClip.samples,exported,
sfx,SE_M04054_f_lp01,SE_M04054_f_lp01.wav,LocalData/93217544/0000/a0/a0f9436d,-7880394028341287330,168,sfx/SE_M04054_f_lp01__2507e6f7_-7880394028341287330.wav,436996,5748a146c8d49ed5e5cbea312fd4a664d46dd1d2f92a75f82368359693730ca1,2,48000,2.2758,UnityPy AudioClip.samples,exported,
voice,V_GATE078_02_00_00_09,V_GATE078_02_00_00_09.wav,LocalData/93217544/0000/a1/a1186002,5730613117827538387,176,voice/V_GATE078_02_00_00_09__2d044977_5730613117827538387.wav,396284,9f00f4be4dca63742592ee5b7415a595852c8f32ad6fb6a60e8bdcfb9f81450c,1,48000,4.1275,UnityPy AudioClip.samples,exported,
sfx,SE_M04844_d,SE_M04844_d.wav,LocalData/93217544/0000/a1/a1276da9,2421283500820690870,164,sfx/SE_M04844_d__666365bc_2421283500820690870.wav,681996,cd5f7bace9aa42bc51219cf61c6318c80a84d9a8b25f6dc1d58b60057fafa606,2,48000,3.5518,UnityPy AudioClip.samples,exported,
sfx,SE_V00003_d,SE_V00003_d.wav,LocalData/93217544/0000/a1/a13ac8d1,-2412381554168362949,164,sfx/SE_V00003_d__2f44960e_-2412381554168362949.wav,364088,e488261209c08fc9ab9527cf39ef97d7fb6846bf026b5fcd0f009d34ab6335bb,2,48000,1.8961,UnityPy AudioClip.samples,exported,
sfx,SE_M08092_f_loop,SE_M08092_f_loop.wav,LocalData/93217544/0000/a1/a13affe9,-1187979851947232225,168,sfx/SE_M08092_f_loop__7e90c190_-1187979851947232225.wav,302568,8a8a771d1f753bfbb58b56dfbd2e396dfaf5c5ac59db0005bd7b584d575a7087,2,48000,1.5756,UnityPy AudioClip.samples,exported,
sfx,SE_FIELD_MAT012_PHASE1_R,SE_FIELD_MAT012_PHASE1_R.wav,LocalData/93217544/0000/a1/a1a66e83,-5388435549236860715,176,sfx/SE_FIELD_MAT012_PHASE1_R__2862fb6b_-5388435549236860715.wav,524844,ee281eaff1ba606689ddd1760c6b43444e4e511828e3c099d323af22ea5fd0ae,2,48000,2.7333,UnityPy AudioClip.samples,exported,
sfx,SE_M11540_h,SE_M11540_h.wav,LocalData/93217544/0000/a1/a1b2d7e8,-4662330890193259797,164,sfx/SE_M11540_h__b5193b74_-4662330890193259797.wav,421924,5f7a7a1fb59f34c282c983789c51f655e7a39fd81f564994089be2d5b1b5c000,2,48000,2.1973,UnityPy AudioClip.samples,exported,
sfx,SE_M03415_f,SE_M03415_f.wav,LocalData/93217544/0000/a1/a1c04b39,5139344520451957636,164,sfx/SE_M03415_f__46c33dfc_5139344520451957636.wav,908848,8ceaac3aa0f11a4d77ef82d03a7267b3be75e10317987775b0af8a2bd8ac5fdc,2,48000,4.7334,UnityPy AudioClip.samples,exported,
sfx,SE_FUKUBIKI_TIER01,SE_FUKUBIKI_TIER01.wav,LocalData/93217544/0000/a1/a1f52308,-3870961454187419596,172,sfx/SE_FUKUBIKI_TIER01__f0e2366b_-3870961454187419596.wav,550112,48f58839a4fe321948722f183ade9f2e9845736164a1f6f56214e388a8e0c316,2,48000,2.8649,UnityPy AudioClip.samples,exported,
sfx,SE_SOLO_S_LAUGHTER,SE_SOLO_S_LAUGHTER.wav,LocalData/93217544/0000/a1/a1f970cd,362056485209530706,172,sfx/SE_SOLO_S_LAUGHTER__a0169dd8_362056485209530706.wav,1037548,e5f9fe39247f340130c12be376d98f5924d68d03064b1f79d225fbbd8413f22b,2,48000,5.4037,UnityPy AudioClip.samples,exported,
sfx,SE_SYS_ITEM_OBTAIN_A,SE_SYS_ITEM_OBTAIN_A.wav,LocalData/93217544/0000/a1/a1fb0ada,-7529247355035220313,172,sfx/SE_SYS_ITEM_OBTAIN_A__967a0a1b_-7529247355035220313.wav,363976,838733bfb2710109e837194e42b9dd2ed5089e81b9e283a64f3915aebfda0d77,2,48000,1.8955,UnityPy AudioClip.samples,exported,
sfx,SE_FIELD_MAT012_PHASE3_R,SE_FIELD_MAT012_PHASE3_R.wav,LocalData/93217544/0000/a2/a222baed,5862797399980882276,176,sfx/SE_FIELD_MAT012_PHASE3_R__83876445_5862797399980882276.wav,832044,f85cd73b74aa0f53169286970f8e78f69ee78bf36971d49754b659f73c619330,2,48000,4.3333,UnityPy AudioClip.samples,exported,
sfx,SE_FIELD_MAT013_PHASE2_P,SE_FIELD_MAT013_PHASE2_P.wav,LocalData/93217544/0000/a2/a22cdac8,6646497265519467161,176,sfx/SE_FIELD_MAT013_PHASE2_P__07c95bce_6646497265519467161.wav,667220,6fdbcb54648490d6927a25a7bd9a33ab01d34ec410ef86244571fadca4abdcea,2,48000,3.4749,UnityPy AudioClip.samples,exported,
sfx,SE_PACKOPEN_01_OP,SE_PACKOPEN_01_OP.wav,LocalData/93217544/0000/a2/a242d492,-3266475515085766602,172,sfx/SE_PACKOPEN_01_OP__ba9b24c6_-3266475515085766602.wav,494768,35c8674340d8c6b3ac5d4c217ad788d1098923264bbb044615e36b1f04c285c9,2,48000,2.5767,UnityPy AudioClip.samples,exported,
sfx,SE_FIELD_MAT011_PHASE4_P,SE_FIELD_MAT011_PHASE4_P.wav,LocalData/93217544/0000/a2/a2547647,-97181359739775776,176,sfx/SE_FIELD_MAT011_PHASE4_P__ec95dced_-97181359739775776.wav,743084,0f6ff4e4e4b496839311347aa1a0e768c243f39db4550684a3149b18e9a5fb7a,2,48000,3.8700,UnityPy AudioClip.samples,exported,
sfx,SE_V00001_d,SE_V00001_d.wav,LocalData/93217544/0000/a2/a2be1cbf,-6896616573564746731,164,sfx/SE_V00001_d__b4bcd1f9_-6896616573564746731.wav,255844,a097da45fa71e1197657abfe36286419c5a538f3972b9b82e6504ac2007bc364,2,48000,1.3323,UnityPy AudioClip.samples,exported,
sfx,SE_FIELD_MAT015_TAP,SE_FIELD_MAT015_TAP.wav,LocalData/93217544/0000/a2/a2c9efcb,4561867534875754977,172,sfx/SE_FIELD_MAT015_TAP__ff709f0d_4561867534875754977.wav,971436,795e654472cff8ee739f9790e9c566d9a009fcfff113dfdd7813e74853416ad7,2,48000,5.0593,UnityPy AudioClip.samples,exported,
sfx,SE_LOT_PRIZE_SP_02,SE_LOT_PRIZE_SP_02.wav,LocalData/93217544/0000/a2/a2f600a0,7737593870203378595,172,sfx/SE_LOT_PRIZE_SP_02__54960787_7737593870203378595.wav,610760,3ca54fce14a30e2c2749bcebf4726caf0d24e4172ab1e887fc135bc5f83e7c00,2,48000,3.1808,UnityPy AudioClip.samples,exported,
sfx,SE_PACK_CARD_MOVE_04,SE_PACK_CARD_MOVE_04.wav,LocalData/93217544/0000/a2/a2ff3151,-8571743598428853896,172,sfx/SE_PACK_CARD_MOVE_04__0a7678dd_-8571743598428853896.wav,62128,8412ada44f8494966606452ab9abee9e15bd963918fb58e3674f32e253bc2a07,2,48000,0.3234,UnityPy AudioClip.samples,exported,
sfx,SE_SOLO_KIRAKIRA_02,SE_SOLO_KIRAKIRA_02.wav,LocalData/93217544/0000/a3/a320355c,-5116083727124746054,172,sfx/SE_SOLO_KIRAKIRA_02__ecf5863b_-5116083727124746054.wav,677924,b938b371a80d718dbf28582b7c3c5c15b7f31cacc2cc62f9f96ea5c95d1f2480,2,44100,3.8429,UnityPy AudioClip.samples,exported,
sfx,SE_M07807_h,SE_M07807_h.wav,LocalData/93217544/0000/a3/a3217a22,-7759635842034127641,164,sfx/SE_M07807_h__adbef019_-7759635842034127641.wav,617448,46bbb4d6ad4af64ac1bb2d304b007a2ae8ad23091eb9ea338556bdb518b81d37,2,48000,3.2156,UnityPy AudioClip.samples,exported,
sfx,SE_SOLO_3S_CHECK,SE_SOLO_3S_CHECK.wav,LocalData/93217544/0000/a3/a32a699a,4077266717068798781,168,sfx/SE_SOLO_3S_CHECK__fda0e575_4077266717068798781.wav,832312,f29a44892472e135661e848d9c87e5f338cbaa9622bd01c643a9330e235ef831,2,48000,4.3347,UnityPy AudioClip.samples,exported,
sfx,SE_M12843_e,SE_M12843_e.wav,LocalData/93217544/0000/a3/a341a313,8049214402028150159,164,sfx/SE_M12843_e__2ccd8758_8049214402028150159.wav,663852,0f9ca5cacfa3661499756a8834b41fa5f247dd0d01895c02846d0709e4cd5f19,2,48000,3.4573,UnityPy AudioClip.samples,exported,
sfx,SE_M09903_h,SE_M09903_h.wav,LocalData/93217544/0000/a3/a3429a3e,-2169474727582966049,164,sfx/SE_M09903_h__73910dd5_-2169474727582966049.wav,506292,ea866ca37e42304c770b8b62f346bc3e537d62fb14c4555adcc6f3628da6108a,2,48000,2.6367,UnityPy AudioClip.samples,exported,
music,BGM_DUEL_F04_PHASE_A,BGM_DUEL_F04_PHASE_A.wav,LocalData/93217544/0000/a3/a358d2ba,-6959813765430080566,172,music/BGM_DUEL_F04_PHASE_A__c4f7e657_-6959813765430080566.wav,23568428,41df5619a40ba49f5032e5af934fe8fca92f61b4e67342dedd37a970392f3d4e,2,48000,122.7520,UnityPy AudioClip.samples,exported,
sfx,SE_M18003_d1,SE_M18003_d1.wav,LocalData/93217544/0000/a3/a379a568,4036288280036008776,164,sfx/SE_M18003_d1__c06126ed_4036288280036008776.wav,342652,5aaa16b465cd8e67be60c3fb021ca54654bda1a911ec2134317ea23db9939418,2,48000,1.7844,UnityPy AudioClip.samples,exported,
sfx,SE_FIELD_MAT010_PHASE4_R,SE_FIELD_MAT010_PHASE4_R.wav,LocalData/93217544/0000/a3/a3987c55,-8942611266018694438,176,sfx/SE_FIELD_MAT010_PHASE4_R__8d5efd63_-8942611266018694438.wav,825644,f2bb191355cd81a48f9879650262b8b9394a36276458ad6240ad4b821c086a63,2,48000,4.3000,UnityPy AudioClip.samples,exported,
sfx,SE_FIELD_MAT012_PHASE2_R,SE_FIELD_MAT012_PHASE2_R.wav,LocalData/93217544/0000/a3/a3e0d0da,-5182268596348242225,176,sfx/SE_FIELD_MAT012_PHASE2_R__e495c5f1_-5182268596348242225.wav,672044,ba8007d54f30eecae0afc2790f32ec6dfc2bc360cfe83ccb22aea862d919bed1,2,48000,3.5000,UnityPy AudioClip.samples,exported,
sfx,SE_DECK_CRAFT_ROYAL,SE_DECK_CRAFT_ROYAL.wav,LocalData/93217544/0000/a3/a3e2abf4,-9125282631969198001,172,sfx/SE_DECK_CRAFT_ROYAL__d6c0a432_-9125282631969198001.wav,613204,5a199a5ac769a85f7c21722782e4bcfbd674c5a28771985779b2b7143e806950,2,48000,3.1935,UnityPy AudioClip.samples,exported,
sfx,SE_M13587_h,SE_M13587_h.wav,LocalData/93217544/0000/a3/a3e3dfde,9053358060063952263,164,sfx/SE_M13587_h__d5ee64e3_9053358060063952263.wav,742444,d72c8571c5317cbd4db42508a5d02775260e476cbd4d8dbc8489de29205ca7c8,2,48000,3.8667,UnityPy AudioClip.samples,exported,
sfx,SE_FIELD_MAT013_PHASE3_P,SE_FIELD_MAT013_PHASE3_P.wav,LocalData/93217544/0000/a3/a3eeb0ff,-5243727698463615160,176,sfx/SE_FIELD_MAT013_PHASE3_P__9d98f5be_-5243727698463615160.wav,699244,db0b8ceebd88ebae8f5939992c7a98a423c753471c678095c85e55eeff1215ad,2,48000,3.6417,UnityPy AudioClip.samples,exported,
sfx,SE_SOLO_GATE078_C_SEARCH_01,SE_SOLO_GATE078_C_SEARCH_01.wav,LocalData/93217544/0000/a4/a44b842d,1415338649901433980,180,sfx/SE_SOLO_GATE078_C_SEARCH_01__f1e83d79_1415338649901433980.wav,31584,5d064804ee1ca8f84205639307ae5f06776a7c9793a3c7a1aa89cf8eb56062ba,2,48000,0.1643,UnityPy AudioClip.samples,exported,
sfx,SE_M04844_f_lp01,SE_M04844_f_lp01.wav,LocalData/93217544/0000/a4/a45517da,-6880062418945283779,168,sfx/SE_M04844_f_lp01__6f368d47_-6880062418945283779.wav,512524,1bf52554600440d16c0071e03ac48b619671d182902ed5b0a4a8a9ca4d833f95,2,48000,2.6692,UnityPy AudioClip.samples,exported,
sfx,SE_FUKUBIKI_MARBLES,SE_FUKUBIKI_MARBLES.wav,LocalData/93217544/0000/a4/a46ef869,-2711667134217398291,172,sfx/SE_FUKUBIKI_MARBLES__f2c7b92d_-2711667134217398291.wav,389160,bc5c12c759e0643a4e468bdffc70dbf8050fb456d2e2708409f74fcadde12e2b,2,48000,2.0266,UnityPy AudioClip.samples,exported,
sfx,SE_V00004_d,SE_V00004_d.wav,LocalData/93217544/0000/a4/a475de54,6788609498087191482,164,sfx/SE_V00004_d__dd02393c_6788609498087191482.wav,329884,609c12706e9e294460066c92b32f6c2e5a1f570e46bd79affd9005d4121729be,2,48000,1.7179,UnityPy AudioClip.samples,exported,
sfx,SE_FIELD_MAT011_PHASE1_P,SE_FIELD_MAT011_PHASE1_P.wav,LocalData/93217544/0000/a4/a49fb4ac,4216321250817194019,176,sfx/SE_FIELD_MAT011_PHASE1_P__b1a6dc99_4216321250817194019.wav,471632,1f873fda86ff4c774815568529a017e5cbff1460a7fdd646b66499ca46884246,2,48000,2.4562,UnityPy AudioClip.samples,exported,
sfx,SE_SOLO_GATE078_N_FOOT_02,SE_SOLO_GATE078_N_FOOT_02.wav,LocalData/93217544/0000/a4/a4a0a134,-8161609186252522644,180,sfx/SE_SOLO_GATE078_N_FOOT_02__06163120_-8161609186252522644.wav,65212,da63b42a8a28b251f7d7c9f02970ffb65d7595f61252f350d8755a4f6aa776f9,2,48000,0.3394,UnityPy AudioClip.samples,exported,
sfx,SE_V00008_h,SE_V00008_h.wav,LocalData/93217544/0000/a4/a4d96b1b,4512609638859359065,164,sfx/SE_V00008_h__40e06e84_4512609638859359065.wav,330920,07adb06c5d17650bcb9f65247dc3bf425c5769531676d10936756adff0d6e50f,2,48000,1.7233,UnityPy AudioClip.samples,exported,
sfx,SE_M14240_f,SE_M14240_f.wav,LocalData/93217544/0000/a4/a4e7b74c,4117616962505290343,164,sfx/SE_M14240_f__86595186_4117616962505290343.wav,362484,8ad888f5dd6089302d869ebcd80746a6b5e9ae51f6d05b7a1a28d6a3472e7e94,2,48000,1.8877,UnityPy AudioClip.samples,exported,
sfx,SE_M04708_d,SE_M04708_d.wav,LocalData/93217544/0000/a5/a50f944b,5046379261668603691,164,sfx/SE_M04708_d__74531433_5046379261668603691.wav,310472,6d8647602f99d1c6caea8b05d6622dd61d9c79230aa828b7129ea6197783cded,2,48000,1.6168,UnityPy AudioClip.samples,exported,
sfx,SE_V00009_h,SE_V00009_h.wav,LocalData/93217544/0000/a5/a51b012c,-5572908776691869469,164,sfx/SE_V00009_h__b09dfd93_-5572908776691869469.wav,436624,6b805332f48ec6d8d92429888ba000ff8c0c28fce1f65cf949012ded9be5b72b,2,48000,2.2739,UnityPy AudioClip.samples,exported,
sfx,SE_M19027_h,SE_M19027_h.wav,LocalData/93217544/0000/a5/a52593ac,9095400277468958951,164,sfx/SE_M19027_h__01d2fcee_9095400277468958951.wav,419196,9ba1084a2c1bdcd36cbfa314697c835a2ec5ea7c19eabe6a74d2016c74d08ba0,2,48000,2.1831,UnityPy AudioClip.samples,exported,
sfx,SE_FIELD_MAT010_PHASE1_R,SE_FIELD_MAT010_PHASE1_R.wav,LocalData/93217544/0000/a5/a553bebe,3218622708915763669,176,sfx/SE_FIELD_MAT010_PHASE1_R__93b7cf0f_3218622708915763669.wav,492848,c27ba5e7706e67b599e013bd302af363fa192ed90abc14b46470cd9f8762a7d0,2,48000,2.5667,UnityPy AudioClip.samples,exported,
sfx,SE_M07950_d,SE_M07950_d.wav,LocalData/93217544/0000/a5/a566f90e,442622965415963753,164,sfx/SE_M07950_d__967d9371_442622965415963753.wav,514340,b712e0d04cda3255fdaf2aa9573bcd164426dd66ce8a66f2c9e553f4a7fde0eb,2,48000,2.6786,UnityPy AudioClip.samples,exported,
sfx,SE_EV_EF15409,SE_EV_EF15409.wav,LocalData/93217544/0000/a5/a586a6e8,-6424419160398621615,168,sfx/SE_EV_EF15409__447ba354_-6424419160398621615.wav,520424,99e552c36ff4d69fe034eefabd7a8d4224ecf81aa734ba1a5c71d59a96481fcf,2,48000,2.7103,UnityPy AudioClip.samples,exported,
sfx,SE_V00005_d,SE_V00005_d.wav,LocalData/93217544/0000/a5/a5b7b463,-6677208455935881043,164,sfx/SE_V00005_d__054af2d4_-6677208455935881043.wav,395144,f2149116d42d06480a7d294cab0596f3d28315435dda856e6f33a69adfcae8fc,2,48000,2.0578,UnityPy AudioClip.samples,exported,
sfx,SE_SOLO_GATE078_C_MOVE_03,SE_SOLO_GATE078_C_MOVE_03.wav,LocalData/93217544/0000/a5/a5bae706,6991662337352668655,180,sfx/SE_SOLO_GATE078_C_MOVE_03__ea13dff5_6991662337352668655.wav,237692,d8c27799c15687d6e35188e58cb71c7faab57a9e35b35412133d8ea979e1bc0b,2,48000,1.2377,UnityPy AudioClip.samples,exported,
sfx,SE_V00007_d,SE_V00007_d.wav,LocalData/93217544/0000/a6/a633600d,8441337630200644986,164,sfx/SE_V00007_d__a787b0b2_8441337630200644986.wav,243660,10221cb5ffcac22508ba9b1c6e247c9eb459f4104d9205f6d8884f67601439f7,2,48000,1.2688,UnityPy AudioClip.samples,exported,
sfx,SE_M20215_e,SE_M20215_e.wav,LocalData/93217544/0000/a6/a6828ca4,-2972300237070419957,164,sfx/SE_M20215_e__0d651f92_-2972300237070419957.wav,486444,e8287e051cf80d78072bd132d5cb8cbea926de01c059694e39b205fd49195f25,2,48000,2.5333,UnityPy AudioClip.samples,exported,
sfx,SE_FIELD_MAT013_PHASE4_P,SE_FIELD_MAT013_PHASE4_P.wav,LocalData/93217544/0000/a6/a6a1a67a,-5733902288859250671,176,sfx/SE_FIELD_MAT013_PHASE4_P__d61e87fe_-5733902288859250671.wav,1126320,7f56864c72eea6e4bd4197f27a3e011992ef910022197714e53e49b3943acdd3,2,48000,5.8660,UnityPy AudioClip.samples,exported,
sfx,SE_SYS_VS_CONFIRM,SE_SYS_VS_CONFIRM.wav,LocalData/93217544/0000/a6/a6abce23,4102826556572986975,172,sfx/SE_SYS_VS_CONFIRM__d42e83e0_4102826556572986975.wav,716568,ca0b1cac5d1da2b3eb7b075f7ed648f4c16fe466b54ee84299781fddb53ea6a1,2,48000,3.7319,UnityPy AudioClip.samples,exported,
sfx,SE_SOLO_RAIN_LOOP,SE_SOLO_RAIN_LOOP.wav,LocalData/93217544/0000/a6/a6b8cfa9,4602180848925178174,172,sfx/SE_SOLO_RAIN_LOOP__86da1200_4602180848925178174.wav,2012644,329d8da868a3dbe6214707ee040650aa2f10fc85a90168fb5db1f0e8df8b941d,2,44100,11.4093,UnityPy AudioClip.samples,exported,
sfx,SE_M17443_j,SE_M17443_j.wav,LocalData/93217544/0000/a6/a6c3c230,5109105147623282621,164,sfx/SE_M17443_j__6e8b1409_5109105147623282621.wav,321588,4dc8b7c6fedff0e376ec63fee9369bd461f15322f1d0e4806cdd5d4687b44bc0,2,48000,1.6747,UnityPy AudioClip.samples,exported,
sfx,SE_FIELD_MAT010_PHASE3_R,SE_FIELD_MAT010_PHASE3_R.wav,LocalData/93217544/0000/a6/a6d76ad0,-4296222020776279193,176,sfx/SE_FIELD_MAT010_PHASE3_R__955e92d1_-4296222020776279193.wav,562940,e9bde15ab5896376dafa6d5e8044b4f8461aa7c19367aa900960fc06438fa45a,2,48000,2.9318,UnityPy AudioClip.samples,exported,
sfx,SE_FIELD_MAT011_PHASE2_P,SE_FIELD_MAT011_PHASE2_P.wav,LocalData/93217544/0000/a6/a6d90af5,-1542377932068410206,176,sfx/SE_FIELD_MAT011_PHASE2_P__b4580155_-1542377932068410206.wav,525024,d81d226a670918376662361362772e43844223ab162b2abf4883504ad99cf9ee,2,48000,2.7343,UnityPy AudioClip.samples,exported,
sfx,SE_M15726_h2,SE_M15726_h2.wav,LocalData/93217544/0000/a7/a70949f4,-7514623479433743363,164,sfx/SE_M15726_h2__8a863ce8_-7514623479433743363.wav,754376,d295bf9e3eff6b463977762f705c94a5f8a4a7e65132de273898068d1970fa75,2,48000,3.9288,UnityPy AudioClip.samples,exported,
sfx,SE_FIELD_MAT010_PHASE2_R,SE_FIELD_MAT010_PHASE2_R.wav,LocalData/93217544/0000/a7/a71500e7,3826813591386197844,176,sfx/SE_FIELD_MAT010_PHASE2_R__1c612a19_3826813591386197844.wav,576044,8b54309b7b92cd0dc42ac38216db5855e540f5e7e65b1ea484516a78076c33bf,2,48000,3.0000,UnityPy AudioClip.samples,exported,
sfx,SE_FIELD_MAT011_PHASE3_P,SE_FIELD_MAT011_PHASE3_P.wav,LocalData/93217544/0000/a7/a71b60c2,5687112682899249996,176,sfx/SE_FIELD_MAT011_PHASE3_P__65a4972f_5687112682899249996.wav,729916,b7474fc84ad63e53ee5b203a0af38d27ab767dee226ab5f9e5743add19fe310f,2,48000,3.8014,UnityPy AudioClip.samples,exported,
music,BGM_DUEL_EX_04_CLIMAX,BGM_DUEL_EX_04_CLIMAX.wav,LocalData/93217544/0000/a7/a725458b,-6125344046338893634,176,music/BGM_DUEL_EX_04_CLIMAX__b01dcc65_-6125344046338893634.wav,22130732,086944566bdb698cf90976a68a63c18d2750ac4d24014ae6308abb96aae79a19,2,48000,115.2640,UnityPy AudioClip.samples,exported,
sfx,SE_SOLO_3S_FLY_1,SE_SOLO_3S_FLY_1.wav,LocalData/93217544/0000/a7/a733eed6,-6164660922739963784,168,sfx/SE_SOLO_3S_FLY_1__efc40aee_-6164660922739963784.wav,1028040,7ca3d6480897e26a93010732293204fb3ee99061bef2e62967656855375b9a6f,2,48000,5.3541,UnityPy AudioClip.samples,exported,
sfx,SE_FIELD_MAT012_PHASE4_R,SE_FIELD_MAT012_PHASE4_R.wav,LocalData/93217544/0000/a7/a76dac68,-4904253599245737451,176,sfx/SE_FIELD_MAT012_PHASE4_R__5d7d0ed3_-4904253599245737451.wav,1094448,41095c408db3fefb31eb49ebb37d712409c546f39a0c5a806a9be2c08102a5ef,2,48000,5.7000,UnityPy AudioClip.samples,exported,
music,BGM_DUEL_CLIMAX_10,BGM_DUEL_CLIMAX_10.wav,LocalData/93217544/0000/a7/a7ae7216,4543416637241826844,172,music/BGM_DUEL_CLIMAX_10__09665fad_4543416637241826844.wav,18960528,5f179fef810c1e738027bf9642b922c486e62e97bbf074887c3fd39e871f89fe,2,48000,98.7525,UnityPy AudioClip.samples,exported,
sfx,SE_PACKOPEN_KAMINARI_01,SE_PACKOPEN_KAMINARI_01.wav,LocalData/93217544/0000/a7/a7b90f97,5222814541944551354,176,sfx/SE_PACKOPEN_KAMINARI_01__41f9806b_5222814541944551354.wav,373168,a8a2ad38249706a091c98f07a360d58a3b86b2f858de0d17fb527bd463dcf729,2,48000,1.9434,UnityPy AudioClip.samples,exported,
sfx,SE_M14672_h,SE_M14672_h.wav,LocalData/93217544/0000/a7/a7ee470b,-5929264880123230762,164,sfx/SE_M14672_h__7e80516a_-5929264880123230762.wav,602740,33e15b55f79a5ffb45fa556b5ac3387661f1a6cdb551a641aefd97ae088950a1,2,48000,3.1390,UnityPy AudioClip.samples,exported,
sfx,SE_V00006_d,SE_V00006_d.wav,LocalData/93217544/0000/a7/a7f10a3a,497226099329180398,164,sfx/SE_V00006_d__6a406690_497226099329180398.wav,528044,d744436de62777267b121ecba8c7f375060c86b838920d4132deb3d0b91763c6,2,48000,2.7500,UnityPy AudioClip.samples,exported,
sfx,SE_LOT_PRIZE_SILVER_02,SE_LOT_PRIZE_SILVER_02.wav,LocalData/93217544/0000/a7/a7f9f7fa,5702495540095430672,176,sfx/SE_LOT_PRIZE_SILVER_02__94910530_5702495540095430672.wav,610760,3c6426beee229150936bf7e38959e0cc0eee9508264890e0f815c27568f5eb57,2,48000,3.1808,UnityPy AudioClip.samples,exported,
sfx,SE_M11540_d,SE_M11540_d.wav,LocalData/93217544/0000/a8/a8049bc3,-2020689485796564254,164,sfx/SE_M11540_d__c55c7297_-2020689485796564254.wav,537676,17b721d1042edec114fef1859e4df5e4771f51e71eb10fe647de96b42ad1df5c,2,48000,2.8002,UnityPy AudioClip.samples,exported,
sfx,SE_SOLO_ATTACK_03,SE_SOLO_ATTACK_03.wav,LocalData/93217544/0000/a8/a80c7518,-2274068889524036539,172,sfx/SE_SOLO_ATTACK_03__ac6f113c_-2274068889524036539.wav,884180,3a4fbc2e0c5e7f8305e381a28afd740bffa49126895ae5f465a59cbca24e0748,2,48000,4.6049,UnityPy AudioClip.samples,exported,
sfx,SE_M13208_i,SE_M13208_i.wav,LocalData/93217544/0000/a8/a82c5c8a,-2080163242957553417,164,sfx/SE_M13208_i__3a8001f8_-2080163242957553417.wav,733396,ca8f3a9dd6c2a31c38cdea7b7018bb6b44967820dedf1c48d2ef59161846bedf,2,48000,3.8195,UnityPy AudioClip.samples,exported,
sfx,SE_M13587_f_loop01,SE_M13587_f_loop01.wav,LocalData/93217544/0000/a8/a83d1f65,4723929157479489224,172,sfx/SE_M13587_f_loop01__87cce22a_4723929157479489224.wav,735332,959b34418d0b20418e5f62d7d1ae02392b129bd7217deca305675444df3c659b,2,48000,3.8296,UnityPy AudioClip.samples,exported,
sfx,SE_FIELD_MAT016_PHASE1_R,SE_FIELD_MAT016_PHASE1_R.wav,LocalData/93217544/0000/a8/a84dcef9,-6453976753913021101,176,sfx/SE_FIELD_MAT016_PHASE1_R__0a851408_-6453976753913021101.wav,386460,176b95c37e1be95f0f6565838652bc1daa890b53cb62196053b94266f5f6606f,2,48000,2.0126,UnityPy AudioClip.samples,exported,
sfx,SE_LOT_SHEET_SHINE_01,SE_LOT_SHEET_SHINE_01.wav,LocalData/93217544/0000/a8/a87a0b64,-3437044924388180257,176,sfx/SE_LOT_SHEET_SHINE_01__5414d152_-3437044924388180257.wav,468852,9a1e5c823b602e3b99ada5bd7ca64ee79d656768ff5992372aee91eb90d715f5,2,48000,2.4417,UnityPy AudioClip.samples,exported,
sfx,SE_V00003_h,SE_V00003_h.wav,LocalData/93217544/0000/a8/a88c84fa,-8968849072074534348,164,sfx/SE_V00003_h__06d5ef30_-8968849072074534348.wav,396684,c99d2c324326b916451fe47127f07df5665ebd63bd5216f2f137cc7fcfa2acff,2,48000,2.0658,UnityPy AudioClip.samples,exported,
sfx,SE_M04844_h,SE_M04844_h.wav,LocalData/93217544/0000/a8/a8912182,7451806574358580986,164,sfx/SE_M04844_h__4a8cf0b8_7451806574358580986.wav,852436,7b14b4a1666c4ea36f49598852e3a1854c423d9ddaf2343dba08adb3297d24ab,2,48000,4.4395,UnityPy AudioClip.samples,exported,
voice,V_GATE078_02_00_00_05,V_GATE078_02_00_00_05.wav,LocalData/93217544/0000/a8/a8ae2c29,-1523390963586671896,176,voice/V_GATE078_02_00_00_05__832d983c_-1523390963586671896.wav,445244,8945c988ba9058959af286b2c1f01fe034793337243377c281e6ca44b10ea3d1,1,48000,4.6375,UnityPy AudioClip.samples,exported,
sfx,SE_DUEL_ENTRY_TEAM_VS2,SE_DUEL_ENTRY_TEAM_VS2.wav,LocalData/93217544/0000/a8/a8b6cb76,-7126494640799304022,176,sfx/SE_DUEL_ENTRY_TEAM_VS2__911f324b_-7126494640799304022.wav,605872,3b03f1dd36fa975f44359e9330bdd2d919e45761b330b55b07cc67c91ed3beab,2,48000,3.1554,UnityPy AudioClip.samples,exported,
sfx,SE_SOLO_LIONVOICE,SE_SOLO_LIONVOICE.wav,LocalData/93217544/0000/a8/a8cf620f,-5496492715275371219,172,sfx/SE_SOLO_LIONVOICE__95845305_-5496492715275371219.wav,671584,82b19278806aad8bfbe8a10ae34ac33546e6cce52b7ade249ffcfc1d09e2d288,2,48000,3.4976,UnityPy AudioClip.samples,exported,
sfx,SE_SOLO_EFFECT_03,SE_SOLO_EFFECT_03.wav,LocalData/93217544/0000/a8/a8d49a7a,-6502640073021053742,172,sfx/SE_SOLO_EFFECT_03__82001096_-6502640073021053742.wav,887640,f759895c30cc6239eedce2be407a6f672f15696c7865dedf05544b2a8f1785ce,2,48000,4.6229,UnityPy AudioClip.samples,exported,
sfx,SE_M15089_h2,SE_M15089_h2.wav,LocalData/93217544/0000/a8/a8df71bb,5166950353372824065,164,sfx/SE_M15089_h2__8cb337f0_5166950353372824065.wav,960444,3cf7fd4ab11e8c0a729bdd9ce4d0c8086193a8d6b0756897eb315d6fc280dcd2,2,48000,5.0021,UnityPy AudioClip.samples,exported,
sfx,SE_SOLO_S_GOGOGO,SE_SOLO_S_GOGOGO.wav,LocalData/93217544/0000/a8/a8e15a3f,-1093584193185311918,168,sfx/SE_SOLO_S_GOGOGO__2e7612cf_-1093584193185311918.wav,1307836,7628c1fd8c196a307e810c52838b1fa10d496e27ccf98067f6822cee261b54d3,2,48000,6.8114,UnityPy AudioClip.samples,exported,
sfx,SE_SOLO_EXS_07,SE_SOLO_EXS_07.wav,LocalData/93217544/0000/a9/a9091ce9,5291766653447691189,168,sfx/SE_SOLO_EXS_07__d02f76d4_5291766653447691189.wav,1290176,e9be46d6bb59f36604e6d3f88c5575c6f36c702849eb6e647356a9286f732826,2,48000,6.7194,UnityPy AudioClip.samples,exported,
sfx,SE_M04608_d1,SE_M04608_d1.wav,LocalData/93217544/0000/a9/a92bab9e,-696330020563976869,164,sfx/SE_M04608_d1__7b4130d9_-696330020563976869.wav,538756,212d238cd25130a78d654a59e56b1dd2f127c9d900b206745a1e648ac7373973,2,48000,2.8058,UnityPy AudioClip.samples,exported,
sfx,SE_V00002_h,SE_V00002_h.wav,LocalData/93217544/0000/a9/a94eeecd,-1894782180333579068,164,sfx/SE_V00002_h__35692b0d_-1894782180333579068.wav,534284,a413526793589afe5373f3619b4250d4019f6befed4d254959d015028becdbef,2,48000,2.7825,UnityPy AudioClip.samples,exported,
sfx,SE_M14676_d,SE_M14676_d.wav,LocalData/93217544/0000/a9/a951a3fc,4151954539928088667,164,sfx/SE_M14676_d__bae03325_4151954539928088667.wav,659248,92591992d28065240066410a3adaeb79c1a286db2113800062905d4b11637fea,2,48000,3.4334,UnityPy AudioClip.samples,exported,
voice,V_GATE078_03_00_00_07,V_GATE078_03_00_00_07.wav,LocalData/93217544/0000/a9/a962263b,431269949746933549,176,voice/V_GATE078_03_00_00_07__27a2a1ed_431269949746933549.wav,48428,524c8d2b5dbc6e066c564f6355177f23444724088b18b9499a5af88a8a12aa60,1,48000,0.5040,UnityPy AudioClip.samples,exported,
sfx,SE_M09647_h,SE_M09647_h.wav,LocalData/93217544/0000/a9/a9793264,-2084224100163522946,164,sfx/SE_M09647_h__87372b69_-2084224100163522946.wav,818940,10efe6242ffcbb71621aa2562cf8a916a12c6c15aaa521c644bcc768cff688c7,2,48000,4.2651,UnityPy AudioClip.samples,exported,
sfx,SE_FIELD_MAT017_PHASE1_P,SE_FIELD_MAT017_PHASE1_P.wav,LocalData/93217544/0000/a9/a981c4eb,-1679751792112573333,176,sfx/SE_FIELD_MAT017_PHASE1_P__1a0c3a80_-1679751792112573333.wav,626856,42f8598713313c9d7278ac7c8ea9622c439edef176bd50a5420e25fe49b614ee,2,48000,3.2646,UnityPy AudioClip.samples,exported,
sfx,SE_M09441_e,SE_M09441_e.wav,LocalData/93217544/0000/a9/a985610b,3418943889749337807,164,sfx/SE_M09441_e__46e6d8ab_3418943889749337807.wav,378988,d2ca4acda46400a413c5e7ca1b19cddc0998fd7b6e5ea16b74bf069fa4b361dc,2,48000,1.9737,UnityPy AudioClip.samples,exported,
sfx,SE_M12642_h2,SE_M12642_h2.wav,LocalData/93217544/0000/a9/a9d0c628,7767077630772122377,164,sfx/SE_M12642_h2__582cbff6_7767077630772122377.wav,482948,f2bcc40716e75fd50d4ce7a689fa0df293d14bf47779c1dc5ff71fa5c093c6ed,2,48000,2.5151,UnityPy AudioClip.samples,exported,
sfx,SE_MONSTERATTACK_BM_02,SE_MONSTERATTACK_BM_02.wav,LocalData/93217544/0000/a9/a9db4433,-685006631130499263,176,sfx/SE_MONSTERATTACK_BM_02__4d5474b5_-685006631130499263.wav,700412,c42d0d2434e9955ae8d3413a64b96bea983f2701f63793a3bb64e6177fa6b8a7,2,48000,3.6477,UnityPy AudioClip.samples,exported,
sfx,SE_M10691_i,SE_M10691_i.wav,LocalData/93217544/0000/a9/a9e1fce1,-6617048554501044625,164,sfx/SE_M10691_i__db07ce64_-6617048554501044625.wav,878376,d4fa4c6cb5d238263c73f84db5906d3b9ed4b5c71820ff1375e06e5419984be4,2,48000,4.5746,UnityPy AudioClip.samples,exported,
sfx,SE_FIELD_MAT017_PHASE3_P,SE_FIELD_MAT017_PHASE3_P.wav,LocalData/93217544/0000/aa/aa051085,7079274672875340607,176,sfx/SE_FIELD_MAT017_PHASE3_P__ee8aa41f_7079274672875340607.wav,498372,dd3f6cb0e6dcf270227ac2f77a4690992d666206d94dcc1a272893df37bb8061,2,48000,2.5955,UnityPy AudioClip.samples,exported,
sfx,SE_FIELD_MAT016_PHASE2_R,SE_FIELD_MAT016_PHASE2_R.wav,LocalData/93217544/0000/aa/aa0b70a0,4049649491150499371,176,sfx/SE_FIELD_MAT016_PHASE2_R__14859b83_4049649491150499371.wav,439424,e6aaa51b5c2d0922f28999731ed60798ab7df16d393eaeea88d004689459b409,2,48000,2.2884,UnityPy AudioClip.samples,exported,
sfx,SE_FIELD_MAT022_TAP_R,SE_FIELD_MAT022_TAP_R.wav,LocalData/93217544/0000/aa/aa0c0974,620665090775241119,176,sfx/SE_FIELD_MAT022_TAP_R__96006ce3_620665090775241119.wav,630816,448ed5f62a745a4c9ddc2249a12ceb46eb048c75ff7f7bf42aad8a304dea0bab,2,48000,3.2853,UnityPy AudioClip.samples,exported,
sfx,SE_SOLO_KAMERA_SHOT_loop,SE_SOLO_KAMERA_SHOT_loop.wav,LocalData/93217544/0000/aa/aa546335,8124683661491859056,176,sfx/SE_SOLO_KAMERA_SHOT_loop__5d997ac2_8124683661491859056.wav,1864748,5b6b58f3352ec4aacab37b0a9f0f91feafb7a4d3d7b60ec44d53352855d92377,2,48000,9.7120,UnityPy AudioClip.samples,exported,
sfx,SE_M13587_d,SE_M13587_d.wav,LocalData/93217544/0000/aa/aa5593f5,-2259761925597827167,164,sfx/SE_M13587_d__4fa116fa_-2259761925597827167.wav,670076,b65714edeee5dda20c3268b7ebe92c59815c57e6d63fd604b3e143e3948620ea,2,48000,3.4897,UnityPy AudioClip.samples,exported,
sfx,SE_FIELD_MAT014_PHASE4_R,SE_FIELD_MAT014_PHASE4_R.wav,LocalData/93217544/0000/aa/aa73dc2f,-801693592076524222,176,sfx/SE_FIELD_MAT014_PHASE4_R__0a73bb40_-801693592076524222.wav,970284,e1a8f67acaf5c9c59c0c33ca8d8273fa589d4e87838f7046b262f9c2d28ee374,2,48000,5.0533,UnityPy AudioClip.samples,exported,
sfx,SE_CARDD_MATCH_02,SE_CARDD_MATCH_02.wav,LocalData/93217544/0000/aa/aa85f636,7494979453942236432,172,sfx/SE_CARDD_MATCH_02__eac0a000_7494979453942236432.wav,333040,9a6ae5b384b45587752fb60eb49397b96d2745570bd4b4854ca666e589cef3cb,2,48000,1.7344,UnityPy AudioClip.samples,exported,
sfx,SE_M07807_d,SE_M07807_d.wav,LocalData/93217544/0000/aa/aa973609,-8671732194959321655,164,sfx/SE_M07807_d__c46a1f10_-8671732194959321655.wav,426588,1bb97e57b608ebf55f370de22ae9defb4409b889c65ef79a88475d431598f361,2,48000,2.2216,UnityPy AudioClip.samples,exported,
sfx,SE_M04758_d1,SE_M04758_d1.wav,LocalData/93217544/0000/aa/aa97f74b,3592416135008448083,164,sfx/SE_M04758_d1__b7c8597c_3592416135008448083.wav,629836,5abb393f3638d0455f8c33c1abc4679458b63e676c4703e14fa73f879366da68,2,48000,3.2802,UnityPy AudioClip.samples,exported,
sfx,SE_M09903_d,SE_M09903_d.wav,LocalData/93217544/0000/aa/aaf4d615,8023000440669176828,164,sfx/SE_M09903_d__4b994d54_8023000440669176828.wav,419456,9a94cb20d61783bf6a88d25c5c849c1c6891cb52753a4af95c38b053224289dc,2,48000,2.1844,UnityPy AudioClip.samples,exported,
sfx,SE_M12843_i,SE_M12843_i.wav,LocalData/93217544/0000/aa/aaf7ef38,-812709836086041104,164,sfx/SE_M12843_i__7791c822_-812709836086041104.wav,875308,ba96e9ab8393b67584a3164e5b9d40f10ba2899d796f67a79de99134b0e5bc59,2,48000,4.5587,UnityPy AudioClip.samples,exported,
voice,V_GATE078_01_00_00_03,V_GATE078_01_00_00_03.wav,LocalData/93217544/0000/aa/aafa321f,-4905665593530083848,176,voice/V_GATE078_01_00_00_03__f111898d_-4905665593530083848.wav,623564,4500c061cbf306cd8e357bcfdd4bb98766b60916891e8e6371f883b30aac7deb,1,48000,6.4950,UnityPy AudioClip.samples,exported,
sfx,SE_M14759_c,SE_M14759_c.wav,LocalData/93217544/0000/ab/ab009059,3294069642249833731,164,sfx/SE_M14759_c__e7447cb4_3294069642249833731.wav,490820,679c7126c5301deb2d77d85e8b15f76b7ba49a4f9d6c2e5cb9eba7686735f2d8,2,48000,2.5561,UnityPy AudioClip.samples,exported,
sfx,SE_V00001_h,SE_V00001_h.wav,LocalData/93217544/0000/ab/ab085094,8852878775276674983,164,sfx/SE_V00001_h__468c2604_8852878775276674983.wav,254428,5d1a146ab81e6302e1978f0ad208739c2f034dc0c7c1a34545d3e4930b1bdf6d,2,48000,1.3249,UnityPy AudioClip.samples,exported,
music,BGM_SOLO_37,BGM_SOLO_37.wav,LocalData/93217544/0000/ab/ab54b55b,3960810218510876581,164,music/BGM_SOLO_37__783f1204_3960810218510876581.wav,11940908,833ad88c3f22fd3fccb1058b12a1aac75890aa2e17e5271633fda07425a34eaf,2,48000,62.1920,UnityPy AudioClip.samples,exported,
sfx,SE_FIELD_MAT015_PHASE4_P,SE_FIELD_MAT015_PHASE4_P.wav,LocalData/93217544/0000/ab/abbfd63d,267460381271751531,176,sfx/SE_FIELD_MAT015_PHASE4_P__d32e1624_267460381271751531.wav,888444,fd75d57863012934f59ccd299b3da91c0334aa1ad954102a37379a52bc8937d4,2,48000,4.6271,UnityPy AudioClip.samples,exported,
sfx,SE_FIELD_MAT017_PHASE2_P,SE_FIELD_MAT017_PHASE2_P.wav,LocalData/93217544/0000/ab/abc77ab2,-8399030374322015467,176,sfx/SE_FIELD_MAT017_PHASE2_P__f5c0fcfa_-8399030374322015467.wav,441700,0846541c2b157086c78eb09fc5e109474e6f6125c8491ac7cad90f10d75c3c9b,2,48000,2.3003,UnityPy AudioClip.samples,exported,
sfx,SE_FIELD_MAT016_PHASE3_R,SE_FIELD_MAT016_PHASE3_R.wav,LocalData/93217544/0000/ab/abc91a97,-717457419222570549,176,sfx/SE_FIELD_MAT016_PHASE3_R__d54be8e6_-717457419222570549.wav,399804,c7abb7fbd3d3ac40e034f1498efbb49fcdb58e48a11cee2aca16585c95c88784,2,48000,2.0821,UnityPy AudioClip.samples,exported,
sfx,SE_V00005_h,SE_V00005_h.wav,LocalData/93217544/0000/ac/ac01f848,2577840486703400083,164,sfx/SE_V00005_h__aa61cff1_2577840486703400083.wav,404084,372005ac918d2d84ff71c2055a251637bb594534a13f4f6419c86f1ce905af56,2,48000,2.1044,UnityPy AudioClip.samples,exported,
music,BGM_SOLO_33,BGM_SOLO_33.wav,LocalData/93217544/0000/ac/ac397142,7219247392343375411,164,music/BGM_SOLO_33__c0515caa_7219247392343375411.wav,13182000,a0e78983836d52a6d8f1690715af8f002673f017ec4f9e0778cec7168feb2e61,2,48000,68.6560,UnityPy AudioClip.samples,exported,
sfx,SE_FIELD_MAT009_TAP,SE_FIELD_MAT009_TAP.wav,LocalData/93217544/0000/ac/ac65d16f,673330759927820241,172,sfx/SE_FIELD_MAT009_TAP__597f2463_673330759927820241.wav,1094444,b19fa0e8921de31e9d485948b4e39107fa7d6fb4ff305bf6eb9c839acd0f677e,2,48000,5.7000,UnityPy AudioClip.samples,exported,
sfx,SE_M14759_g,SE_M14759_g.wav,LocalData/93217544/0000/ac/ac6d5440,-249465900128288455,164,sfx/SE_M14759_g__dd6ea66f_-249465900128288455.wav,862096,3710b055a6ca9fb2c7f5493850c72d8013cd4cb9b0aec84a4d6c5988d3475900,2,48000,4.4899,UnityPy AudioClip.samples,exported,
sfx,SE_CF_COMP_LOGO,SE_CF_COMP_LOGO.wav,LocalData/93217544/0000/ac/ac820b57,-3100410977711249308,168,sfx/SE_CF_COMP_LOGO__d0effaa9_-3100410977711249308.wav,638876,f27f99cc10bdc0d2db51d563b14233f53640741d288ec150468301fddd2d9742,2,48000,3.3272,UnityPy AudioClip.samples,exported,
sfx,SE_M19027_d,SE_M19027_d.wav,LocalData/93217544/0000/ac/ac93df87,-8528468140980059924,164,sfx/SE_M19027_d__a57dbd1d_-8528468140980059924.wav,494184,d39175a4dae6c8ccc7a33916188e99cd2b940c0a82f1a534c7f7db02c31e1750,2,48000,2.5736,UnityPy AudioClip.samples,exported,
sfx,SE_M14240_f_lp01,SE_M14240_f_lp01.wav,LocalData/93217544/0000/ac/ac98c586,-3547351245834808464,168,sfx/SE_M14240_f_lp01__18a2f894_-3547351245834808464.wav,779580,b04d40beb52eca24e12e13fd4b2fbae18beb006e37bce9592833c06fecc6dac6,2,48000,4.0601,UnityPy AudioClip.samples,exported,
sfx,SE_V00009_d,SE_V00009_d.wav,LocalData/93217544/0000/ac/acad4d07,-831506343262834007,164,sfx/SE_V00009_d__858ac273_-831506343262834007.wav,241084,b4ff84ea019f825dc0872351b28828ef997d681a888f64e97b95be5038dacc55,2,48000,1.2554,UnityPy AudioClip.samples,exported,
sfx,SE_DR_PREMIUM,SE_DR_PREMIUM.wav,LocalData/93217544/0000/ac/acb1ff21,-4907703445752385918,168,sfx/SE_DR_PREMIUM__1ccba318_-4907703445752385918.wav,937232,a55b5f95b4337c13f42c47e0ed3d158d0c646237d3d95c9e3bcf72b4f0b38716,2,48000,4.8812,UnityPy AudioClip.samples,exported,
sfx,SE_FIELD_MAT014_PHASE1_R,SE_FIELD_MAT014_PHASE1_R.wav,LocalData/93217544/0000/ac/acb81ec4,1001876940272770151,176,sfx/SE_FIELD_MAT014_PHASE1_R__b900ed60_1001876940272770151.wav,559928,fff613f6d150f3c7c9bbd0422f98180c7bfd2623e3b4e0f83b5bc07a9b5dd866,2,48000,2.9161,UnityPy AudioClip.samples,exported,
sfx,SE_M04708_h,SE_M04708_h.wav,LocalData/93217544/0000/ac/acb9d860,6077148069291455888,164,sfx/SE_M04708_h__2228e99a_6077148069291455888.wav,436552,50cf518d9b1a2b1b114b4ab1516033d2a427a63c8207dae7d79c1837570928c2,2,48000,2.2735,UnityPy AudioClip.samples,exported,
sfx,SE_M07950_h,SE_M07950_h.wav,LocalData/93217544/0000/ac/acd0b525,5509199932632147250,164,sfx/SE_M07950_h__2c873362_5509199932632147250.wav,713780,559591af22178d10862f0738b0c3c76960606452f7b655c5b9760023a8860db6,2,48000,3.7174,UnityPy AudioClip.samples,exported,
sfx,SE_V00008_d,SE_V00008_d.wav,LocalData/93217544/0000/ad/ad6f2730,3307595999524005675,164,sfx/SE_V00008_d__27b9c9f3_3307595999524005675.wav,319196,f86587c3a6a003dac9a72884ba9a62ae33722c4415a15085e9f1656b190d98e7,2,48000,1.6623,UnityPy AudioClip.samples,exported,
sfx,SE_FIELD_MAT015_PHASE1_P,SE_FIELD_MAT015_PHASE1_P.wav,LocalData/93217544/0000/ad/ad7414d6,8921772950474930708,176,sfx/SE_FIELD_MAT015_PHASE1_P__f533d359_8921772950474930708.wav,547244,e0239514cf83b5a48ea3bf1842766750552c0601e340001d968331795e4a4f45,2,48000,2.8500,UnityPy AudioClip.samples,exported,
voice,V_GATE078_01_00_00_07,V_GATE078_01_00_00_07.wav,LocalData/93217544/0000/ad/ad97f606,-3883783874487344871,176,voice/V_GATE078_01_00_00_07__d0a75610_-3883783874487344871.wav,352124,5c4deed97477fa2f230a31f741c969a1ba6d1ee5a861af62a67103133c119b3d,1,48000,3.6675,UnityPy AudioClip.samples,exported,
sfx,SE_V00004_h,SE_V00004_h.wav,LocalData/93217544/0000/ad/adc3927f,4605881530891081416,164,sfx/SE_V00004_h__2585190f_4605881530891081416.wav,360500,0af465bd67529e572ad35ddbbba931e16043a6a82cd93ce83cf97b062a767caf,2,48000,1.8774,UnityPy AudioClip.samples,exported,
music,BGM_DUEL_EX_03_CLIMAX,BGM_DUEL_EX_03_CLIMAX.wav,LocalData/93217544/0000/ad/ade04c92,31685976027093137,176,music/BGM_DUEL_EX_03_CLIMAX__2b4e4428_31685976027093137.wav,24961224,898de45ace92e996bb931f9aea81d752b7f1106207a25949a6b5d6332497c4cc,2,48000,130.0061,UnityPy AudioClip.samples,exported,
sfx,SE_DR_REWARD,SE_DR_REWARD.wav,LocalData/93217544/0000/ad/ade876c1,-8551021005334224572,164,sfx/SE_DR_REWARD__1cd16f05_-8551021005334224572.wav,186764,6a217a0b02ae51116b21a406a04520f12ea2ed43a03cfc597409308dde28d5a6,2,48000,0.9725,UnityPy AudioClip.samples,exported,
sfx,SE_PACKOPEN_03_CUT,SE_PACKOPEN_03_CUT.wav,LocalData/93217544/0000/ae/ae0a949d,729681967775723113,172,sfx/SE_PACKOPEN_03_CUT__65e6ce8f_729681967775723113.wav,865964,ada97d5f892672ea57d9bbd2f3ffb90af072db891421f9593065d1b9ef03acf4,2,48000,4.5100,UnityPy AudioClip.samples,exported,
voice,V_GATE078_03_00_00_03,V_GATE078_03_00_00_03.wav,LocalData/93217544/0000/ae/ae0fe222,-2391056909738000338,176,voice/V_GATE078_03_00_00_03__6da9d2db_-2391056909738000338.wav,456044,92460da943395f48783f7769aff12b6a2e7696390e3513e7ff0fa02f90cc69b7,1,48000,4.7500,UnityPy AudioClip.samples,exported,
sfx,SE_V00006_h,SE_V00006_h.wav,LocalData/93217544/0000/ae/ae474611,2160356235526977185,164,sfx/SE_V00006_h__1d03ccf9_2160356235526977185.wav,529892,eb767a75f9116704cb6474a59ceac2394a8d154cbecee7068afa8d0c4ef3a7be,2,48000,2.7596,UnityPy AudioClip.samples,exported,
sfx,SE_M14672_d,SE_M14672_d.wav,LocalData/93217544/0000/ae/ae580b20,-2518000952964271828,164,sfx/SE_M14672_d__54d8bde0_-2518000952964271828.wav,514776,8c6a18e75af3f7ca6c8e8fc90609b9360809ef2518d4e1324f9ae282e02c7030,2,48000,2.6809,UnityPy AudioClip.samples,exported,
sfx,SE_SOLO_EXS_03,SE_SOLO_EXS_03.wav,LocalData/93217544/0000/ae/ae64d8f0,6862818402482544583,168,sfx/SE_SOLO_EXS_03__f82a7314_6862818402482544583.wav,894152,9f6c5b13f1d83a88e01f824fd839df8b69c20a5390f089174d6917bdea57bac1,2,48000,4.6568,UnityPy AudioClip.samples,exported,
sfx,SE_DUEL_SUMMON_COUNT_05,SE_DUEL_SUMMON_COUNT_05.wav,LocalData/93217544/0000/ae/ae7e2e97,-3967776188740591842,176,sfx/SE_DUEL_SUMMON_COUNT_05__b26ebc74_-3967776188740591842.wav,306312,34aacdb4a50c27dbe64d858f90c61293c1b1e47562f50c89f503eab0da47697a,2,48000,1.5951,UnityPy AudioClip.samples,exported,
sfx,SE_FIELD_MAT016_PHASE4_R,SE_FIELD_MAT016_PHASE4_R.wav,LocalData/93217544/0000/ae/ae860c12,-4876935405391194000,176,sfx/SE_FIELD_MAT016_PHASE4_R__23c41581_-4876935405391194000.wav,365912,ca1640e9e8a91dedc103a3376e4daf2c9036a07f6e9f18f2071a4ebac01b982e,2,48000,1.9056,UnityPy AudioClip.samples,exported,
sfx,SE_M13144_h1,SE_M13144_h1.wav,LocalData/93217544/0000/ae/aec0f342,-7980827126921274629,164,sfx/SE_M13144_h1__8b64fe4f_-7980827126921274629.wav,596388,073c1c3883cb67e9ac3bb25963af2477ed39f28976bebef0642d80fa6ad0215e,2,48000,3.1060,UnityPy AudioClip.samples,exported,
sfx,SE_SOLO_DEGITAL_CARD_01,SE_SOLO_DEGITAL_CARD_01.wav,LocalData/93217544/0000/ae/aeebaab4,-3262022154980262974,176,sfx/SE_SOLO_DEGITAL_CARD_01__7e0329c2_-3262022154980262974.wav,374528,d32d6b224f94e7bb97ea593f57b9994c43c5d80b3e7f9d86447304e7120a3891,2,48000,1.9504,UnityPy AudioClip.samples,exported,
sfx,SE_FIELD_MAT015_PHASE3_P,SE_FIELD_MAT015_PHASE3_P.wav,LocalData/93217544/0000/ae/aef0c0b8,-896273202852004434,176,sfx/SE_FIELD_MAT015_PHASE3_P__c336ba24_-896273202852004434.wav,647980,c36f3e28ee7091ee32e436db09303bd14e140d9e521d8cc078e1078b9b6d9ca8,2,48000,3.3747,UnityPy AudioClip.samples,exported,
sfx,SE_FIELD_MAT014_PHASE2_R,SE_FIELD_MAT014_PHASE2_R.wav,LocalData/93217544/0000/ae/aefea09d,5906977037975979484,176,sfx/SE_FIELD_MAT014_PHASE2_R__b939556f_5906977037975979484.wav,585644,2d832c663ea529c796552819c4c684b6e852ff08214dca66bc7d4be052583eea,2,48000,3.0500,UnityPy AudioClip.samples,exported,
sfx,SE_DECK_CRAFT_01,SE_DECK_CRAFT_01.wav,LocalData/93217544/0000/af/af2429fb,3900926199011631554,168,sfx/SE_DECK_CRAFT_01__7b53790b_3900926199011631554.wav,270880,34a0696166160058e25f03d15c6a68b4319ffee11fc23c9704ac617ddaf23d63,2,48000,1.4106,UnityPy AudioClip.samples,exported,
sfx,SE_FIELD_MAT015_PHASE2_P,SE_FIELD_MAT015_PHASE2_P.wav,LocalData/93217544/0000/af/af32aa8f,1438481724734954555,176,sfx/SE_FIELD_MAT015_PHASE2_P__401827fc_1438481724734954555.wav,633644,78cde7babfab85dd331180d9657cf742626559bc0a25edf917241d1c8121bcb7,2,48000,3.3000,UnityPy AudioClip.samples,exported,
sfx,SE_M20215_i,SE_M20215_i.wav,LocalData/93217544/0000/af/af34c08f,-6535092520820887821,164,sfx/SE_M20215_i__c5f0c931_-6535092520820887821.wav,1317960,61b7b5fa26313a58118c8c66c0cd0ef2e39c0405e912423662a5b5c550a8f04e,2,48000,6.8641,UnityPy AudioClip.samples,exported,
sfx,SE_FIELD_MAT014_PHASE3_R,SE_FIELD_MAT014_PHASE3_R.wav,LocalData/93217544/0000/af/af3ccaaa,7059689190776444095,176,sfx/SE_FIELD_MAT014_PHASE3_R__5fde7fc4_7059689190776444095.wav,672044,13396722735706dd8864945ceff96a559d8737a49860afa3db58512294abd35f,2,48000,3.5000,UnityPy AudioClip.samples,exported,
sfx,SE_FIELD_MAT017_PHASE4_P,SE_FIELD_MAT017_PHASE4_P.wav,LocalData/93217544/0000/af/af4a0600,4220963475822307176,176,sfx/SE_FIELD_MAT017_PHASE4_P__5d463ff5_4220963475822307176.wav,690480,6fe6ff256a2b613b5d66fc82d52e3641bbc8a22a9375101b75eb566191d5d1cb,2,48000,3.5960,UnityPy AudioClip.samples,exported,
sfx,SE_EV_CALLED_GRAVE,SE_EV_CALLED_GRAVE.wav,LocalData/93217544/0000/af/af57bbba,4889285035489339604,172,sfx/SE_EV_CALLED_GRAVE__9fbb4cd4_4889285035489339604.wav,607964,37fafce20534aeaf1e8cbd8888dde612e217d40540f1fe30a788dbd60f769079,2,48000,3.1662,UnityPy AudioClip.samples,exported,
sfx,SE_CF_BOOKOUT,SE_CF_BOOKOUT.wav,LocalData/93217544/0000/af/af6f9601,32963477324282209,168,sfx/SE_CF_BOOKOUT__820911ad_32963477324282209.wav,300224,e032c291757e7b4560d92414e890a73f0af895bebe04601e54e431fb1d9e4f08,2,48000,1.5634,UnityPy AudioClip.samples,exported,
sfx,SE_M17443_f,SE_M17443_f.wav,LocalData/93217544/0000/af/af758e1b,-8492366194673015642,164,sfx/SE_M17443_f__58734a44_-8492366194673015642.wav,513620,b7cb7e522bb02bf03e7c7b69c7028dc5c6e738b63b833e1b1400ef1eb36fd111,2,48000,2.6749,UnityPy AudioClip.samples,exported,
sfx,SE_SOLO_GATE078_ENV02_ROOM02,SE_SOLO_GATE078_ENV02_ROOM02.wav,LocalData/93217544/0000/af/af7f3d89,-4558669673906877709,180,sfx/SE_SOLO_GATE078_ENV02_ROOM02__39b5fcc6_-4558669673906877709.wav,2054444,2fcd5c29af37c882c6c33beb60da910b41868b04ba70ba5118996ec4176bf43e,2,48000,10.7000,UnityPy AudioClip.samples,exported,
sfx,SE_EV_AZEUS,SE_EV_AZEUS.wav,LocalData/93217544/0000/af/af809e36,905047741682387421,164,sfx/SE_EV_AZEUS__6d565c18_905047741682387421.wav,750100,bc045ba3401f0e4927860a7f025ceaef05465ae77271c312bbfc89060d67385d,2,48000,3.9065,UnityPy AudioClip.samples,exported,
sfx,SE_V00007_h,SE_V00007_h.wav,LocalData/93217544/0000/af/af852c26,-8358876931991488495,164,sfx/SE_V00007_h__a821a141_-8358876931991488495.wav,392836,0797d758ddd49ba8a889294ba37eedc02427effc59094c63939c69f7e177c0a2,2,48000,2.0458,UnityPy AudioClip.samples,exported,
sfx,SE_SOLO_EFFECT_07,SE_SOLO_EFFECT_07.wav,LocalData/93217544/0000/af/afb95e63,8438197442623957911,172,sfx/SE_SOLO_EFFECT_07__88411a53_8438197442623957911.wav,751788,7b7761b05e4410e557e2d5ff109d5a8014708d0ffe3fc68cab8a791bf86a0084,2,48000,3.9153,UnityPy AudioClip.samples,exported,
voice,V_GATE078_02_00_00_01,V_GATE078_02_00_00_01.wav,LocalData/93217544/0000/af/afc3e830,6604177903121869805,176,voice/V_GATE078_02_00_00_01__055dd68e_6604177903121869805.wav,507784,e1b8ecb7cd50e428687103fbb6f0ec902e738d71fc39c270500ff54cb094a834,1,48000,5.2890,UnityPy AudioClip.samples,exported,
sfx,SE_CF_GET_MAX,SE_CF_GET_MAX.wav,LocalData/93217544/0000/b0/b01bb38b,7670386704336341160,168,sfx/SE_CF_GET_MAX__05012b94_7670386704336341160.wav,435272,d4ee45d646fb2e3bf73b3713612b246dcaf458c728541ca7ad158c07d0c975c8,2,48000,2.2668,UnityPy AudioClip.samples,exported,
sfx,SE_EV_GHOSTBELLE,SE_EV_GHOSTBELLE.wav,LocalData/93217544/0000/b0/b048f664,8517890447780322082,168,sfx/SE_EV_GHOSTBELLE__82f14b62_8517890447780322082.wav,801084,9159d681124518fd66bb15ebecb7bba35d84966f719f62d9e13d3d08d2fc2ce9,2,48000,4.1721,UnityPy AudioClip.samples,exported,
sfx,SE_FIELD_MAT018_PHASE4_R,SE_FIELD_MAT018_PHASE4_R.wav,LocalData/93217544/0000/b0/b04f3ca1,3233767757880552158,176,sfx/SE_FIELD_MAT018_PHASE4_R__576902aa_3233767757880552158.wav,782416,6fd679329fe849c0499fb57562c7faa62f6c74a834a26832f5f5bfd02ceff318,2,48000,4.0749,UnityPy AudioClip.samples,exported,
sfx,SE_TDY_COMP_CARD,SE_TDY_COMP_CARD.wav,LocalData/93217544/0000/b0/b057b7b0,-7416067328971782713,168,sfx/SE_TDY_COMP_CARD__84fa4033_-7416067328971782713.wav,911272,9ae28c015ea4484fe0dcc29da2f00f262a7b4a551961f2045b2aa406a40cc15b,2,48000,4.7460,UnityPy AudioClip.samples,exported,
music,BGM_DUEL_CLIMAX_08,BGM_DUEL_CLIMAX_08.wav,LocalData/93217544/0000/b0/b06ecb65,8538786191474085263,172,music/BGM_DUEL_CLIMAX_08__afa8d154_8538786191474085263.wav,27420888,b35f3d51806a5aa45397f8fabe56b684dc31956aef0a535f75ff748fae7a73f7,2,48000,142.8169,UnityPy AudioClip.samples,exported,
voice,V_GATE078_03_00_00_17,V_GATE078_03_00_00_17.wav,LocalData/93217544/0000/b0/b079177a,2938561374453345280,176,voice/V_GATE078_03_00_00_17__4cb9770a_2938561374453345280.wav,38996,c5ca9eb9b9f275084a33b0d52d2d055ee93a174d9c97a5221934ae170d292999,1,48000,0.4057,UnityPy AudioClip.samples,exported,
sfx,SE_CF_TURNOVER_C,SE_CF_TURNOVER_C.wav,LocalData/93217544/0000/b0/b0863187,5278177980258769198,168,sfx/SE_CF_TURNOVER_C__ff0eaf53_5278177980258769198.wav,136624,17b4c000a0ffe027a0e8d8051089f952c359e05f877b8d469916f943fc2f1d84,2,48000,0.7114,UnityPy AudioClip.samples,exported,
sfx,SE_SOLO_REACTION_E,SE_SOLO_REACTION_E.wav,LocalData/93217544/0000/b0/b0bbdb23,-6158527103717839671,172,sfx/SE_SOLO_REACTION_E__ae451a51_-6158527103717839671.wav,585132,375b59bdc7f477d44db4656b823a9314285bc080cd38acb683f6d575cff25d39,2,48000,3.0473,UnityPy AudioClip.samples,exported,
sfx,SE_M13670_d,SE_M13670_d.wav,LocalData/93217544/0000/b0/b0d9eff6,8468984095282242971,164,sfx/SE_M13670_d__36694636_8468984095282242971.wav,552132,bddb894f201752fecdc3ba6f7fe0e40ab18432edc549abe314d9013e6caa7ed7,2,48000,2.8755,UnityPy AudioClip.samples,exported,
sfx,SE_M04054_g,SE_M04054_g.wav,LocalData/93217544/0000/b0/b0e210b7,5598278961095288871,164,sfx/SE_M04054_g__571298d3_5598278961095288871.wav,888748,201f8e78982d9619918f5969c02f8f5e1ab54d164eb01e5839ab1a7cc6b55ee8,2,48000,4.6287,UnityPy AudioClip.samples,exported,
sfx,SE_M13671_d,SE_M13671_d.wav,LocalData/93217544/0000/b1/b11b85c1,-5240277705973087628,164,sfx/SE_M13671_d__435bbfa3_-5240277705973087628.wav,509128,f521dd9a533435f07411d3ef575471b3e94bf78bc0ec0997f8e1daa404273735,2,48000,2.6515,UnityPy AudioClip.samples,exported,
sfx,SE_CARDD_COUNT_03,SE_CARDD_COUNT_03.wav,LocalData/93217544/0000/b1/b13450fc,5776831967122806604,172,sfx/SE_CARDD_COUNT_03__9e48b681_5776831967122806604.wav,11436,9c24533f2f44ad3159065651d5e49fa94ba01b7cf7585e7bac4b9f492ea4be42,2,48000,0.0593,UnityPy AudioClip.samples,exported,
sfx,SE_FIELD_MAT019_PHASE4_P,SE_FIELD_MAT019_PHASE4_P.wav,LocalData/93217544/0000/b1/b18336b3,-3832921711395814007,176,sfx/SE_FIELD_MAT019_PHASE4_P__ef8d4905_-3832921711395814007.wav,639256,ca59ae8f6193d21025b1ee4e9fdb3f25331065dfaa986c8fafc2d7dc50dfd9b3,2,48000,3.3292,UnityPy AudioClip.samples,exported,
voice,V_GATE078_02_00_00_15,V_GATE078_02_00_00_15.wav,LocalData/93217544/0000/b1/b1b51d68,-6179874319804209709,176,voice/V_GATE078_02_00_00_15__68f63099_-6179874319804209709.wav,289900,a88955c9bc50b197772247c4b905bb73b7bc0307cc4566daf138f8d1b0f4e748,1,48000,3.0193,UnityPy AudioClip.samples,exported,
sfx,SE_M13163_h,SE_M13163_h.wav,LocalData/93217544/0000/b1/b1b5a6f1,3941281994833465537,164,sfx/SE_M13163_h__b443445e_3941281994833465537.wav,360540,25f6f666174367ae3838b4b77d84e222112556862f084c84fc74555b1d6d10de,2,48000,1.8776,UnityPy AudioClip.samples,exported,
sfx,SE_SOLO_EFFECT_13,SE_SOLO_EFFECT_13.wav,LocalData/93217544/0000/b1/b1cfab3b,6458371522425009852,172,sfx/SE_SOLO_EFFECT_13__b6501f98_6458371522425009852.wav,1058444,8063ac80102e913cb361d3989d718863f76324cea04043c0e7cc1155004b4926,2,48000,5.5125,UnityPy AudioClip.samples,exported,
sfx,SE_EV_EF22189,SE_EV_EF22189.wav,LocalData/93217544/0000/b1/b1e3ac62,-5155674758042644813,168,sfx/SE_EV_EF22189__877a79fd_-5155674758042644813.wav,593512,40d9ac03c753cc94cb064a68f077a28c50fe0fb92ed5f744427eba36b62c370c,2,48000,3.0910,UnityPy AudioClip.samples,exported,
sfx,SE_SOLO_S_SPEARATTACK,SE_SOLO_S_SPEARATTACK.wav,LocalData/93217544/0000/b1/b1f9acac,-5564307151092827438,176,sfx/SE_SOLO_S_SPEARATTACK__166ed6aa_-5564307151092827438.wav,1156304,5376ce9bef856b9c754cef825d44fc6e2d6e8feccfcf467e93fe36cc37b2b9da,2,48000,6.0222,UnityPy AudioClip.samples,exported,
sfx,SE_M04041_SD_d,SE_M04041_SD_d.wav,LocalData/93217544/0000/b2/b20a9405,7481681535294059728,168,sfx/SE_M04041_SD_d__f99e7c61_7481681535294059728.wav,82400,581eafcb30217335f1a19cec00a8627e6bef521b8553310d0f7d47ee42fbf9de,2,48000,0.4289,UnityPy AudioClip.samples,exported,
music,BGM_SOLO_27,BGM_SOLO_27.wav,LocalData/93217544/0000/b2/b24f841a,914998509584017192,164,music/BGM_SOLO_27__f7392462_914998509584017192.wav,11289644,418c1f832c870cef2e70f62e96369259b1a695b90b51b9cd931cb1ab66be7e3a,2,48000,58.8000,UnityPy AudioClip.samples,exported,
sfx,SE_M12487_f,SE_M12487_f.wav,LocalData/93217544/0000/b2/b26708cc,-7402019877267717254,164,sfx/SE_M12487_f__c84ec058_-7402019877267717254.wav,1387588,90815cbc18add4ace68b96024b3d65eb48a4f0e8f2164a30cf54df95d38903d9,2,48000,7.2268,UnityPy AudioClip.samples,exported,
sfx,SE_M12843_h1,SE_M12843_h1.wav,LocalData/93217544/0000/b2/b26f9187,1282709619890166814,164,sfx/SE_M12843_h1__124ed8c7_1282709619890166814.wav,909576,146e997d20be23883f86b210e274c6e6df99b77a4c6c9c32dd772ce04acb9f17,2,48000,4.7371,UnityPy AudioClip.samples,exported,
sfx,SE_M06323_h,SE_M06323_h.wav,LocalData/93217544/0000/b2/b2adf8c1,-1701893713836329984,164,sfx/SE_M06323_h__472ba6fc_-1701893713836329984.wav,453300,22de75b820ebf22938607ff7aa93c4ea58ea014cc3a3280f168684a94a1c5963,2,48000,2.3607,UnityPy AudioClip.samples,exported,
sfx,SE_M15702_e,SE_M15702_e.wav,LocalData/93217544/0000/b2/b2b4f91a,8061677073354864334,164,sfx/SE_M15702_e__0c5d1525_8061677073354864334.wav,633644,23429c6c94130925f8779a0e157781f3eedff5f1aa9562712adbd28313cd5c18,2,48000,3.3000,UnityPy AudioClip.samples,exported,
sfx,SE_FIELD_MAT010_TAP_R,SE_FIELD_MAT010_TAP_R.wav,LocalData/93217544/0000/b3/b31c1fbe,345509370135216432,176,sfx/SE_FIELD_MAT010_TAP_R__e45eceef_345509370135216432.wav,889644,eb23e8d5be50dc1bd81b4513b4ee34286fda2e4c7e87c5b930d89726e8ee6946,2,48000,4.6333,UnityPy AudioClip.samples,exported,
sfx,SE_M08732_i,SE_M08732_i.wav,LocalData/93217544/0000/b3/b35e02b5,5211710764500559252,164,sfx/SE_M08732_i__2aae60de_5211710764500559252.wav,713300,7402920ddebe29b7380fccb009e333b7a530ee3c9debedcb9feadc8c0538f3d4,2,48000,3.7149,UnityPy AudioClip.samples,exported,
sfx,SE_FIELD_MAT041_TAP_P,SE_FIELD_MAT041_TAP_P.wav,LocalData/93217544/0000/b3/b3857b42,-8905802595386512573,176,sfx/SE_FIELD_MAT041_TAP_P__cdb8824f_-8905802595386512573.wav,815132,29ccbd7057f87c125795f436e94b0a8b5f0f58b1a94c778c4f9efe03c8a555ec,2,48000,4.2453,UnityPy AudioClip.samples,exported,
voice,V_GATE078_01_00_00_13,V_GATE078_01_00_00_13.wav,LocalData/93217544/0000/b3/b3e1035e,-7804468874432142702,176,voice/V_GATE078_01_00_00_13__c3f03aa9_-7804468874432142702.wav,362204,7b847e10ee3a7b3c72ee38a9457152ca27ad778afce4420bf2f552fed0e24a19,1,48000,3.7725,UnityPy AudioClip.samples,exported,
music,BGM_DUEL_F05_PHASE_A,BGM_DUEL_F05_PHASE_A.wav,LocalData/93217544/0000/b4/b423c6f9,-4030004413899086226,172,music/BGM_DUEL_F05_PHASE_A__af38dd0f_-4030004413899086226.wav,26855468,b1bc27ec99fdc5a0d4f66aa216d30e45c30e02f5bf645e3594f8d2f7bb162ab2,2,48000,139.8720,UnityPy AudioClip.samples,exported,
sfx,SE_M17405_i,SE_M17405_i.wav,LocalData/93217544/0000/b4/b425786f,-6115586283369557349,164,sfx/SE_M17405_i__f1a0d6eb_-6115586283369557349.wav,630356,c61d4888734b57de6c51b59707c6c2a1157e6282fbf6063052c900ed795a516b,2,48000,3.2829,UnityPy AudioClip.samples,exported,
sfx,SE_M07552_e_loop,SE_M07552_e_loop.wav,LocalData/93217544/0000/b4/b44b41d1,3117368363504092654,168,sfx/SE_M07552_e_loop__2f236029_3117368363504092654.wav,352488,d7653cef4d3f7fd72c0e26e32e019aaa842dccf72a6465faac156c230e3a9a42,2,48000,1.8356,UnityPy AudioClip.samples,exported,
sfx,SE_M12678_d1,SE_M12678_d1.wav,LocalData/93217544/0000/b4/b471422a,-8050777666686171536,164,sfx/SE_M12678_d1__9c409e9a_-8050777666686171536.wav,573080,d730950999c47abe990f3bbca94558d142965c968811a5dbbff28b56b30dbd0a,2,48000,2.9846,UnityPy AudioClip.samples,exported,
sfx,SE_DUEL_DECK_ZERO_01,SE_DUEL_DECK_ZERO_01.wav,LocalData/93217544/0000/b4/b472cf02,-4239301999051959883,172,sfx/SE_DUEL_DECK_ZERO_01__80d96e02_-4239301999051959883.wav,250492,66c9c4ab625020d06cfc4ca6e5e0df3d5ec1f4b64b8e41bf8dfb8b066ffe7b44,2,48000,1.3044,UnityPy AudioClip.samples,exported,
sfx,SE_M11765_h2,SE_M11765_h2.wav,LocalData/93217544/0000/b4/b47364c9,2014262330410697452,164,sfx/SE_M11765_h2__56c94585_2014262330410697452.wav,1078160,0eeb0d12e446e09cf3dfc5d3c9ea314f065bc4441f46ba3d8c16fbf115aeb806,2,48000,5.6152,UnityPy AudioClip.samples,exported,
sfx,SE_M18003_i,SE_M18003_i.wav,LocalData/93217544/0000/b4/b47e10c8,5739558338288901223,164,sfx/SE_M18003_i__3008e736_5739558338288901223.wav,403244,54de869129fdb05a7ddfa4fec89515b8b330187c3bea44a4636aaf2824cec0cc,2,48000,2.1000,UnityPy AudioClip.samples,exported,
voice,V_GATE078_01_00_00_17,V_GATE078_01_00_00_17.wav,LocalData/93217544/0000/b4/b48cc747,2029326787605760667,176,voice/V_GATE078_01_00_00_17__6d5dc1ea_2029326787605760667.wav,253724,03d2deac819154a6442450e1458ad8869ad06d0a35fe19b853436f4c5721f144,1,48000,2.6425,UnityPy AudioClip.samples,exported,
sfx,SE_MISSION_NEW,SE_MISSION_NEW.wav,LocalData/93217544/0000/b4/b4bd04fc,-1697979640910783950,168,sfx/SE_MISSION_NEW__e83d3e8f_-1697979640910783950.wav,384768,b2c8e3add350a5eafa82c098a4acfc6c9a3b85c9a241bf4580aaf5b1d9617a95,2,48000,2.0038,UnityPy AudioClip.samples,exported,
sfx,SE_FIELD_MAT018_PHASE2_R,SE_FIELD_MAT018_PHASE2_R.wav,LocalData/93217544/0000/b4/b4c24013,-1396146196285912694,176,sfx/SE_FIELD_MAT018_PHASE2_R__29cfbd23_-1396146196285912694.wav,505940,33b2c6f410396b865be349a29c7ec065c61d96c935bc564905c2d20369097a89,2,48000,2.6349,UnityPy AudioClip.samples,exported,
sfx,SE_FIELD_MAT019_PHASE3_P,SE_FIELD_MAT019_PHASE3_P.wav,LocalData/93217544/0000/b4/b4cc2036,972361057239912016,176,sfx/SE_FIELD_MAT019_PHASE3_P__4d99dbe6_972361057239912016.wav,780920,752013db21d60bfcc4584f51e3dc463d482d8eff53c8890197ea946b11c39d9c,2,48000,4.0671,UnityPy AudioClip.samples,exported,
sfx,SE_FIELD_MAT503_TAP,SE_FIELD_MAT503_TAP.wav,LocalData/93217544/0000/b4/b4ede669,8159492309339939439,172,sfx/SE_FIELD_MAT503_TAP__ab328ae0_8159492309339939439.wav,1295932,17d407bf1b3af76b911c7b6dc36492df5ef47bf3cfc3698cd081838c658d493f,2,48000,6.7494,UnityPy AudioClip.samples,exported,
sfx,SE_FIELD_MAT018_PHASE3_R,SE_FIELD_MAT018_PHASE3_R.wav,LocalData/93217544/0000/b5/b5002a24,1893184154732122555,176,sfx/SE_FIELD_MAT018_PHASE3_R__9f12e9f0_1893184154732122555.wav,535752,49aa7933baffa4eac272d595d22eb91ca4b90dab17bcc6d1aa97fce85aa7197e,2,48000,2.7901,UnityPy AudioClip.samples,exported,
sfx,SE_FIELD_MAT019_PHASE2_P,SE_FIELD_MAT019_PHASE2_P.wav,LocalData/93217544/0000/b5/b50e4a01,-3541139983002451878,176,sfx/SE_FIELD_MAT019_PHASE2_P__199f9c2b_-3541139983002451878.wav,805664,074c01a405383c4403e1ccd1d62bcee4ca103e8b94bddb42c87e1753e5550903,2,48000,4.1959,UnityPy AudioClip.samples,exported,
music,BGM_SOLO_23,BGM_SOLO_23.wav,LocalData/93217544/0000/b5/b5224003,3473679896244148261,164,music/BGM_SOLO_23__a379a5f3_3473679896244148261.wav,13147204,36db8915469dd876b65a9a0c7fe27ac6e6ceb02a74ef47662ad8fcd71abb8d97,2,48000,68.4748,UnityPy AudioClip.samples,exported,
sfx,SE_M07701_g,SE_M07701_g.wav,LocalData/93217544/0000/b5/b5438cd0,-1224878197011291206,164,sfx/SE_M07701_g__abb19ebf_-1224878197011291206.wav,425692,70199de5477c7458ab63fceab80528774e2b05dcd8b2b6f7b7d5b7a84afe066b,2,48000,2.2169,UnityPy AudioClip.samples,exported,
sfx,SE_TDY_CHAINGET_KIZUNAPAD,SE_TDY_CHAINGET_KIZUNAPAD.wav,LocalData/93217544/0000/b5/b548b361,1773167024689900950,180,sfx/SE_TDY_CHAINGET_KIZUNAPAD__664df0ad_1773167024689900950.wav,417660,1624f2797d880e5cb10b324bb299ef5a5e77a5da1b99b0ffec14dae6a0602aa6,2,48000,2.1751,UnityPy AudioClip.samples,exported,
sfx,SE_FIELD_MAT046_TAP,SE_FIELD_MAT046_TAP.wav,LocalData/93217544/0000/b5/b5a404a8,-2386185637117399200,172,sfx/SE_FIELD_MAT046_TAP__e7cbedec_-2386185637117399200.wav,1014200,1ad310f4464e608a3213ead053d4cb2fc00dd4f02bbef95a037f365d190a5114,2,48000,5.2821,UnityPy AudioClip.samples,exported,
sfx,SE_SOLO_UMEKIGOE_02,SE_SOLO_UMEKIGOE_02.wav,LocalData/93217544/0000/b5/b5adfda6,-4647859378878685373,172,sfx/SE_SOLO_UMEKIGOE_02__8dcb8107_-4647859378878685373.wav,933676,b3dcf4a801ed431db53e451e4e9258d43dc3f573911ada40643e26dc1c115930,2,48000,4.8627,UnityPy AudioClip.samples,exported,
sfx,SE_M07188_d1,SE_M07188_d1.wav,LocalData/93217544/0000/b5/b5b6ca7a,-4051493657609869091,164,sfx/SE_M07188_d1__439d3526_-4051493657609869091.wav,191952,7a42723763242aa0b12c9344bcab9639613118e09d377225a004aa6ed7ba94d7,2,48000,0.9995,UnityPy AudioClip.samples,exported,
sfx,SE_M17069_d1,SE_M17069_d1.wav,LocalData/93217544/0000/b5/b5ccc045,-572716829591037749,164,sfx/SE_M17069_d1__a34bf889_-572716829591037749.wav,919268,55bc73c34b5d78c51f62c2f39bd1b5d334d951561653c4579a51e4128d7aa773,2,48000,4.7876,UnityPy AudioClip.samples,exported,
sfx,SE_M14856_h,SE_M14856_h.wav,LocalData/93217544/0000/b5/b5de993d,-2857031566632969086,164,sfx/SE_M14856_h__e1fbc49b_-2857031566632969086.wav,455200,729812de2d8382844dbd7f989376d3b85a87f404bfa840699aeb82bc3df75773,2,48000,2.3706,UnityPy AudioClip.samples,exported,
sfx,SE_EV_CONVULSION_OF_NATURE_a,SE_EV_CONVULSION_OF_NATURE_a.wav,LocalData/93217544/0000/b5/b5eec8af,-1858208616915420456,180,sfx/SE_EV_CONVULSION_OF_NATURE_a__497c1cdb_-1858208616915420456.wav,311088,1537c6c9a2d30df956eafc0ac88cbe7196b4a76cb294f28b57b301d5171a2728,2,48000,1.6200,UnityPy AudioClip.samples,exported,
sfx,SE_M14760_c,SE_M14760_c.wav,LocalData/93217544/0000/b6/b6640438,2432901334391679982,164,sfx/SE_M14760_c__bdf65cc0_2432901334391679982.wav,456268,04e4b210a527cc45c5d0d435848ce25d05b1e70ab55bf2b56cdef1247ba191e8,2,48000,2.3762,UnityPy AudioClip.samples,exported,
sfx,SE_M20196_j,SE_M20196_j.wav,LocalData/93217544/0000/b6/b66f7d53,-1341119993655226079,164,sfx/SE_M20196_j__07bcb562_-1341119993655226079.wav,926764,b380ed20f8cb048fe982ce4db000a1d044c6fd29a7d8ea45d711e6ea54574bf1,2,48000,4.8267,UnityPy AudioClip.samples,exported,
sfx,SE_M19148_h,SE_M19148_h.wav,LocalData/93217544/0000/b6/b672a2fd,-5983179020870258588,164,sfx/SE_M19148_h__17606cf4_-5983179020870258588.wav,330572,5ca50883e4a89016b4d69f26530e6a27d6cf6681e58a0472cd575dbba91bcf0f,2,48000,1.7215,UnityPy AudioClip.samples,exported,
sfx,SE_M09723_h,SE_M09723_h.wav,LocalData/93217544/0000/b6/b67becd4,6190855844105135127,164,sfx/SE_M09723_h__66af82a7_6190855844105135127.wav,521384,3a2dc5e24787e0f932f92da4e187ae30e8d2c980c7e77ec4d0fbe02c3742dc90,2,48000,2.7153,UnityPy AudioClip.samples,exported,
sfx,SE_FIELD_MAT018_PHASE1_R,SE_FIELD_MAT018_PHASE1_R.wav,LocalData/93217544/0000/b6/b684fe4a,5369813038360083303,176,sfx/SE_FIELD_MAT018_PHASE1_R__80575729_5369813038360083303.wav,430240,55e0af340e7581a5d0d6685fb3cfaae5d5e8f52502767868655bcdc6262dda2c,2,48000,2.2406,UnityPy AudioClip.samples,exported,
sfx,SE_SOLO_EFFECT_17,SE_SOLO_EFFECT_17.wav,LocalData/93217544/0000/b6/b6a26f22,577835821629441424,172,sfx/SE_SOLO_EFFECT_17__aaa329ef_577835821629441424.wav,1030340,20c51a6377c697b59cb3aae0cbfcf90df6a5033f7b49be3b5f50d914825d0c3e,2,44100,5.8407,UnityPy AudioClip.samples,exported,
sfx,SE_CF_BOOKIN,SE_CF_BOOKIN.wav,LocalData/93217544/0000/b6/b6d853b1,6585393114334453296,164,sfx/SE_CF_BOOKIN__8777e863_6585393114334453296.wav,321188,d7ad281660e5cf72fe312a263ad042934017e82c48e1af558b436d3ec703d205,2,48000,1.6726,UnityPy AudioClip.samples,exported,
voice,V_GATE078_02_00_00_11,V_GATE078_02_00_00_11.wav,LocalData/93217544/0000/b6/b6d8d971,-8789069805700109451,176,voice/V_GATE078_02_00_00_11__a32d495e_-8789069805700109451.wav,222956,aa271bc7cd82530d55ecc62a2dc93fad56625c9d47128e8683e50f90988e6fb3,1,48000,2.3220,UnityPy AudioClip.samples,exported,
sfx,SE_M12929_e,SE_M12929_e.wav,LocalData/93217544/0000/b6/b6dd50a9,-1207919490617736789,164,sfx/SE_M12929_e__fdce93d4_-1207919490617736789.wav,665236,2cc7c253520bfa440aa4d8d6683fee68f48acac4e1630765a7a11f84ff6d00a3,2,48000,3.4645,UnityPy AudioClip.samples,exported,
sfx,SE_LOT_CARDOPEN_A,SE_LOT_CARDOPEN_A.wav,LocalData/93217544/0000/b6/b6fc5fa2,-8765709028896301886,172,sfx/SE_LOT_CARDOPEN_A__454c275b_-8765709028896301886.wav,95832,180c4b214abeb92417667469e73d13f19e512bfac8ff8446cf19d70e47ccb74a,2,48000,0.4989,UnityPy AudioClip.samples,exported,
voice,V_GATE078_03_00_00_13,V_GATE078_03_00_00_13.wav,LocalData/93217544/0000/b7/b714d363,-6803902929419054836,176,voice/V_GATE078_03_00_00_13__eae3847f_-6803902929419054836.wav,303884,e4255754c2b18f6810f66213c03fa8c4cdac87b70307094fd44a91e82c1743e5,1,48000,3.1650,UnityPy AudioClip.samples,exported,
sfx,SE_FIELD_MAT019_PHASE1_P,SE_FIELD_MAT019_PHASE1_P.wav,LocalData/93217544/0000/b7/b748f458,-2225146174487578849,176,sfx/SE_FIELD_MAT019_PHASE1_P__3da03fc7_-2225146174487578849.wav,661920,8799be384326f0f06f005cb5d37f77617a761d689a256c7311fa1a778b0fbfae,2,48000,3.4473,UnityPy AudioClip.samples,exported,
music,BGM_DUEL_EX_04_KEYCARD,BGM_DUEL_EX_04_KEYCARD.wav,LocalData/93217544/0000/b7/b74e027d,-475554056375604197,176,music/BGM_DUEL_EX_04_KEYCARD__9620c5df_-475554056375604197.wav,18391084,9a76511de4afc8bbbce3768ff549f08ae438f00043385cbec04e532a5ec760ce,2,48000,95.7867,UnityPy AudioClip.samples,exported,
sfx,SE_M04054_c,SE_M04054_c.wav,LocalData/93217544/0000/b7/b78fd4ae,9105575068907031826,164,sfx/SE_M04054_c__508366a4_9105575068907031826.wav,586656,56f84dcef7eaaf800c11d2f50bc4c4c4f259d5a926b8fc989a8a86765e9743ab,2,48000,3.0553,UnityPy AudioClip.samples,exported,
sfx,SE_M15089_h,SE_M15089_h.wav,LocalData/93217544/0000/b7/b7c49eb9,-2465653191299203275,164,sfx/SE_M15089_h__0db172d2_-2465653191299203275.wav,876756,69602383cad06ebef37b084c11f39bf65199fcd74150e945ff42bb96085038a0,2,48000,4.5662,UnityPy AudioClip.samples,exported,
sfx,SE_SOLO_REACTION_A,SE_SOLO_REACTION_A.wav,LocalData/93217544/0000/b7/b7d61f3a,-1692944063991486348,172,sfx/SE_SOLO_REACTION_A__d82b2e78_-1692944063991486348.wav,211524,4e634a8dd873b1c57fd2499e1b77b9d156ab558fda89ef40bd29bbf3c891d3c5,2,48000,1.1015,UnityPy AudioClip.samples,exported,
sfx,SE_DECK_BOOSTCRAFT_ROYAL,SE_DECK_BOOSTCRAFT_ROYAL.wav,LocalData/93217544/0000/b7/b7d797be,4001440908296929636,176,sfx/SE_DECK_BOOSTCRAFT_ROYAL__6aa464eb_4001440908296929636.wav,791164,b21a8d497cd22dc7aec41d43ee91efbfd2a4192784cd8531ae893bc265521796,2,48000,4.1204,UnityPy AudioClip.samples,exported,
sfx,SE_DECK_PLUS,SE_DECK_PLUS.wav,LocalData/93217544/0000/b7/b7e53eef,-16247617192560566,164,sfx/SE_DECK_PLUS__19a25438_-16247617192560566.wav,32692,dc38aed07723c35302f9f5662a3adef2801660e91dc3ee17d0a3d8789eab7116,2,44100,0.1851,UnityPy AudioClip.samples,exported,
sfx,SE_SOLO_GATE078_C_YELL_02,SE_SOLO_GATE078_C_YELL_02.wav,LocalData/93217544/0000/b7/b7ef8c82,-8698445854498597920,180,sfx/SE_SOLO_GATE078_C_YELL_02__d9fe14da_-8698445854498597920.wav,247668,4d14c415e7748e8b87a298fa5379ef67ece8ec83fa05e41a81e5bb7b7caa8cd0,2,48000,1.2897,UnityPy AudioClip.samples,exported,
voice,V_GATE078_02_00_00_19,V_GATE078_02_00_00_19.wav,LocalData/93217544/0000/b8/b8035143,-3645769226704777443,176,voice/V_GATE078_02_00_00_19__dd89812c_-3645769226704777443.wav,238604,2ed848661719748658614a732e9743a655be7f6472eba1e5aee6d253c61d1926,1,48000,2.4850,UnityPy AudioClip.samples,exported,
sfx,SE_M13163_d,SE_M13163_d.wav,LocalData/93217544/0000/b8/b803eada,-7740268068387058630,164,sfx/SE_M13163_d__d786fd45_-7740268068387058630.wav,424024,a5d220cb90986af39f74859765eca7c80a65d8d980343d535bf8e22963f73090,2,48000,2.2082,UnityPy AudioClip.samples,exported,
sfx,SE_M14672_d1,SE_M14672_d1.wav,LocalData/93217544/0000/b8/b81c9774,-1328643793461026386,164,sfx/SE_M14672_d1__1ca8840f_-1328643793461026386.wav,557108,e3a9a4a9dd84a1660953fa6d6154c2d9bdfc0d776f6d7655b5c9b942840de84f,2,48000,2.9014,UnityPy AudioClip.samples,exported,
sfx,SE_M08732_h2,SE_M08732_h2.wav,LocalData/93217544/0000/b8/b876964d,-5890786588688372712,164,sfx/SE_M08732_h2__6086c2e2_-5890786588688372712.wav,929172,16a631806863f2bde8540dc00ede1208b7e75ec8df366f0805f21c9369cf214c,2,48000,4.8392,UnityPy AudioClip.samples,exported,
sfx,SE_M13671_h,SE_M13671_h.wav,LocalData/93217544/0000/b8/b8adc9ea,2754573937733199900,164,sfx/SE_M13671_h__8863fd74_2754573937733199900.wav,558600,e673a479bd9f0f25b93172219b1636970ff3d31b0419a7aee75f177678f5aa0a,2,48000,2.9091,UnityPy AudioClip.samples,exported,
sfx,SE_SOLO_TORI_LOOP,SE_SOLO_TORI_LOOP.wav,LocalData/93217544/0000/b8/b8f45c9d,-6444446550874879756,172,sfx/SE_SOLO_TORI_LOOP__657c26d2_-6444446550874879756.wav,1234972,b2fa8618e3c05225406aebb1a9418cb9e585ccc0b6ee89a8d98b940d16520c3a,2,44100,7.0007,UnityPy AudioClip.samples,exported,
sfx,SE_SOLO_GATE078_ENV01_ROOM01,SE_SOLO_GATE078_ENV01_ROOM01.wav,LocalData/93217544/0000/b8/b8f96bd0,-7409357146172507447,180,sfx/SE_SOLO_GATE078_ENV01_ROOM01__d01f32bb_-7409357146172507447.wav,2400044,922ab79f859af1b0bc43aa2c9995b2db427c96a9b4744973af82193b60473764,2,48000,12.5000,UnityPy AudioClip.samples,exported,
music,BGM_DUEL_CLIMAX_04,BGM_DUEL_CLIMAX_04.wav,LocalData/93217544/0000/b9/b9d8874e,2605047699988559952,172,music/BGM_DUEL_CLIMAX_04__7924da97_2605047699988559952.wav,23330636,13deb91451e3290b9f75b6b1ec96821ad5ad0b6cdf18093ac622732157448664,2,48000,121.5135,UnityPy AudioClip.samples,exported,
music,BGM_MENU_01,BGM_MENU_01.wav,LocalData/93217544/0000/ba/ba0463c3,1162027118472422338,164,music/BGM_MENU_01__14bf373e_1162027118472422338.wav,30721052,673e7b2720c1cefbb5afc706d8571029dabd8fa133282a2ec2a8587095b21e63,2,48000,160.0052,UnityPy AudioClip.samples,exported,
sfx,SE_M06784_c,SE_M06784_c.wav,LocalData/93217544/0000/ba/ba0d7168,-5020138996208195835,164,sfx/SE_M06784_c__36197bec_-5020138996208195835.wav,500376,d11954dcc248d2ecce2214b5f2f9023a138e4317580da267c2ee575d766bd45f,2,48000,2.6059,UnityPy AudioClip.samples,exported,
music,BGM_DUEL_RATE01_CLIMAX,BGM_DUEL_RATE01_CLIMAX.wav,LocalData/93217544/0000/ba/bac61860,-7844915503946448414,176,music/BGM_DUEL_RATE01_CLIMAX__337e9d18_-7844915503946448414.wav,23506988,1968a1fc25cb4830c4010a3626845c8bc0406ff7005396c0eb6a2e042c5b5c08,2,48000,122.4320,UnityPy AudioClip.samples,exported,
sfx,SE_TEAM_DRAW,SE_TEAM_DRAW.wav,LocalData/93217544/0000/ba/bae3d354,6044950992583600342,164,sfx/SE_TEAM_DRAW__d1436e51_6044950992583600342.wav,727100,bbd5ccec498d704439a9b252971e077f6d721f3cee3f5015df1d77edbfda1bc2,2,48000,3.7868,UnityPy AudioClip.samples,exported,
sfx,SE_M06784_h2,SE_M06784_h2.wav,LocalData/93217544/0000/ba/baf283dd,-6606270882669481984,164,sfx/SE_M06784_h2__cc8b377f_-6606270882669481984.wav,508316,6e576bcacca4f8a8cae3f319791ebfa3ca7a0b8b4fa28dd603e47ece807e6a92,2,48000,2.6473,UnityPy AudioClip.samples,exported,
sfx,SE_SOLO_GATE078_N_MOVE_01,SE_SOLO_GATE078_N_MOVE_01.wav,LocalData/93217544/0000/ba/bafb617d,64361346163793237,180,sfx/SE_SOLO_GATE078_N_MOVE_01__5b492828_64361346163793237.wav,222160,11c75d96348907cfae10717423f6f5717735d54d7684e274b804082d18aa048f,2,48000,1.1569,UnityPy AudioClip.samples,exported,
sfx,SE_M15702_i,SE_M15702_i.wav,LocalData/93217544/0000/bb/bb02b531,-5994982257259757779,164,sfx/SE_M15702_i__c6b2cb3f_-5994982257259757779.wav,652848,e867b60589cd64b7ae292caee7c23d50943d22233ca988ce905288b6435461b0,2,48000,3.4000,UnityPy AudioClip.samples,exported,
sfx,SE_M06323_d,SE_M06323_d.wav,LocalData/93217544/0000/bb/bb1bb4ea,9052129007981972684,164,sfx/SE_M06323_d__fee5a793_9052129007981972684.wav,217768,37f5d8771e7635316817209ac36448120193c7b2d72ef124b255d70321845cef,2,48000,1.1340,UnityPy AudioClip.samples,exported,
sfx,SE_SOLO_SIREN,SE_SOLO_SIREN.wav,LocalData/93217544/0000/bb/bb8f54f2,66705160886744648,168,sfx/SE_SOLO_SIREN__efee8956_66705160886744648.wav,1023728,0212c8914e0f2e50e97506e82ddb9afe91d302d333a49b77f0bb35aa265d1e69,2,48000,5.3317,UnityPy AudioClip.samples,exported,
sfx,SE_M04041_SD_h,SE_M04041_SD_h.wav,LocalData/93217544/0000/bb/bbbcd82e,8070033658800626825,168,sfx/SE_M04041_SD_h__a38540a3_8070033658800626825.wav,409196,2f272b961e1b652da3da1f495e96f638eb6abffc7758c5665be45dd8dedcf2c6,2,48000,2.1310,UnityPy AudioClip.samples,exported,
sfx,SE_DUEL_SPECIAL_WIN,SE_DUEL_SPECIAL_WIN.wav,LocalData/93217544/0000/bb/bbdb4614,-8347208645034763514,172,sfx/SE_DUEL_SPECIAL_WIN__9aac06ef_-8347208645034763514.wav,1214676,86ab9de5fb6792ba65f9bdd2b7ec6007d644f04c54c3245c6f209a49efe4d2d5,2,48000,6.3262,UnityPy AudioClip.samples,exported,
sfx,SE_M14856_d,SE_M14856_d.wav,LocalData/93217544/0000/bc/bc68d516,-710053592215767927,164,sfx/SE_M14856_d__5b51eb25_-710053592215767927.wav,535780,70fab20d2cdb60c3f3c21e742571493a5df284f80c76c171aceab07a3d45082f,2,48000,2.7903,UnityPy AudioClip.samples,exported,
sfx,SE_SOLO_GATE078_C_FOOT_04,SE_SOLO_GATE078_C_FOOT_04.wav,LocalData/93217544/0000/bc/bc8ce356,-2456095512164610160,180,sfx/SE_SOLO_GATE078_C_FOOT_04__0d46a0e5_-2456095512164610160.wav,74284,d25261d35d481ab045d9e13e4e89543b14a986edd9a4b86a94547ee3acf46d7c,2,48000,0.3867,UnityPy AudioClip.samples,exported,
sfx,SE_M06784_g,SE_M06784_g.wav,LocalData/93217544/0000/bd/bd60b571,7210228867439452749,164,sfx/SE_M06784_g__4cea3564_7210228867439452749.wav,1010868,08359f429e1da4cfa409fb9f92322af4f6a5f277ad2ca8a3d374e538ca46f1f7,2,48000,5.2647,UnityPy AudioClip.samples,exported,
sfx,SE_PACKOPEN_HOPE,SE_PACKOPEN_HOPE.wav,LocalData/93217544/0000/bd/bd66a8ad,7200523622110860077,168,sfx/SE_PACKOPEN_HOPE__5303d65e_7200523622110860077.wav,675248,2fb309c824854246b5c1cd9cbdf887dced112243e97a898f6d9689327c69af76,2,48000,3.5167,UnityPy AudioClip.samples,exported,
sfx,SE_M18003_e,SE_M18003_e.wav,LocalData/93217544/0000/bd/bdc85ce3,6059204264079868647,164,sfx/SE_M18003_e__eaacc797_6059204264079868647.wav,608044,0112236aa2335daa82f1b9b28cd17ffef08ca6accdd1e016b4246e161a3ef02d,2,48000,3.1667,UnityPy AudioClip.samples,exported,
sfx,SE_M12950_f,SE_M12950_f.wav,LocalData/93217544/0000/bd/bdd20225,-82946437854794248,164,sfx/SE_M12950_f__80465554_-82946437854794248.wav,784108,2136078da278c2f9f65852e77958210f0a65513033939c14b1b6a7a4ec66dee2,2,48000,4.0837,UnityPy AudioClip.samples,exported,
sfx,SE_M15089_d,SE_M15089_d.wav,LocalData/93217544/0000/be/be72d292,8763723405332958396,164,sfx/SE_M15089_d__123898d5_8763723405332958396.wav,400192,18c670bdcbab96d7815e2a29b5a8cc27b32ca9ab4abb8d2ca22d2f04c1303a36,2,48000,2.0841,UnityPy AudioClip.samples,exported,
sfx,SE_SOLO_GATE078_SILENCE,SE_SOLO_GATE078_SILENCE.wav,LocalData/93217544/0000/be/be974c8d,2327650914116606955,176,sfx/SE_SOLO_GATE078_SILENCE__94013481_2327650914116606955.wav,715128,de236a7bfb051202c15513ba63c2d6205cdbb35a3e2171f0430b592883fbe8c0,2,48000,3.7244,UnityPy AudioClip.samples,exported,
sfx,SE_M17452_d1,SE_M17452_d1.wav,LocalData/93217544/0000/be/befc7f82,-1026819133765541674,164,sfx/SE_M17452_d1__9f30404c_-1026819133765541674.wav,485844,31d4c11df5e5733b87e9bdd5337d2c5492eda464485ada9b129f377199325825,2,48000,2.5302,UnityPy AudioClip.samples,exported,
sfx,SE_M10691_f_loop_b,SE_M10691_f_loop_b.wav,LocalData/93217544/0000/be/befe79fa,1674813029750493517,172,sfx/SE_M10691_f_loop_b__44ed0747_1674813029750493517.wav,694316,513aa1015b22765bd9a50fdd2d4d6804132c4465d91d08f634d17133ff5a5f97,2,48000,3.6160,UnityPy AudioClip.samples,exported,
sfx,SE_EV_SKILLDRAIN,SE_EV_SKILLDRAIN.wav,LocalData/93217544/0000/bf/bf0faa7d,-8986927102954941830,168,sfx/SE_EV_SKILLDRAIN__8a012f98_-8986927102954941830.wav,478136,77fca96a6d8b4ff27db2f24b240bd1a016920290791a135dd46f3d3eab5ebacc,2,48000,2.4901,UnityPy AudioClip.samples,exported,
sfx,SE_TEAM_CROWN_R,SE_TEAM_CROWN_R.wav,LocalData/93217544/0000/bf/bf372bbc,-6844262290312676736,168,sfx/SE_TEAM_CROWN_R__8d4284fa_-6844262290312676736.wav,544844,c387e5d075f2c8e2abe3e30774fe48a5d11566033a9bcd3a6c7b462a82f4730d,2,48000,2.8375,UnityPy AudioClip.samples,exported,
sfx,SE_M04054_e_lp02,SE_M04054_e_lp02.wav,LocalData/93217544/0000/bf/bf646079,1396211805126888143,168,sfx/SE_M04054_e_lp02__9d8cf0ef_1396211805126888143.wav,375604,5b18862a4fbafe56214d92666233d61a48250542049fddf5c81ea078e35d8936,2,48000,1.9560,UnityPy AudioClip.samples,exported,
sfx,SE_SOLO_GATE078_M_FOOT_ROLL02,SE_SOLO_GATE078_M_FOOT_ROLL02.wav,LocalData/93217544/0000/bf/bf6c4e16,8483625377393070071,184,sfx/SE_SOLO_GATE078_M_FOOT_ROLL02__e90fcc59_8483625377393070071.wav,174316,1e29a577507c05cf955524aa70cfe889c6d34b9fec193f28bb2e43a96f9852a2,2,48000,0.9077,UnityPy AudioClip.samples,exported,
sfx,SE_TDY_ACHIEVE_LIGHT,SE_TDY_ACHIEVE_LIGHT.wav,LocalData/93217544/0000/bf/bf7da818,-1574710028829544655,172,sfx/SE_TDY_ACHIEVE_LIGHT__1f348a39_-1574710028829544655.wav,722600,d5f6d84482e650272ad8118a614e0561beee09b08c11c784fcb8a29f2f69ccc1,2,48000,3.7633,UnityPy AudioClip.samples,exported,
sfx,SE_M19148_d,SE_M19148_d.wav,LocalData/93217544/0000/bf/bfc4eed6,78826068633515410,164,sfx/SE_M19148_d__01438f99_78826068633515410.wav,305024,4581e7d22868273f2118ce84d72c93808d8a7c6a9680a6e40c54383fadb49c6a,2,48000,1.5884,UnityPy AudioClip.samples,exported,
sfx,SE_M09723_d,SE_M09723_d.wav,LocalData/93217544/0000/bf/bfcda0ff,-9073232998558876898,164,sfx/SE_M09723_d__db0ef3b7_-9073232998558876898.wav,474728,339b11303114a27e2c3726d0869e2e8d0b7bce1662cb509294320de9ce2e9af5,2,48000,2.4723,UnityPy AudioClip.samples,exported,
sfx,SE_M20196_f,SE_M20196_f.wav,LocalData/93217544/0000/bf/bfd93178,6809953093829506996,164,sfx/SE_M20196_f__515107c7_6809953093829506996.wav,1268272,5f5178a913cfe967250e95fc52bd8b0597f97d36c98d4e7af881bc34a58b0262,2,48000,6.6054,UnityPy AudioClip.samples,exported,
voice,V_GATE078_03_00_00_12,V_GATE078_03_00_00_12.wav,LocalData/93217544/0000/c0/c013e3f5,-4366194010412246160,176,voice/V_GATE078_03_00_00_12__619a155e_-4366194010412246160.wav,39596,76d869a45e5f881a051df4d06ca1b08aab7890498b461463dba69e087b8d7a2b,1,48000,0.4120,UnityPy AudioClip.samples,exported,
sfx,SE_M04044_d1,SE_M04044_d1.wav,LocalData/93217544/0000/c0/c02451fb,-7798732840983232124,164,sfx/SE_M04044_d1__7cb4cd9c_-7798732840983232124.wav,431252,ead134fc6d3bb87bb86e2f877e9dc6ddebd7cde4ad98a8b7a7d181d992ba18c3,2,48000,2.2459,UnityPy AudioClip.samples,exported,
sfx,SE_FIELD_MAT029_PHASE1_R,SE_FIELD_MAT029_PHASE1_R.wav,LocalData/93217544/0000/c0/c0a4f375,4905240788608173841,176,sfx/SE_FIELD_MAT029_PHASE1_R__f4e88bb7_4905240788608173841.wav,525624,370a0cdd0472fd47aa51188f841da5a767f79ca3bf375456bc10fefef1b83a72,2,48000,2.7374,UnityPy AudioClip.samples,exported,
sfx,SE_M15089_i,SE_M15089_i.wav,LocalData/93217544/0000/c0/c0c3ae2f,1152119554007184500,164,sfx/SE_M15089_i__4f91f71f_1152119554007184500.wav,788140,2991904680b1990a0709010f785149aa34fd3ddf3ebfd57d258f9e09ee7b1d3d,2,48000,4.1047,UnityPy AudioClip.samples,exported,
sfx,SE_FIELD_MAT049_PHASE4_P,SE_FIELD_MAT049_PHASE4_P.wav,LocalData/93217544/0000/c0/c0d49af1,9150982373882129020,176,sfx/SE_FIELD_MAT049_PHASE4_P__74f181a1_9150982373882129020.wav,1760044,91bbefb380f25cf3c743aeae0583e9b838f85c1c11aa4ab1041457e633c44d1c,2,48000,9.1667,UnityPy AudioClip.samples,exported,
sfx,SE_FIELD_MAT048_PHASE4_R,SE_FIELD_MAT048_PHASE4_R.wav,LocalData/93217544/0000/c1/c11890e3,-8258755688205442995,176,sfx/SE_FIELD_MAT048_PHASE4_R__4b13e604_-8258755688205442995.wav,1629344,0606fac5bac2041e732785c7eea0f36afb8490e4255ea7616983f01484607060,2,48000,8.4859,UnityPy AudioClip.samples,exported,
sfx,SE_FIELD_MAT028_PHASE1_P,SE_FIELD_MAT028_PHASE1_P.wav,LocalData/93217544/0000/c1/c168f967,3089339877440791668,176,sfx/SE_FIELD_MAT028_PHASE1_P__34572a51_3089339877440791668.wav,473536,1730a6b9a2cec71e9449161d47f581e818a4df66f3264aa7866057813d1bbb41,2,48000,2.4661,UnityPy AudioClip.samples,exported,
sfx,SE_M19148_i,SE_M19148_i.wav,LocalData/93217544/0000/c1/c175926b,-1669760487896442562,164,sfx/SE_M19148_i__9c5c1268_-1669760487896442562.wav,727788,721e36b77ef367b400241d2ed9febcb0900af4b206015a6cd7ad9823502ae08d,2,48000,3.7903,UnityPy AudioClip.samples,exported,
sfx,SE_DUEL_LIVE_THUNDER,SE_DUEL_LIVE_THUNDER.wav,LocalData/93217544/0000/c1/c19c9833,8736145204258244000,172,sfx/SE_DUEL_LIVE_THUNDER__291a79d6_8736145204258244000.wav,361384,687de791d9bbd48f375ec49b1d8c48b9df0edd738f26366d8fc610adabf73d26,2,48000,1.8820,UnityPy AudioClip.samples,exported,
sfx,SE_SOLO_EFFECT_16,SE_SOLO_EFFECT_16.wav,LocalData/93217544/0000/c1/c1a55fb4,1214065916661840458,172,sfx/SE_SOLO_EFFECT_16__c3276845_1214065916661840458.wav,823308,dc8fdf18e7c145ef667a3ad12dd2c25ea1bd59f4c6384dd042746e9a6c2a29a1,2,44100,4.6670,UnityPy AudioClip.samples,exported,
music,BGM_DUEL_EX_04_NORMAL,BGM_DUEL_EX_04_NORMAL.wav,LocalData/93217544/0000/c1/c1d92866,-6067655915710319941,176,music/BGM_DUEL_EX_04_NORMAL__6c82b4af_-6067655915710319941.wav,20863456,e36f31230ba1712b25abdbdcf0a55520aa9960d2f072dbb21dbef08491ca7440,2,48000,108.6636,UnityPy AudioClip.samples,exported,
sfx,SE_M12929_d,SE_M12929_d.wav,LocalData/93217544/0000/c1/c1da603f,6627408728822822160,164,sfx/SE_M12929_d__c337563c_6627408728822822160.wav,728108,11c26ffe4dbcf9714d4ec3cc5b0b5bb078d9d618a8d11e7a01d7d37a2e6dd83e,2,48000,3.7920,UnityPy AudioClip.samples,exported,
voice,V_GATE078_02_00_00_10,V_GATE078_02_00_00_10.wav,LocalData/93217544/0000/c1/c1dfe9e7,-5872276227141553628,176,voice/V_GATE078_02_00_00_10__a3738977_-5872276227141553628.wav,196844,2b44463722e4b22b7d16a69f9e7570a5eed5dfeb02fa16d6b9e321e5083ec7d0,1,48000,2.0500,UnityPy AudioClip.samples,exported,
sfx,SE_M12487_c,SE_M12487_c.wav,LocalData/93217544/0000/c2/c20dfc43,1813782511768527948,164,sfx/SE_M12487_c__9aefbeab_1813782511768527948.wav,846524,51725ff80d81fa0153a2bc685ece34d279953ff44f71f21c494637e4f5fcc3a2,2,48000,4.4088,UnityPy AudioClip.samples,exported,
music,BGM_SOLO_22,BGM_SOLO_22.wav,LocalData/93217544/0000/c2/c2257095,-1711365039641978343,164,music/BGM_SOLO_22__5d37f137_-1711365039641978343.wav,14563088,9a74daca6c212410f0f614cb76e5e50d06c2fb1d02b9470806c5e25c48e6187e,2,48000,75.8492,UnityPy AudioClip.samples,exported,
sfx,SE_M04041_h2,SE_M04041_h2.wav,LocalData/93217544/0000/c2/c246bf7f,4990745180205353718,164,sfx/SE_M04041_h2__2a8523f7_4990745180205353718.wav,415908,d6fd5d58ab76c41844d8bd69b4fddfeaa4f75f9e58c7a411d0c4e5ddf6817d39,2,48000,2.1660,UnityPy AudioClip.samples,exported,
sfx,SE_M04041_SD_a,SE_M04041_SD_a.wav,LocalData/93217544/0000/c2/c260608a,-1378336599498725668,168,sfx/SE_M04041_SD_a__1cc95cce_-1378336599498725668.wav,186796,1ab9012d3236985b6f799459ea8f7809d16072bbb926d5f57c0d790edc56a2bf,2,48000,0.9727,UnityPy AudioClip.samples,exported,
sfx,SE_SOLO_GATE078_N_POSE,SE_SOLO_GATE078_N_POSE.wav,LocalData/93217544/0000/c2/c2893aae,1715453066302164918,176,sfx/SE_SOLO_GATE078_N_POSE__cdfdd577_1715453066302164918.wav,235596,83f7275f5487d7b66f6905d7bffb0f676a7d6481bee7b8be851a5b665e1fe9a7,2,48000,1.2268,UnityPy AudioClip.samples,exported,
sfx,SE_SOLO_UMEKIGOE_03,SE_SOLO_UMEKIGOE_03.wav,LocalData/93217544/0000/c2/c2aacd30,-3284230076199934316,172,sfx/SE_SOLO_UMEKIGOE_03__7542b31c_-3284230076199934316.wav,880124,476609d3575caa19d00650ec12b410b91b19a3a4e817fda161b6a8d890e64cd1,2,48000,4.5838,UnityPy AudioClip.samples,exported,
sfx,SE_M10747_h2,SE_M10747_h2.wav,LocalData/93217544/0000/c2/c2cdf496,-6435916152685622857,164,sfx/SE_M10747_h2__53d3313c_-6435916152685622857.wav,476888,76bb0a6d6ce0b09217926087a1d022493c12f8d815d89310ca15cebdb3e8abbb,2,48000,2.4836,UnityPy AudioClip.samples,exported,
sfx,SE_FIELD_MAT029_PHASE2_R,SE_FIELD_MAT029_PHASE2_R.wav,LocalData/93217544/0000/c2/c2e24d2c,1024715637860424288,176,sfx/SE_FIELD_MAT029_PHASE2_R__88f66505_1024715637860424288.wav,531444,f5324f0e13809673f49cb6c70fa092f0f17cef53e6a9f97aaa08bff4151f3af3,2,48000,2.7677,UnityPy AudioClip.samples,exported,
sfx,SE_FIELD_MAT028_PHASE3_P,SE_FIELD_MAT028_PHASE3_P.wav,LocalData/93217544/0000/c2/c2ec2d09,-1499641219946487151,176,sfx/SE_FIELD_MAT028_PHASE3_P__2ee5c983_-1499641219946487151.wav,449404,8e68fe4ee5e5de532bb554c0b14ac8ffb621455e4007922caf7d94ef3db8ef1d,2,48000,2.3404,UnityPy AudioClip.samples,exported,
sfx,SE_SOLO_SENGOKU_LOOP,SE_SOLO_SENGOKU_LOOP.wav,LocalData/93217544/0000/c3/c3014495,-2650632846611334059,172,sfx/SE_SOLO_SENGOKU_LOOP__9a59be8b_-2650632846611334059.wav,2840512,8516108ecb6ba7027f1a512fbc4356aa7a39966c678a9cee43065a7b6d6b527f,2,44100,16.1024,UnityPy AudioClip.samples,exported,
sfx,SE_M12441_d1,SE_M12441_d1.wav,LocalData/93217544/0000/c3/c311d67b,3016742572193476164,164,sfx/SE_M12441_d1__08b3354d_3016742572193476164.wav,428468,2e6d525246a4eced0385f1ecea3a6a28027b984b405ba4aa63741063ee1bc1d4,2,48000,2.2314,UnityPy AudioClip.samples,exported,
sfx,SE_FIELD_MAT029_PHASE3_R,SE_FIELD_MAT029_PHASE3_R.wav,LocalData/93217544/0000/c3/c320271b,2370072103812346233,176,sfx/SE_FIELD_MAT029_PHASE3_R__69073229_2370072103812346233.wav,556364,ee3d76fee129a76ece67195c14bbb1e007bf275a8df2ef9dbb9d4de695f2a3d6,2,48000,2.8975,UnityPy AudioClip.samples,exported,
sfx,SE_M17405_h,SE_M17405_h.wav,LocalData/93217544/0000/c3/c32248f9,-8281464243961049972,164,sfx/SE_M17405_h__37624ab0_-8281464243961049972.wav,549524,7c69526875ad80ff5f24152d5711fa7f387db6022d8bd050244c71acff98529a,2,48000,2.8619,UnityPy AudioClip.samples,exported,
sfx,SE_FIELD_MAT028_PHASE2_P,SE_FIELD_MAT028_PHASE2_P.wav,LocalData/93217544/0000/c3/c32e473e,-3819728793154070569,176,sfx/SE_FIELD_MAT028_PHASE2_P__797ba422_-3819728793154070569.wav,491844,47802e1bba76b07f8ecb3d4ae0d7d6517cb02024188343d15cf9170d7b7a891e,2,48000,2.5615,UnityPy AudioClip.samples,exported,
sfx,SE_M18003_h,SE_M18003_h.wav,LocalData/93217544/0000/c3/c379205e,-2952070328045831473,164,sfx/SE_M18003_h__cdf4680d_-2952070328045831473.wav,160044,06de5890bba7d48509ba079b5b6eeec51bfea8ab98d295fcdf8c5a213c75ed90,2,48000,0.8333,UnityPy AudioClip.samples,exported,
voice,V_GATE078_01_00_00_16,V_GATE078_01_00_00_16.wav,LocalData/93217544/0000/c3/c38bf7d1,5065493712494004013,176,voice/V_GATE078_01_00_00_16__a0dc080d_5065493712494004013.wav,533228,4a62742823671c3054eef7810c9f4e964acee39cd9bf91014b4a902bed22f05b,1,48000,5.5540,UnityPy AudioClip.samples,exported,
sfx,SE_M13671_h1,SE_M13671_h1.wav,LocalData/93217544/0000/c3/c3bb4918,-592153765247837163,164,sfx/SE_M13671_h1__de528ec8_-592153765247837163.wav,873136,3642da92b72a31f9e1a363512dc2d5f87cb3b05e79aafd4d399f8d6f3f9186e2,2,48000,4.5474,UnityPy AudioClip.samples,exported,
music,BGM_DUEL_EX_09_PHASE_B,BGM_DUEL_EX_09_PHASE_B.wav,LocalData/93217544/0000/c4/c40bc6b8,-4064298702000546092,176,music/BGM_DUEL_EX_09_PHASE_B__29748f76_-4064298702000546092.wav,24235052,1b63013f425d7ee99de70f5859b4b7472f0876a9ba045ac43e500f3a805c5c6d,2,48000,126.2240,UnityPy AudioClip.samples,exported,
music,BGM_DUEL_EX_02_KEYCARD,BGM_DUEL_EX_02_KEYCARD.wav,LocalData/93217544/0000/c4/c4547bf7,9097135471382575086,176,music/BGM_DUEL_EX_02_KEYCARD__bc554b02_9097135471382575086.wav,20828260,401e79f30566a5ff10cbc933fcf166e09c2a57916a00d8f00fac6343cd7b33aa,2,48000,108.4803,UnityPy AudioClip.samples,exported,
sfx,SE_FIELD_MAT048_PHASE3_R,SE_FIELD_MAT048_PHASE3_R.wav,LocalData/93217544/0000/c4/c4578666,-5970703582941413340,176,sfx/SE_FIELD_MAT048_PHASE3_R__b1a81b8a_-5970703582941413340.wav,650564,1a6dcc6c70b4e41cd2216f3990d5077c1cb2cb22dc4ab2a8d6ed32ac9cda2154,2,48000,3.3881,UnityPy AudioClip.samples,exported,
sfx,SE_M08732_h,SE_M08732_h.wav,LocalData/93217544/0000/c4/c4593223,3790324170356751435,164,sfx/SE_M08732_h__673b4fe5_3790324170356751435.wav,701196,456456c413677fd0ff971940e2a12ea38101e3bd142e0897dde7c467dfbf6888,2,48000,3.6518,UnityPy AudioClip.samples,exported,
sfx,SE_FIELD_MAT049_PHASE2_P,SE_FIELD_MAT049_PHASE2_P.wav,LocalData/93217544/0000/c4/c459e643,-202356988548077840,176,sfx/SE_FIELD_MAT049_PHASE2_P__29ce4000_-202356988548077840.wav,838444,7ce8172719092c69e6a5ab34141a3a89e3116c1c702b0e09ee94d93e04d77ad1,2,48000,4.3667,UnityPy AudioClip.samples,exported,
sfx,SE_M13658_h1,SE_M13658_h1.wav,LocalData/93217544/0000/c4/c47355f2,-3075144281051571238,164,sfx/SE_M13658_h1__5abf349b_-3075144281051571238.wav,771200,2fb04ba2f1c92c156eff713121efcc77012dcb1dc3443af7dfa1b198dfd6e229,2,48000,4.0164,UnityPy AudioClip.samples,exported,
voice,V_GATE078_01_00_00_12,V_GATE078_01_00_00_12.wav,LocalData/93217544/0000/c4/c4e633c8,5368829863787421645,176,voice/V_GATE078_01_00_00_12__1f2b9e62_5368829863787421645.wav,462764,f8fca9cb602d9433340134d510f5a74c2d1721fe0de1c11ed0d9fa1b53e36299,1,48000,4.8200,UnityPy AudioClip.samples,exported,
sfx,SE_M04041_SD_e,SE_M04041_SD_e.wav,LocalData/93217544/0000/c5/c50da493,-2388455665183498155,168,sfx/SE_M04041_SD_e__907f5f20_-2388455665183498155.wav,386760,baa5b91e7f5bb60d8dad98f1e84315cb1e29d20483a20b1e5e3e0baa9348dcd5,2,48000,2.0141,UnityPy AudioClip.samples,exported,
music,BGM_SOLO_26,BGM_SOLO_26.wav,LocalData/93217544/0000/c5/c548b48c,-5769462627196417740,164,music/BGM_SOLO_26__a8144954_-5769462627196417740.wav,12360588,1156baa070157b6551de6caa37eaae6093a127b0af001d1477288447c54a1af0,2,48000,64.3778,UnityPy AudioClip.samples,exported,
sfx,SE_M12487_g,SE_M12487_g.wav,LocalData/93217544/0000/c5/c560385a,-2803440299493243977,164,sfx/SE_M12487_g__02015e58_-2803440299493243977.wav,1242024,c7dbcc23822422dcb72c9f4067ab5b432d35b43c9cb87dea51a923b04ac991e6,2,48000,6.4686,UnityPy AudioClip.samples,exported,
sfx,SE_DUEL_TIME_COUNT,SE_DUEL_TIME_COUNT.wav,LocalData/93217544/0000/c5/c58afb1e,4924733237718978414,172,sfx/SE_DUEL_TIME_COUNT__fbb1171f_4924733237718978414.wav,43048,d89da991078315f36dad8999be54b5a2353573ded057a5f59052f8a7b4c4ef6f,2,44100,0.2438,UnityPy AudioClip.samples,exported,
sfx,SE_FIELD_MAT048_PHASE2_R,SE_FIELD_MAT048_PHASE2_R.wav,LocalData/93217544/0000/c5/c595ec51,2993920478721500039,176,sfx/SE_FIELD_MAT048_PHASE2_R__0c1a0219_2993920478721500039.wav,450560,54e97b5fa6d3c540f0a5d51b20f44cf0cd173d2a6e2dcf9fc7e8430bb366dd2f,2,48000,2.3464,UnityPy AudioClip.samples,exported,
sfx,SE_FIELD_MAT049_PHASE3_P,SE_FIELD_MAT049_PHASE3_P.wav,LocalData/93217544/0000/c5/c59b8c74,-3893289328505947504,176,sfx/SE_FIELD_MAT049_PHASE3_P__18b8376b_-3893289328505947504.wav,1049644,57a9b89ca85e47876dcf19798f83482fa5b21a09f14e86e4730b08ccf301dcbf,2,48000,5.4667,UnityPy AudioClip.samples,exported,
sfx,SE_M15702_d,SE_M15702_d.wav,LocalData/93217544/0000/c5/c5b3c98c,1709811565706823682,164,sfx/SE_M15702_d__345bdfb0_1709811565706823682.wav,467248,c3ddeaedb33054b911a88a4b359aca2587498c3da01151e075c7592b57320b21,2,48000,2.4334,UnityPy AudioClip.samples,exported,
sfx,SE_M13671_e,SE_M13671_e.wav,LocalData/93217544/0000/c6/c61cb557,-7381832419442465413,164,sfx/SE_M13671_e__d64c8f3d_-7381832419442465413.wav,638176,41fe96c3c6a3fbb1d864b52cefdbcbce4c48c35064089bbc9594a4d32b20dea2,2,48000,3.3236,UnityPy AudioClip.samples,exported,
sfx,SE_FIELD_MAT049_PHASE1_P,SE_FIELD_MAT049_PHASE1_P.wav,LocalData/93217544/0000/c6/c61f581a,-2622198503485658846,176,sfx/SE_FIELD_MAT049_PHASE1_P__71a831b7_-2622198503485658846.wav,716844,9468ee0e673017d79f73475fd9af81053cd794778b555b47d75369cbe5ada8be,2,48000,3.7333,UnityPy AudioClip.samples,exported,
sfx,SE_CARDD_COUNT_02,SE_CARDD_COUNT_02.wav,LocalData/93217544/0000/c6/c633606a,-9031604792223819032,172,sfx/SE_CARDD_COUNT_02__f88c324d_-9031604792223819032.wav,11436,24b6660526058d1b0d11db119bff50efd2163e893d3d818336206424ce6c153b,2,48000,0.0593,UnityPy AudioClip.samples,exported,
sfx,SE_FIELD_MAT029_PHASE4_R,SE_FIELD_MAT029_PHASE4_R.wav,LocalData/93217544/0000/c6/c66f319e,-3911132537385015351,176,sfx/SE_FIELD_MAT029_PHASE4_R__9fb48c95_-3911132537385015351.wav,799560,cc4b4fb89979e1719329556a7b9dfa63b9f0d03eef32c54974ac313d0033c974,2,48000,4.1641,UnityPy AudioClip.samples,exported,
voice,V_GATE078_02_00_00_14,V_GATE078_02_00_00_14.wav,LocalData/93217544/0000/c6/c6b22dfe,-8080004441402189086,176,voice/V_GATE078_02_00_00_14__6ff571aa_-8080004441402189086.wav,394264,eb5efa9f5fd2814a77c5f94c6f07a5c9858295a30cc44169a90520d3d984ba9a,1,48000,4.1065,UnityPy AudioClip.samples,exported,
sfx,SE_M13163_i,SE_M13163_i.wav,LocalData/93217544/0000/c6/c6b29667,-5477034914279345088,164,sfx/SE_M13163_i__4d936e58_-5477034914279345088.wav,990336,21191840f880c4fced2c56bbec693aa8c2102ee94f390077f9531354f47dda3b,2,48000,5.1578,UnityPy AudioClip.samples,exported,
sfx,SE_M04041_SD_h2,SE_M04041_SD_h2.wav,LocalData/93217544/0000/c6/c6b80f1a,-3050433294915546131,168,sfx/SE_M04041_SD_h2__68e41f5c_-3050433294915546131.wav,343468,c73cff753ee058f88b57c193d4383c374baa66aad5f1d9f781b0f89bb0e0e94c,2,48000,1.7887,UnityPy AudioClip.samples,exported,
sfx,SE_SOLO_EFFECT_12,SE_SOLO_EFFECT_12.wav,LocalData/93217544/0000/c6/c6c89bad,1837785044639765360,172,sfx/SE_SOLO_EFFECT_12__4258e850_1837785044639765360.wav,1363268,92c812ffea9e9859f14ad6aace3a84dec95019c0406c6778769640e10cfeed71,2,44100,7.7280,UnityPy AudioClip.samples,exported,
sfx,SE_SOLO_OP_DEGITAL,SE_SOLO_OP_DEGITAL.wav,LocalData/93217544/0000/c6/c6d75a8c,-2668504001273072206,172,sfx/SE_SOLO_OP_DEGITAL__ef1b16d8_-2668504001273072206.wav,1359756,f650c2a4aea480bfb4e2979b4127bc64e49dd758cce6d32a05a319672bd83f43,2,48000,7.0818,UnityPy AudioClip.samples,exported,
sfx,SE_EV_EF22188,SE_EV_EF22188.wav,LocalData/93217544/0000/c6/c6e49cf4,-8875787508738424526,168,sfx/SE_EV_EF22188__c1c7393f_-8875787508738424526.wav,738652,04ba0308a433d00edcd7acc4c6bcc48428fe7d8acf7616b5343761de4c13ca86,2,48000,3.8469,UnityPy AudioClip.samples,exported,
sfx,SE_M13258_h2,SE_M13258_h2.wav,LocalData/93217544/0000/c6/c6eb465e,-487723259865417041,164,sfx/SE_M13258_h2__8302bf1b_-487723259865417041.wav,299792,6b9085341d8ebf800d61389bf1f5d47e94da339943a8421ef15200be4d7266b7,2,48000,1.5612,UnityPy AudioClip.samples,exported,
music,BGM_DUEL_F03_PHASE_A,BGM_DUEL_F03_PHASE_A.wav,LocalData/93217544/0000/c7/c739bf73,-2630913517798232838,172,music/BGM_DUEL_F03_PHASE_A__7a122a05_-2630913517798232838.wav,20438060,0a9bdef233c2213404a7621fb8829f7c1e0748ca31de78c4b3e9f5f0e17f3f30,2,48000,106.4480,UnityPy AudioClip.samples,exported,
music,BGM_DUEL_CLIMAX_09,BGM_DUEL_CLIMAX_09.wav,LocalData/93217544/0000/c7/c769fbf3,7477176257465273992,172,music/BGM_DUEL_CLIMAX_09__d62fba40_7477176257465273992.wav,17642524,142261c65a7928d633eebccf9251a5e4a6134666a8a023f7a396bf98093d0e41,2,48000,91.8879,UnityPy AudioClip.samples,exported,
voice,V_GATE078_03_00_00_16,V_GATE078_03_00_00_16.wav,LocalData/93217544/0000/c7/c77e27ec,5176383531111612540,176,voice/V_GATE078_03_00_00_16__a80b087d_5176383531111612540.wav,540556,27953607834397ab90ccb659d67ba1ffc16e40265cdfa4beef7da67be53fd9ce,1,48000,5.6303,UnityPy AudioClip.samples,exported,
sfx,SE_CF_TURNOVER_B,SE_CF_TURNOVER_B.wav,LocalData/93217544/0000/c7/c7810111,-8261018936864344120,168,sfx/SE_CF_TURNOVER_B__c6f90006_-8261018936864344120.wav,136624,aa59a746782a12e1ccaf7541501ca7c7392c03d5abbf03fa90422288bc401dc6,2,48000,0.7114,UnityPy AudioClip.samples,exported,
sfx,SE_FIELD_MAT028_PHASE4_P,SE_FIELD_MAT028_PHASE4_P.wav,LocalData/93217544/0000/c7/c7a33b8c,-1523512678119691526,176,sfx/SE_FIELD_MAT028_PHASE4_P__f59ebc99_-1523512678119691526.wav,684140,ca6d628ee16a31dc4c8a73325acd712a17b19eb570edce59e6b8f76071deb16a,2,48000,3.5630,UnityPy AudioClip.samples,exported,
sfx,SE_SOLO_REACTION_D,SE_SOLO_REACTION_D.wav,LocalData/93217544/0000/c7/c7bcebb5,6583113125501952947,172,sfx/SE_SOLO_REACTION_D__959fc0ef_6583113125501952947.wav,185640,b0b311128ad8dfd575f104363c5de18988f7a61506566efa7fef7029c339a711,2,48000,0.9666,UnityPy AudioClip.samples,exported,
sfx,SE_SOLO_CROW,SE_SOLO_CROW.wav,LocalData/93217544/0000/c7/c7c68787,132213207494555715,164,sfx/SE_SOLO_CROW__6881d7f7_132213207494555715.wav,891844,4a21159eaf79089609bd26d479b8ca99dd40cd35d88febff0cbb426bd0dda830,2,48000,4.6448,UnityPy AudioClip.samples,exported,
sfx,SE_FIELD_MAT048_PHASE1_R,SE_FIELD_MAT048_PHASE1_R.wav,LocalData/93217544/0000/c7/c7d35208,-8564111921316378173,176,sfx/SE_FIELD_MAT048_PHASE1_R__a6cf58a7_-8564111921316378173.wav,308404,4febb2626602b969c0aa1853a77b5841757289528a30fd2fa3f9643c5b9046c0,2,48000,1.6060,UnityPy AudioClip.samples,exported,
sfx,SE_M13670_e,SE_M13670_e.wav,LocalData/93217544/0000/c7/c7dedf60,-8698303269787292120,164,sfx/SE_M13670_e__96cbaebf_-8698303269787292120.wav,643232,38d145e25c3cb6d7e889820f5066e53cb61c757a921d568f5185991673bfebef,2,48000,3.3499,UnityPy AudioClip.samples,exported,
sfx,SE_M04054_f,SE_M04054_f.wav,LocalData/93217544/0000/c7/c7e52021,3769026526846812591,164,sfx/SE_M04054_f__8df22857_3769026526846812591.wav,617680,e9860ea32023034440f1641975c98b5a86e165f2c14b14e7f8c45c97f69ce157,2,48000,3.2169,UnityPy AudioClip.samples,exported,
sfx,SE_PACKOPEN_02_PACKOUT,SE_PACKOPEN_02_PACKOUT.wav,LocalData/93217544/0000/c8/c826201e,-7347576218865475557,176,sfx/SE_PACKOPEN_02_PACKOUT__9286ccb5_-7347576218865475557.wav,403884,96317d6490d036d12a2c9713cc503ced36849cb8f6970910e0f6ace85b9935da,2,48000,2.1033,UnityPy AudioClip.samples,exported,
sfx,SE_M04054_e_lp03,SE_M04054_e_lp03.wav,LocalData/93217544/0000/c8/c86350ef,-3393535815202487663,168,sfx/SE_M04054_e_lp03__76f1a441_-3393535815202487663.wav,368060,170beade8dcde1635435e22b00be89a71272edaeabf016af2388dd8b8e9848bd,2,48000,1.9167,UnityPy AudioClip.samples,exported,
sfx,SE_SOLO_GATE078_M_FOOT_ROLL03,SE_SOLO_GATE078_M_FOOT_ROLL03.wav,LocalData/93217544/0000/c8/c86b7e80,-7097845551166292214,184,sfx/SE_SOLO_GATE078_M_FOOT_ROLL03__e100cf4c_-7097845551166292214.wav,176044,a94396f4b34421cad2f31318f23f48ffb102ed93038348cf9a77b7274c0564f8,2,48000,0.9167,UnityPy AudioClip.samples,exported,
sfx,SE_M12929_h,SE_M12929_h.wav,LocalData/93217544/0000/c8/c86c2c14,1480351336390581655,164,sfx/SE_M12929_h__9ced587d_1480351336390581655.wav,446924,e381e37e191a627a6544d0146caf02c18cbf8c9a7d3db6cd40663b989a71d0e8,2,48000,2.3275,UnityPy AudioClip.samples,exported,
sfx,SE_FIELD_MAT019_TAP_P,SE_FIELD_MAT019_TAP_P.wav,LocalData/93217544/0000/c8/c88a3b41,5322480424548564792,176,sfx/SE_FIELD_MAT019_TAP_P__932d71ec_5322480424548564792.wav,647724,e22ea54547b71975ee1eb41b258fc68fcd1dfc3780901bdd2282dcd6e3618986,2,48000,3.3733,UnityPy AudioClip.samples,exported,
sfx,SE_DUEL_WCS_FINAL_OP_02,SE_DUEL_WCS_FINAL_OP_02.wav,LocalData/93217544/0000/c8/c8aa832b,8541574400196337946,176,sfx/SE_DUEL_WCS_FINAL_OP_02__f3e38a80_8541574400196337946.wav,554196,ab0fb832cc4c50cc598e68dad3a30254a9d4ab0ed7b9f86bdf0c18b207fd37cb,2,48000,2.8862,UnityPy AudioClip.samples,exported,
sfx,SE_M07188_a1,SE_M07188_a1.wav,LocalData/93217544/0000/c8/c8c13e3f,-1158371350291874205,164,sfx/SE_M07188_a1__45ddce73_-1158371350291874205.wav,186796,1ab9012d3236985b6f799459ea8f7809d16072bbb926d5f57c0d790edc56a2bf,2,48000,0.9727,UnityPy AudioClip.samples,exported,
sfx,SE_M19148_e,SE_M19148_e.wav,LocalData/93217544/0000/c8/c8c3de40,-7827987291676737855,164,sfx/SE_M19148_e__f52859a7_-7827987291676737855.wav,451748,ecf04c63038cd03ee9f1fa180fb3c022d9d5645ce3357fed3372e350fc64325b,2,48000,2.3526,UnityPy AudioClip.samples,exported,
sfx,SE_M09723_e,SE_M09723_e.wav,LocalData/93217544/0000/c8/c8ca9069,5084720288522373201,164,sfx/SE_M09723_e__3e5583d5_5084720288522373201.wav,406064,9f14adedf167b682bc6c59e1751b73a10a615cf1312c252bebe8408bfe7ffdcb,2,48000,2.1147,UnityPy AudioClip.samples,exported,
sfx,SE_M20196_g,SE_M20196_g.wav,LocalData/93217544/0000/c8/c8de01ee,5572864235524034058,164,sfx/SE_M20196_g__08085ca1_5572864235524034058.wav,630092,a7e3582b9e5941ce1b982a02f3563ffc9c4c774766f072ac555e5d256fd7d79e,2,48000,3.2815,UnityPy AudioClip.samples,exported,
sfx,SE_M04054_h2,SE_M04054_h2.wav,LocalData/93217544/0000/c8/c8f866fd,-3988340252367464399,164,sfx/SE_M04054_h2__5e8e8a1d_-3988340252367464399.wav,549840,edc754e623c94a479853bc5bf03b9090afb476cceb3828d600e2187a81a0371b,2,48000,2.8635,UnityPy AudioClip.samples,exported,
sfx,SE_M15089_e,SE_M15089_e.wav,LocalData/93217544/0000/c9/c975e204,8551988360516948142,164,sfx/SE_M15089_e__6ffa126f_8551988360516948142.wav,521480,f791bb0403fa22ba0884e61e30a7313bbd23c0581d1ec5b85b564c43af914052,2,48000,2.7158,UnityPy AudioClip.samples,exported,
sfx,SE_M18193_h1,SE_M18193_h1.wav,LocalData/93217544/0000/c9/c9805bb0,8430202594498541105,164,sfx/SE_M18193_h1__bc9751a9_8430202594498541105.wav,988840,064db864094cbce5f099f00e7cb8d79071f58aa1c94ab22c25f43001b6d0b889,2,48000,5.1500,UnityPy AudioClip.samples,exported,
sfx,SE_M09647_h1,SE_M09647_h1.wav,LocalData/93217544/0000/c9/c9aa33c4,-5389691053783113566,164,sfx/SE_M09647_h1__f7ae3c6a_-5389691053783113566.wav,799900,f7ed144c8230f7ce70538e213f920c924561615cf3ebed2aa90bee5036d2911d,2,48000,4.1659,UnityPy AudioClip.samples,exported,
music,BGM_DUEL_CLIMAX_01,BGM_DUEL_CLIMAX_01.wav,LocalData/93217544/0000/c9/c9b273c1,-4247506209729208686,172,music/BGM_DUEL_CLIMAX_01__842d36a9_-4247506209729208686.wav,24817708,e1a2cd0f8c2f567cb4cb000021218dafeb1500aef662dbe0a1d87ccdd6d003a0,2,48000,129.2587,UnityPy AudioClip.samples,exported,
sfx,SE_FIELD_MAT024_TAP_R,SE_FIELD_MAT024_TAP_R.wav,LocalData/93217544/0000/c9/c9dc3c4e,-6263387073419249164,176,sfx/SE_FIELD_MAT024_TAP_R__5faf2436_-6263387073419249164.wav,751748,69972a83161b29c68b37afcc7ded32938511d0198b9345d6ea15ad08c4b26790,2,48000,3.9151,UnityPy AudioClip.samples,exported,
sfx,SE_M10691_f_loop_c,SE_M10691_f_loop_c.wav,LocalData/93217544/0000/c9/c9f9496c,-7710981165841721664,172,sfx/SE_M10691_f_loop_c__5b60ce69_-7710981165841721664.wav,694316,eea9881357a659929c9a4370c5d3ae9ea56e4fd8faeae21f3f54078bf9938235,2,48000,3.6160,UnityPy AudioClip.samples,exported,
sfx,SE_SOLO_3S_CHANGE_2,SE_SOLO_3S_CHANGE_2.wav,LocalData/93217544/0000/ca/ca339b80,7806214377564080253,172,sfx/SE_SOLO_3S_CHANGE_2__b738f36a_7806214377564080253.wav,880092,f93549dc931d345fb6bbf5391ee96285b550a7112474d896b13dedcceed72811,2,48000,4.5836,UnityPy AudioClip.samples,exported,
sfx,SE_M06784_f,SE_M06784_f.wav,LocalData/93217544/0000/ca/ca6785e7,-8717910363518496972,164,sfx/SE_M06784_f__5d29fda2_-8717910363518496972.wav,563064,6d7c66b53fbd9f2b3f708d0634dd0ed6b4c75987abca868f08a2835ed5da3803,2,48000,2.9324,UnityPy AudioClip.samples,exported,
sfx,SE_FIELD_MAT012_TAP_P,SE_FIELD_MAT012_TAP_P.wav,LocalData/93217544/0000/ca/ca8d6fbb,-1232359082863474008,176,sfx/SE_FIELD_MAT012_TAP_P__be37a40e_-1232359082863474008.wav,704044,b81fd2a14e147290127f36162ab3477a99410eb316f688fb486257c36aaeaf76,2,48000,3.6667,UnityPy AudioClip.samples,exported,
sfx,SE_M17405_d,SE_M17405_d.wav,LocalData/93217544/0000/ca/ca9404d2,-5436837436402726109,164,sfx/SE_M17405_d__5de2e2ea_-5436837436402726109.wav,509320,4d1ddb2fd72573240f69b6a5ad1d0428f7440112628a1457119c283647de8c7e,2,48000,2.6525,UnityPy AudioClip.samples,exported,
sfx,SE_M04758_e_loop_v1,SE_M04758_e_loop_v1.wav,LocalData/93217544/0000/ca/caaf1f2e,2357997871857572203,172,sfx/SE_M04758_e_loop_v1__199dcd83_2357997871857572203.wav,639468,ae07e2bf188edcc13af065c45faa5b78942f8d9aad847b6b9eb7f62bc399ff43,2,48000,3.3303,UnityPy AudioClip.samples,exported,
sfx,SE_M18003_d,SE_M18003_d.wav,LocalData/93217544/0000/ca/cacf6c75,-3690934268447356597,164,sfx/SE_M18003_d__e07680cc_-3690934268447356597.wav,163360,943af5155a67ab09d44454ebae068c38d38ad95e66809a1d46deb021977e2beb,2,48000,0.8506,UnityPy AudioClip.samples,exported,
sfx,SE_M12950_g,SE_M12950_g.wav,LocalData/93217544/0000/ca/cad532b3,5426410308429233367,164,sfx/SE_M12950_g__2ff56448_5426410308429233367.wav,397688,f94517a56195dd28e8353a6cfe33c66653b56be5219aa9e9dc5e5623863e58e2,2,48000,2.0711,UnityPy AudioClip.samples,exported,
music,BGM_DUEL_EX_03_NORMAL,BGM_DUEL_EX_03_NORMAL.wav,LocalData/93217544/0000/cb/cb1c217f,6062003814646563565,176,music/BGM_DUEL_EX_03_NORMAL__723f34c5_6062003814646563565.wav,23433324,61105e8a2b20c20d5c82964564f639b8d18ed9686d89dd2a85d25336ee3916a3,2,48000,122.0483,UnityPy AudioClip.samples,exported,
music,BGM_DUEL_F09_PHASE_B,BGM_DUEL_F09_PHASE_B.wav,LocalData/93217544/0000/cb/cb1e6457,-1782615201340634579,172,music/BGM_DUEL_F09_PHASE_B__eac3faa2_-1782615201340634579.wav,24645676,6fd9eca915bc207b4815efeeb4fc93f8f403208728b2fa2207810e03f8e03fa3,2,48000,128.3627,UnityPy AudioClip.samples,exported,
sfx,SE_M14856_e,SE_M14856_e.wav,LocalData/93217544/0000/cb/cb6fe580,1829901282816203038,164,sfx/SE_M14856_e__6a781e23_1829901282816203038.wav,562880,2588df359a0052c638b9c899f83bd9c95a1a5a8213d03ed05d414fcb7bef1a26,2,48000,2.9314,UnityPy AudioClip.samples,exported,
sfx,SE_M15527_h1,SE_M15527_h1.wav,LocalData/93217544/0000/cb/cb74de20,-99248096180129908,164,sfx/SE_M15527_h1__b4195c31_-99248096180129908.wav,575276,7094ba0f50d18e23141bc0d5cdf45ec4dd3c264ce6dbf1b2d78314a9299b5ffe,2,48000,2.9960,UnityPy AudioClip.samples,exported,
sfx,SE_SOLO_GATE078_C_FOOT_05,SE_SOLO_GATE078_C_FOOT_05.wav,LocalData/93217544/0000/cb/cb8bd3c0,-5932947811001018593,180,sfx/SE_SOLO_GATE078_C_FOOT_05__bd2bbadd_-5932947811001018593.wav,55244,c67fea93101d2f1d77a1e7d726c0b8d26da097ed5ffc981fe4e292f49f75afa2,2,48000,0.2875,UnityPy AudioClip.samples,exported,
sfx,SE_M15702_h1,SE_M15702_h1.wav,LocalData/93217544/0000/cb/cba2dc79,4012608020863633765,164,sfx/SE_M15702_h1__199a243b_4012608020863633765.wav,518444,4dd667ed161592ca3f20280529313467a0f738a50470e4a5547e0adbb5fb383f,2,48000,2.7000,UnityPy AudioClip.samples,exported,
sfx,SE_M15702_h,SE_M15702_h.wav,LocalData/93217544/0000/cc/cc0585a7,-7036708508096857688,164,sfx/SE_M15702_h__5a13b6d4_-7036708508096857688.wav,556844,77dc5c53b7e3c57706a611c2cc060acaa3d93220fa747ae9d5a3f446dbb6de53,2,48000,2.9000,UnityPy AudioClip.samples,exported,
sfx,SE_M06323_e,SE_M06323_e.wav,LocalData/93217544/0000/cc/cc1c847c,-351349874333872978,164,sfx/SE_M06323_e__fc80707d_-351349874333872978.wav,276752,c0b14ea4a6343bb3acd16a883903a35093d93232cceca4995caf1f142a24ce30,2,48000,1.4412,UnityPy AudioClip.samples,exported,
music,BGM_DUEL_DC02_KEYCARD,BGM_DUEL_DC02_KEYCARD.wav,LocalData/93217544/0000/cc/cc4dc612,7832513574539107751,176,music/BGM_DUEL_DC02_KEYCARD__c03d9951_7832513574539107751.wav,23955500,80e41810521a8ac8e54c3928a53d87d27c5fdb5dec84c3002ec85073c76296c0,2,48000,124.7680,UnityPy AudioClip.samples,exported,
sfx,SE_LOT_PRIZE_BRONZE_02,SE_LOT_PRIZE_BRONZE_02.wav,LocalData/93217544/0000/cc/cc8079ab,1409560785318471742,176,sfx/SE_LOT_PRIZE_BRONZE_02__0d5c0399_1409560785318471742.wav,610760,18bc30972dfc472c480ed546f5eac9fa785f238e95c046bd98db4f0fe94e275a,2,48000,3.1808,UnityPy AudioClip.samples,exported,
sfx,SE_DUEL_SW_EXODIA_01,SE_DUEL_SW_EXODIA_01.wav,LocalData/93217544/0000/cc/cca8b4fa,3569883416121656752,172,sfx/SE_DUEL_SW_EXODIA_01__7aee5b50_3569883416121656752.wav,1317312,5b9cf60fb12fa08bbb3dce2f824bfcf11b729925c826f535fdc59c881b13d9d4,2,44100,7.4675,UnityPy AudioClip.samples,exported,
sfx,SE_DR_MAP,SE_DR_MAP.wav,LocalData/93217544/0000/cc/ccb05315,2187183406047438505,164,sfx/SE_DR_MAP__4f139b80_2187183406047438505.wav,344948,b7224fd8fbe48965ab78a33835ffe7da04baf1e6de1b7ffcfb101e4dc3df4731,2,48000,1.7964,UnityPy AudioClip.samples,exported,
sfx,SE_M04041_SD_i,SE_M04041_SD_i.wav,LocalData/93217544/0000/cc/ccbbe8b8,-8582081725803385866,168,sfx/SE_M04041_SD_i__b78401da_-8582081725803385866.wav,402904,d0c392ae994827413bb1738b3490e5e2f983ea78b666bed14581e28b0be5521f,2,48000,2.0982,UnityPy AudioClip.samples,exported,
sfx,SE_FIELD_MAT051_TAP,SE_FIELD_MAT051_TAP.wav,LocalData/93217544/0000/cc/ccd80b1d,-2956083538990990530,172,sfx/SE_FIELD_MAT051_TAP__fcddf890_-2956083538990990530.wav,961012,f83b4c9bae2a6d7838075981ec2cb38e5380ddd220b9bb9849573c463ef8c0c3,2,48000,5.0050,UnityPy AudioClip.samples,exported,
sfx,SE_SOLO_GATE078_C_FOOT_01,SE_SOLO_GATE078_C_FOOT_01.wav,LocalData/93217544/0000/cc/cce617d9,2806165957890185856,180,sfx/SE_SOLO_GATE078_C_FOOT_01__5f8e5ddd_2806165957890185856.wav,61208,bdf8a58ddf7a312b2d18846f0f5ebf39b5dee4b95dc2d9f64bf064206fa3c942,2,48000,0.3186,UnityPy AudioClip.samples,exported,
sfx,SE_M12950_c,SE_M12950_c.wav,LocalData/93217544/0000/cd/cdb8f6aa,2650744753077606033,164,sfx/SE_M12950_c__9f0fb1d1_2650744753077606033.wav,431896,e21a54454031b7bebdd2c5378f61e1aefac7fe488c47add7e9fb071672e5e76c,2,48000,2.2492,UnityPy AudioClip.samples,exported,
sfx,SE_M08732_d,SE_M08732_d.wav,LocalData/93217544/0000/cd/cdef7e08,371154309898778907,164,sfx/SE_M08732_d__3cdaebe1_371154309898778907.wav,421572,01cc0b506425415efccc904d0c0dcdf49aa24d94f2f495630ef22c08e9ee9e5f,2,48000,2.1955,UnityPy AudioClip.samples,exported,
sfx,SE_M14240_d1,SE_M14240_d1.wav,LocalData/93217544/0000/ce/ce246739,9210017256737560782,164,sfx/SE_M14240_d1__7e655f22_9210017256737560782.wav,798592,baaedf839978fed3c118124bf5fff4acf4835a73ad5e427706d679ca29a67d66,2,48000,4.1591,UnityPy AudioClip.samples,exported,
sfx,SE_FIELD_MAT501_TAP,SE_FIELD_MAT501_TAP.wav,LocalData/93217544/0000/ce/ce2db509,-465016668132753277,172,sfx/SE_FIELD_MAT501_TAP__e2583849_-465016668132753277.wav,1295932,cfd2e8a7c0c94602f042b06ea98fb8cd4497f0f8dff2923fdaa6197d4477c73c,2,48000,6.7494,UnityPy AudioClip.samples,exported,
sfx,SE_M14288_d1,SE_M14288_d1.wav,LocalData/93217544/0000/ce/ce60a2d7,-2585810473725844120,164,sfx/SE_M14288_d1__eacacc3b_-2585810473725844120.wav,1497644,fff55bdbe06692e87226bf0cf5dc75e31bd2304e5e99bdc9edb5d6e1fdb513d6,2,48000,7.8000,UnityPy AudioClip.samples,exported,
sfx,SE_M13670_i,SE_M13670_i.wav,LocalData/93217544/0000/ce/ce68934b,5280940700238121665,164,sfx/SE_M13670_i__5738f197_5280940700238121665.wav,1072148,891df1352995984513e23c22703d00a161424373f54807abaf3dd7040b9c4700,2,48000,5.5839,UnityPy AudioClip.samples,exported,
sfx,SE_SOLO_COMICAL_CRASH_1,SE_SOLO_COMICAL_CRASH_1.wav,LocalData/93217544/0000/ce/ce8ff887,5755005458866613042,176,sfx/SE_SOLO_COMICAL_CRASH_1__d8ece260_5755005458866613042.wav,816044,6cb8faa2bd9ecb19f1708ea07ee17e7274e0b61016dd915109bc456b65cffdc6,2,48000,4.2500,UnityPy AudioClip.samples,exported,
music,BGM_DUEL_CLIMAX_05,BGM_DUEL_CLIMAX_05.wav,LocalData/93217544/0000/ce/cedfb7d8,6326186841475018566,172,music/BGM_DUEL_CLIMAX_05__cffd7877_6326186841475018566.wav,25602856,fc525e1ed0e3d8cd2d955cd2ce628da501e7ad30dc0a150b302ea3a788968918,2,48000,133.3480,UnityPy AudioClip.samples,exported,
sfx,SE_TDY_MAP_OPEN,SE_TDY_MAP_OPEN.wav,LocalData/93217544/0000/ce/cefcde1e,-3836442108305959010,168,sfx/SE_TDY_MAP_OPEN__04bcd2c0_-3836442108305959010.wav,311496,a95303a8169eeec7842fadc4ce15cef8811e8d20562efac2a0235a11b6d6f935,2,48000,1.6221,UnityPy AudioClip.samples,exported,
voice,V_GATE078_02_00_00_18,V_GATE078_02_00_00_18.wav,LocalData/93217544/0000/cf/cf0461d5,-595210777069701967,176,voice/V_GATE078_02_00_00_18__f3b719a1_-595210777069701967.wav,252332,ff7db12c8498d484c631e4b01467f2c45858e5749396129d676bf935e019c6dd,1,48000,2.6280,UnityPy AudioClip.samples,exported,
sfx,SE_M13163_e,SE_M13163_e.wav,LocalData/93217544/0000/cf/cf04da4c,-1775595617308649116,164,sfx/SE_M13163_e__c0e8759e_-1775595617308649116.wav,451136,a27817146eda54db9c4fa4cfcaf33dab8497e498ec25bb1c2637e18c313a2fe8,2,48000,2.3494,UnityPy AudioClip.samples,exported,
sfx,SE_PACK_CARD_SHAKE,SE_PACK_CARD_SHAKE.wav,LocalData/93217544/0000/cf/cf6fb946,-6564883069257074221,172,sfx/SE_PACK_CARD_SHAKE__b2b7d261_-6564883069257074221.wav,157488,67506deb51feaea1089979cb357391ae9c6392cb9c4b2d5e7ac316b6ac1dce04,2,48000,0.8200,UnityPy AudioClip.samples,exported,
sfx,SE_M20196_c,SE_M20196_c.wav,LocalData/93217544/0000/cf/cfb3c5f7,-8458194751605785964,164,sfx/SE_M20196_c__3631401e_-8458194751605785964.wav,897332,47afb5fbd51c38686d1653a82e782e2c6703f3f5cf9720b97b90073976bac88a,2,48000,4.6734,UnityPy AudioClip.samples,exported,
sfx,SE_M13011_f_loop_a,SE_M13011_f_loop_a.wav,LocalData/93217544/0000/cf/cfc3002b,8790944025324672314,172,sfx/SE_M13011_f_loop_a__a7ee8afb_8790944025324672314.wav,239096,ef5314d26ca1a649c60407d42367debfeb200fa50b8c530edd426ffc345a6335,2,48000,1.2451,UnityPy AudioClip.samples,exported,
music,BGM_SOLO_GATE,BGM_SOLO_GATE.wav,LocalData/93217544/0000/cf/cfdd7451,-4290946200187719692,168,music/BGM_SOLO_GATE__7584747d_-4290946200187719692.wav,20353576,c58acf7363a22e9d98307dfbec0d9e1b93c758782e6410557897fc16c87cf554,2,48000,106.0080,UnityPy AudioClip.samples,exported,
sfx,SE_M12950_h2,SE_M12950_h2.wav,LocalData/93217544/0000/cf/cfef95c6,7954132696010925748,164,sfx/SE_M12950_h2__08fe6493_7954132696010925748.wav,634244,f85f5d4b37878e5c59ac13f273101f37019421f4222f7f4b18fcf57a485574a8,2,48000,3.3031,UnityPy AudioClip.samples,exported,
music,BGM_DUEL_F02_PHASE_A,BGM_DUEL_F02_PHASE_A.wav,LocalData/93217544/0000/d0/d042ab30,-7434995020622239630,172,music/BGM_DUEL_F02_PHASE_A__497f04bb_-7434995020622239630.wav,21080108,c21ebcc1a4c06b4eb53d8c57540b3c6d0bc67a6ec0690bd49106835f1bc6a66a,2,48000,109.7920,UnityPy AudioClip.samples,exported,
sfx,SE_FIELD_MAT047_TAP_P,SE_FIELD_MAT047_TAP_P.wav,LocalData/93217544/0000/d0/d0554e78,-5240913721338055870,176,sfx/SE_FIELD_MAT047_TAP_P__3c2ebabc_-5240913721338055870.wav,2111508,4647b426110dbc3914691a0dbe04f94b2a7b3fde504ce41e0b82a94b538602f8,2,48000,10.9972,UnityPy AudioClip.samples,exported,
sfx,SE_DECK_SECRET_KEY,SE_DECK_SECRET_KEY.wav,LocalData/93217544/0000/d0/d058b4dd,-859237373216928501,172,sfx/SE_DECK_SECRET_KEY__3b7fcd99_-859237373216928501.wav,393844,23ae9b0c697a009a57ceae509e1f580622ed263220cc7d7d5d22e75e8757e327,2,48000,2.0510,UnityPy AudioClip.samples,exported,
sfx,SE_M20578_c,SE_M20578_c.wav,LocalData/93217544/0000/d0/d072390e,-4823185195437193504,164,sfx/SE_M20578_c__8e28cd10_-4823185195437193504.wav,720988,f44054ffd3b836791fc4fca67ce5db1c3c04210352bceff324f1d6e68c31bac8,2,48000,3.7549,UnityPy AudioClip.samples,exported,
sfx,SE_LOT_PRIZE_SHEET,SE_LOT_PRIZE_SHEET.wav,LocalData/93217544/0000/d0/d07310a8,6142907279425639238,172,sfx/SE_LOT_PRIZE_SHEET__9c1fb07f_6142907279425639238.wav,356420,0aea7a254724861234972074aafcc9b47d1d7d6fd50c0f35d23fbe056cb5cffd,2,48000,1.8561,UnityPy AudioClip.samples,exported,
sfx,SE_FIELD_MAT022_PHASE4_P,SE_FIELD_MAT022_PHASE4_P.wav,LocalData/93217544/0000/d0/d081ab45,-8351518258704768505,176,sfx/SE_FIELD_MAT022_PHASE4_P__acba42a0_-8351518258704768505.wav,650304,04089c23ec38a6f669a102342da4a5ff009b05a0b12abecef7635aaea1d75321,2,48000,3.3868,UnityPy AudioClip.samples,exported,
music,BGM_DUEL_CLIMAX_11,BGM_DUEL_CLIMAX_11.wav,LocalData/93217544/0000/d0/d0a94280,-3521381865660895541,172,music/BGM_DUEL_CLIMAX_11__b34a7079_-3521381865660895541.wav,21356640,49fa42650b8155edd4ddb781d19f31d341380a65121358959bad37f229bcd864,2,48000,111.2323,UnityPy AudioClip.samples,exported,
sfx,SE_FIELD_MAT016_TAP_R,SE_FIELD_MAT016_TAP_R.wav,LocalData/93217544/0000/d0/d0cc2a84,7809327008976922434,176,sfx/SE_FIELD_MAT016_TAP_R__c1138be8_7809327008976922434.wav,1358656,22e989bd31105d590acff3351cefd0ea4bbc405faed6d71a65c6a6faf32488a7,2,48000,7.0761,UnityPy AudioClip.samples,exported,
sfx,SE_M13163_h2,SE_M13163_h2.wav,LocalData/93217544/0000/d0/d0dec921,-6107369037225048399,164,sfx/SE_M13163_h2__53bd74de_-6107369037225048399.wav,441216,4ebb6f92f78b485ffc55ab509425cb4750dedfa5b3f44efbba231d9e9c96b867,2,48000,2.2978,UnityPy AudioClip.samples,exported,
sfx,SE_M14672_i,SE_M14672_i.wav,LocalData/93217544/0000/d0/d0e9779d,6689125887880853319,164,sfx/SE_M14672_i__759e3cdd_6689125887880853319.wav,659320,27da15b3c05093ac164142a204df2c3bfc96a52ea7e4a7a3ca7e39b9a3bc97da,2,48000,3.4337,UnityPy AudioClip.samples,exported,
sfx,SE_FIELD_MAT042_PHASE1_R,SE_FIELD_MAT042_PHASE1_R.wav,LocalData/93217544/0000/d0/d0f1c2c1,-8569729918931390161,176,sfx/SE_FIELD_MAT042_PHASE1_R__c58ee146_-8569729918931390161.wav,1195252,bf4449fba39becc43d1bc709d97c1beffc2f0aaf0334a9b6d2bdd806930c1b50,2,48000,6.2250,UnityPy AudioClip.samples,exported,
sfx,SE_V00006_e,SE_V00006_e.wav,LocalData/93217544/0000/d0/d0f63aac,-6904913736174430880,164,sfx/SE_V00006_e__83b78413_-6904913736174430880.wav,660844,d07127f7a86a1e297f78668b1e1a4d4319792305a2abc1a2f2f3f79e22ddee93,2,48000,3.4417,UnityPy AudioClip.samples,exported,
sfx,SE_FIELD_MAT021_PHASE3_R,SE_FIELD_MAT021_PHASE3_R.wav,LocalData/93217544/0000/d0/d0f767ef,5418910822860108487,176,sfx/SE_FIELD_MAT021_PHASE3_R__c4e0e646_5418910822860108487.wav,545784,b0f5d9cfb5cef488e48125975ce63e10c158d112bf31c48e94e6d1d36ececebf,2,48000,2.8424,UnityPy AudioClip.samples,exported,
sfx,SE_FIELD_MAT020_PHASE2_P,SE_FIELD_MAT020_PHASE2_P.wav,LocalData/93217544/0000/d0/d0f907ca,-869875802084077344,176,sfx/SE_FIELD_MAT020_PHASE2_P__c17d4a1d_-869875802084077344.wav,674064,8ea9b9afe99d2d58cc7c292ec9a35a28a728182212f3c8b0d010b2b6c48d760a,2,48000,3.5105,UnityPy AudioClip.samples,exported,
sfx,SE_M06344_d1,SE_M06344_d1.wav,LocalData/93217544/0000/d1/d12f327c,-7858063484054839476,164,sfx/SE_M06344_d1__9729d43b_-7858063484054839476.wav,402808,2303b16db88e5a3597c7343b74e378df6ad90f6470e3244034b75812240fbe43,2,48000,2.0977,UnityPy AudioClip.samples,exported,
sfx,SE_V00007_e,SE_V00007_e.wav,LocalData/93217544/0000/d1/d134509b,-3020475255993152000,164,sfx/SE_V00007_e__da33cd4c_-3020475255993152000.wav,776280,114e8a52a46d553b0631fbf28a6365ce31834c4004b8c75d7986bedb18688a48,2,48000,4.0429,UnityPy AudioClip.samples,exported,
sfx,SE_FIELD_MAT021_PHASE2_R,SE_FIELD_MAT021_PHASE2_R.wav,LocalData/93217544/0000/d1/d1350dd8,6983131142669524753,176,sfx/SE_FIELD_MAT021_PHASE2_R__6dcbd0cb_6983131142669524753.wav,526044,4587f821640a18aac12431f59e8a2137db448c4498b89b06531255a2616c27ec,2,48000,2.7396,UnityPy AudioClip.samples,exported,
sfx,SE_FIELD_MAT020_PHASE3_P,SE_FIELD_MAT020_PHASE3_P.wav,LocalData/93217544/0000/d1/d13b6dfd,-8180608410502254776,176,sfx/SE_FIELD_MAT020_PHASE3_P__bc171978_-8180608410502254776.wav,654224,f2dffabe0b1ae4ceff774064c9ee87d410172f18fe5c01896f8a466deaaf8ea8,2,48000,3.4072,UnityPy AudioClip.samples,exported,
sfx,SE_FIELD_MAT043_PHASE1_P,SE_FIELD_MAT043_PHASE1_P.wav,LocalData/93217544/0000/d1/d13dc8d3,5595098439085039361,176,sfx/SE_FIELD_MAT043_PHASE1_P__ccdceb28_5595098439085039361.wav,576288,96d042134382420106214aaf649e9ff1936d9395ee0e19c3ccf7ab9f47f74fd3,2,48000,3.0013,UnityPy AudioClip.samples,exported,
sfx,SE_M20215_d,SE_M20215_d.wav,LocalData/93217544/0000/d1/d185bc32,2988775159617549481,164,sfx/SE_M20215_d__73574885_2988775159617549481.wav,428076,d5fce33b5737f2343dd707305ff90cf0fe35a0cf078c49d3271740411426fbd0,2,48000,2.2293,UnityPy AudioClip.samples,exported,
sfx,SE_SYS_ITEM_OBTAIN_D,SE_SYS_ITEM_OBTAIN_D.wav,LocalData/93217544/0000/d1/d191fe55,5446843724165095900,172,sfx/SE_SYS_ITEM_OBTAIN_D__3846f370_5446843724165095900.wav,296028,bae99bd04d5112c1689cc2f61c641d621020e168f012569461d82a8aa1102557,2,48000,1.5416,UnityPy AudioClip.samples,exported,
sfx,SE_M14760_h2,SE_M14760_h2.wav,LocalData/93217544/0000/d1/d195bb5c,-4351514995503753686,164,sfx/SE_M14760_h2__9813747b_-4351514995503753686.wav,641064,4942f388d463670272893e1065b2610fe75683c5b1b77e5ef498ccf741a3f740,2,48000,3.3386,UnityPy AudioClip.samples,exported,
sfx,SE_FUKUBIKI_TIER04,SE_FUKUBIKI_TIER04.wav,LocalData/93217544/0000/d1/d19fd787,-5373049187404876515,172,sfx/SE_FUKUBIKI_TIER04__4a581578_-5373049187404876515.wav,493496,6927a85b08b7d4c1f188a8de26749a5f148efadea0911465ce78e5f23b400a88,2,48000,2.5701,UnityPy AudioClip.samples,exported,
sfx,SE_M03415_c,SE_M03415_c.wav,LocalData/93217544/0000/d1/d1aabfb6,-2667113164268961558,164,sfx/SE_M03415_c__da65a765_-2667113164268961558.wav,870444,d7fe50e41036ff5e98fe5f0cb207a514831dd39820999a965ad1125d6ac06813,2,48000,4.5333,UnityPy AudioClip.samples,exported,
sfx,SE_MISSION_CHECK,SE_MISSION_CHECK.wav,LocalData/93217544/0000/d1/d1bf2346,1735894360700524157,168,sfx/SE_MISSION_CHECK__a7540940_1735894360700524157.wav,102284,804a32aae9f5d3ae84755f061c56e18dbb58f6986840dd86464b12e19f03d275,2,48000,0.5325,UnityPy AudioClip.samples,exported,
sfx,SE_FIELD_MAT021_TAP,SE_FIELD_MAT021_TAP.wav,LocalData/93217544/0000/d1/d1dd3ba5,2922414843216100428,172,sfx/SE_FIELD_MAT021_TAP__cc04dbf8_2922414843216100428.wav,570220,8ab80bb62006ea0e47daa1d1bc0dc56092b81a820cb14ccc71903fe999c13f80,2,48000,2.9697,UnityPy AudioClip.samples,exported,
sfx,SE_M04708_e,SE_M04708_e.wav,LocalData/93217544/0000/d2/d208a4dd,8956903966820238310,164,sfx/SE_M04708_e__53703366_8956903966820238310.wav,504768,ffae2d543685d47dd99e2be23c20e5c8a982f6931b4d247b0c2a76b3fcadff24,2,48000,2.6288,UnityPy AudioClip.samples,exported,
sfx,SE_M07950_e,SE_M07950_e.wav,LocalData/93217544/0000/d2/d261c998,8329062987458859431,164,sfx/SE_M07950_e__91462f45_8329062987458859431.wav,490948,eb83ae1ceef2aeafb6f544d6edc18a192988f6eb34aff52fd22d126a2210dcda,2,48000,2.5568,UnityPy AudioClip.samples,exported,
sfx,SE_PACK_CARD_MOVE_01,SE_PACK_CARD_MOVE_01.wav,LocalData/93217544/0000/d2/d295c5de,-7397226581312963395,172,sfx/SE_PACK_CARD_MOVE_01__5d530250_-7397226581312963395.wav,76848,3190dfaaa47b238c843c32a013d14fdbdc9719c97afc29289119efa936adc02c,2,48000,0.4000,UnityPy AudioClip.samples,exported,
sfx,SE_V00005_e,SE_V00005_e.wav,LocalData/93217544/0000/d2/d2b084f5,-4618962337334067791,164,sfx/SE_V00005_e__621d01ea_-4618962337334067791.wav,228584,5eb2d3725c8debd8751455e3e51b70464197475eef8d3d2461b24bfa362c3726,2,48000,1.1903,UnityPy AudioClip.samples,exported,
sfx,SE_FIELD_MAT042_PHASE2_R,SE_FIELD_MAT042_PHASE2_R.wav,LocalData/93217544/0000/d2/d2b77c98,2470645255490582832,176,sfx/SE_FIELD_MAT042_PHASE2_R__8d5d1168_2470645255490582832.wav,1217396,72185b17182e10f6bf3b9136ef1646e84da93dd166d535bb55f4ea288c240089,2,48000,6.3404,UnityPy AudioClip.samples,exported,
sfx,SE_FIELD_MAT043_PHASE3_P,SE_FIELD_MAT043_PHASE3_P.wav,LocalData/93217544/0000/d2/d2b91cbd,3473901245868190193,176,sfx/SE_FIELD_MAT043_PHASE3_P__548259da_3473901245868190193.wav,596664,b640bc30972f76d9ba8b6515c971a1c89c17eca0efe21aacd3669c80c6c3f95f,2,48000,3.1074,UnityPy AudioClip.samples,exported,
sfx,SE_SOLO_GATE078_C_MOVE_02,SE_SOLO_GATE078_C_MOVE_02.wav,LocalData/93217544/0000/d2/d2bdd790,-5295038723633589138,180,sfx/SE_SOLO_GATE078_C_MOVE_02__5193285a_-5295038723633589138.wav,214860,179941853a2b28e8523488fdde443eeccb130c922b7c0d88fb864ed8421e2e52,2,48000,1.1188,UnityPy AudioClip.samples,exported,
sfx,SE_FIELD_MAT020_PHASE1_P,SE_FIELD_MAT020_PHASE1_P.wav,LocalData/93217544/0000/d2/d2bfb993,-504832079153982665,176,sfx/SE_FIELD_MAT020_PHASE1_P__619bdf29_-504832079153982665.wav,636468,0fb505208bf43e60769af00eb546cd1e20015b935da7084203d18b3752dfbc07,2,48000,3.3147,UnityPy AudioClip.samples,exported,
sfx,SE_FIELD_MAT040_PHASE4_R,SE_FIELD_MAT040_PHASE4_R.wav,LocalData/93217544/0000/d2/d2cfd017,-5534789991828857191,176,sfx/SE_FIELD_MAT040_PHASE4_R__bf3af3b8_-5534789991828857191.wav,1052156,56d8299dec6e755562eaa0775eadecd530361f5c13bbc4f254f450d717dfd743,2,48000,5.4798,UnityPy AudioClip.samples,exported,
sfx,SE_FIELD_MAT041_PHASE4_P,SE_FIELD_MAT041_PHASE4_P.wav,LocalData/93217544/0000/d3/d303da05,6744052772102322949,176,sfx/SE_FIELD_MAT041_PHASE4_P__6e678a87_6744052772102322949.wav,1241132,24c26aa27491ec02595d16b1678b2802496655491fab1e35b8522066f4257d45,2,48000,6.4640,UnityPy AudioClip.samples,exported,
sfx,SE_CF_CARDIN_A,SE_CF_CARDIN_A.wav,LocalData/93217544/0000/d3/d310f65a,-1028496092439788296,168,sfx/SE_CF_CARDIN_A__e60ed7eb_-1028496092439788296.wav,91456,9456cc17489f04c84b02b29980d0c10f9e7b5a71cabc22482bfa8852cd083511,2,48000,0.4761,UnityPy AudioClip.samples,exported,
music,BGM_DUEL_EX_03_KEYCARD,BGM_DUEL_EX_03_KEYCARD.wav,LocalData/93217544/0000/d3/d32f6fb4,-7243865247780265805,176,music/BGM_DUEL_EX_03_KEYCARD__88303cbd_-7243865247780265805.wav,22738972,4b8b92581477656be787556728d8bd7f8650a7d27f2ecff34c0ff7abe49d0e97,2,48000,118.4319,UnityPy AudioClip.samples,exported,
sfx,SE_FIELD_MAT021_PHASE1_R,SE_FIELD_MAT021_PHASE1_R.wav,LocalData/93217544/0000/d3/d373b381,8146341371283264937,176,sfx/SE_FIELD_MAT021_PHASE1_R__fd8b0166_8146341371283264937.wav,613128,e2cb1517f483a24a063c971a118efd00de04fd592cd5503d99b5b7d86bb9d2a6,2,48000,3.1931,UnityPy AudioClip.samples,exported,
sfx,SE_FIELD_MAT042_PHASE3_R,SE_FIELD_MAT042_PHASE3_R.wav,LocalData/93217544/0000/d3/d37516af,-8823980973341545111,176,sfx/SE_FIELD_MAT042_PHASE3_R__23c57950_-8823980973341545111.wav,1483536,31de3a2a9b7d123545084bbf434d227c499d1fad1d0df4f1633628926f5cc964,2,48000,7.7265,UnityPy AudioClip.samples,exported,
sfx,SE_FIELD_MAT043_PHASE2_P,SE_FIELD_MAT043_PHASE2_P.wav,LocalData/93217544/0000/d3/d37b768a,4365576134948849760,176,sfx/SE_FIELD_MAT043_PHASE2_P__1b267145_4365576134948849760.wav,649192,c52f4b7cefa0eb7f3ca1c22bae924aaeaa8f642488c9528214d25364b8748071,2,48000,3.3810,UnityPy AudioClip.samples,exported,
sfx,SE_FIELD_MAT020_TAP_P,SE_FIELD_MAT020_TAP_P.wav,LocalData/93217544/0000/d3/d39d7971,8334670754912548354,176,sfx/SE_FIELD_MAT020_TAP_P__006360ec_8334670754912548354.wav,1177784,6b0da3d07f0d56040c822215acaac75d4aa0e6aa94a5d2468d821e81b35a4d98,2,48000,6.1341,UnityPy AudioClip.samples,exported,
sfx,SE_SOLO_GATE078_N_FOOT_03,SE_SOLO_GATE078_N_FOOT_03.wav,LocalData/93217544/0000/d3/d3a791a2,398570361326458578,180,sfx/SE_SOLO_GATE078_N_FOOT_03__7ef9dc17_398570361326458578.wav,48224,cb143fec8583dd3722a827578b125ec98ab8c02981015f35ab94c71260fa9a92,2,48000,0.2509,UnityPy AudioClip.samples,exported,
sfx,SE_M14240_g,SE_M14240_g.wav,LocalData/93217544/0000/d3/d3e087da,6006208167969180785,164,sfx/SE_M14240_g__072990c6_6006208167969180785.wav,826964,7bf75651c6dfdc61f7b40006165bb5eaf018ad388dbc6db94961cd38802b51c6,2,48000,4.3069,UnityPy AudioClip.samples,exported,
sfx,SE_FIELD_MAT040_PHASE1_R,SE_FIELD_MAT040_PHASE1_R.wav,LocalData/93217544/0000/d4/d40412fc,9165345051107197410,176,sfx/SE_FIELD_MAT040_PHASE1_R__2c4582d8_9165345051107197410.wav,569024,07b0d81726ff0da93c4a0e39f0a2905f4794ea6e6ae9bb015b486145327c1925,2,48000,2.9634,UnityPy AudioClip.samples,exported,
sfx,SE_FIELD_MAT022_PHASE2_P,SE_FIELD_MAT022_PHASE2_P.wav,LocalData/93217544/0000/d4/d40cd7f7,1412013361095979844,176,sfx/SE_FIELD_MAT022_PHASE2_P__cece4303_1412013361095979844.wav,482880,69165d79d07c6e9e22fde6177bc4e39f32d72bdd5699ac986cb3a93c6f346584,2,48000,2.5148,UnityPy AudioClip.samples,exported,
sfx,SE_SOLO_KIRAKIRA_03,SE_SOLO_KIRAKIRA_03.wav,LocalData/93217544/0000/d4/d42705ca,-3934705659226102653,172,sfx/SE_SOLO_KIRAKIRA_03__26e13176_-3934705659226102653.wav,560152,57702ae95ba68872864900aa54b2939894e8547f46af413124aa6fd438a0924c,2,48000,2.9172,UnityPy AudioClip.samples,exported,
sfx,SE_M09903_i,SE_M09903_i.wav,LocalData/93217544/0000/d4/d445aaa8,6369114565203779252,164,sfx/SE_M09903_i__4bc81870_6369114565203779252.wav,559828,66eb1ea1de0d8c00a6caa139fa679abf54bd85d24a3ae87c1c13c54598c3e93a,2,48000,2.9155,UnityPy AudioClip.samples,exported,
sfx,SE_M12843_d,SE_M12843_d.wav,LocalData/93217544/0000/d4/d4469385,-4226249352704683550,164,sfx/SE_M12843_d__b0f76a12_-4226249352704683550.wav,638252,eb43d18e40567a84064e490974ca93514fb91a34dd70612687afe3c4890ea5dd,2,48000,3.3240,UnityPy AudioClip.samples,exported,
sfx,SE_FIELD_MAT020_PHASE4_P,SE_FIELD_MAT020_PHASE4_P.wav,LocalData/93217544/0000/d4/d4747b78,-5942347148203294176,176,sfx/SE_FIELD_MAT020_PHASE4_P__6e823256_-5942347148203294176.wav,665252,dc5f28a67551c268556156657ea977a628f2ecffb38f7443f82b442c14e15a39,2,48000,3.4646,UnityPy AudioClip.samples,exported,
sfx,SE_M14240_c,SE_M14240_c.wav,LocalData/93217544/0000/d4/d48d43c3,4132169824109559520,164,sfx/SE_M14240_c__5c7fc370_4132169824109559520.wav,747056,c2868084dce30bdfb137d4d7f5c41a18328c63dcdd60307aa0971bc8865a174d,2,48000,3.8907,UnityPy AudioClip.samples,exported,
sfx,SE_SOLO_KNIF_01,SE_SOLO_KNIF_01.wav,LocalData/93217544/0000/d4/d498ab40,8068645388318557361,168,sfx/SE_SOLO_KNIF_01__36b83420_8068645388318557361.wav,740084,4716b132965a4f91d0fe9c86aeb2b70253a9e05509f06cba69ae91c0e6079518,2,44100,4.1952,UnityPy AudioClip.samples,exported,
sfx,SE_EV_043_NORMAL,SE_EV_043_NORMAL.wav,LocalData/93217544/0000/d4/d4b6905b,3745178417973814991,168,sfx/SE_EV_043_NORMAL__14fb403b_3745178417973814991.wav,690316,f1d551e8bad81154772df0baff61c4a14752c6b32b19e032f7dc1430f646efbf,2,48000,3.5952,UnityPy AudioClip.samples,exported,
sfx,SE_M13587_i,SE_M13587_i.wav,LocalData/93217544/0000/d4/d4e4ef48,6743648367882559388,164,sfx/SE_M13587_i__bf74861e_6743648367882559388.wav,719028,02b20d1484e173b5369f72b769a2e45f4ff30e58c3d5d19e197e44ed1e89ed66,2,48000,3.7447,UnityPy AudioClip.samples,exported,
sfx,SE_EV_HEAVY_STORM,SE_EV_HEAVY_STORM.wav,LocalData/93217544/0000/d5/d573c28f,-1845443736590802340,172,sfx/SE_EV_HEAVY_STORM__0bb9b63f_-1845443736590802340.wav,653596,eada22c2fca2b607005f2d925247ec8d718a3cc9e33731f0f1117e59cbb2396e,2,48000,3.4039,UnityPy AudioClip.samples,exported,
sfx,SE_FIELD_MAT021_PHASE4_R,SE_FIELD_MAT021_PHASE4_R.wav,LocalData/93217544/0000/d5/d5b8716a,909491880125190146,176,sfx/SE_FIELD_MAT021_PHASE4_R__38e10cf2_909491880125190146.wav,906340,d4f6c0d4f5da39f5318ec1153f7b5c760cebe9a239a2c989cd9476b552f2b53f,2,48000,4.7203,UnityPy AudioClip.samples,exported,
sfx,SE_FIELD_MAT041_PHASE1_P,SE_FIELD_MAT041_PHASE1_P.wav,LocalData/93217544/0000/d5/d5c818ee,-7742716700635557686,176,sfx/SE_FIELD_MAT041_PHASE1_P__1ced61d5_-7742716700635557686.wav,641580,ce78366812110d174337f2acb3f1587509070f8d58b3b0df5307b7077a608b0a,2,48000,3.3413,UnityPy AudioClip.samples,exported,
sfx,SE_FIELD_MAT022_PHASE3_P,SE_FIELD_MAT022_PHASE3_P.wav,LocalData/93217544/0000/d5/d5cebdc0,5074657457736543658,176,sfx/SE_FIELD_MAT022_PHASE3_P__cbfa4283_5074657457736543658.wav,556552,c8b73f019aa63e433afc3da65ead7673f8c947163c76b14cb9769eddf6ee1d17,2,48000,2.8985,UnityPy AudioClip.samples,exported,
sfx,SE_M04844_d1_lp01,SE_M04844_d1_lp01.wav,LocalData/93217544/0000/d5/d5d06899,3708232465705786511,172,sfx/SE_M04844_d1_lp01__6ab89307_3708232465705786511.wav,539476,d8ef6c8aaaed30106e2ec70d8c464371da6dd5af08e5b08e80e4bb6bed97a784,2,48000,2.8095,UnityPy AudioClip.samples,exported,
music,BGM_DICERALLY,BGM_DICERALLY.wav,LocalData/93217544/0000/d5/d5f9cdc9,-975779154345778510,168,music/BGM_DICERALLY__c9ea5ded_-975779154345778510.wav,15474732,d77f8b994de398ba9a1fca8e45744ef1e4e01eb77b31a9823106be9953dfe543,2,48000,80.5973,UnityPy AudioClip.samples,exported,
sfx,SE_SOLO_S_DEMIURGY,SE_SOLO_S_DEMIURGY.wav,LocalData/93217544/0000/d5/d5fc3906,6685955303713326325,172,sfx/SE_SOLO_S_DEMIURGY__787c3cb5_6685955303713326325.wav,1832076,5e8943825d10e9734db0a5d480a6cf72cb73a7bff82ece09753fc52f9f7bb7d5,2,48000,9.5418,UnityPy AudioClip.samples,exported,
voice,V_GATE078_02_00_00_08,V_GATE078_02_00_00_08.wav,LocalData/93217544/0000/d6/d61f5094,-5385589519689338270,176,voice/V_GATE078_02_00_00_08__1e92d304_-5385589519689338270.wav,545564,b1d8cc3762f4a71be201affb6de421bc72627f2b3350fddfb380cccf436e8c58,1,48000,5.6825,UnityPy AudioClip.samples,exported,
sfx,SE_M04844_e,SE_M04844_e.wav,LocalData/93217544/0000/d6/d6205d3f,-1324773514207210098,164,sfx/SE_M04844_e__3871d7cd_-1324773514207210098.wav,687240,ddc3d2bf5b1a1bd7c02f54c587b61a49c48e5e4fccbbc198cf21bda54f9519b5,2,48000,3.5791,UnityPy AudioClip.samples,exported,
sfx,SE_FIELD_MAT042_PHASE4_R,SE_FIELD_MAT042_PHASE4_R.wav,LocalData/93217544/0000/d6/d63a002a,3419540748647648794,176,sfx/SE_FIELD_MAT042_PHASE4_R__9248903a_3419540748647648794.wav,1778700,eac2b8ffb169377201206ee584816a0a16973c1c27c122320c54df17a287ecd5,2,48000,9.2638,UnityPy AudioClip.samples,exported,
sfx,SE_V00003_e,SE_V00003_e.wav,LocalData/93217544/0000/d6/d63df847,-4157928470550622490,164,sfx/SE_V00003_e__51702ca9_-4157928470550622490.wav,641568,e79993009e82b6d163f63e1485e840a5dc618c5cfdaad0dd1661fa6f44e67481,2,48000,3.3413,UnityPy AudioClip.samples,exported,
sfx,SE_FIELD_MAT040_PHASE2_R,SE_FIELD_MAT040_PHASE2_R.wav,LocalData/93217544/0000/d6/d642aca5,-8068475681235567737,176,sfx/SE_FIELD_MAT040_PHASE2_R__d344d4c0_-8068475681235567737.wav,580852,be2c21fea4c2c28f3da593a19e92d024480b21fc3507e6a0c93b4dc7bac023f2,2,48000,3.0250,UnityPy AudioClip.samples,exported,
sfx,SE_FIELD_MAT022_PHASE1_P,SE_FIELD_MAT022_PHASE1_P.wav,LocalData/93217544/0000/d6/d64a69ae,7545880227793422832,176,sfx/SE_FIELD_MAT022_PHASE1_P__91a524a3_7545880227793422832.wav,480180,85196448b56cc981594a020e15bbe178ce03e7bbb74897ce96e960036bed1fb4,2,48000,2.5007,UnityPy AudioClip.samples,exported,
sfx,SE_FIELD_MAT041_PHASE3_P,SE_FIELD_MAT041_PHASE3_P.wav,LocalData/93217544/0000/d6/d64ccc80,2454918938745574225,176,sfx/SE_FIELD_MAT041_PHASE3_P__274c031d_2454918938745574225.wav,625172,2a8ae626c31d32fe1318153a3ea7548405d04eb1ef4613a7fccee1615d1480be,2,48000,3.2559,UnityPy AudioClip.samples,exported,
sfx,SE_COLOSSEUMRESULT_2nd,SE_COLOSSEUMRESULT_2nd.wav,LocalData/93217544/0000/d6/d6726b1b,6047350071645484435,176,sfx/SE_COLOSSEUMRESULT_2nd__680bc275_6047350071645484435.wav,1032140,7a17d051fbc65a97dd519b8a466cbe615f2ba8837e0b9ddbb35620daf80fe5a6,2,48000,5.3755,UnityPy AudioClip.samples,exported,
sfx,SE_M13208_d,SE_M13208_d.wav,LocalData/93217544/0000/d6/d69d2037,-3998691111171480866,164,sfx/SE_M13208_d__3bcb9bf3_-3998691111171480866.wav,304044,ac2ca0ed4ec18c895fedff7ad30719eaa78e42cda9d36464c271a9a814f16d61,2,48000,1.5833,UnityPy AudioClip.samples,exported,
sfx,SE_M13258_h2_lp01,SE_M13258_h2_lp01.wav,LocalData/93217544/0000/d6/d6b380e7,-6633973832438642753,172,sfx/SE_M13258_h2_lp01__79e57008_-6633973832438642753.wav,299856,b803cedc85344bf26a04e000903d04438adcc04be52fb9e9d3a8cd005e03d021,2,48000,1.5615,UnityPy AudioClip.samples,exported,
sfx,SE_SOLO_GATE078_GAUGE,SE_SOLO_GATE078_GAUGE.wav,LocalData/93217544/0000/d6/d6bfc6b0,7539935079750791711,176,sfx/SE_SOLO_GATE078_GAUGE__b963fe8a_7539935079750791711.wav,1416840,5d1267fa7c4569fd6eb31e274e1fa426b4021b0b8ab0edc5a29a6b0da630c429,2,48000,7.3791,UnityPy AudioClip.samples,exported,
sfx,SE_M03415_g,SE_M03415_g.wav,LocalData/93217544/0000/d6/d6c77baf,-4048721926013518648,164,sfx/SE_M03415_g__48f52220_-4048721926013518648.wav,947244,90d85948d8fd8fdc3c56781e0218e3d9d6e9eb901f70081dd457156a445e939a,2,48000,4.9333,UnityPy AudioClip.samples,exported,
sfx,SE_M20578_g,SE_M20578_g.wav,LocalData/93217544/0000/d7/d71ffd17,-7619467206008567672,164,sfx/SE_M20578_g__dd63145e_-7619467206008567672.wav,583844,3896091f63a5c0317ba5a07b88b3f75a335f9f98f80eaec8d26e122b04baf68d,2,48000,3.0406,UnityPy AudioClip.samples,exported,
sfx,SE_M09441_h,SE_M09441_h.wav,LocalData/93217544/0000/d7/d7341db6,8679671456963649126,164,sfx/SE_M09441_h__33665a9e_8679671456963649126.wav,614768,5bdd166032e396eb50de1d00a747fd63956169190152fd70d2961fbaa2e6234b,2,48000,3.2017,UnityPy AudioClip.samples,exported,
sfx,SE_M10691_d,SE_M10691_d.wav,LocalData/93217544/0000/d7/d750805c,-2878958357057695240,164,sfx/SE_M10691_d__964b6f24_-2878958357057695240.wav,879916,bc3cef4aac04e8ee06490f5a8951b2d7e37d4ee0b76d9f62c7b1351664698197,2,48000,4.5827,UnityPy AudioClip.samples,exported,
sfx,SE_FIELD_MAT036_LAST_R,SE_FIELD_MAT036_LAST_R.wav,LocalData/93217544/0000/d7/d75fc274,-5967831656141771345,176,sfx/SE_FIELD_MAT036_LAST_R__abf90231_-5967831656141771345.wav,873632,a52e48747c3479187e058a23e1fe9af5d5d3b60ea1b157b5e572a29122a67d7b,2,48000,4.5499,UnityPy AudioClip.samples,exported,
sfx,SE_FIELD_MAT040_PHASE3_R,SE_FIELD_MAT040_PHASE3_R.wav,LocalData/93217544/0000/d7/d780c692,234853892570935140,176,sfx/SE_FIELD_MAT040_PHASE3_R__3584f680_234853892570935140.wav,749748,a4d00459481155c7c6544501fce3c2d2eabbd142b583c68fcf962b0f930e508f,2,48000,3.9047,UnityPy AudioClip.samples,exported,
sfx,SE_FIELD_MAT041_PHASE2_P,SE_FIELD_MAT041_PHASE2_P.wav,LocalData/93217544/0000/d7/d78ea6b7,-8912832652051097387,176,sfx/SE_FIELD_MAT041_PHASE2_P__cbdd7872_-8912832652051097387.wav,881964,7e8ccd06b76e4accd2ed63dcdd8dffed68aebffadc22d390d816910dc08f7b1e,2,48000,4.5933,UnityPy AudioClip.samples,exported,
music,BGM_DUEL_CLIMAX_15,BGM_DUEL_CLIMAX_15.wav,LocalData/93217544/0000/d7/d7c48699,-4897963068257434995,172,music/BGM_DUEL_CLIMAX_15__f202646b_-4897963068257434995.wav,19713068,a5162c6992ba6222acf91359db5fa3aa0d637c6eea9a910b5284b9faa02fb2d4,2,48000,102.6720,UnityPy AudioClip.samples,exported,
sfx,SE_M09647_e,SE_M09647_e.wav,LocalData/93217544/0000/d7/d7c84ed9,-8223087630588829947,164,sfx/SE_M09647_e__c8bca2f5_-8223087630588829947.wav,489624,f072f3b5feef3d73fe67ea22714946d3530a0c4bd051ee33e65ea881f898313e,2,48000,2.5499,UnityPy AudioClip.samples,exported,
sfx,SE_M14676_i,SE_M14676_i.wav,LocalData/93217544/0000/d7/d7e0df41,1194413950069224499,164,sfx/SE_M14676_i__6e14fa55_1194413950069224499.wav,915248,c27e15da62fda69c28f0ff75c548700756c4bd7f5dc965d9aa49423fe44e528b,2,48000,4.7667,UnityPy AudioClip.samples,exported,
sfx,SE_FIELD_MAT043_PHASE4_P,SE_FIELD_MAT043_PHASE4_P.wav,LocalData/93217544/0000/d7/d7f60a38,-8454464985435224738,176,sfx/SE_FIELD_MAT043_PHASE4_P__c57918e2_-8454464985435224738.wav,691156,82260761ebfe049704031229268546365fee751787998edd87cd917036169508,2,48000,3.5995,UnityPy AudioClip.samples,exported,
sfx,SE_M20215_h,SE_M20215_h.wav,LocalData/93217544/0000/d8/d833f019,-1332515100364523513,164,sfx/SE_M20215_h__f52c8b68_-1332515100364523513.wav,803884,8852bb55d162f50c4899a03d543a10b7ac11ba43a69e0ef5a1f1a8b3befa4e3a,2,48000,4.1867,UnityPy AudioClip.samples,exported,
sfx,SE_PACK_UPGRAD_01,SE_PACK_UPGRAD_01.wav,LocalData/93217544/0000/d8/d867d451,-2262467384680257123,172,sfx/SE_PACK_UPGRAD_01__c584c0d6_-2262467384680257123.wav,714288,b0c40eb7fe06156caeb9678a7d0ab449b5e883d3a1687220e9e3ac8d6de61c8d,2,48000,3.7200,UnityPy AudioClip.samples,exported,
sfx,SE_1ST_PACK_HIDE,SE_1ST_PACK_HIDE.wav,LocalData/93217544/0000/d8/d8a4bc71,1345651288651969131,168,sfx/SE_1ST_PACK_HIDE__064a14cd_1345651288651969131.wav,285128,9995803759447716752bdd8b48b328b73da0744a9e35c10a2d37a4c54dfbac3a,2,48000,1.4848,UnityPy AudioClip.samples,exported,
sfx,SE_FIELD_MAT027_PHASE4_R,SE_FIELD_MAT027_PHASE4_R.wav,LocalData/93217544/0000/d8/d8a6012d,-6655467992374729034,176,sfx/SE_FIELD_MAT027_PHASE4_R__ae44f04c_-6655467992374729034.wav,759156,847abd96405494bbb773c3b94b7d59dc34c57a0e7889a32984c3831143b7e542,2,48000,3.9537,UnityPy AudioClip.samples,exported,
sfx,SE_SOLO_EFFECT_06,SE_SOLO_EFFECT_06.wav,LocalData/93217544/0000/d8/d8be6ef5,-5359401737734429979,172,sfx/SE_SOLO_EFFECT_06__c82d6769_-5359401737734429979.wav,1031000,f8e324d168ea885470124564140978ffd16133c4df19693bd4eb80ca2e23b53a,2,48000,5.3696,UnityPy AudioClip.samples,exported,
voice,V_GATE078_02_00_00_00,V_GATE078_02_00_00_00.wav,LocalData/93217544/0000/d8/d8c4d8a6,4653528861368831920,176,voice/V_GATE078_02_00_00_00__cb44c42e_4653528861368831920.wav,102524,eff5944107fefb8a481432188395b3e9118e92ccf846c0d311ce54e35860b91d,1,48000,1.0675,UnityPy AudioClip.samples,exported,
sfx,SE_FIELD_MAT024_PHASE3_P,SE_FIELD_MAT024_PHASE3_P.wav,LocalData/93217544/0000/d8/d8d0cd87,7241622945863226995,176,sfx/SE_FIELD_MAT024_PHASE3_P__01c148fa_7241622945863226995.wav,621084,c97637c767f55c48c4f778168f8fb73c202f0e778cb22b1c8a70d021e836415e,2,48000,3.2346,UnityPy AudioClip.samples,exported,
sfx,SE_FIELD_MAT047_PHASE1_P,SE_FIELD_MAT047_PHASE1_P.wav,LocalData/93217544/0000/d8/d8d668a9,-5151969929628190322,176,sfx/SE_FIELD_MAT047_PHASE1_P__ffbac0c9_-5151969929628190322.wav,472100,d1492bbbda1da863b4d4d934231d1f77db86b528cc0a69815c88eb100107d9ef,2,48000,2.4586,UnityPy AudioClip.samples,exported,
sfx,SE_FIELD_MAT025_PHASE2_R,SE_FIELD_MAT025_PHASE2_R.wav,LocalData/93217544/0000/d8/d8deada2,-8872412833687009981,176,sfx/SE_FIELD_MAT025_PHASE2_R__99483818_-8872412833687009981.wav,653304,ff4a94ad989906fd0bf0bd29aaad3dae764ff333fcb9f9294ac85e83a595cab5,2,48000,3.4024,UnityPy AudioClip.samples,exported,
voice,V_GATE078_03_00_00_02,V_GATE078_03_00_00_02.wav,LocalData/93217544/0000/d9/d908d2b4,-7326360261475948950,176,voice/V_GATE078_03_00_00_02__3c71d781_-7326360261475948950.wav,248536,2d91efbb5b0b7b63dccdcbc05ca15dd2431f920796c5ea5101d0d8461c447b88,1,48000,2.5885,UnityPy AudioClip.samples,exported,
sfx,SE_FIELD_MAT024_PHASE2_P,SE_FIELD_MAT024_PHASE2_P.wav,LocalData/93217544/0000/d9/d912a7b0,-5067896641938931672,176,sfx/SE_FIELD_MAT024_PHASE2_P__ff1499e0_-5067896641938931672.wav,594940,74f26a9165f684e524e3ebb4dc615bf2ee8e4fb593d47288dc2cf7ae9be43f3e,2,48000,3.0984,UnityPy AudioClip.samples,exported,
sfx,SE_FIELD_MAT046_PHASE1_R,SE_FIELD_MAT046_PHASE1_R.wav,LocalData/93217544/0000/d9/d91a62bb,-4639635513320413976,176,sfx/SE_FIELD_MAT046_PHASE1_R__07ce5353_-4639635513320413976.wav,1099820,c26e5e3d943678634d4199245d0d7044824d27e7fc9a57122f6cebd5863d721d,2,48000,5.7280,UnityPy AudioClip.samples,exported,
sfx,SE_FIELD_MAT025_PHASE3_R,SE_FIELD_MAT025_PHASE3_R.wav,LocalData/93217544/0000/d9/d91cc795,847720553988470394,176,sfx/SE_FIELD_MAT025_PHASE3_R__01afaadf_847720553988470394.wav,608560,d1f5c1b3eb2b3a775aad4d0dde3ed324861e936cb4a8751c7e8d57949b31fb62,2,48000,3.1694,UnityPy AudioClip.samples,exported,
sfx,SE_M14672_e,SE_M14672_e.wav,LocalData/93217544/0000/d9/d95f3bb6,-4578076639287084487,164,sfx/SE_M14672_e__6d2fc4a3_-4578076639287084487.wav,514496,784c2e386f2c18cac956acce389bf48452af73d19c8a31792d217b01f9568a5f,2,48000,2.6794,UnityPy AudioClip.samples,exported,
sfx,SE_FIELD_MAT026_PHASE4_P,SE_FIELD_MAT026_PHASE4_P.wav,LocalData/93217544/0000/d9/d96a0b3f,-4617354696212312849,176,sfx/SE_FIELD_MAT026_PHASE4_P__a76598bb_-4617354696212312849.wav,627304,baf129a758668d8d45caf7225d48e6a0bc1da0782c04624d5651c576816fc16a,2,48000,3.2670,UnityPy AudioClip.samples,exported,
sfx,SE_M19148_h2,SE_M19148_h2.wav,LocalData/93217544/0000/d9/d96f420e,5480191814175236696,164,sfx/SE_M19148_h2__d69d004d_5480191814175236696.wav,809684,bcbafd9e8581652791e7a22f3534fdd9954731accb9364f2568b906b32a0aec2,2,48000,4.2169,UnityPy AudioClip.samples,exported,
sfx,SE_FIELD_MAT013_OP_02,SE_FIELD_MAT013_OP_02.wav,LocalData/93217544/0000/d9/d9eac247,4609173030720459098,176,sfx/SE_FIELD_MAT013_OP_02__c7f5f6c1_4609173030720459098.wav,1009976,a6aa4f35a511f1b3c692e8b4b2358c883d776fc73d7d90715f4ddce1c04fb867,2,48000,5.2601,UnityPy AudioClip.samples,exported,
sfx,SE_M20196_h2,SE_M20196_h2.wav,LocalData/93217544/0000/da/da37b3bc,-3714187611738148971,164,sfx/SE_M20196_h2__e9b3a9a2_-3714187611738148971.wav,1065004,f650bfe408e16523c38c92dc5a0aabb37ce2d1ab7113ec9178e08d4d2c5304f4,2,48000,5.5467,UnityPy AudioClip.samples,exported,
sfx,SE_V00008_e,SE_V00008_e.wav,LocalData/93217544/0000/da/da6817a6,-4101398085379261482,164,sfx/SE_V00008_e__67bdf476_-4101398085379261482.wav,366464,72e2b9caf860c99bc96162c152f0e2f73ce2bd7e3a06bc6a547faea529f967e6,2,48000,1.9084,UnityPy AudioClip.samples,exported,
voice,V_GATE078_01_00_00_06,V_GATE078_01_00_00_06.wav,LocalData/93217544/0000/da/da90c690,2746817186404393161,176,voice/V_GATE078_01_00_00_06__e2ea0f38_2746817186404393161.wav,398890,c6163e743d66ac45bd2e6a0d9aa6eae183b3a6da24267d4503cb4e63e1b900c4,1,48000,4.1546,UnityPy AudioClip.samples,exported,
sfx,SE_FIELD_MAT047_PHASE2_P,SE_FIELD_MAT047_PHASE2_P.wav,LocalData/93217544/0000/da/da90d6f0,-8581821446413495449,176,sfx/SE_FIELD_MAT047_PHASE2_P__96206b3f_-8581821446413495449.wav,578808,6bc3ac915a7dea5bbd6679857b78e16d45701cc7264bdbc68bb9121dcfe50d98,2,48000,3.0144,UnityPy AudioClip.samples,exported,
sfx,SE_FIELD_MAT025_PHASE1_R,SE_FIELD_MAT025_PHASE1_R.wav,LocalData/93217544/0000/da/da9813fb,-4623522425099060128,176,sfx/SE_FIELD_MAT025_PHASE1_R__08c04f2a_-4623522425099060128.wav,583524,ba868a52a51d7a9712f9b01c301040a26dc27167f78b2c0ba4cc697c44636a7d,2,48000,3.0390,UnityPy AudioClip.samples,exported,
sfx,SE_FIELD_MAT046_PHASE3_R,SE_FIELD_MAT046_PHASE3_R.wav,LocalData/93217544/0000/da/da9eb6d5,750198636868057371,176,sfx/SE_FIELD_MAT046_PHASE3_R__41e0f1a3_750198636868057371.wav,1089836,9f1d36dd0ca49ed8cf5589e20bb6a4821153fef073a2ee00ff2e28d90109fc9b,2,48000,5.6760,UnityPy AudioClip.samples,exported,
sfx,SE_FIELD_MAT045_PHASE4_P,SE_FIELD_MAT045_PHASE4_P.wav,LocalData/93217544/0000/da/dae87a7f,4725323600655883885,176,sfx/SE_FIELD_MAT045_PHASE4_P__5dbca7cc_4725323600655883885.wav,1126320,32df5cf735d4e7990e480eca9523770b6f5bc342459fdf2108e5f901edce56ce,2,48000,5.8660,UnityPy AudioClip.samples,exported,
sfx,SE_M09903_h2,SE_M09903_h2.wav,LocalData/93217544/0000/db/db17e13c,2459672700094747729,164,sfx/SE_M09903_h2__4f04abd5_2459672700094747729.wav,560228,0d94ee26df71b810830d0ecde17a1ee9ccc29dd9a670844fdf4f64452138bafb,2,48000,2.9176,UnityPy AudioClip.samples,exported,
music,BGM_SOLO_32,BGM_SOLO_32.wav,LocalData/93217544/0000/db/db3e41d4,508688661259771129,164,music/BGM_SOLO_32__1400280f_508688661259771129.wav,16131008,886090453e4c04bbe2a2807edca71b734b60105a67a32ba67a0f59c4efbd7173,2,48000,84.0154,UnityPy AudioClip.samples,exported,
sfx,SE_FIELD_MAT047_PHASE3_P,SE_FIELD_MAT047_PHASE3_P.wav,LocalData/93217544/0000/db/db52bcc7,869354221445099062,176,sfx/SE_FIELD_MAT047_PHASE3_P__1276dcc3_869354221445099062.wav,477828,a1b2da025d90906249c53d0d7b6c2e92ed4c1dca8f917dd9045f2ff4a4cdb709,2,48000,2.4885,UnityPy AudioClip.samples,exported,
sfx,SE_FIELD_MAT024_PHASE1_P,SE_FIELD_MAT024_PHASE1_P.wav,LocalData/93217544/0000/db/db5419e9,-8128455448446675210,176,sfx/SE_FIELD_MAT024_PHASE1_P__6a412762_-8128455448446675210.wav,684068,93854d86d9817f90221b0f322853cbd60440ff79af4e0948b0d10b33577de154,2,48000,3.5626,UnityPy AudioClip.samples,exported,
sfx,SE_M13896_h1,SE_M13896_h1.wav,LocalData/93217544/0000/db/db56aeb0,-2686185428791843599,164,sfx/SE_M13896_h1__886fe95b_-2686185428791843599.wav,810208,06053d9cdad6bf579a9a6de9b255ed1a9ed8b07892dddb142df919b95066af58,2,48000,4.2196,UnityPy AudioClip.samples,exported,
sfx,SE_FIELD_MAT046_PHASE2_R,SE_FIELD_MAT046_PHASE2_R.wav,LocalData/93217544/0000/db/db5cdce2,-7530274506724932713,176,sfx/SE_FIELD_MAT046_PHASE2_R__892cd0ad_-7530274506724932713.wav,1231580,3d0e1ab55171954c875c1ea38c77915d6ada1731f3d405b7612da70f7f0bbaa3,2,48000,6.4143,UnityPy AudioClip.samples,exported,
sfx,SE_M14759_f,SE_M14759_f.wav,LocalData/93217544/0000/db/db6a64d6,8426424309388960998,164,sfx/SE_M14759_f__8d228421_8426424309388960998.wav,566144,4558ef90e85c0c150d1442158c85d5a2de812922f35416505ef58f03a45dceb3,2,48000,2.9484,UnityPy AudioClip.samples,exported,
sfx,SE_EV_RAIGEKI,SE_EV_RAIGEKI.wav,LocalData/93217544/0000/db/db93246f,-6976607805669337960,168,sfx/SE_EV_RAIGEKI__4092d2d8_-6976607805669337960.wav,447880,ca66b5c1a32bb1bb4dc05a7c6a39257d6d5f0d7c94bf7af9786e53e6aadeb739,2,48000,2.3325,UnityPy AudioClip.samples,exported,
sfx,SE_M19027_e,SE_M19027_e.wav,LocalData/93217544/0000/db/db94ef11,-688526087285515967,164,sfx/SE_M19027_e__d9373b09_-688526087285515967.wav,622968,4ef5eb7d7a2a496f7cf93e57778d9a11540b539052d9fe7fb0fab96763192290,2,48000,3.2444,UnityPy AudioClip.samples,exported,
sfx,SE_V00009_e,SE_V00009_e.wav,LocalData/93217544/0000/db/dbaa7d91,4946587363923629061,164,sfx/SE_V00009_e__4bcc471f_4946587363923629061.wav,719852,8abdc32f2213c7719981dc8d64b2b85b95f34b9407ef7e0358d56482a6e9a180,2,48000,3.7490,UnityPy AudioClip.samples,exported,
sfx,SE_1ST_PACK_LIGHT,SE_1ST_PACK_LIGHT.wav,LocalData/93217544/0000/db/dbb6f9a2,-7290594515659266256,172,sfx/SE_1ST_PACK_LIGHT__40c80a0d_-7290594515659266256.wav,528152,b5ff0189557f44e9d92f343a388d9a7a29f6f347e974ba9cf104707159d23e54,2,48000,2.7506,UnityPy AudioClip.samples,exported,
sfx,SE_M03415_h2,SE_M03415_h2.wav,LocalData/93217544/0000/db/dbf2dbc0,-6487636040667569535,164,sfx/SE_M03415_h2__188bc2ea_-6487636040667569535.wav,358444,aad035bdfc81998db25ff83b73db68e802a5571908b2fec8da99186e0191c38f,2,48000,1.8667,UnityPy AudioClip.samples,exported,
sfx,SE_FIELD_MAT045_PHASE1_P,SE_FIELD_MAT045_PHASE1_P.wav,LocalData/93217544/0000/dc/dc23b894,8084724200094136566,176,sfx/SE_FIELD_MAT045_PHASE1_P__297c7bd1_8084724200094136566.wav,517180,fb3220aab789946ffc671e5eee3eebfa02b8401087c68406542ae223a4c5ba00,2,48000,2.6934,UnityPy AudioClip.samples,exported,
sfx,SE_FIELD_MAT026_PHASE3_P,SE_FIELD_MAT026_PHASE3_P.wav,LocalData/93217544/0000/dc/dc251dba,6407796422579292953,176,sfx/SE_FIELD_MAT026_PHASE3_P__86a23f89_6407796422579292953.wav,492404,7750263aa9b902e956f169a87089e61da09fd54dd5df419539defb53ae0643f5,2,48000,2.5644,UnityPy AudioClip.samples,exported,
sfx,SE_FIELD_MAT027_PHASE2_R,SE_FIELD_MAT027_PHASE2_R.wav,LocalData/93217544/0000/dc/dc2b7d9f,5289137086257620592,176,sfx/SE_FIELD_MAT027_PHASE2_R__ef749c13_5289137086257620592.wav,638600,2f2cebfa182f886554597213f49a79a249fcf45c9834dd80733f702785012ce0,2,48000,3.3258,UnityPy AudioClip.samples,exported,
music,BGM_DUEL_RATE01_NORMAL,BGM_DUEL_RATE01_NORMAL.wav,LocalData/93217544/0000/dc/dc3a758d,-1797768512278206643,176,music/BGM_DUEL_RATE01_NORMAL__988344a6_-1797768512278206643.wav,25083948,e3f95ff42f4afe1da0ccb68f21f552b1e7cd6df5b76dbeb141ad743411476105,2,48000,130.6453,UnityPy AudioClip.samples,exported,
music,BGM_SOLO_36,BGM_SOLO_36.wav,LocalData/93217544/0000/dc/dc5385cd,2332836274367465695,164,music/BGM_SOLO_36__0c98a046_2332836274367465695.wav,12251180,70a72bd9624834ffbb1860d1b7935f436e4c934008dd08ce5ba35f76fa02397f,2,48000,63.8080,UnityPy AudioClip.samples,exported,
sfx,SE_FIELD_MAT025_PHASE4_R,SE_FIELD_MAT025_PHASE4_R.wav,LocalData/93217544/0000/dc/dc53d110,5246331078731671489,176,sfx/SE_FIELD_MAT025_PHASE4_R__65532765_5246331078731671489.wav,606332,6ec3e9c2c67eb8f0695b20288d082a826af837f0f81e78b2ddd5ed624dd241f5,2,48000,3.1578,UnityPy AudioClip.samples,exported,
voice,V_TITLE_002,V_TITLE_002.wav,LocalData/93217544/0000/dc/dc650dff,-6519619018098620900,164,voice/V_TITLE_002__575f9008_-6519619018098620900.wav,192044,ede1f6dd33abfce7bb3a45ba79b0ab5f8baae692709dd32214a41da9af55ab13,2,48000,1.0000,UnityPy AudioClip.samples,exported,
music,BGM_DUEL_F08_PHASE_B,BGM_DUEL_F08_PHASE_B.wav,LocalData/93217544/0000/dc/dc657014,-1045378073643307722,172,music/BGM_DUEL_F08_PHASE_B__582071e3_-1045378073643307722.wav,25075244,54ff5a7a4d53386dbe5febd55ab648645239f059a549cef9616e5ec9da9f1f9b,2,48000,130.6000,UnityPy AudioClip.samples,exported,
sfx,SE_FIELD_MAT028_TAP,SE_FIELD_MAT028_TAP.wav,LocalData/93217544/0000/dc/dccd59d4,-3502632172474907425,172,sfx/SE_FIELD_MAT028_TAP__ebfc64da_-3502632172474907425.wav,887204,b420d051ab2e31ebd4f5909a0519d95e4b9418648ccd217c1fab5390bf118ad5,2,48000,4.6206,UnityPy AudioClip.samples,exported,
sfx,SE_M07807_e,SE_M07807_e.wav,LocalData/93217544/0000/dd/dd90069f,2363902474810057464,164,sfx/SE_M07807_e__4e56f748_2363902474810057464.wav,519864,132d396465a551bd8326a38a9e20dd88309c1ebdee6fe65e8f62af66ecd43dee,2,48000,2.7074,UnityPy AudioClip.samples,exported,
sfx,SE_FIELD_MAT024_PHASE4_P,SE_FIELD_MAT024_PHASE4_P.wav,LocalData/93217544/0000/dd/dd9fdb02,-7217962700860291113,176,sfx/SE_FIELD_MAT024_PHASE4_P__f9bd487a_-7217962700860291113.wav,703696,96c277de4b9d69fb946c394629b64c698ec573c940c9fee06a8cd0d23d6be5e6,2,48000,3.6649,UnityPy AudioClip.samples,exported,
sfx,SE_M13587_e_loop_01,SE_M13587_e_loop_01.wav,LocalData/93217544/0000/dd/ddb1c6e6,2158209485291007464,172,sfx/SE_M13587_e_loop_01__45d87bc0_2158209485291007464.wav,384044,c40a18cc381b7b5b2ed92a75be0bfce1dcefe7b36c899fc07229e7802a4b6900,2,48000,2.0000,UnityPy AudioClip.samples,exported,
sfx,SE_FIELD_MAT026_PHASE2_P,SE_FIELD_MAT026_PHASE2_P.wav,LocalData/93217544/0000/dd/dde7778d,1190844881452724093,176,sfx/SE_FIELD_MAT026_PHASE2_P__529a9444_1190844881452724093.wav,404416,ca6d1f5f3c90783508ff00e69041d0b69fb12cca7a2b4a63b7eb19ea5ecdc90f,2,48000,2.1061,UnityPy AudioClip.samples,exported,
sfx,SE_FIELD_MAT027_PHASE3_R,SE_FIELD_MAT027_PHASE3_R.wav,LocalData/93217544/0000/dd/dde917a8,769648822074260321,176,sfx/SE_FIELD_MAT027_PHASE3_R__8d4e3464_769648822074260321.wav,549520,4a50ef13d9ed758058631863b37183fee099d6765c92038f380e3daa6d1b56d5,2,48000,2.8619,UnityPy AudioClip.samples,exported,
sfx,SE_M12843_h,SE_M12843_h.wav,LocalData/93217544/0000/dd/ddf0dfae,4977381041522616792,164,sfx/SE_M12843_h__89e9f5de_4977381041522616792.wav,748332,59675ab1dad5cec3716969c94d7fdecf2dad8d9ee0c1a95bb5cedc3acbd82886,2,48000,3.8973,UnityPy AudioClip.samples,exported,
voice,V_GATE078_01_00_00_02,V_GATE078_01_00_00_02.wav,LocalData/93217544/0000/dd/ddfd0289,-1825975111085060641,176,voice/V_GATE078_01_00_00_02__2519852f_-1825975111085060641.wav,45164,0726f79265293ca575a57b90bc718731ed032f1a04aef6c7debf7b6bf3fa15e0,1,48000,0.4700,UnityPy AudioClip.samples,exported,
sfx,SE_SOLO_EXS_06,SE_SOLO_EXS_06.wav,LocalData/93217544/0000/de/de0e2c7f,4021282036545526819,168,sfx/SE_SOLO_EXS_06__676bd776_4021282036545526819.wav,792480,06a1d855d0483dddd7d6fa8a722448caff9b66047de784fc710e0129fbf4701a,2,48000,4.1273,UnityPy AudioClip.samples,exported,
sfx,SE_FIELD_MAT047_PHASE4_P,SE_FIELD_MAT047_PHASE4_P.wav,LocalData/93217544/0000/de/de1daa42,1220541002595346525,176,sfx/SE_FIELD_MAT047_PHASE4_P__3bf7a6cd_1220541002595346525.wav,656296,b1218d44a6ad5afcedb2d99a26c417a5b89bb934fc1b5b740a645ed99ef70ca6,2,48000,3.4180,UnityPy AudioClip.samples,exported,
sfx,SE_M14676_e,SE_M14676_e.wav,LocalData/93217544/0000/de/de56936a,-5665528106078383621,164,sfx/SE_M14676_e__6e1a3584_-5665528106078383621.wav,646448,082b8da56711557570d44c2a03edece68b3510bf401991f8e33a61d6088d75b9,2,48000,3.3667,UnityPy AudioClip.samples,exported,
sfx,SE_FIELD_MAT045_PHASE2_P,SE_FIELD_MAT045_PHASE2_P.wav,LocalData/93217544/0000/de/de6506cd,-8523452515769660670,176,sfx/SE_FIELD_MAT045_PHASE2_P__46bf17dc_-8523452515769660670.wav,667220,74ddefb5d9daa4c6e377d00e9fdb171dd516a2fdb9dc62a0b0dc529ddbd2737a,2,48000,3.4749,UnityPy AudioClip.samples,exported,
voice,V_GATE078_03_00_00_06,V_GATE078_03_00_00_06.wav,LocalData/93217544/0000/de/de6516ad,4409024331674740457,176,voice/V_GATE078_03_00_00_06__b623249b_4409024331674740457.wav,145828,8a3c402c1d7a93f1c2d2fb9a7f523c0647532103eeeca1879e6bfe460496a6af,1,48000,1.5186,UnityPy AudioClip.samples,exported,
sfx,SE_FIELD_MAT027_PHASE1_R,SE_FIELD_MAT027_PHASE1_R.wav,LocalData/93217544/0000/de/de6dc3c6,5725031129742472654,176,sfx/SE_FIELD_MAT027_PHASE1_R__9ac87c59_5725031129742472654.wav,496916,fb6bd26fe47c5484ea091a823e930ce87e0130f8588635b70a823f0a6aeb2e07,2,48000,2.5879,UnityPy AudioClip.samples,exported,
sfx,SE_EV_044_NORMAL,SE_EV_044_NORMAL.wav,LocalData/93217544/0000/de/de739942,-6061794560972666869,168,sfx/SE_EV_044_NORMAL__d629d916_-6061794560972666869.wav,861740,e85fb8ccb1a11f4d16e0e0b0b57f2b2df6f8172d996c465b640171afd4966d87,2,48000,4.4880,UnityPy AudioClip.samples,exported,
sfx,SE_M17405_h2,SE_M17405_h2.wav,LocalData/93217544/0000/de/de77d6fd,2871783270750093122,164,sfx/SE_M17405_h2__69fa5eb1_2871783270750093122.wav,846532,a7383f8ac98f2cd15e192d09609f41d641e302020d571b255a1527a10c66cf90,2,48000,4.4088,UnityPy AudioClip.samples,exported,
sfx,SE_M09647_i,SE_M09647_i.wav,LocalData/93217544/0000/de/de7e02f2,2648859602177995937,164,sfx/SE_M09647_i__a69e28a5_2648859602177995937.wav,292396,b495d7690f8f40600642922451a77d534dbc253658798f703a2c272456d14bae,2,48000,1.5227,UnityPy AudioClip.samples,exported,
sfx,SE_M14759_d1,SE_M14759_d1.wav,LocalData/93217544/0000/de/de8190b0,-8034513612103417999,164,sfx/SE_M14759_d1__deb10fc0_-8034513612103417999.wav,358432,094e57ece366451408f02214ca9cbb0463e118883008ff2482087ffb2ad740f5,2,48000,1.8666,UnityPy AudioClip.samples,exported,
sfx,SE_M09441_d,SE_M09441_d.wav,LocalData/93217544/0000/de/de82519d,-5129745314436772661,164,sfx/SE_M09441_d__af86bd87_-5129745314436772661.wav,880300,2a688994863b1fcd83dd13026718bbf2b1acb51392c1d64c03fbe35f245887be,2,48000,4.5847,UnityPy AudioClip.samples,exported,
sfx,SE_M10691_h,SE_M10691_h.wav,LocalData/93217544/0000/de/dee6cc77,3589884807736218521,164,sfx/SE_M10691_h__45765875_3589884807736218521.wav,892972,9786b08ecc3136d7c41e4ca975ad19672ba391088f1d1102b005a220c53519c7,2,48000,4.6507,UnityPy AudioClip.samples,exported,
sfx,SE_M11540_e,SE_M11540_e.wav,LocalData/93217544/0000/df/df03ab55,-6380425802626765836,164,sfx/SE_M11540_e__db89b54c_-6380425802626765836.wav,1425348,255c309f680a16d07a5219b7735ba05ffe2a77398b1f7c27e4e655a8f4b006ae,2,48000,7.4235,UnityPy AudioClip.samples,exported,
sfx,SE_SOLO_ATTACK_02,SE_SOLO_ATTACK_02.wav,LocalData/93217544/0000/df/df0b458e,-14318287147788844,172,sfx/SE_SOLO_ATTACK_02__d82c610c_-14318287147788844.wav,1310944,b6ed51df610d2833f075c0176bb997829da37a5854e1c0f32f217b69b65dedb8,2,48000,6.8276,UnityPy AudioClip.samples,exported,
sfx,SE_M17443_c,SE_M17443_c.wav,LocalData/93217544/0000/df/df1f7a94,8435703541200056371,164,sfx/SE_M17443_c__a23906f5_8435703541200056371.wav,644368,935322e6c198bab877155f8f57665215e0ad1079d0f3f3ea8c251f41e143b6fd,2,48000,3.3559,UnityPy AudioClip.samples,exported,
sfx,SE_M13208_h,SE_M13208_h.wav,LocalData/93217544/0000/df/df2b6c1c,8401065741024426425,164,sfx/SE_M13208_h__c1da638a_8401065741024426425.wav,620136,72968dbddb5679c9e71384373ad29f1d506b9abc509a0d56ee09a8a4e744f8e2,2,48000,3.2296,UnityPy AudioClip.samples,exported,
sfx,SE_M04844_i,SE_M04844_i.wav,LocalData/93217544/0000/df/df961114,-1641775552332309022,164,sfx/SE_M04844_i__dca3dd61_-1641775552332309022.wav,1338868,1b6bf63d6772e875e7043bc8f25a82b6921d6a38bfaa300c36c40fcaac61c627,2,48000,6.9730,UnityPy AudioClip.samples,exported,
sfx,SE_FIELD_MAT026_PHASE1_P,SE_FIELD_MAT026_PHASE1_P.wav,LocalData/93217544/0000/df/dfa1c9d4,3181982215573284915,176,sfx/SE_FIELD_MAT026_PHASE1_P__1cac2df0_3181982215573284915.wav,345172,2457b6775a95a27c5d60fc7dfed45dd7cb782669a284cf93650f3af4273adf26,2,48000,1.7975,UnityPy AudioClip.samples,exported,
sfx,SE_FIELD_MAT045_PHASE3_P,SE_FIELD_MAT045_PHASE3_P.wav,LocalData/93217544/0000/df/dfa76cfa,-5483436100690418599,176,sfx/SE_FIELD_MAT045_PHASE3_P__4e0f74e7_-5483436100690418599.wav,699244,97460ea0c5699a88aeb797932efabbd1b36d450e0244dc5a177adef7ba557729,2,48000,3.6417,UnityPy AudioClip.samples,exported,
voice,V_GATE078_02_00_00_04,V_GATE078_02_00_00_04.wav,LocalData/93217544/0000/df/dfa91cbf,4819474917746457483,176,voice/V_GATE078_02_00_00_04__8c681637_4819474917746457483.wav,284924,1335a2a3459db7c3af0aab8639ccf0e6531873f67c63756791915cb7ceeddda7,1,48000,2.9675,UnityPy AudioClip.samples,exported,
sfx,SE_FIELD_MAT046_PHASE4_R,SE_FIELD_MAT046_PHASE4_R.wav,LocalData/93217544/0000/df/dfd1a050,3834074006938331157,176,sfx/SE_FIELD_MAT046_PHASE4_R__733f2716_3834074006938331157.wav,1552420,6c8100c4a54bacfd3a2f9699460544f976a108d09f7e4095e5b7888a281c3c57,2,48000,8.0853,UnityPy AudioClip.samples,exported,
sfx,SE_SOLO_EFFECT_02,SE_SOLO_EFFECT_02.wav,LocalData/93217544/0000/df/dfd3aaec,4648844410044408897,172,sfx/SE_SOLO_EFFECT_02__1dff9652_4648844410044408897.wav,587936,c8ed5b93667f1d237341c8d7b854445189e2083a13b21ab6c7bca0778e862feb,2,48000,3.0619,UnityPy AudioClip.samples,exported,
sfx,SE_M14288_f,SE_M14288_f.wav,LocalData/93217544/0000/e0/e022594c,2953159448598852614,164,sfx/SE_M14288_f__6e2201f2_2953159448598852614.wav,1388844,b2e494e7eb20a6aa20d64a2aa1852da7beefcf72f6f82cce10d198ef3ef15e15,2,48000,7.2333,UnityPy AudioClip.samples,exported,
sfx,SE_SOLO_SEA,SE_SOLO_SEA.wav,LocalData/93217544/0000/e0/e05849eb,-2231171645687455883,164,sfx/SE_SOLO_SEA__d9ff0863_-2231171645687455883.wav,1928972,dc3d48c9cd73eeec88d1a40619476b1d0a6229b11b0fb7bf0e60036d7d40d062,2,48000,10.0465,UnityPy AudioClip.samples,exported,
sfx,SE_M11765_c,SE_M11765_c.wav,LocalData/93217544/0000/e0/e0625760,1712024190486340569,164,sfx/SE_M11765_c__27b045ae_1712024190486340569.wav,563248,1174dc49fb3d43356d2b0b72b9b305bc39027d0dafa15685959b1270113029b0,2,48000,2.9334,UnityPy AudioClip.samples,exported,
sfx,SE_LAUNDRY_CHANGE,SE_LAUNDRY_CHANGE.wav,LocalData/93217544/0000/e0/e0771395,-8885390758519136641,172,sfx/SE_LAUNDRY_CHANGE__cfd17612_-8885390758519136641.wav,733140,c1c5056729cc18d755bb4b1051343dc640744217451285af2d9291eb9c6a1ba0,2,48000,3.8182,UnityPy AudioClip.samples,exported,
sfx,SE_M04041_e,SE_M04041_e.wav,LocalData/93217544/0000/e0/e09bd415,-8960038656439713960,164,sfx/SE_M04041_e__cb512ac7_-8960038656439713960.wav,376256,7e3559c0ef938fbd14691108a9efc2060cf0128f119b78eb03a42503f1b8aa2e,2,48000,1.9594,UnityPy AudioClip.samples,exported,
sfx,SE_TEAM_LOSE,SE_TEAM_LOSE.wav,LocalData/93217544/0000/e0/e0e4ca03,-7829669115938233344,164,sfx/SE_TEAM_LOSE__0118a4ea_-7829669115938233344.wav,727100,bbd5ccec498d704439a9b252971e077f6d721f3cee3f5015df1d77edbfda1bc2,2,48000,3.7868,UnityPy AudioClip.samples,exported,
sfx,SE_DECK_CRAFT_SHINE,SE_DECK_CRAFT_SHINE.wav,LocalData/93217544/0000/e1/e137bde6,3376786914453861664,172,sfx/SE_DECK_CRAFT_SHINE__dda84d9f_3376786914453861664.wav,494016,2da33daa0dd062d472650bfda8f083fa24ce576f064853323d9e8c63f4ea7833,2,48000,2.5728,UnityPy AudioClip.samples,exported,
sfx,SE_M13258_d,SE_M13258_d.wav,LocalData/93217544/0000/e1/e143d005,-6532545590477213477,164,sfx/SE_M13258_d__42be1608_-6532545590477213477.wav,364844,1fd1f860265b927d1f204ae80e79d94d0108b921597caa05d6388d03aadfed47,2,48000,1.9000,UnityPy AudioClip.samples,exported,
sfx,SE_SOLO_FC_05,SE_SOLO_FC_05.wav,LocalData/93217544/0000/e1/e1751a30,-4757824620112673475,168,sfx/SE_SOLO_FC_05__9f4ba564_-4757824620112673475.wav,636064,1255d476330fdc8e8c0640a8a66391bc4b76942051436100ee5e41a9de4517a5,2,48000,3.3126,UnityPy AudioClip.samples,exported,
sfx,SE_SMN_CMN_CARD_SUPER,SE_SMN_CMN_CARD_SUPER.wav,LocalData/93217544/0000/e1/e189f0f4,-6415350324684641610,176,sfx/SE_SMN_CMN_CARD_SUPER__a7781322_-6415350324684641610.wav,508972,b7ad7e7c092edf92dc638b615ab1a94930daa96ccbea8997aafc7a64d203f4d1,2,48000,2.6507,UnityPy AudioClip.samples,exported,
sfx,SE_FIELD_MAT029_TAP,SE_FIELD_MAT029_TAP.wav,LocalData/93217544/0000/e1/e1ad7064,-1669998748648080419,172,sfx/SE_FIELD_MAT029_TAP__8eea41a0_-1669998748648080419.wav,680020,3496e0cc1c718bd90648f8410c4c6c49e09be616a645ebcb50f20d4a9ebf9bca,2,48000,3.5415,UnityPy AudioClip.samples,exported,
sfx,SE_SOLO_GATE078_LINE_J,SE_SOLO_GATE078_LINE_J.wav,LocalData/93217544/0000/e1/e1ba0e60,4507931259902544569,176,sfx/SE_SOLO_GATE078_LINE_J__983ae8ca_4507931259902544569.wav,555948,f208a0a80f17fa8eaad277c3b155b418ec1fd7f9908c0015078e8b62594a9941,2,48000,2.8953,UnityPy AudioClip.samples,exported,
sfx,SE_SOLO_EXS_09_foot,SE_SOLO_EXS_09_foot.wav,LocalData/93217544/0000/e1/e1bf595e,-311276968628523006,172,sfx/SE_SOLO_EXS_09_foot__4af8a9f3_-311276968628523006.wav,1021928,2b80d7a28d83f3495710b8433a488a108b062b2339e4712704de0c7ea54881b9,2,48000,5.3223,UnityPy AudioClip.samples,exported,
sfx,SE_M08554_e,SE_M08554_e.wav,LocalData/93217544/0000/e1/e1ce3e90,-9219166207219543448,164,sfx/SE_M08554_e__290cf2b0_-9219166207219543448.wav,430372,d77233340dbe4de2cb4c20303acf3538723f7dad18d403dae0bbd8e09361c129,2,48000,2.2413,UnityPy AudioClip.samples,exported,
sfx,SE_CARDD_START_02,SE_CARDD_START_02.wav,LocalData/93217544/0000/e2/e206a37b,8969786632551613120,172,sfx/SE_CARDD_START_02__491f9edc_8969786632551613120.wav,157812,ba08345d49d9d28d6cb779479fbff1c540aa807bb397c8448c9884ea050d712b,2,48000,0.8217,UnityPy AudioClip.samples,exported,
sfx,SE_M13896_h,SE_M13896_h.wav,LocalData/93217544/0000/e2/e20d163d,2193710457009007320,164,sfx/SE_M13896_h__157a743a_2193710457009007320.wav,944672,940b8bb09bc767407690de2d23cfeb30214579005c4b3ae2e2472bf7ec6dfc87,2,48000,4.9199,UnityPy AudioClip.samples,exported,
sfx,SE_M06018_d,SE_M06018_d.wav,LocalData/93217544/0000/e2/e25b8e35,-293326594213899649,164,sfx/SE_M06018_d__40ec2c52_-293326594213899649.wav,297516,c905f2315e12155ed132255a4473da3d90e785536d3d537c56fb13141c899102,2,48000,1.5493,UnityPy AudioClip.samples,exported,
sfx,SE_M07188_h1_lp01,SE_M07188_h1_lp01.wav,LocalData/93217544/0000/e2/e2abfd02,2167544913653944058,172,sfx/SE_M07188_h1_lp01__178fa8ff_2167544913653944058.wav,416048,4963629e2c665328ee4ef52aaa0443a5a27368bd652dc07342f57358164a14a6,2,48000,2.1667,UnityPy AudioClip.samples,exported,
music,BGM_SOLO_43,BGM_SOLO_43.wav,LocalData/93217544/0000/e3/e378e785,-7977317547689462325,164,music/BGM_SOLO_43__2c6e4ded_-7977317547689462325.wav,11595820,26531a7ee89af4f5b8e153e18ab440a9a9275ced8e8b2ff9ccee74f9bcd3c949,2,48000,60.3947,UnityPy AudioClip.samples,exported,
sfx,SE_SEASON_CHANGE,SE_SEASON_CHANGE.wav,LocalData/93217544/0000/e3/e39aec50,7434345398108268778,168,sfx/SE_SEASON_CHANGE__57573cf6_7434345398108268778.wav,907044,7620ede69bb02a5320dc1d8fb947cd02b5f544c155ba4857736cb45fd2beba73,2,48000,4.7240,UnityPy AudioClip.samples,exported,
sfx,SE_EV_IMPERIAL_ORDER,SE_EV_IMPERIAL_ORDER.wav,LocalData/93217544/0000/e3/e3fcbd64,2199713685544923657,172,sfx/SE_EV_IMPERIAL_ORDER__c052e8d3_2199713685544923657.wav,427660,c213cfcdf8763bba116b2a360980f2f7752573e525d9613e49b0deb29f219c97,2,48000,2.2272,UnityPy AudioClip.samples,exported,
voice,V_GATE078_02_00_00_28,V_GATE078_02_00_00_28.wav,LocalData/93217544/0000/e4/e4293216,6228438961806152220,176,voice/V_GATE078_02_00_00_28__668afec1_6228438961806152220.wav,116394,429004dfad1169511572696e11340105a41b77f5a73ded3e7f66a9969db1924f,1,48000,1.2120,UnityPy AudioClip.samples,exported,
sfx,SE_M14760_d1,SE_M14760_d1.wav,LocalData/93217544/0000/e4/e429a5ea,-1016176821414035959,164,sfx/SE_M14760_d1__ea261c29_-1016176821414035959.wav,355648,3bc1f88e5c4be80aae45ecd8c3fad495d5f18936b2ad75ce164d327d4e2f2829,2,48000,1.8521,UnityPy AudioClip.samples,exported,
sfx,SE_SOLO_S_SPEAR,SE_SOLO_S_SPEAR.wav,LocalData/93217544/0000/e4/e42f7144,8193216773456631614,168,sfx/SE_SOLO_S_SPEAR__a69db9bf_8193216773456631614.wav,978420,2a3a8d943f6bf8d23f34d7b1a3382cd731a7ed3cc1a13f09dda8af0a26bac106,2,48000,5.0957,UnityPy AudioClip.samples,exported,
sfx,SE_M06344_h2,SE_M06344_h2.wav,LocalData/93217544/0000/e4/e4932cca,2954542093450824626,164,sfx/SE_M06344_h2__0158f38c_2954542093450824626.wav,1025944,09b604c21428a48a1aa923775c21eca06938946c183827b2b178b546f543849c,2,48000,5.3432,UnityPy AudioClip.samples,exported,
sfx,SE_SOLO_GATE078_WHOOSH_02_only,SE_SOLO_GATE078_WHOOSH_02_only.wav,LocalData/93217544/0000/e4/e4c68edc,-6386662791512384364,184,sfx/SE_SOLO_GATE078_WHOOSH_02_only__a39a466d_-6386662791512384364.wav,655320,3fc8fad740b434adb75bd0f8224e136fbe86f95a86fa7ca959929ca3902b55a4,2,48000,3.4129,UnityPy AudioClip.samples,exported,
sfx,SE_DR_MOVE,SE_DR_MOVE.wav,LocalData/93217544/0000/e5/e56184a6,-263858677457528247,164,sfx/SE_DR_MOVE__81f60f0f_-263858677457528247.wav,8508,7d677cfb11f4e83cff77f6aa53591dd0a0ddb744eff3a44a4dd0efaf58f5adac,2,48000,0.0441,UnityPy AudioClip.samples,exported,
sfx,SE_M13163_d1,SE_M13163_d1.wav,LocalData/93217544/0000/e5/e562d797,5037947461591347381,164,sfx/SE_M13163_d1__cd7ca05a_5037947461591347381.wav,348968,46ae59a7f6b3a87e0b3297b332e0abb66aeaffd0c0ea2dcf25641ecb2beedc5d,2,48000,1.8173,UnityPy AudioClip.samples,exported,
sfx,SE_M13163_f_loop,SE_M13163_f_loop.wav,LocalData/93217544/0000/e5/e56f90b3,-7909395930620942290,168,sfx/SE_M13163_f_loop__da2ed156_-7909395930620942290.wav,496724,a0adf9aba0b7e21fb738a10c73058c481fa3b09603966f823e2799c8a64f43e8,2,48000,2.5869,UnityPy AudioClip.samples,exported,
sfx,SE_M06344_i,SE_M06344_i.wav,LocalData/93217544/0000/e5/e58e810e,2724746329884761405,164,sfx/SE_M06344_i__50959e33_2724746329884761405.wav,848008,461fdfd228ff0741dbb3f86ae6f3f16556977bf6b91003cd151ae74ee799bec1,2,48000,4.4165,UnityPy AudioClip.samples,exported,
sfx,SE_M09285_h2_lp01,SE_M09285_h2_lp01.wav,LocalData/93217544/0000/e5/e5a3dde4,5311033866026441455,172,sfx/SE_M09285_h2_lp01__95d2aae4_5311033866026441455.wav,639244,6c62bcf4eb9cf21906b63451a12178cffa1d1af94c523fb8adb6dedf0322d9d4,2,48000,3.3292,UnityPy AudioClip.samples,exported,
music,BGM_DUEL_NORMAL_07,BGM_DUEL_NORMAL_07.wav,LocalData/93217544/0000/e5/e5b33ebc,2410347181631715202,172,music/BGM_DUEL_NORMAL_07__37823166_2410347181631715202.wav,32472044,9fc994a2a17849b998a936a9ba6719339e1148e3512b21576f4675c48bf9f78f,2,48000,169.1250,UnityPy AudioClip.samples,exported,
sfx,SE_M15125_d,SE_M15125_d.wav,LocalData/93217544/0000/e5/e5b5e222,-7684155245646420964,164,sfx/SE_M15125_d__23dd951d_-7684155245646420964.wav,330440,f74c9f0ab339738705017fb080d40d5317678b4487250857cab15da4f0111f17,2,48000,1.7208,UnityPy AudioClip.samples,exported,
sfx,SE_M04758_e,SE_M04758_e.wav,LocalData/93217544/0000/e5/e5d654ef,-3119941969755145382,164,sfx/SE_M04758_e__81d09b61_-3119941969755145382.wav,741888,6763576512399ab0ad6ddad2a8955e4958853c2b64c6b0d810e7acbb88bcf18f,2,48000,3.8638,UnityPy AudioClip.samples,exported,
sfx,SE_SOLO_3S_ATTACK_1,SE_SOLO_3S_ATTACK_1.wav,LocalData/93217544/0000/e5/e5d68559,-5597633007443783419,172,sfx/SE_SOLO_3S_ATTACK_1__4b34182a_-5597633007443783419.wav,869128,b4f1514e419599567a33c3eb8c5fa81fb9be5b07bd876d97de2c0bacf6c111ec,2,48000,4.5265,UnityPy AudioClip.samples,exported,
sfx,SE_SOLO_FC_01,SE_SOLO_FC_01.wav,LocalData/93217544/0000/e6/e618de29,-605914127091406711,168,sfx/SE_SOLO_FC_01__2e5ee83d_-605914127091406711.wav,695076,da06bff3c52a9bff781fc7cb309ff57418a9c905cc421667147c1ac09fff25d6,2,48000,3.6200,UnityPy AudioClip.samples,exported,
sfx,SE_SOLO_GATE078_TEXTSCR,SE_SOLO_GATE078_TEXTSCR.wav,LocalData/93217544/0000/e6/e61a0624,-8340148172650489163,176,sfx/SE_SOLO_GATE078_TEXTSCR__e883c9a3_-8340148172650489163.wav,1014812,61201c7588da4875a36adf93f01847cb8f68755288b434bd6fc251db07867f5b,2,48000,5.2852,UnityPy AudioClip.samples,exported,
sfx,SE_PACK_SECRET_NEW,SE_PACK_SECRET_NEW.wav,LocalData/93217544/0000/e6/e6992e06,-8230135642493625192,172,sfx/SE_PACK_SECRET_NEW__3da79f90_-8230135642493625192.wav,689964,9d874df2ec5e6f4fb2ce17aab5bd1e3984a16874b3cf2e377e7643eb7aeadf79,2,48000,3.5933,UnityPy AudioClip.samples,exported,
sfx,SE_M12678_h1_lp02,SE_M12678_h1_lp02.wav,LocalData/93217544/0000/e6/e6a74c23,-513960794137635477,172,sfx/SE_M12678_h1_lp02__6acaae04_-513960794137635477.wav,624932,db5b81ee0fe74e2dce8bbc31b99ea462c0c076f7b560f0e117d24340d2b24bcf,2,48000,3.2546,UnityPy AudioClip.samples,exported,
sfx,SE_FIELD_MAT003_TAP,SE_FIELD_MAT003_TAP.wav,LocalData/93217544/0000/e6/e6d5c9ce,-7176307470077487783,172,sfx/SE_FIELD_MAT003_TAP__8466b341_-7176307470077487783.wav,774132,5fb2565c5ee344da66323007890a56eaa55911cc4c1807e53550942871d70af7,2,48000,4.0317,UnityPy AudioClip.samples,exported,
sfx,SE_M04608_i,SE_M04608_i.wav,LocalData/93217544/0000/e6/e6dec146,-5794438198344104519,164,sfx/SE_M04608_i__09a77bde_-5794438198344104519.wav,615548,8f7cac7fac84ea3a4a63d7ba52fad8824ef69c29e7c66e9fd1b0801a24b6e342,2,48000,3.2058,UnityPy AudioClip.samples,exported,
sfx,SE_M11765_g,SE_M11765_g.wav,LocalData/93217544/0000/e7/e70f9379,7473450593505453554,164,sfx/SE_M11765_g__c104309c_7473450593505453554.wav,770464,5623e8703c62297afa427ec602c886078c05ff7365328bdd420a756c3650d447,2,48000,4.0126,UnityPy AudioClip.samples,exported,
sfx,SE_SOLO_GATE078_J_MOVE_01,SE_SOLO_GATE078_J_MOVE_01.wav,LocalData/93217544/0000/e7/e7173071,-4668510559722139981,180,sfx/SE_SOLO_GATE078_J_MOVE_01__fce8dd1f_-4668510559722139981.wav,249012,66a66a36a77246b9c25b653d1011d5b7794cb242185cf030d05dcec27a2fdca3,2,48000,1.2967,UnityPy AudioClip.samples,exported,
sfx,SE_EV_ASH_BLOSSOM_v2,SE_EV_ASH_BLOSSOM_v2.wav,LocalData/93217544/0000/e7/e73efb8c,6032397941162026267,172,sfx/SE_EV_ASH_BLOSSOM_v2__1bcabd1f_6032397941162026267.wav,661396,74242a9c1620cbf76bd356450ba45ad17b73addc132ae0002345a650c984e40f,2,48000,3.4445,UnityPy AudioClip.samples,exported,
sfx,SE_M20215_h1,SE_M20215_h1.wav,LocalData/93217544/0000/e7/e76f7487,258757168215373694,164,sfx/SE_M20215_h1__77d6892d_258757168215373694.wav,462644,b1a7d27f0d4f27dbfbb01c95e05920a019949ebddf30ee5fe3f330969065a0a2,2,48000,2.4094,UnityPy AudioClip.samples,exported,
sfx,SE_M06653_h,SE_M06653_h.wav,LocalData/93217544/0000/e7/e79a4f08,-1311102624818131098,164,sfx/SE_M06653_h__aeaee697_-1311102624818131098.wav,757328,5593baaabb9979d7cd21965b46d53a8afaa8a7851c5dab237f5ae40378be0e54,2,48000,3.9442,UnityPy AudioClip.samples,exported,
sfx,SE_M04041_a,SE_M04041_a.wav,LocalData/93217544/0000/e7/e7f6100c,5877311927878270638,164,sfx/SE_M04041_a__f10b3869_5877311927878270638.wav,186796,1ab9012d3236985b6f799459ea8f7809d16072bbb926d5f57c0d790edc56a2bf,2,48000,0.9727,UnityPy AudioClip.samples,exported,
sfx,SE_FIELD_MAT038_PHASE4_R,SE_FIELD_MAT038_PHASE4_R.wav,LocalData/93217544/0000/e8/e8238560,-289212311640928098,176,sfx/SE_FIELD_MAT038_PHASE4_R__d7db45fa_-289212311640928098.wav,2001576,7e57f3f22f5d633f163bde67ef6cc0c8a60167492458b230d48467082d83f9b1,2,48000,10.4246,UnityPy AudioClip.samples,exported,
sfx,SE_LOT_SHEET_RETURN,SE_LOT_SHEET_RETURN.wav,LocalData/93217544/0000/e8/e83deaec,-5951543125157355665,172,sfx/SE_LOT_SHEET_RETURN__8d10bb20_-5951543125157355665.wav,186736,91e64384e307af72038a1580c0b2c4d4d8e7aaefc6658b75fefd1aa88c890834,2,48000,0.9724,UnityPy AudioClip.samples,exported,
sfx,SE_SOLO_3S_NOISE_2,SE_SOLO_3S_NOISE_2.wav,LocalData/93217544/0000/e8/e848dc4e,-1049917512577317892,172,sfx/SE_SOLO_3S_NOISE_2__02bc6863_-1049917512577317892.wav,487000,d8a3398e84c63cb2bb3368caf9bca8f1c5b772ac6f41fcbec405a893b5d9e4e2,2,48000,2.5362,UnityPy AudioClip.samples,exported,
sfx,SE_TEAM_CONFIRM,SE_TEAM_CONFIRM.wav,LocalData/93217544/0000/e8/e853468e,7262739603822623369,168,sfx/SE_TEAM_CONFIRM__07085ff4_7262739603822623369.wav,364752,fbf7c576edfdde70cfffa3edfc835320bf35f165e4e08d1a6eb3e29d2d90e487,2,48000,1.8995,UnityPy AudioClip.samples,exported,
sfx,SE_M13668_f,SE_M13668_f.wav,LocalData/93217544/0000/e8/e878b807,3032592090516492706,164,sfx/SE_M13668_f__a688deed_3032592090516492706.wav,761048,5d02b1e807138108163ff16f1ac601b202e09b9eae6ce0b04fad16ee8724a4d0,2,48000,3.9636,UnityPy AudioClip.samples,exported,
sfx,SE_EV_TRANSMISSION_GEAR,SE_EV_TRANSMISSION_GEAR.wav,LocalData/93217544/0000/e8/e8821c56,5078588864612590413,176,sfx/SE_EV_TRANSMISSION_GEAR__99e75b3b_5078588864612590413.wav,284164,435cec5807d3500c348cb7a5e5d3989ffacdfa59f505c3102c4bf922326d06c9,2,48000,1.4798,UnityPy AudioClip.samples,exported,
sfx,SE_M04818_e,SE_M04818_e.wav,LocalData/93217544/0000/e8/e8e45469,-4898960006681976335,164,sfx/SE_M04818_e__5ba286eb_-4898960006681976335.wav,2077724,83291747fc0e630d8ee76b35026737f5b37461dfdfe8f2724e6e2541bd0f1722,2,48000,10.8212,UnityPy AudioClip.samples,exported,
sfx,SE_M13258_h,SE_M13258_h.wav,LocalData/93217544/0000/e8/e8f59c2e,2990499109973148833,164,sfx/SE_M13258_h__d1cf7636_2990499109973148833.wav,512044,9a98fc0cf0f7ce6ccea98b5ed7fb514ef2d71fdda32a0ddce0664ed75aa83488,2,48000,2.6667,UnityPy AudioClip.samples,exported,
music,BGM_SOLO_12,BGM_SOLO_12.wav,LocalData/93217544/0000/e9/e9082356,-5281326876310726399,164,music/BGM_SOLO_12__678d6085_-5281326876310726399.wav,12543428,fa5f414ab3143b44c97168c233c374805225134641b00d77dc6883eefb605bfa,2,48000,65.3301,UnityPy AudioClip.samples,exported,
sfx,SE_M04041_i,SE_M04041_i.wav,LocalData/93217544/0000/e9/e92d983e,-4467762809039901832,164,sfx/SE_M04041_i__ab483df5_-4467762809039901832.wav,594524,2e7805cb84d9bf0a1513f58ed4afdf16ebe7f41223552c4a792d22d51c44a1d4,2,48000,3.0962,UnityPy AudioClip.samples,exported,
sfx,SE_M07188_f_lp02,SE_M07188_f_lp02.wav,LocalData/93217544/0000/e9/e930edf0,6233673118419444660,168,sfx/SE_M07188_f_lp02__b273cf27_6233673118419444660.wav,394144,0688e5b22222c68a4db17e14e67daab607879d77c069ab953406a30ee3ae1c7e,2,48000,2.0526,UnityPy AudioClip.samples,exported,
sfx,SE_FIELD_MAT039_PHASE4_P,SE_FIELD_MAT039_PHASE4_P.wav,LocalData/93217544/0000/e9/e9ef8f72,6453506593175795642,176,sfx/SE_FIELD_MAT039_PHASE4_P__8323d52d_6453506593175795642.wav,1319492,985227f17934e815795992f705e967ab5ddaadb9535239e5fc4ecb9379ca3fae,2,48000,6.8721,UnityPy AudioClip.samples,exported,
sfx,SE_SOLO_3S_MOVE_2,SE_SOLO_3S_MOVE_2.wav,LocalData/93217544/0000/ea/ea0900c8,-5453900822036321082,172,sfx/SE_SOLO_3S_MOVE_2__6ba02265_-5453900822036321082.wav,453560,0de86cd0ef6ec8cc91abf64ab4dbf9319eb765fb3125f72b0abbdd0059108dec,2,48000,2.3621,UnityPy AudioClip.samples,exported,
sfx,SE_SOLO_GATE078_M_FOOT_03,SE_SOLO_GATE078_M_FOOT_03.wav,LocalData/93217544/0000/ea/ea2aad67,-6548908081510747514,180,sfx/SE_SOLO_GATE078_M_FOOT_03__0f4a54fa_-6548908081510747514.wav,56872,b61785223e69435b202b8fdb0af863f7499a56ec2c14e0238b303e87540f3d70,2,48000,0.2960,UnityPy AudioClip.samples,exported,
sfx,SE_M04043_i,SE_M04043_i.wav,LocalData/93217544/0000/ea/eaa94c50,-286185665545435003,164,sfx/SE_M04043_i__9961cac6_-286185665545435003.wav,524204,52af6ebf5e6831469da612dd3ccf9198d7bd1cc831181a864edc1a47b56362ef,2,48000,2.7300,UnityPy AudioClip.samples,exported,
voice,V_GATE078_02_00_00_20,V_GATE078_02_00_00_20.wav,LocalData/93217544/0000/ea/eaf2ba24,4255648376395667937,176,voice/V_GATE078_02_00_00_20__9a65d039_4255648376395667937.wav,356924,9f2b5efa1b497bee7b186c76e693618dccda78c069d9c50ae75081ab30983272,1,48000,3.7175,UnityPy AudioClip.samples,exported,
sfx,SE_SOLO_3S_ALARM,SE_SOLO_3S_ALARM.wav,LocalData/93217544/0000/eb/eb3b8354,7057631153860660633,168,sfx/SE_SOLO_3S_ALARM__4f1fac1b_7057631153860660633.wav,872192,8c982bb2ed136573c75d4af3125c518e37bb4c665bed8d9418af151286ac1829,2,48000,4.5424,UnityPy AudioClip.samples,exported,
sfx,SE_M14759_h2,SE_M14759_h2.wav,LocalData/93217544/0000/eb/eb3d8e06,-758818782787333621,164,sfx/SE_M14759_h2__32400a88_-758818782787333621.wav,687444,94f8506de97e2ce0a89e0100d6e5f9e7f30633bce6f33bcda3441737a7bc114c,2,48000,3.5802,UnityPy AudioClip.samples,exported,
voice,V_GATE078_03_00_00_22,V_GATE078_03_00_00_22.wav,LocalData/93217544/0000/eb/eb3eb036,-4574288199464176031,176,voice/V_GATE078_03_00_00_22__fa329b3a_-4574288199464176031.wav,527596,177e374c8888e9235088fc37ab3ee5804d083cf41ef485f25501110f12a0329e,1,48000,5.4953,UnityPy AudioClip.samples,exported,
sfx,SE_FIELD_MAT034_TAP_P,SE_FIELD_MAT034_TAP_P.wav,LocalData/93217544/0000/eb/eb785dfc,3295327709242553943,176,sfx/SE_FIELD_MAT034_TAP_P__fe11f466_3295327709242553943.wav,2195924,a87fe88439ca5dfd6158c63215aa489fae7fd1c1430a51c9fda260b523dd88ff,2,48000,11.4369,UnityPy AudioClip.samples,exported,
music,BGM_DUEL_KEYCARD_12,BGM_DUEL_KEYCARD_12.wav,LocalData/93217544/0000/eb/ebac06a3,6611836204514810581,172,music/BGM_DUEL_KEYCARD_12__e8a5409d_6611836204514810581.wav,21786700,e0d2e6e73f03740e13e2fea91a29cd1eacabc5c06ea3fdc780bd3389a0d49af4,2,48000,113.4722,UnityPy AudioClip.samples,exported,
sfx,SE_M13896_d,SE_M13896_d.wav,LocalData/93217544/0000/eb/ebbb5a16,-438725723289468008,164,sfx/SE_M13896_d__0718d0f7_-438725723289468008.wav,846168,ac46c361553fe3b5d43c2f323ceac739ee414f402931110f63dc516e50a3127d,2,48000,4.4069,UnityPy AudioClip.samples,exported,
sfx,SE_M17405_d1,SE_M17405_d1.wav,LocalData/93217544/0000/eb/ebcbc84b,5374004247656682457,164,sfx/SE_M17405_d1__fa4ed61b_5374004247656682457.wav,447988,5b4e7cb2b4eb556608d7b35d9f933f3a8dbd9270d0051054565180bde149a5b1,2,48000,2.3330,UnityPy AudioClip.samples,exported,
sfx,SE_M21371_f,SE_M21371_f.wav,LocalData/93217544/0000/eb/ebd5d00b,-7742778166029057828,164,sfx/SE_M21371_f__60c7b0ec_-7742778166029057828.wav,129324,14b0d7e6bb4cc18bf6013151eb6628c66b6f8baab30c5a23adb2b8c3aea2df6e,2,48000,0.6733,UnityPy AudioClip.samples,exported,
sfx,SE_M06018_h,SE_M06018_h.wav,LocalData/93217544/0000/eb/ebedc21e,2833089495075686893,164,sfx/SE_M06018_h__fe84ab04_2833089495075686893.wav,475904,5841936f60c0fc9785ab39465d17ab7e99184fe4271f0ea38b029d1a302ca795,2,48000,2.4784,UnityPy AudioClip.samples,exported,
sfx,SE_M12678_c,SE_M12678_c.wav,LocalData/93217544/0000/eb/ebf2f848,-1392081696755757061,164,sfx/SE_M12678_c__9abc65b2_-1392081696755757061.wav,627620,8e8bf37514104d4a292fe3b48b06d91c4ce33325be1b3c824947123268f04513,2,48000,3.2686,UnityPy AudioClip.samples,exported,
sfx,SE_M15125_h,SE_M15125_h.wav,LocalData/93217544/0000/ec/ec03ae09,5880478657264921987,164,sfx/SE_M15125_h__90e73395_5880478657264921987.wav,756900,257d90112414655bc8bc302d6f547a7d9c07eae5446527674a2ca799162e66a9,2,48000,3.9420,UnityPy AudioClip.samples,exported,
sfx,SE_M06344_e,SE_M06344_e.wav,LocalData/93217544/0000/ec/ec38cd25,-8534060933297474662,164,sfx/SE_M06344_e__eb6db2f2_-8534060933297474662.wav,537300,edb11c693616fbc1b8fe193ce756dd77652a664278baf5724059af4f58cee426,2,48000,2.7982,UnityPy AudioClip.samples,exported,
sfx,SE_M04758_i,SE_M04758_i.wav,LocalData/93217544/0000/ec/ec6018c4,-3633655490331602141,164,sfx/SE_M04758_i__1a9e5fba_-3633655490331602141.wav,778140,696670b2d426615657049ad919876f294e11ca18654d80bb0bfd6545c1ca1aea,2,48000,4.0526,UnityPy AudioClip.samples,exported,
sfx,SE_M12678_g,SE_M12678_g.wav,LocalData/93217544/0000/ec/ec9f3c51,7677025395493499409,164,sfx/SE_M12678_g__b38bc7cd_7677025395493499409.wav,1051340,9ef29ecf221b66c16350c06f60c90caa6656bbf0573a917005ec1d66f489d945,2,48000,5.4755,UnityPy AudioClip.samples,exported,
sfx,SE_FIELD_MAT039_PHASE3_P,SE_FIELD_MAT039_PHASE3_P.wav,LocalData/93217544/0000/ec/eca099f7,1694742390111305873,176,sfx/SE_FIELD_MAT039_PHASE3_P__e4123e5c_1694742390111305873.wav,472596,b0ef8e5116dd0d91f3fce40a3d6f4222023e024e322d4a65602b862bbf5b32c2,2,48000,2.4612,UnityPy AudioClip.samples,exported,
sfx,SE_FIELD_MAT038_PHASE2_R,SE_FIELD_MAT038_PHASE2_R.wav,LocalData/93217544/0000/ec/ecaef9d2,-5815038604800228530,176,sfx/SE_FIELD_MAT038_PHASE2_R__e669f5df_-5815038604800228530.wav,576648,5a4ed3fab76a1842e558ef53ad163ffd726e133f81048399776bdde7c22050e6,2,48000,3.0031,UnityPy AudioClip.samples,exported,
music,BGM_DUEL_KEYCARD_16,BGM_DUEL_KEYCARD_16.wav,LocalData/93217544/0000/ec/ecc1c2ba,2556902978071668537,172,music/BGM_DUEL_KEYCARD_16__5a9421c7_2556902978071668537.wav,18528300,0ee4d78eb8e8f1cb6aceb7739c6eedf23d6b5ffc6dbda20b537f77e20bd5c662,2,48000,96.5013,UnityPy AudioClip.samples,exported,
sfx,SE_SOLO_GATE078_TEXTSCR_stop,SE_SOLO_GATE078_TEXTSCR_stop.wav,LocalData/93217544/0000/ec/ecccc279,-5434911865857779026,180,sfx/SE_SOLO_GATE078_TEXTSCR_stop__6c727255_-5434911865857779026.wav,195708,8162d904e2efd3f965439de5b484d35e95af15ff95ce4855d4baa17f23f8506d,2,48000,1.0191,UnityPy AudioClip.samples,exported,
sfx,SE_M19148_d1,SE_M19148_d1.wav,LocalData/93217544/0000/ec/ecd35cb8,-8404680529584643730,164,sfx/SE_M19148_d1__43619a3f_-8404680529584643730.wav,389804,1629be94ea840c2277ed950b00bcb1261f201a13fdc61451b464db2139f9336d,2,48000,2.0300,UnityPy AudioClip.samples,exported,
sfx,SE_SOLO_CONTROL_02,SE_SOLO_CONTROL_02.wav,LocalData/93217544/0000/ec/ecece864,-7127878960906165471,172,sfx/SE_SOLO_CONTROL_02__ea72cd71_-7127878960906165471.wav,133864,b2ae11bde8a886f887a83edfa0901c95f4b89d8f05b0f84e6dd3da21b8bbd400,2,48000,0.6970,UnityPy AudioClip.samples,exported,
sfx,SE_TDY_COMP_CARDSHINE,SE_TDY_COMP_CARDSHINE.wav,LocalData/93217544/0000/ed/ed62bbb5,-6174003349003089527,176,sfx/SE_TDY_COMP_CARDSHINE__fc14c7f6_-6174003349003089527.wav,260316,155626fa84ed0a798543806988123525e7356a96441f32cfad23528463e330c4,2,48000,1.3556,UnityPy AudioClip.samples,exported,
sfx,SE_FIELD_MAT039_PHASE2_P,SE_FIELD_MAT039_PHASE2_P.wav,LocalData/93217544/0000/ed/ed62f3c0,1612597429099747099,176,sfx/SE_FIELD_MAT039_PHASE2_P__134ff4c0_1612597429099747099.wav,544112,70ae65ec42ef4e529677fcb8389298e66ce903c7abfc626483807a1b5619d6b0,2,48000,2.8337,UnityPy AudioClip.samples,exported,
sfx,SE_FIELD_MAT038_PHASE3_R,SE_FIELD_MAT038_PHASE3_R.wav,LocalData/93217544/0000/ed/ed6c93e5,6327377017577142563,176,sfx/SE_FIELD_MAT038_PHASE3_R__c3ebc0ca_6327377017577142563.wav,645588,6face680caa66026a16eebd4cd224b61067504e32171ba177cf90645315077e3,2,48000,3.3622,UnityPy AudioClip.samples,exported,
voice,V_GATE078_02_00_00_24,V_GATE078_02_00_00_24.wav,LocalData/93217544/0000/ed/ed9f7e3d,-4379473231177492360,176,voice/V_GATE078_02_00_00_24__38748f95_-4379473231177492360.wav,146444,b46cdb638b397058f7c6da9d38b9c4c63d134be0867d25f3083d508bd92b5b83,1,48000,1.5250,UnityPy AudioClip.samples,exported,
sfx,SE_EV_038_NORMAL,SE_EV_038_NORMAL.wav,LocalData/93217544/0000/ed/edbde1c4,-8480294860969830325,168,sfx/SE_EV_038_NORMAL__cf23ab69_-8480294860969830325.wav,937004,84ee81f8f4ef5b8fcbac67e980b5004851e0c2f826827b9b27e01b62e39e1010,2,48000,4.8800,UnityPy AudioClip.samples,exported,
sfx,SE_SOLO_EFFECT_22,SE_SOLO_EFFECT_22.wav,LocalData/93217544/0000/ed/ede5c86e,-4801091654532294432,172,sfx/SE_SOLO_EFFECT_22__5f0ae37b_-4801091654532294432.wav,778592,50b3513ed9d84d7318a41260da038563b82263d833cf2cdca82b2eba4a64a524,2,44100,4.4135,UnityPy AudioClip.samples,exported,
sfx,SE_M06653_d,SE_M06653_d.wav,LocalData/93217544/0000/ee/ee2c0323,-1430239564452894274,164,sfx/SE_M06653_d__77899931_-1430239564452894274.wav,377360,b653c120b03237d8e19b1511f246e6d0e1856844b574748a9ea8493fa373d7d5,2,48000,1.9652,UnityPy AudioClip.samples,exported,
sfx,SE_M03415_d1,SE_M03415_d1.wav,LocalData/93217544/0000/ee/ee4ec576,6230702420572672280,164,sfx/SE_M03415_d1__04491dad_6230702420572672280.wav,588844,5000cffc3eb8083fdcdc56e18f4674a70876110aefda3b4ba5d9d4c5bfe1d98c,2,48000,3.0667,UnityPy AudioClip.samples,exported,
music,BGM_SOLO_16,BGM_SOLO_16.wav,LocalData/93217544/0000/ee/ee65e74f,3518646440410333972,164,music/BGM_SOLO_16__04798c27_3518646440410333972.wav,15919724,f51225ef776df21f68c79ac10b3f10bf3a3ea5d5506ddd72ad62995b50c7372f,2,48000,82.9150,UnityPy AudioClip.samples,exported,
sfx,SE_SOLO_CROWD_LOOP,SE_SOLO_CROWD_LOOP.wav,LocalData/93217544/0000/ee/ee73e778,-728783106984982913,172,sfx/SE_SOLO_CROWD_LOOP__1a4ff816_-728783106984982913.wav,2801324,eae7ca15d97026f723bf548abc665778d1f7dbb9271581317e2b39534315f050,2,48000,14.5900,UnityPy AudioClip.samples,exported,
sfx,SE_M09903_d1,SE_M09903_d1.wav,LocalData/93217544/0000/ee/eeabff8a,-855978061904881041,164,sfx/SE_M09903_d1__d34e83cd_-855978061904881041.wav,441316,245d25b2178e9f72d3d74f31bb3d0d40afb7d07128363376005803f6a9ffee5b,2,48000,2.2983,UnityPy AudioClip.samples,exported,
sfx,SE_M21371_f_loop_B,SE_M21371_f_loop_B.wav,LocalData/93217544/0000/ee/eeb2f97a,2652316538600668718,172,sfx/SE_M21371_f_loop_B__5a49a18b_2652316538600668718.wav,354604,c31df31c09f0f10d453baa99c107548f333a9bb16d33acd52b645b1d486ef8d4,2,48000,1.8467,UnityPy AudioClip.samples,exported,
sfx,SE_CF_GET_TEXT,SE_CF_GET_TEXT.wav,LocalData/93217544/0000/ee/eec68bb2,4037097716219583992,168,sfx/SE_CF_GET_TEXT__0ec2adc8_4037097716219583992.wav,217828,68b58ee129ca3e2aced52e200923435b492a10000bf7fde98dc3444fd4052b1f,2,48000,1.1343,UnityPy AudioClip.samples,exported,
sfx,SE_FIELD_MAT038_PHASE1_R,SE_FIELD_MAT038_PHASE1_R.wav,LocalData/93217544/0000/ee/eee8478b,6241536350495441242,176,sfx/SE_FIELD_MAT038_PHASE1_R__5b05a4b2_6241536350495441242.wav,567800,7b8054454cd9f5ec4f547a6d4d9c766087886cabfa15dae1b0876a8c77bccda2,2,48000,2.9571,UnityPy AudioClip.samples,exported,
sfx,SE_FIELD_MAT035_TAP,SE_FIELD_MAT035_TAP.wav,LocalData/93217544/0000/ef/ef014ec0,-6836368973897553578,172,sfx/SE_FIELD_MAT035_TAP__9c6670c4_-6836368973897553578.wav,1469524,4579dd02bd4f922303ad5724b25a4c48fd40a61dc846a6fd429b24bfeb5903e0,2,48000,7.6535,UnityPy AudioClip.samples,exported,
sfx,SE_SOLO_WHOOSH_04,SE_SOLO_WHOOSH_04.wav,LocalData/93217544/0000/ef/ef206e0c,-31664798327656952,172,sfx/SE_SOLO_WHOOSH_04__1132652f_-31664798327656952.wav,1041440,439ff4da197a7917335c974d8ccf2ae85085dc838df599a5d3713d5b637f59af,2,44100,5.9036,UnityPy AudioClip.samples,exported,
sfx,SE_PACK_PROC_RARE_02,SE_PACK_PROC_RARE_02.wav,LocalData/93217544/0000/ef/ef2345a4,2118663935251490003,172,sfx/SE_PACK_PROC_RARE_02__5fd17c42_2118663935251490003.wav,622128,92717ca17ec2ec1195dd5952b7bf2f2ee4f3a345194a40ee1bd74581be9c959b,2,48000,3.2400,UnityPy AudioClip.samples,exported,
sfx,SE_FIELD_MAT039_PHASE1_P,SE_FIELD_MAT039_PHASE1_P.wav,LocalData/93217544/0000/ef/ef244d99,6207246008043028277,176,sfx/SE_FIELD_MAT039_PHASE1_P__5c440051_6207246008043028277.wav,460232,450f47e8cd2344aa19e2f8449268ac99bbe2b6570b57f6971b5b5ec22616adc7,2,48000,2.3968,UnityPy AudioClip.samples,exported,
sfx,SE_LOT_CARDSET,SE_LOT_CARDSET.wav,LocalData/93217544/0000/ef/ef260837,2589790229258018039,168,sfx/SE_LOT_CARDSET__f51ec2d8_2589790229258018039.wav,50824,0e139732376ac1e466801ff97faab427c7a69a80a2fa5056bb1763837586ab91,2,48000,0.2645,UnityPy AudioClip.samples,exported,
sfx,SE_RESULT_REWARD_01,SE_RESULT_REWARD_01.wav,LocalData/93217544/0000/ef/ef58b1d8,-8985526307515138029,172,sfx/SE_RESULT_REWARD_01__246a9474_-8985526307515138029.wav,325272,b78cc979b600f994440c2177850adcf8269dd31bf725a2e6ab543a802e403d4c,2,48000,1.6939,UnityPy AudioClip.samples,exported,
sfx,SE_M04608_e,SE_M04608_e.wav,LocalData/93217544/0000/ef/ef688d6d,7187600286761436437,164,sfx/SE_M04608_e__5534b5e7_7187600286761436437.wav,355868,b46a1e824b73b82ca254200ea5d5eea5a708e64e9d5309650ec197ff8dc83349,2,48000,1.8533,UnityPy AudioClip.samples,exported,
sfx,SE_M20196_d1,SE_M20196_d1.wav,LocalData/93217544/0000/ef/ef8bad0a,-1888428478613580665,164,sfx/SE_M20196_d1__76a04f07_-1888428478613580665.wav,775212,f0ce929535533c8d3eb38bb49a263c27ed4a5788c07392794e09c3da8e0942b5,2,48000,4.0373,UnityPy AudioClip.samples,exported,
sfx,SE_M04044_i,SE_M04044_i.wav,LocalData/93217544/0000/ef/efe65ad5,7104668731306592063,164,sfx/SE_M04044_i__b107e0d1_7104668731306592063.wav,655088,d28003582a5e84c0522cc3e634d4d67fda69973c9a9cc9522ba8f8769cfc1a89,2,48000,3.4117,UnityPy AudioClip.samples,exported,
sfx,SE_CF_GET_NORMAL,SE_CF_GET_NORMAL.wav,LocalData/93217544/0000/ef/efff5893,-9158034375667700396,168,sfx/SE_CF_GET_NORMAL__8189409a_-9158034375667700396.wav,366008,d5f94a444c9c23e5b92472a54c287891bc36feaf425150e0e730e40096a4d5b6,2,48000,1.9061,UnityPy AudioClip.samples,exported,
music,BGM_SOLO_02,BGM_SOLO_02.wav,LocalData/93217544/0000/f0/f0131217,-7184178684114455392,164,music/BGM_SOLO_02__0e5de0d1_-7184178684114455392.wav,13337644,adc749808eef94bfb0307bfc58c443454f61e8661c57359db25708c544077c52,2,48000,69.4667,UnityPy AudioClip.samples,exported,
sfx,SE_FIELD_MAT036_PHASE1_R,SE_FIELD_MAT036_PHASE1_R.wav,LocalData/93217544/0000/f0/f0217738,2961789629644915133,176,sfx/SE_FIELD_MAT036_PHASE1_R__3af1cf67_2961789629644915133.wav,604108,047d9d959a92a19b9ca1f25c264166dbbea324e62717ba20899c3aab09242110,2,48000,3.1462,UnityPy AudioClip.samples,exported,
sfx,SE_M13060_e,SE_M13060_e.wav,LocalData/93217544/0000/f0/f0224da5,-4512192576655588790,164,sfx/SE_M13060_e__a5b6c966_-4512192576655588790.wav,840916,ae30ef9d4936825d41afbd4a3cae43bb5975d1bf71652e57eaefa78750bdd871,2,48000,4.3795,UnityPy AudioClip.samples,exported,
sfx,SE_M07188_g,SE_M07188_g.wav,LocalData/93217544/0000/f0/f0666a10,1412031057199945393,164,sfx/SE_M07188_g__10431c45_1412031057199945393.wav,580120,e3730d3b0ebc0d509569b5056d3adf79c81f99f17eae8a7e4e9fb6c3a08af641,2,48000,3.0212,UnityPy AudioClip.samples,exported,
sfx,SE_M15245_e,SE_M15245_e.wav,LocalData/93217544/0000/f0/f079f7b8,-7360215302229465593,164,sfx/SE_M15245_e__1b5e3607_-7360215302229465593.wav,762552,29c3b271f80d33422d3231a510572445e4a20e3b69e76b3d9302f1392f2a43a8,2,48000,3.9714,UnityPy AudioClip.samples,exported,
sfx,SE_M10747_f_lp01,SE_M10747_f_lp01.wav,LocalData/93217544/0000/f0/f0ad7459,4948978983488955964,168,sfx/SE_M10747_f_lp01__84ce8139_4948978983488955964.wav,475180,a853b647d618b62ee31fe31f537e8d12f9e0b4c9d8f177fa5732a74d34fa735d,2,48000,2.4747,UnityPy AudioClip.samples,exported,
sfx,SE_SYS_VS_COUNT,SE_SYS_VS_COUNT.wav,LocalData/93217544/0000/f0/f0b563e3,3691398184703752109,168,sfx/SE_SYS_VS_COUNT__e6f5d79c_3691398184703752109.wav,605664,971c3c8717faab9011e6b4697c6002bb955573168cc4478b91cf44fd0e107d4c,2,48000,3.1543,UnityPy AudioClip.samples,exported,
sfx,SE_M21965_d,SE_M21965_d.wav,LocalData/93217544/0000/f0/f0de663f,771279865704053018,164,sfx/SE_M21965_d__8878ddc7_771279865704053018.wav,664272,0f2f4a3ee2171e64c7e21b1aa653d64c1e69b175b61039d33d8448cff6a66fa4,2,48000,3.4595,UnityPy AudioClip.samples,exported,
sfx,SE_M04043_h1,SE_M04043_h1.wav,LocalData/93217544/0000/f1/f146264e,-8829356076498489293,164,sfx/SE_M04043_h1__56171a59_-8829356076498489293.wav,809088,19de0f18ac0cf798d0cc5a5f3cc94682c65c750de52b37eed6d38d371632712d,2,48000,4.2138,UnityPy AudioClip.samples,exported,
sfx,SE_FIELD_MAT506_PHASE1_R,SE_FIELD_MAT506_PHASE1_R.wav,LocalData/93217544/0000/f1/f1606629,2457470048838881810,176,sfx/SE_FIELD_MAT506_PHASE1_R__1b630d42_2457470048838881810.wav,600628,fcc3c88700bbd8879d63144aced5584381c90027b6269446bda4068896203b27,2,48000,3.1280,UnityPy AudioClip.samples,exported,
sfx,SE_SOLO_COMICAL_SHOCK,SE_SOLO_COMICAL_SHOCK.wav,LocalData/93217544/0000/f1/f18b46aa,8958567881762385049,176,sfx/SE_SOLO_COMICAL_SHOCK__291a9051_8958567881762385049.wav,1296048,543ab1828513212d834ffd86e6f2c9cf6068d308012c57d9cf4ee8aa84899b95,2,48000,6.7500,UnityPy AudioClip.samples,exported,
sfx,SE_M17452_h,SE_M17452_h.wav,LocalData/93217544/0000/f1/f1b3ae4e,3806613518789389915,164,sfx/SE_M17452_h__0e9f41f2_3806613518789389915.wav,438136,58cc382896012f640e5f97a6a0174bac9c125e6b0ddb890588f0d59febd67ef8,2,48000,2.2817,UnityPy AudioClip.samples,exported,
sfx,SE_FIELD_MAT050_TAP,SE_FIELD_MAT050_TAP.wav,LocalData/93217544/0000/f1/f1b822ad,-463164031920955442,172,sfx/SE_FIELD_MAT050_TAP__477000c2_-463164031920955442.wav,844872,286e49130ddf0c1a8b4031a41c8d3ecc8eb360ab7d4eebb7f388eeba3e5ce276,2,48000,4.4001,UnityPy AudioClip.samples,exported,
sfx,SE_M15726_g,SE_M15726_g.wav,LocalData/93217544/0000/f1/f1baf861,2819238755421309569,164,sfx/SE_M15726_g__3e5b6ecc_2819238755421309569.wav,623568,39f528dae1aae3b2418ac13c0200c943beb11451d7123119e3fa1712f8828427,2,48000,3.2475,UnityPy AudioClip.samples,exported,
sfx,SE_FIELD_MAT045_TAP,SE_FIELD_MAT045_TAP.wav,LocalData/93217544/0000/f2/f2047e78,3303976285886454964,172,sfx/SE_FIELD_MAT045_TAP__89d77208_3303976285886454964.wav,923548,767b5052f6a90ea1a7bb15e1ec1e752dedf7d3e68d6910f2f7b38b63230da61c,2,48000,4.8099,UnityPy AudioClip.samples,exported,
sfx,SE_SOLO_HIKARI_02,SE_SOLO_HIKARI_02.wav,LocalData/93217544/0000/f2/f2094db1,-684242601359091964,172,sfx/SE_SOLO_HIKARI_02__dbff1071_-684242601359091964.wav,1001356,b41067d49e782959e73ab627a831e653f3cc000cb97b99d73dc9a96719a78860,2,48000,5.2152,UnityPy AudioClip.samples,exported,
sfx,SE_M09285_f,SE_M09285_f.wav,LocalData/93217544/0000/f2/f213d275,-5692845844665642871,164,sfx/SE_M09285_f__f2296018_-5692845844665642871.wav,354260,73986b00dc523d5cd549afc4ffdd96ef867cc6d5196ec4007df67025f0a0a3d9,2,48000,1.8449,UnityPy AudioClip.samples,exported,
sfx,SE_FIELD_MAT034_PHASE4_R,SE_FIELD_MAT034_PHASE4_R.wav,LocalData/93217544/0000/f2/f21f65ee,-6570624605513907322,176,sfx/SE_FIELD_MAT034_PHASE4_R__d81184aa_-6570624605513907322.wav,1354684,29444e05f7aedfd14d58f537d33fefbf240d2d4b515113f59adde09d6673d44a,2,48000,7.0554,UnityPy AudioClip.samples,exported,
sfx,SE_FIELD_MAT036_PHASE2_R,SE_FIELD_MAT036_PHASE2_R.wav,LocalData/93217544/0000/f2/f267c961,-5220649520733701285,176,sfx/SE_FIELD_MAT036_PHASE2_R__4372aeb0_-5220649520733701285.wav,613300,60269a0cb7d18aab32c253b6143cc0925b1ea1bba5f409c069e6bbd7a9032f86,2,48000,3.1940,UnityPy AudioClip.samples,exported,
sfx,SE_FIELD_MAT006_TAP_P,SE_FIELD_MAT006_TAP_P.wav,LocalData/93217544/0000/f2/f2684b36,-8533828626397391529,176,sfx/SE_FIELD_MAT006_TAP_P__430d6deb_-8533828626397391529.wav,902448,322463faaa35092012b43677ccc78bed961f463a598d45a671e12ab1763f72f9,2,48000,4.7000,UnityPy AudioClip.samples,exported,
sfx,SE_M04007_f,SE_M04007_f.wav,LocalData/93217544/0000/f2/f27d6e4a,-6015886198887136077,164,sfx/SE_M04007_f__73da3c21_-6015886198887136077.wav,922984,98ade96881380d7546dcecb381aa81a47e56200e343a555fb8f0c29190077ede,2,48000,4.8070,UnityPy AudioClip.samples,exported,
music,BGM_DUEL_KEYCARD_02,BGM_DUEL_KEYCARD_02.wav,LocalData/93217544/0000/f2/f2b737e2,-1912517681834890599,172,music/BGM_DUEL_KEYCARD_02__8ebdc41d_-1912517681834890599.wav,26059456,ae3d8a2d0facc543a839532a37adac966bdc7fe8ba87c4b06eb242c1e6d31a91,2,48000,135.7261,UnityPy AudioClip.samples,exported,
sfx,SE_SOLO_KAMINARI_01,SE_SOLO_KAMINARI_01.wav,LocalData/93217544/0000/f2/f2bd3722,-6159492210679101858,172,sfx/SE_SOLO_KAMINARI_01__9cf345d7_-6159492210679101858.wav,467076,92e7970b758adf27f25c40f2a29c1580d34f77de0de4120df8e1cf3d23a622d8,2,44100,2.6476,UnityPy AudioClip.samples,exported,
sfx,SE_FIELD_MAT045_OP_02,SE_FIELD_MAT045_OP_02.wav,LocalData/93217544/0000/f2/f2daf919,-747219502002228825,176,sfx/SE_FIELD_MAT045_OP_02__6ed18e14_-747219502002228825.wav,1009976,f8baeaf8634de25c690d37f1a64d65e008e2a60e10f70f72f35769d0c1bc0cc7,2,48000,5.2601,UnityPy AudioClip.samples,exported,
sfx,SE_FIELD_MAT506_PHASE3_R,SE_FIELD_MAT506_PHASE3_R.wav,LocalData/93217544/0000/f2/f2e4b247,-7935319498763474600,176,sfx/SE_FIELD_MAT506_PHASE3_R__761fcc5f_-7935319498763474600.wav,519676,af363e4252aee4d6a3d5f72c6fd779fefc440630ad5647006dd2838e8662645d,2,48000,2.7064,UnityPy AudioClip.samples,exported,
sfx,SE_M04041_SD_d1,SE_M04041_SD_d1.wav,LocalData/93217544/0000/f3/f30411ac,-4319035625532919154,168,sfx/SE_M04041_SD_d1__f64b926b_-4319035625532919154.wav,97768,499dcdb9e79743ca4ec8c0b4ea4bbf399a644b8ccdee42f91697a1336bf9c70c,2,48000,0.5090,UnityPy AudioClip.samples,exported,
sfx,SE_SOLO_GATE078_M_MOVE_04,SE_SOLO_GATE078_M_MOVE_04.wav,LocalData/93217544/0000/f3/f31ca937,-3694730012895276730,180,sfx/SE_SOLO_GATE078_M_MOVE_04__2cfed292_-3694730012895276730.wav,160432,08b9420936ea52a70ef987a53b8e11706992a992045e2b0fe56d10ffa36e72d5,2,48000,0.8354,UnityPy AudioClip.samples,exported,
sfx,SE_DPASS_ACQUIRE,SE_DPASS_ACQUIRE.wav,LocalData/93217544/0000/f3/f32074d7,-3678359409308349455,168,sfx/SE_DPASS_ACQUIRE__a426eac5_-3678359409308349455.wav,135056,b5b06e952275b6d72f76acc146f3563562d4e1a7019c1b133cadf3fc9455d8cd,2,48000,0.7032,UnityPy AudioClip.samples,exported,
sfx,SE_M04758_f_loop_v1,SE_M04758_f_loop_v1.wav,LocalData/93217544/0000/f3/f32223eb,-7699518484725019844,172,sfx/SE_M04758_f_loop_v1__afd5755c_-7699518484725019844.wav,508252,1c24a17cf305fcb03b3868fab552bfad480919c058cddcba0b2472fac2e3ac04,2,48000,2.6469,UnityPy AudioClip.samples,exported,
sfx,SE_FIELD_MAT506_PHASE2_R,SE_FIELD_MAT506_PHASE2_R.wav,LocalData/93217544/0000/f3/f326d870,775237653931538691,176,sfx/SE_FIELD_MAT506_PHASE2_R__71deaba7_775237653931538691.wav,545972,0f0d11b0e4f93434c03126a41156f3c5767162dc63ecfac3984353686a976148,2,48000,2.8434,UnityPy AudioClip.samples,exported,
sfx,SE_M15245_h1,SE_M15245_h1.wav,LocalData/93217544/0000/f3/f338d3b3,-7624389156565488585,164,sfx/SE_M15245_h1__9d558f4f_-7624389156565488585.wav,507612,8ce4137c384f24176f3d5420992f492741b3edaf20ce111f5dfa020bca4d6ed8,2,48000,2.6436,UnityPy AudioClip.samples,exported,
sfx,SE_SOLO_S_GARATEA,SE_SOLO_S_GARATEA.wav,LocalData/93217544/0000/f3/f34da9fe,1003606569677320813,172,sfx/SE_SOLO_S_GARATEA__834925a0_1003606569677320813.wav,1794852,1208348644df1e976e1774c37da1cc90a51bfbbb3c6f96728d370b2ded103b24,2,48000,9.3480,UnityPy AudioClip.samples,exported,
sfx,SE_M13258_d1,SE_M13258_d1.wav,LocalData/93217544/0000/f3/f35758e8,2859073502267864742,164,sfx/SE_M13258_d1__7b68bd7d_2859073502267864742.wav,371244,4a96a458dfde162bebc89e2858c12317365b7d00b70fd7a0f62ef1720d9fe261,2,48000,1.9333,UnityPy AudioClip.samples,exported,
sfx,SE_FIELD_MAT504_PHASE4_R,SE_FIELD_MAT504_PHASE4_R.wav,LocalData/93217544/0000/f3/f35e74ff,6259060660475425284,176,sfx/SE_FIELD_MAT504_PHASE4_R__f21b0cf1_6259060660475425284.wav,580616,a6e71de194d05a05b8b30becdb5863ff33e83d6837ab054130e59ef8eb56df3c,2,48000,3.0238,UnityPy AudioClip.samples,exported,
sfx,SE_M10468_h,SE_M10468_h.wav,LocalData/93217544/0000/f3/f394b4ce,7028613001781553288,164,sfx/SE_M10468_h__373e672c_7028613001781553288.wav,379936,66d28cd0d8079aaf13b96feb2b7ce966e7b4df75c4e115b5e1b4fa38202319a6,2,48000,1.9786,UnityPy AudioClip.samples,exported,
sfx,SE_FIELD_MAT036_PHASE3_R,SE_FIELD_MAT036_PHASE3_R.wav,LocalData/93217544/0000/f3/f3a5a356,148151479150806247,176,sfx/SE_FIELD_MAT036_PHASE3_R__fc1d5eb5_148151479150806247.wav,465204,42411890ebfbb3ce238a5967bc54f72f0d6778177e5bf5ef1bed76827449944f,2,48000,2.4227,UnityPy AudioClip.samples,exported,
sfx,SE_M12642_g,SE_M12642_g.wav,LocalData/93217544/0000/f3/f3bd1669,3588233182901818326,164,sfx/SE_M12642_g__f50f40dc_3588233182901818326.wav,848364,45ddcc9e57b26762e90eb4ca079143fd69931ca94deaf690cad202065dc3c77d,2,48000,4.4183,UnityPy AudioClip.samples,exported,
sfx,SE_FIELD_MAT035_PHASE4_P,SE_FIELD_MAT035_PHASE4_P.wav,LocalData/93217544/0000/f3/f3d36ffc,-7376251085692413987,176,sfx/SE_FIELD_MAT035_PHASE4_P__df08d9b5_-7376251085692413987.wav,511008,b1aaddd5e3ea81bb1a96754fdc575d7c65cad321d2bd6f54f690f179f40c0f6b,2,48000,2.6613,UnityPy AudioClip.samples,exported,
sfx,SE_M15527_j,SE_M15527_j.wav,LocalData/93217544/0000/f4/f409bd8b,-2484561380451219784,164,sfx/SE_M15527_j__f002f8e5_-2484561380451219784.wav,702760,6001433a6d3a10380976f5d29c6994036f8c72a6e11ff51ec358df5dd341143d,2,48000,3.6600,UnityPy AudioClip.samples,exported,
sfx,SE_M18193_i,SE_M18193_i.wav,LocalData/93217544/0000/f4/f41676f2,-3448802136278711271,164,sfx/SE_M18193_i__2d3734e8_-3448802136278711271.wav,968696,5724ebc0bb71dbcc0474409f37981f40700b28fc5082f3649f2d5216c5b69e34,2,48000,5.0451,UnityPy AudioClip.samples,exported,
sfx,SE_DR_CARDGET,SE_DR_CARDGET.wav,LocalData/93217544/0000/f4/f43a9ac4,-1098434625910362071,168,sfx/SE_DR_CARDGET__41a00246_-1098434625910362071.wav,393020,6942ea307c79075dbc7568975cc75bb634e025b3c00402d70d7f29cbb0ff4c1f,2,48000,2.0467,UnityPy AudioClip.samples,exported,
sfx,SE_M04844_c_lp01,SE_M04844_c_lp01.wav,LocalData/93217544/0000/f4/f4988669,4172312240677648501,168,sfx/SE_M04844_c_lp01__cb2ca6df_4172312240677648501.wav,503896,206bf4f56c55b0bced3f21291755b2f5e00b27688c559cbe589e2db7b3ffb55d,2,48000,2.6242,UnityPy AudioClip.samples,exported,
sfx,SE_M12070_d,SE_M12070_d.wav,LocalData/93217544/0000/f4/f4c5c9f3,7102497080801859794,164,sfx/SE_M12070_d__3ed5ca1f_7102497080801859794.wav,349784,76de01efcdd0e9aaa733abc1df32b0c4db1883ed982d0f493dfa4b8d9b38cf27,2,48000,1.8216,UnityPy AudioClip.samples,exported,
sfx,SE_M12642_c,SE_M12642_c.wav,LocalData/93217544/0000/f4/f4d0d270,2221850673638889942,164,sfx/SE_M12642_c__6f603ba7_2221850673638889942.wav,487356,995efcc1e05c9cb28d09e1af24109a75de3f916d48465fa3c9fe8c1c59dd0804,2,48000,2.5381,UnityPy AudioClip.samples,exported,
sfx,SE_FIELD_MAT034_PHASE1_R,SE_FIELD_MAT034_PHASE1_R.wav,LocalData/93217544/0000/f4/f4d4a705,904872749418335478,176,sfx/SE_FIELD_MAT034_PHASE1_R__db525079_904872749418335478.wav,878936,c962975300fd09a05c3d73eb433837656b4135451c0e6fd0f95b290af941c4f3,2,48000,4.5776,UnityPy AudioClip.samples,exported,
sfx,SE_SOLO_WAFU_EFFECT_03,SE_SOLO_WAFU_EFFECT_03.wav,LocalData/93217544/0000/f4/f4ee0d71,2889306580731150002,176,sfx/SE_SOLO_WAFU_EFFECT_03__6a57a475_2889306580731150002.wav,1270204,7a7565bbfbe151b7be44548a4e70f911798688e4220583c4b4656b704c7de7bc,2,48000,6.6154,UnityPy AudioClip.samples,exported,
sfx,SE_DECK_BOOSTCRAFT_SHINE,SE_DECK_BOOSTCRAFT_SHINE.wav,LocalData/93217544/0000/f5/f50281ac,6300435481638709702,176,sfx/SE_DECK_BOOSTCRAFT_SHINE__b9fd37c2_6300435481638709702.wav,749660,82c4b1d34131ffd1ab37c1eaf311124d7e7673877a3437a38762b91bff203977,2,48000,3.9043,UnityPy AudioClip.samples,exported,
sfx,SE_M12642_f_2,SE_M12642_f_2.wav,LocalData/93217544/0000/f5/f504fed1,-8116993561840216120,168,sfx/SE_M12642_f_2__fbf8a34a_-8116993561840216120.wav,376348,f57e3c26a3c39da25dc1f8ecf0a9818e9448569e3c9af845d941568b65ddfada,2,48000,1.9599,UnityPy AudioClip.samples,exported,
sfx,SE_M19188_d,SE_M19188_d.wav,LocalData/93217544/0000/f5/f512516e,-5228679168504153786,164,sfx/SE_M19188_d__7ba53be8_-5228679168504153786.wav,640044,6373aafcacc307ea6effc002796c158e5480e31a1b4374eee2741f3b626bfee8,2,48000,3.3333,UnityPy AudioClip.samples,exported,
sfx,SE_FIELD_MAT035_PHASE1_P,SE_FIELD_MAT035_PHASE1_P.wav,LocalData/93217544/0000/f5/f518ad17,-4270865957885447802,176,sfx/SE_FIELD_MAT035_PHASE1_P__a0cdbc94_-4270865957885447802.wav,465400,178a620237ca7290e017e8e12c21137f89df03e0326cf47f233cb66b4c2a7695,2,48000,2.4237,UnityPy AudioClip.samples,exported,
sfx,SE_M13011_f,SE_M13011_f.wav,LocalData/93217544/0000/f5/f53e4e91,393428415330310367,164,sfx/SE_M13011_f__1033ebb4_393428415330310367.wav,325416,3b709193f3e60e780a18a8fcdbcfe137013a7d4eb69f18491b05d5396aa05144,2,48000,1.6946,UnityPy AudioClip.samples,exported,
sfx,SE_SOLO_GATE078_LINE_03,SE_SOLO_GATE078_LINE_03.wav,LocalData/93217544/0000/f5/f551c4b1,-4775348955003810845,176,sfx/SE_SOLO_GATE078_LINE_03__68de3aea_-4775348955003810845.wav,869816,920cb3eeac015fe11b3c638bcf4714ea791337de9d76ba40ba01e7951b98fdc7,2,48000,4.5301,UnityPy AudioClip.samples,exported,
sfx,SE_MONSTERATTACK_BE_01,SE_MONSTERATTACK_BE_01.wav,LocalData/93217544/0000/f5/f5663d66,-3812210055485954735,176,sfx/SE_MONSTERATTACK_BE_01__01c74bb7_-3812210055485954735.wav,594144,bef64d5aa9aa6e97c4de559a0754c5983a349ead11f7fac56100e8a8d364dec5,2,48000,3.0943,UnityPy AudioClip.samples,exported,
sfx,SE_FIELD_MAT504_PHASE1_R,SE_FIELD_MAT504_PHASE1_R.wav,LocalData/93217544/0000/f5/f595b614,-4925278779219928146,176,sfx/SE_FIELD_MAT504_PHASE1_R__53c93d66_-4925278779219928146.wav,581916,ace24ebeb7fe9981235fd7bc63b3db3cfc36d4c267167ea14e0f0625fff1a9ed,2,48000,3.0306,UnityPy AudioClip.samples,exported,
sfx,SE_M04044_h2,SE_M04044_h2.wav,LocalData/93217544/0000/f5/f5984f4d,-338502062831419338,164,sfx/SE_M04044_h2__9793dadf_-338502062831419338.wav,536300,f13abd540d17037d55a07316a68338f441732ac61a1715ff4edb5e584dac409b,2,48000,2.7930,UnityPy AudioClip.samples,exported,
music,BGM_DUEL_DC01_KEYCARD,BGM_DUEL_DC01_KEYCARD.wav,LocalData/93217544/0000/f5/f5c0fad7,-6455726334838408344,176,music/BGM_DUEL_DC01_KEYCARD__17125bf1_-6455726334838408344.wav,24391724,23e3441db0769b887e54628621b29d14e0a75a3240ddd841e939d109c4c3e389,2,48000,127.0400,UnityPy AudioClip.samples,exported,
music,BGM_DUEL_KEYCARD_06,BGM_DUEL_KEYCARD_06.wav,LocalData/93217544/0000/f5/f5daf3fb,-3888624616061315160,172,music/BGM_DUEL_KEYCARD_06__745d8b83_-3888624616061315160.wav,23291396,17abb770ac14555a23edd9db28d2a12a92c7edd368c372de5250d5c38a994946,2,48000,121.3091,UnityPy AudioClip.samples,exported,
sfx,SE_FIELD_MAT504_PHASE3_R,SE_FIELD_MAT504_PHASE3_R.wav,LocalData/93217544/0000/f6/f611627a,-8465808015920118353,176,sfx/SE_FIELD_MAT504_PHASE3_R__2f499049_-8465808015920118353.wav,459756,062fec710748644843f2209860d23fd181666cb93ad907674343cec01957cbb9,2,48000,2.3943,UnityPy AudioClip.samples,exported,
sfx,SE_FIELD_MAT043_OP_02,SE_FIELD_MAT043_OP_02.wav,LocalData/93217544/0000/f6/f61d9bda,-2383766151619673224,176,sfx/SE_FIELD_MAT043_OP_02__8623b8e7_-2383766151619673224.wav,1187352,b23522caeb92ae6589f3beb7b58d8094c54e04e2af3f9feb7982719d7c0dc342,2,48000,6.1839,UnityPy AudioClip.samples,exported,
sfx,SE_M14240_h2_lp01,SE_M14240_h2_lp01.wav,LocalData/93217544/0000/f6/f631a04e,-9123106151423286430,172,sfx/SE_M14240_h2_lp01__22e51dec_-9123106151423286430.wav,536496,345bb76be60798d91fb5d02924606924b4858ffe93fd7cfd9c90e77cc12e8fde,2,48000,2.7940,UnityPy AudioClip.samples,exported,
sfx,SE_DR_GOAL,SE_DR_GOAL.wav,LocalData/93217544/0000/f6/f68358f0,224359353122223361,164,sfx/SE_DR_GOAL__ec4fe547_224359353122223361.wav,510764,dfa4cdba5a94f0181f3e380af4810032f3546354be7087b8d6c9f6a868e00fad,2,48000,2.6600,UnityPy AudioClip.samples,exported,
sfx,SE_FIELD_MAT034_PHASE2_R,SE_FIELD_MAT034_PHASE2_R.wav,LocalData/93217544/0000/f6/f692195c,882604158200235016,176,sfx/SE_FIELD_MAT034_PHASE2_R__76767171_882604158200235016.wav,991732,74aaa89632dd80b713da9d58633fa3108482a1fa0a9c3b4654133bcf53625936,2,48000,5.1650,UnityPy AudioClip.samples,exported,
sfx,SE_FIELD_MAT035_PHASE3_P,SE_FIELD_MAT035_PHASE3_P.wav,LocalData/93217544/0000/f6/f69c7979,9043617246143234721,176,sfx/SE_FIELD_MAT035_PHASE3_P__a07038d2_9043617246143234721.wav,471352,958d2ca2f668d8f3f0f439d26a90678826114a9b9df0374ada3a6e729d4909ee,2,48000,2.4547,UnityPy AudioClip.samples,exported,
sfx,SE_M12441_h2,SE_M12441_h2.wav,LocalData/93217544/0000/f6/f6adc8cd,-8717696223636942405,164,sfx/SE_M12441_h2__f1850d4d_-8717696223636942405.wav,684264,8ed0d1151623951b91d5f2e69c3e356838f5bca89d1658d03844d98a2dd31943,2,48000,3.5636,UnityPy AudioClip.samples,exported,
sfx,SE_EV_DESTINYBOARD,SE_EV_DESTINYBOARD.wav,LocalData/93217544/0000/f6/f6d54707,5060753087435037303,172,sfx/SE_EV_DESTINYBOARD__6a591683_5060753087435037303.wav,1859268,1493f0336ef6ee6fb05e7380c7d77003fdf02bc06866b2dfbc2b117de2a2ca58,2,48000,9.6835,UnityPy AudioClip.samples,exported,
sfx,SE_M15726_c,SE_M15726_c.wav,LocalData/93217544/0000/f6/f6d73c78,1558429442094030674,164,sfx/SE_M15726_c__1783c1a4_1558429442094030674.wav,636284,d412482b279e160ad05922461ee2d65a8e0be0c7e294aceb40e914aa0f8293ec,2,48000,3.3138,UnityPy AudioClip.samples,exported,
sfx,SE_FIELD_MAT036_PHASE4_R,SE_FIELD_MAT036_PHASE4_R.wav,LocalData/93217544/0000/f6/f6eab5d3,8292980152124807524,176,sfx/SE_FIELD_MAT036_PHASE4_R__b473757f_8292980152124807524.wav,653240,937e7c23fe9fc4ddbf32dacdeb53f9953b492e0b705662b6d1626e1f9a744b4e,2,48000,3.4021,UnityPy AudioClip.samples,exported,
sfx,SE_EV_FORBIDDEN_DROPLET,SE_EV_FORBIDDEN_DROPLET.wav,LocalData/93217544/0000/f7/f705e37f,-7991982156025551364,176,sfx/SE_EV_FORBIDDEN_DROPLET__b25364a6_-7991982156025551364.wav,569852,4e30596137a63ba5fab3f8b75f32718fea50c9324a20a7e78bbded8e0a0504a9,2,48000,2.9678,UnityPy AudioClip.samples,exported,
sfx,SE_M07188_c,SE_M07188_c.wav,LocalData/93217544/0000/f7/f70bae09,5889451200185448181,164,sfx/SE_M07188_c__7b212fb2_5889451200185448181.wav,305684,ef2fc02253c0b3212c01a5b3f67ef2392b2ab71f018c8acd651f06096801468d,2,48000,1.5919,UnityPy AudioClip.samples,exported,
sfx,SE_FIELD_MAT034_PHASE3_R,SE_FIELD_MAT034_PHASE3_R.wav,LocalData/93217544/0000/f7/f750736b,-4303426803907579203,176,sfx/SE_FIELD_MAT034_PHASE3_R__b77256f2_-4303426803907579203.wav,932576,f539fa0e2ab4f36015105f3d2f739a524165f6a101e52a60c1c60c56784576dc,2,48000,4.8569,UnityPy AudioClip.samples,exported,
sfx,SE_SOLO_3S_CUTIN_3,SE_SOLO_3S_CUTIN_3.wav,LocalData/93217544/0000/f7/f754a7cc,3625988495278388420,172,sfx/SE_SOLO_3S_CUTIN_3__10f0dc09_3625988495278388420.wav,752916,4b7f33a241d89f98cb2b5f5e3225ccc3e067a24132b1fa191b818eef307b8856,2,48000,3.9212,UnityPy AudioClip.samples,exported,
sfx,SE_FIELD_MAT035_PHASE2_P,SE_FIELD_MAT035_PHASE2_P.wav,LocalData/93217544/0000/f7/f75e134e,5272891887707062822,176,sfx/SE_FIELD_MAT035_PHASE2_P__56cfa4a4_5272891887707062822.wav,462844,70360118d2ce416261a7695327fff22059b735f65307318278f665687214219f,2,48000,2.4104,UnityPy AudioClip.samples,exported,
sfx,SE_M10747_d1,SE_M10747_d1.wav,LocalData/93217544/0000/f7/f771ea20,6223644446828786952,164,sfx/SE_M10747_d1__29ea1bff_6223644446828786952.wav,443636,67e524480916dd2c568fa97808f70759d376b98f402d24866838d7b0996ce8f5,2,48000,2.3104,UnityPy AudioClip.samples,exported,
music,BGM_SOLO_06,BGM_SOLO_06.wav,LocalData/93217544/0000/f7/f77ed60e,-2433832678004499264,164,music/BGM_SOLO_06__24a75624_-2433832678004499264.wav,21891116,274d67eea33cfafc160fc83aa54e762dea484e34d91a94dbc0dc46b19493ff86,2,48000,114.0160,UnityPy AudioClip.samples,exported,
sfx,SE_M21965_f_loop_b,SE_M21965_f_loop_b.wav,LocalData/93217544/0000/f7/f78e4e69,-1336248791413027912,172,sfx/SE_M21965_f_loop_b__21f4ffd7_-1336248791413027912.wav,405700,5cba05317085ad5081a11d35a6d2aa587f988b0e5eac4f21371d4ee52c850dd9,2,48000,2.1128,UnityPy AudioClip.samples,exported,
sfx,SE_FIELD_MAT506_PHASE4_R,SE_FIELD_MAT506_PHASE4_R.wav,LocalData/93217544/0000/f7/f7aba4c2,-3889962594352101544,176,sfx/SE_FIELD_MAT506_PHASE4_R__96dc701b_-3889962594352101544.wav,546812,93ed3aeef775650907a070e4d0a9d6a9b6df739fe8883edbb8733a3a9fbc2a0a,2,48000,2.8478,UnityPy AudioClip.samples,exported,
sfx,SE_SOLO_TOWN_LOOP,SE_SOLO_TOWN_LOOP.wav,LocalData/93217544/0000/f7/f7c94382,8142449367631080208,172,sfx/SE_SOLO_TOWN_LOOP__655ac22b_8142449367631080208.wav,4270124,e06bb9ea6fe7409761f85c260c6ac0dc191c2abc3001e65bf36d6fe33404c029,2,48000,22.2400,UnityPy AudioClip.samples,exported,
sfx,SE_FIELD_MAT504_PHASE2_R,SE_FIELD_MAT504_PHASE2_R.wav,LocalData/93217544/0000/f7/f7d3084d,4136146241844040130,176,sfx/SE_FIELD_MAT504_PHASE2_R__d23b4115_4136146241844040130.wav,449088,c545360b1071420927d044b9a042aa0c1977e15f85cf47d24e45c6d8901ca84a,2,48000,2.3388,UnityPy AudioClip.samples,exported,
sfx,SE_LOT_ANNOUNCE,SE_LOT_ANNOUNCE.wav,LocalData/93217544/0000/f7/f7f2695b,-6152430694594423750,168,sfx/SE_LOT_ANNOUNCE__4a664afe_-6152430694594423750.wav,523068,76716ee90d1fb87afa60edc96d587542b5f1160977dfa1b3ac6d6c8bd21f8e7a,2,48000,2.7241,UnityPy AudioClip.samples,exported,
sfx,SE_M04041_d1,SE_M04041_d1.wav,LocalData/93217544/0000/f7/f7faa1c9,-846420292084039783,164,sfx/SE_M04041_d1__699784de_-846420292084039783.wav,197608,ed147191d4ee1c7462ef761b04d42e0c1b676106b9a65be0b98dbb7fecc0611b,2,48000,1.0290,UnityPy AudioClip.samples,exported,
sfx,SE_FIELD_MAT050_PHASE3_P,SE_FIELD_MAT050_PHASE3_P.wav,LocalData/93217544/0000/f8/f800787e,-555577941608640939,176,sfx/SE_FIELD_MAT050_PHASE3_P__0a36c031_-555577941608640939.wav,674656,54717bbc8920a8fda4f5f19d24da92b978cf87ea76c0fac2b3258edf4fb6714f,2,48000,3.5136,UnityPy AudioClip.samples,exported,
sfx,SE_M17452_d,SE_M17452_d.wav,LocalData/93217544/0000/f8/f805e265,7346099260712415602,164,sfx/SE_M17452_d__d6084787_7346099260712415602.wav,372396,305564755fea6a9d3f2d3eaac6ab1f046ac99229d88afb6fc03909a0505a5117,2,48000,1.9393,UnityPy AudioClip.samples,exported,
sfx,SE_FIELD_MAT051_PHASE2_R,SE_FIELD_MAT051_PHASE2_R.wav,LocalData/93217544/0000/f8/f80e185b,4028853959182206787,176,sfx/SE_FIELD_MAT051_PHASE2_R__a7342cba_4028853959182206787.wav,453656,97789739b1f9d655e4eee8e46f58ae1589f64f9ae9c660396f6ceb4b5e76c258,2,48000,2.3626,UnityPy AudioClip.samples,exported,
sfx,SE_SOLO_GATE078_LINE,SE_SOLO_GATE078_LINE.wav,LocalData/93217544/0000/f8/f82554cc,-2383867182853964909,172,sfx/SE_SOLO_GATE078_LINE__25b9c273_-2383867182853964909.wav,555948,a8e53a69448ff7d8ba9867dbe3f0630dca5de267f37ea7953862146fbd8cd2fe,2,48000,2.8953,UnityPy AudioClip.samples,exported,
sfx,SE_FIELD_MAT027_TAP_R,SE_FIELD_MAT027_TAP_R.wav,LocalData/93217544/0000/f8/f83426d3,8759738216738600497,176,sfx/SE_FIELD_MAT027_TAP_R__ce900a8e_8759738216738600497.wav,933148,62a733df5efa66d6868797bf258ec0be530735dc6f5b80c6d6f0d397df0959af,2,48000,4.8599,UnityPy AudioClip.samples,exported,
sfx,SE_FIELD_MAT502_PHASE1_R,SE_FIELD_MAT502_PHASE1_R.wav,LocalData/93217544/0000/f8/f88bc653,4336452258149271480,176,sfx/SE_FIELD_MAT502_PHASE1_R__d8135256_4336452258149271480.wav,538052,5d0673256aff60af69bc047dfcca057ab0bcefa7f05f42c999e2d454f3a7e3fc,2,48000,2.8021,UnityPy AudioClip.samples,exported,
sfx,SE_SOLO_GATE078_WHOOSH_02,SE_SOLO_GATE078_WHOOSH_02.wav,LocalData/93217544/0000/f8/f8faba5b,-3713068417888566909,180,sfx/SE_SOLO_GATE078_WHOOSH_02__2c91e022_-3713068417888566909.wav,1143084,61f77fdf157b9631f641d131a1f58981df6c4edcdadd4b43c3735b9998367386,2,48000,5.9533,UnityPy AudioClip.samples,exported,
sfx,SE_FIELD_MAT503_PHASE1_P,SE_FIELD_MAT503_PHASE1_P.wav,LocalData/93217544/0000/f9/f947cc41,-8980182259617547699,176,sfx/SE_FIELD_MAT503_PHASE1_P__3d03bf6e_-8980182259617547699.wav,581916,ace24ebeb7fe9981235fd7bc63b3db3cfc36d4c267167ea14e0f0625fff1a9ed,2,48000,3.0306,UnityPy AudioClip.samples,exported,
sfx,SE_M13144_f,SE_M13144_f.wav,LocalData/93217544/0000/f9/f94b55f8,2537226839743444220,164,sfx/SE_M13144_f__22bd343a_2537226839743444220.wav,859416,f7f3181c09e42329dd8f8367a60e11c0cf7b4948ff3b996e82c2c35a1b9e76e8,2,48000,4.4759,UnityPy AudioClip.samples,exported,
sfx,SE_SOLO_GATE078_J_FOOT_02,SE_SOLO_GATE078_J_FOOT_02.wav,LocalData/93217544/0000/f9/f94cf038,-4411098094293760508,180,sfx/SE_SOLO_GATE078_J_FOOT_02__0269a685_-4411098094293760508.wav,223516,9df4e18478a34a77fdcaa62aa248c0c0242ea196a5abf3f0452e1f3d7fe0497b,2,48000,1.1639,UnityPy AudioClip.samples,exported,
sfx,SE_M21965_h,SE_M21965_h.wav,LocalData/93217544/0000/f9/f9682a14,-8689949816502347343,164,sfx/SE_M21965_h__aa2b0663_-8689949816502347343.wav,971648,12470eb373502ec6e436bc4fdd65917106fd6f45dd22f95408702f357cddf652,2,48000,5.0604,UnityPy AudioClip.samples,exported,
sfx,SE_M13060_i,SE_M13060_i.wav,LocalData/93217544/0000/f9/f994018e,-2290629686430678276,164,sfx/SE_M13060_i__f7b4dd92_-2290629686430678276.wav,927176,b758ed21c655960bc1889849648a66ba69eb4b581b0184f778a5cb8f9bc991cc,2,48000,4.8288,UnityPy AudioClip.samples,exported,
sfx,SE_CARD_DECK_CHECK_02,SE_CARD_DECK_CHECK_02.wav,LocalData/93217544/0000/f9/f9a4fa22,5422655507136415342,176,sfx/SE_CARD_DECK_CHECK_02__230204ea_5422655507136415342.wav,201324,b4fc695cf234de877329998e333c4e0e2662ffd7f323a81b631a7c1680505725,2,48000,1.0483,UnityPy AudioClip.samples,exported,
sfx,SE_FIELD_MAT050_PHASE2_P,SE_FIELD_MAT050_PHASE2_P.wav,LocalData/93217544/0000/f9/f9c21249,1901427143653183275,176,sfx/SE_FIELD_MAT050_PHASE2_P__f22a0bc0_1901427143653183275.wav,789296,9ff6f147636a93c9ad628acfdc0dff181b3747c0e4f797dd12775df1a70ac3da,2,48000,4.1107,UnityPy AudioClip.samples,exported,
sfx,SE_FIELD_MAT032_PHASE1_R,SE_FIELD_MAT032_PHASE1_R.wav,LocalData/93217544/0000/f9/f9cad742,-1984838404029077653,176,sfx/SE_FIELD_MAT032_PHASE1_R__720f0ef0_-1984838404029077653.wav,471544,c9af3e436235a2bd77961f3751102e5d4f2dc4f4a3a576c61f0d506b7a8cb794,2,48000,2.4557,UnityPy AudioClip.samples,exported,
sfx,SE_FIELD_MAT051_PHASE3_R,SE_FIELD_MAT051_PHASE3_R.wav,LocalData/93217544/0000/f9/f9cc726c,6517664136341430987,176,sfx/SE_FIELD_MAT051_PHASE3_R__7918e834_6517664136341430987.wav,751872,7da63920c9f17d2317944cd3326b057b5338db18433733ba534731109b41b187,2,48000,3.9158,UnityPy AudioClip.samples,exported,
sfx,SE_M15245_i,SE_M15245_i.wav,LocalData/93217544/0000/f9/f9cfbb93,7951846696130859303,164,sfx/SE_M15245_i__c1c088c8_7951846696130859303.wav,1062992,d4a6e369043b0a7ef0c385dcfbc8c2b444d1dbd6b417050529eaad775326ac6c,2,48000,5.5362,UnityPy AudioClip.samples,exported,
sfx,SE_DECK_MINUS,SE_DECK_MINUS.wav,LocalData/93217544/0000/f9/f9e5bd02,6873206248044483963,168,sfx/SE_DECK_MINUS__b779bde3_6873206248044483963.wav,59324,076e0ff2e70a42359d2896fead6de0a1416ee09aa7f9c80ce6f43fc55602f161,2,44100,0.3361,UnityPy AudioClip.samples,exported,
sfx,SE_M17069_b,SE_M17069_b.wav,LocalData/93217544/0000/fa/fa06a19f,9080121452142892898,164,sfx/SE_M17069_b__05b37984_9080121452142892898.wav,835232,2ee64222f5fde814509c618a121eb7600da697ae0271bd4895c0d539bb9b2d54,2,48000,4.3499,UnityPy AudioClip.samples,exported,
sfx,SE_M07552_g,SE_M07552_g.wav,LocalData/93217544/0000/fa/fa1b91db,5095033325975418488,164,sfx/SE_M07552_g__716f26b0_5095033325975418488.wav,729556,b979a45470878610a9e145ad084ab1e173a429fe0428d16bd076f037c8fabb46,2,48000,3.7995,UnityPy AudioClip.samples,exported,
sfx,SE_M10468_d,SE_M10468_d.wav,LocalData/93217544/0000/fa/fa22f8e5,-4911042732636674223,164,sfx/SE_M10468_d__562e1520_-4911042732636674223.wav,221636,65225f8e13981d126b2f2a8bcf29f45418baf8383f82d92d5bdc2dbefb0c8c42,2,48000,1.1541,UnityPy AudioClip.samples,exported,
sfx,SE_FIELD_MAT031_PHASE4_P,SE_FIELD_MAT031_PHASE4_P.wav,LocalData/93217544/0000/fa/fa38cf86,6596826024746699888,176,sfx/SE_FIELD_MAT031_PHASE4_P__7dd93ead_6596826024746699888.wav,409536,eb76764790024459696ed6c4b1a210aa910992640f6dc06c1e403cc4b4a7fc89,2,48000,2.1328,UnityPy AudioClip.samples,exported,
sfx,SE_M09285_h1_lp02,SE_M09285_h1_lp02.wav,LocalData/93217544/0000/fa/fa3efef0,895946125620507564,172,sfx/SE_M09285_h1_lp02__0723a2a5_895946125620507564.wav,693680,ba5b43968433b2865ef1d0b727461cf829d9921236d2d73deab3bcaa00cd23a8,2,48000,3.6127,UnityPy AudioClip.samples,exported,
sfx,SE_FIELD_MAT051_PHASE1_R,SE_FIELD_MAT051_PHASE1_R.wav,LocalData/93217544/0000/fa/fa48a602,-251728926780209542,176,sfx/SE_FIELD_MAT051_PHASE1_R__aeabe5ba_-251728926780209542.wav,483740,7e381bd93ff26f177dc3bdad788f686f42ef8ec0f2ccdd49846d797e59c0e285,2,48000,2.5192,UnityPy AudioClip.samples,exported,
sfx,SE_FIELD_MAT032_PHASE3_R,SE_FIELD_MAT032_PHASE3_R.wav,LocalData/93217544/0000/fa/fa4e032c,2725199528410682976,176,sfx/SE_FIELD_MAT032_PHASE3_R__6d3649b9_2725199528410682976.wav,507044,dee8fb6cf6cc833a2a4eff7995c0cc3523bb59a60431f53d38d2ce7f64fbf1d6,2,48000,2.6406,UnityPy AudioClip.samples,exported,
sfx,SE_M12950_d1,SE_M12950_d1.wav,LocalData/93217544/0000/fa/fa538b70,-8678781203618011989,164,sfx/SE_M12950_d1__a1539cd0_-8678781203618011989.wav,369268,afceba10dfe9ca4b5263a6206c8593fdbd5ddd4bdde532b053211b7929476e91,2,48000,1.9230,UnityPy AudioClip.samples,exported,
sfx,SE_FIELD_MAT503_PHASE3_P,SE_FIELD_MAT503_PHASE3_P.wav,LocalData/93217544/0000/fa/fac3182f,-5742425379831713787,176,sfx/SE_FIELD_MAT503_PHASE3_P__ac0d0e58_-5742425379831713787.wav,459756,e30181ad72525939cb258a8f31c3483e42dcd013729a404effafa211ad658e70,2,48000,2.3943,UnityPy AudioClip.samples,exported,
sfx,SE_M13658_f,SE_M13658_f.wav,LocalData/93217544/0000/fa/facd17e9,1556104221258736775,164,sfx/SE_M13658_f__64fd6e8e_1556104221258736775.wav,676332,1508b11c15b5aabf1f8669f0caa7c623cb962e56448212efca9f96d86e149090,2,48000,3.5223,UnityPy AudioClip.samples,exported,
sfx,SE_FIELD_MAT502_PHASE2_R,SE_FIELD_MAT502_PHASE2_R.wav,LocalData/93217544/0000/fa/facd780a,-7424762883467939616,176,sfx/SE_FIELD_MAT502_PHASE2_R__4156347e_-7424762883467939616.wav,532608,f739a084f415db53790a75b526522cdb02aa5a965a6f039b7a45ec13adebab7a,2,48000,2.7738,UnityPy AudioClip.samples,exported,
sfx,SE_SOLO_BEE,SE_SOLO_BEE.wav,LocalData/93217544/0000/fa/fad144b5,-242048427277268737,164,sfx/SE_SOLO_BEE__b56251f8_-242048427277268737.wav,1015680,3dd059dac79b1de11a76e73ddb25d5761ccfbc71c31a4c064890fac960ed5d25,2,48000,5.2898,UnityPy AudioClip.samples,exported,
sfx,SE_FIELD_MAT503_PHASE2_P,SE_FIELD_MAT503_PHASE2_P.wav,LocalData/93217544/0000/fb/fb017218,7867761297999672231,176,sfx/SE_FIELD_MAT503_PHASE2_P__42e5f0d2_7867761297999672231.wav,449088,103ec541685bab9127f079a424076d6c9e29e8eef8242b4e42db5b6baa1e6d31,2,48000,2.3388,UnityPy AudioClip.samples,exported,
sfx,SE_FIELD_MAT502_PHASE3_R,SE_FIELD_MAT502_PHASE3_R.wav,LocalData/93217544/0000/fb/fb0f123d,-3430412761734194423,176,sfx/SE_FIELD_MAT502_PHASE3_R__aee0ae00_-3430412761734194423.wav,544732,79f81ea8ad62de16863e66206b660c2447581595b706d844f4ce11e44ceda0a5,2,48000,2.8369,UnityPy AudioClip.samples,exported,
sfx,SE_SOLO_BOYOYON,SE_SOLO_BOYOYON.wav,LocalData/93217544/0000/fb/fb249018,-4013561247696325636,168,sfx/SE_SOLO_BOYOYON__f6c03aef_-4013561247696325636.wav,863948,a70469026b6a0edf7ac8c83f2188c79f07fe1d9c7812bc0d42da33d99aa45f9a,2,48000,4.4995,UnityPy AudioClip.samples,exported,
sfx,SE_FIELD_MAT501_PHASE4_P,SE_FIELD_MAT501_PHASE4_P.wav,LocalData/93217544/0000/fb/fb79de97,6851727074571469430,176,sfx/SE_FIELD_MAT501_PHASE4_P__4bb755a7_6851727074571469430.wav,697280,fbdf232de0486ec188d2ef884785ad4d5723c0cb5b2ca8aed37a59ae2092f86e,2,48000,3.6314,UnityPy AudioClip.samples,exported,
sfx,SE_FIELD_MAT050_PHASE1_P,SE_FIELD_MAT050_PHASE1_P.wav,LocalData/93217544/0000/fb/fb84ac10,-3078882626651758656,176,sfx/SE_FIELD_MAT050_PHASE1_P__a282faa4_-3078882626651758656.wav,737196,5e36515389752efcf54667d563557716eb602597bf9f648f64c2a1cda0de0cdf,2,48000,3.8393,UnityPy AudioClip.samples,exported,
sfx,SE_FIELD_MAT032_PHASE2_R,SE_FIELD_MAT032_PHASE2_R.wav,LocalData/93217544/0000/fb/fb8c691b,-4382645112024054084,176,sfx/SE_FIELD_MAT032_PHASE2_R__20642a9a_-4382645112024054084.wav,493988,8e48babe164769d134f9384eb97c71739c2115c5ebf00ad23988ad6df7505552,2,48000,2.5726,UnityPy AudioClip.samples,exported,
sfx,SE_M14240_h2,SE_M14240_h2.wav,LocalData/93217544/0000/fb/fb98798f,660028114906467168,164,sfx/SE_M14240_h2__eacabb14_660028114906467168.wav,674924,f4e222f18bca013235b593aefefee7a4ff0db53b3ea9ff6fb933d397befcbbef,2,48000,3.5150,UnityPy AudioClip.samples,exported,
sfx,SE_M09775_e,SE_M09775_e.wav,LocalData/93217544/0000/fb/fb991ce9,8557543819659183951,164,sfx/SE_M09775_e__94247190_8557543819659183951.wav,304788,906b822e8e647e65861e189685d77664da9f12b6932c61b0683686e325fc3c0d,2,48000,1.5872,UnityPy AudioClip.samples,exported,
sfx,SE_TDY_ACHIEVE_HAND,SE_TDY_ACHIEVE_HAND.wav,LocalData/93217544/0000/fb/fba64fcc,-8683295477658025177,172,sfx/SE_TDY_ACHIEVE_HAND__75da2ec7_-8683295477658025177.wav,946680,bc5b498964684aa958890b6c15b60d5379ad65599cd24832e16e21333c07d14b,2,48000,4.9304,UnityPy AudioClip.samples,exported,
music,BGM_DUEL_NORMAL_13,BGM_DUEL_NORMAL_13.wav,LocalData/93217544/0000/fb/fbc5cbe4,6593109383637919612,172,music/BGM_DUEL_NORMAL_13__14a15201_6593109383637919612.wav,22293988,f0067b06ca729cd2cdd4a07f3ddba23cbf3d120f4db9f8e3139ad4fb3a877191,2,48000,116.1143,UnityPy AudioClip.samples,exported,
sfx,SE_M14288_h2,SE_M14288_h2.wav,LocalData/93217544/0000/fb/fbdcbc61,5741599932720710501,164,sfx/SE_M14288_h2__e2801ce1_5741599932720710501.wav,1030444,4d886c73e976d01d290ce0f8e8a892a0ce237cbdbbc088f2bd540db6561b10fe,2,48000,5.3667,UnityPy AudioClip.samples,exported,
sfx,SE_FIELD_MAT030_PHASE4_R,SE_FIELD_MAT030_PHASE4_R.wav,LocalData/93217544/0000/fb/fbf4c594,8144079907457471587,176,sfx/SE_FIELD_MAT030_PHASE4_R__7d704132_8144079907457471587.wav,525608,a1282a655aab44e4ebd4bb4406afaa4a8dd9ab91aea328d889463df04bcd01f9,2,48000,2.7373,UnityPy AudioClip.samples,exported,
sfx,SE_M12441_f,SE_M12441_f.wav,LocalData/93217544/0000/fc/fc3ccbc6,3126541713614428173,164,sfx/SE_M12441_f__40247d9e_3126541713614428173.wav,605144,f8f6bfbd436ea9ba25f4e4c05acb08c661b5d88bad21c01a4b5b95049964251a,2,48000,3.1516,UnityPy AudioClip.samples,exported,
sfx,SE_1ST_PACK_SHUFFLE,SE_1ST_PACK_SHUFFLE.wav,LocalData/93217544/0000/fc/fc6413c1,-6100254680871469282,172,sfx/SE_1ST_PACK_SHUFFLE__13ef953d_-6100254680871469282.wav,652300,3a82c309925d272238729148eb0d4c7d5da1901d8d397f25765b85ee6cdb1b18,2,48000,3.3972,UnityPy AudioClip.samples,exported,
sfx,SE_FIELD_MAT051_PHASE4_R,SE_FIELD_MAT051_PHASE4_R.wav,LocalData/93217544/0000/fc/fc8364e9,-67714461884246855,176,sfx/SE_FIELD_MAT051_PHASE4_R__f71e7356_-67714461884246855.wav,1395244,41de5944e965e617809f3677e06e966f60c48bb1d04f5659c6edf9fcbad0b07d,2,48000,7.2667,UnityPy AudioClip.samples,exported,
sfx,SE_M19188_h,SE_M19188_h.wav,LocalData/93217544/0000/fc/fca41d45,14474286887305969,164,sfx/SE_M19188_h__c6cdba26_14474286887305969.wav,518448,6ca44478e14ec646ee4906ba948e8a9df2dd30ddaf16b29a5a9fb724d345a0af,2,48000,2.7000,UnityPy AudioClip.samples,exported,
sfx,SE_M11765_a1,SE_M11765_a1.wav,LocalData/93217544/0000/fc/fcb88e3a,-6530316146628037394,164,sfx/SE_M11765_a1__adb59f02_-6530316146628037394.wav,186796,1ab9012d3236985b6f799459ea8f7809d16072bbb926d5f57c0d790edc56a2bf,2,48000,0.9727,UnityPy AudioClip.samples,exported,
sfx,SE_FIELD_MAT031_PHASE1_P,SE_FIELD_MAT031_PHASE1_P.wav,LocalData/93217544/0000/fc/fcf30d6d,1546362203398968847,176,sfx/SE_FIELD_MAT031_PHASE1_P__297b6a93_1546362203398968847.wav,397848,5875e81db530667f6d78bbfcc58447896c0d5169edf8d1bcd18788abb127ef70,2,48000,2.0719,UnityPy AudioClip.samples,exported,
sfx,SE_M07188_h2_lp02,SE_M07188_h2_lp02.wav,LocalData/93217544/0000/fd/fd36de16,-5296506501373206920,172,sfx/SE_M07188_h2_lp02__48349799_-5296506501373206920.wav,562556,f67df8e63caec844bb9334056adf96ca26c49eb61d533b05373a1bb272f562ee,2,48000,2.9297,UnityPy AudioClip.samples,exported,
sfx,SE_FIELD_MAT030_PHASE1_R,SE_FIELD_MAT030_PHASE1_R.wav,LocalData/93217544/0000/fd/fd3f077f,6788588466381248197,176,sfx/SE_FIELD_MAT030_PHASE1_R__0d88b3b4_6788588466381248197.wav,478268,3a5bb8b09c2001df661d3a05943cc4ea8b6a2206e98ed831f8d638557521839e,2,48000,2.4907,UnityPy AudioClip.samples,exported,
sfx,SE_M04054_d1,SE_M04054_d1.wav,LocalData/93217544/0000/fd/fd44784b,-6393387493957314186,164,sfx/SE_M04054_d1__474cdea1_-6393387493957314186.wav,415200,7e98de7b0f4262eed3c4dbc3aaa49fdb1eac336c4889bbb0a3a6db8e1e11d5a3,2,48000,2.1623,UnityPy AudioClip.samples,exported,
sfx,SE_FIELD_MAT050_PHASE4_P,SE_FIELD_MAT050_PHASE4_P.wav,LocalData/93217544/0000/fd/fd4f6efb,-6631117346137157631,176,sfx/SE_FIELD_MAT050_PHASE4_P__6d4aa6ff_-6631117346137157631.wav,1401780,e26060abb1e94eee39e77627a1e66e3280849e9a5fd3aa0c7ab4ee9bbedcdbbd,2,48000,7.3007,UnityPy AudioClip.samples,exported,
sfx,SE_M17069_f,SE_M17069_f.wav,LocalData/93217544/0000/fd/fd6b6586,-7153754286853574539,164,sfx/SE_M17069_f__e580ea72_-7153754286853574539.wav,1291876,b6b9b8db3a4c182a5274145692f3978881b96252b95cbd1b0fd8cd2804e59d82,2,48000,6.7283,UnityPy AudioClip.samples,exported,
sfx,SE_M12070_h,SE_M12070_h.wav,LocalData/93217544/0000/fd/fd7385d8,1073858064636687990,164,sfx/SE_M12070_h__6960b927_1073858064636687990.wav,614348,232840e759caf30a0692cbeed4e8f30bf40c602a7dfa72399f4bef169f3c635a,2,48000,3.1995,UnityPy AudioClip.samples,exported,
sfx,SE_M07552_c,SE_M07552_c.wav,LocalData/93217544/0000/fd/fd7655c2,7108560351250788505,164,sfx/SE_M07552_c__d868cff6_7108560351250788505.wav,913776,156676ae1d7b2d3081247f871180b4f5743cd8f0da761983374542e22fc5cda9,2,48000,4.7590,UnityPy AudioClip.samples,exported,
sfx,SE_M18193_e,SE_M18193_e.wav,LocalData/93217544/0000/fd/fda03ad9,-6897668257972143986,164,sfx/SE_M18193_e__3bc83c3a_-6897668257972143986.wav,842888,37f949f7995b1c02db5326b36c59936a60cd7fd94a0ad0fc44127be0273d209d,2,48000,4.3898,UnityPy AudioClip.samples,exported,
sfx,SE_CF_COMP_CHANGE,SE_CF_COMP_CHANGE.wav,LocalData/93217544/0000/fd/fda09b95,7091342945045717572,172,sfx/SE_CF_COMP_CHANGE__639e7648_7091342945045717572.wav,733080,58a451b77b2208566fd808c2dfe143cdc1c62028246207f9a500e7323874cb7b,2,48000,3.8179,UnityPy AudioClip.samples,exported,
sfx,SE_FIELD_MAT501_PHASE1_P,SE_FIELD_MAT501_PHASE1_P.wav,LocalData/93217544/0000/fd/fdb21c7c,4651170924971143095,176,sfx/SE_FIELD_MAT501_PHASE1_P__e2e590a8_4651170924971143095.wav,538052,708d4175446da61631d47bdfb355e935bf7536510f153b12586a29c6262f8ac8,2,48000,2.8021,UnityPy AudioClip.samples,exported,
music,BGM_DUEL_DC01_NORMAL,BGM_DUEL_DC01_NORMAL.wav,LocalData/93217544/0000/fd/fdb9ee4f,-3854407752264644662,172,music/BGM_DUEL_DC01_NORMAL__41fcf671_-3854407752264644662.wav,23980076,b5235fa43203a955614136f95c719b6af2af2f609bc3d121f5ecb78c27a149cf,2,48000,124.8960,UnityPy AudioClip.samples,exported,
sfx,SE_M15527_f,SE_M15527_f.wav,LocalData/93217544/0000/fd/fdbff1a0,4184213268653376079,164,sfx/SE_M15527_f__7343a230_4184213268653376079.wav,519616,c651d94706066ef55b7fb13b4c5e870842327e3f01f5e1e896f6ab74dc80953e,2,48000,2.7061,UnityPy AudioClip.samples,exported,
sfx,SE_EV_CROSSOUT_DESIGNATOR,SE_EV_CROSSOUT_DESIGNATOR.wav,LocalData/93217544/0000/fd/fde46aa5,2125978568297281434,180,sfx/SE_EV_CROSSOUT_DESIGNATOR__d9c1cd83_2125978568297281434.wav,892288,955b7af9805fe086089cd769607ba6748e298fc413718504d277d3cb0af907d3,2,48000,4.6471,UnityPy AudioClip.samples,exported,
sfx,SE_FIELD_MAT501_PHASE3_P,SE_FIELD_MAT501_PHASE3_P.wav,LocalData/93217544/0000/fe/fe36c812,4926008836273889536,176,sfx/SE_FIELD_MAT501_PHASE3_P__53cdef02_4926008836273889536.wav,544732,5b49a867ce316b4b2b90b9a257debc504b67a835c3cbeb9a66b0d0a0b970a733,2,48000,2.8369,UnityPy AudioClip.samples,exported,
sfx,SE_FIELD_MAT502_PHASE4_R,SE_FIELD_MAT502_PHASE4_R.wav,LocalData/93217544/0000/fe/fe4004b8,1979164186690800808,176,sfx/SE_FIELD_MAT502_PHASE4_R__571c32c2_1979164186690800808.wav,697280,7d37421b99f2ab5a386dc59806556153311110ae2b6a6b8753c6dd5599fd834d,2,48000,3.6314,UnityPy AudioClip.samples,exported,
sfx,SE_M08092_f,SE_M08092_f.wav,LocalData/93217544/0000/fe/fe7c2350,-832758906299090603,164,sfx/SE_M08092_f__5f469443_-832758906299090603.wav,578328,cf73b6ace0460bd0155deabaa1907d65cdcb21e875448e7d6b0acc3c0f6d981f,2,48000,3.0119,UnityPy AudioClip.samples,exported,
sfx,SE_M16201_e,SE_M16201_e.wav,LocalData/93217544/0000/fe/fe86ba9d,6969343549211772075,164,sfx/SE_M16201_e__e95804e7_6969343549211772075.wav,562732,3d865672aec692695b87e9460fc51b350121b728a111815ce287cb9bbf808cf1,2,48000,2.9307,UnityPy AudioClip.samples,exported,
sfx,SE_FIELD_MAT031_PHASE2_P,SE_FIELD_MAT031_PHASE2_P.wav,LocalData/93217544/0000/fe/feb5b334,3958612794455817008,176,sfx/SE_FIELD_MAT031_PHASE2_P__172cc539_3958612794455817008.wav,314372,67709830cb629ac8b5d710729b2d5ba8469a62f19b185c3cf71a3aab039aeb4c,2,48000,1.6371,UnityPy AudioClip.samples,exported,
sfx,SE_FIELD_MAT030_PHASE3_R,SE_FIELD_MAT030_PHASE3_R.wav,LocalData/93217544/0000/fe/febbd311,-5065626039381433514,176,sfx/SE_FIELD_MAT030_PHASE3_R__c13cef79_-5065626039381433514.wav,427912,e44b0b45d7e72ab781dcf2f8308fb6fcc29272bc449d8ec29dfbf5674f31d5e3,2,48000,2.2285,UnityPy AudioClip.samples,exported,
sfx,SE_1ST_PACK_ROLLUP,SE_1ST_PACK_ROLLUP.wav,LocalData/93217544/0000/fe/fee54293,2121133318169028659,172,sfx/SE_1ST_PACK_ROLLUP__f3366042_2121133318169028659.wav,520632,84ad3b5408c66de63f1029a6356595c0c3f691735db597930afa7a188d9ae58d,2,48000,2.7114,UnityPy AudioClip.samples,exported,
sfx,SE_FIELD_MAT032_PHASE4_R,SE_FIELD_MAT032_PHASE4_R.wav,LocalData/93217544/0000/ff/ff0115a9,-1648101252855737056,176,sfx/SE_FIELD_MAT032_PHASE4_R__3e964f61_-1648101252855737056.wav,602196,80819659f5dcd080f5d30db7b1a15aadd309f5bb9e438e624206935a7946827e,2,48000,3.1362,UnityPy AudioClip.samples,exported,
music,BGM_SOLO_GATE078_01,BGM_SOLO_GATE078_01.wav,LocalData/93217544/0000/ff/ff1360f6,8506956536601045211,172,music/BGM_SOLO_GATE078_01__e2e3b135_8506956536601045211.wav,14427216,0aa9c3df52b0ae9f2ab2b29857a9073df2416842c966a332a047983f42c79679,2,48000,75.1415,UnityPy AudioClip.samples,exported,
sfx,SE_EV_DARKRULER_NOMORE,SE_EV_DARKRULER_NOMORE.wav,LocalData/93217544/0000/ff/ff70303d,5377182476724428576,176,sfx/SE_EV_DARKRULER_NOMORE__24c9c222_5377182476724428576.wav,905368,d6839edaceb060d90ad4feea780b26d4715b234609afe8535b096acb077e5ef9,2,48000,4.7152,UnityPy AudioClip.samples,exported,
sfx,SE_FIELD_MAT031_PHASE3_P,SE_FIELD_MAT031_PHASE3_P.wav,LocalData/93217544/0000/ff/ff77d903,2630773553266668311,176,sfx/SE_FIELD_MAT031_PHASE3_P__a0b786d9_2630773553266668311.wav,429308,38376d1e4018caa7f68af1a2ca80d266c815c6b1b2cd41eae0d6d8334eb552b5,2,48000,2.2357,UnityPy AudioClip.samples,exported,
music,BGM_DUEL_F10_PHASE_C,BGM_DUEL_F10_PHASE_C.wav,LocalData/93217544/0000/ff/ff7889a4,-3823985983857981876,172,music/BGM_DUEL_F10_PHASE_C__e61bc45e_-3823985983857981876.wav,27623468,925fb527b055ea9a79716c9d6cb1a831e005738f1ee0e77a15b116884a6605c5,2,48000,143.8720,UnityPy AudioClip.samples,exported,
sfx,SE_FIELD_MAT030_PHASE2_R,SE_FIELD_MAT030_PHASE2_R.wav,LocalData/93217544/0000/ff/ff79b926,-959055294839928722,176,sfx/SE_FIELD_MAT030_PHASE2_R__81b946bb_-959055294839928722.wav,345192,cd1eadc70c985221f11842d84233db4c075984eeecc165da09437b5794015c64,2,48000,1.7976,UnityPy AudioClip.samples,exported,
sfx,SE_M09647_f_lp01,SE_M09647_f_lp01.wav,LocalData/93217544/0000/ff/ff876d8d,1219718853491859709,168,sfx/SE_M09647_f_lp01__4529ad24_1219718853491859709.wav,291324,be5c8f296fc144a14f332488681fec20e4a55e4ea9d6ada229a2af3f9c7c8fca,2,48000,1.5171,UnityPy AudioClip.samples,exported,
sfx,SE_FIELD_MAT503_PHASE4_P,SE_FIELD_MAT503_PHASE4_P.wav,LocalData/93217544/0000/ff/ff8c0eaa,-8964857035732206022,176,sfx/SE_FIELD_MAT503_PHASE4_P__8dffd115_-8964857035732206022.wav,580616,fc2d317e6652643709ad815c9d7399f0b7415295c53f5d69ad303fa8705820cc,2,48000,3.0238,UnityPy AudioClip.samples,exported,
sfx,SE_PACKOPEN_05_CARDOUT,SE_PACKOPEN_05_CARDOUT.wav,LocalData/93217544/0000/ff/ff9265e0,-4135334129746696122,176,sfx/SE_PACKOPEN_05_CARDOUT__c34d4496_-4135334129746696122.wav,317484,fa784f39d435896eef78bebea3a6d923eaa2a0d237758f7a944b7895478ec67b,2,48000,1.6533,UnityPy AudioClip.samples,exported,
sfx,SE_FIELD_MAT501_PHASE2_P,SE_FIELD_MAT501_PHASE2_P.wav,LocalData/93217544/0000/ff/fff4a225,1496498917519491023,176,sfx/SE_FIELD_MAT501_PHASE2_P__0267df3f_1496498917519491023.wav,532608,04089bb93688fb95cb0987b1d309d01bf00c34d9968cbbf09d791cf221c030be,2,48000,2.7738,UnityPy AudioClip.samples,exported,
sfx,SE_SMN_LINK_03_02,SE_SMN_LINK_03_02.wav,masterduel_Data/data.unity3d,3752,100,sfx/SE_SMN_LINK_03_02__112ad2eb_3752.wav,372360,1070869a894e8eab750e558e3226660f0b0e98ef36cfa8540aba63bf4295118e,2,48000,1.9391,external resource fallback (FmodError),exported,
music,BGM_TUTORIAL_01,BGM_TUTORIAL_01.wav,masterduel_Data/data.unity3d,3753,96,music/BGM_TUTORIAL_01__112ad2eb_3753.wav,11319376,18f2e05fe1e9993f6e0b2066bdf850fd04aebe851a3a2bca16efa87a569bcbec,2,48000,58.9549,external resource fallback (FmodError),exported,
sfx,SE_ATTACK_A_DIVINE_SPECIAL_01,SE_ATTACK_A_DIVINE_SPECIAL_01.wav,masterduel_Data/data.unity3d,3754,112,sfx/SE_ATTACK_A_DIVINE_SPECIAL_01__112ad2eb_3754.wav,160044,e1dc6f68be7261f10285ab0140d15ce6140b64aec543795d7c3c5a9e44e253e7,2,48000,0.8333,external resource fallback (FmodError),exported,
sfx,SE_SMN_FUSION_01_03,SE_SMN_FUSION_01_03.wav,masterduel_Data/data.unity3d,3755,100,sfx/SE_SMN_FUSION_01_03__112ad2eb_3755.wav,586872,7dd43212016fff237dd86ff7cd29f24c418e45b8400bc44745c8cfd5f327e04c,2,48000,3.0564,external resource fallback (FmodError),exported,
sfx,SE_ATTACK_A_FIRE_DEFAULT_02,SE_ATTACK_A_FIRE_DEFAULT_02.wav,masterduel_Data/data.unity3d,3756,108,sfx/SE_ATTACK_A_FIRE_DEFAULT_02__112ad2eb_3756.wav,403244,75922dc1a3ba8ae0deb48326c8b141a620add91114ee1410432f749be277a006,2,48000,2.1000,external resource fallback (FmodError),exported,
sfx,SE_SMN_CMN_CARD_01,SE_SMN_CMN_CARD_01.wav,masterduel_Data/data.unity3d,3757,100,sfx/SE_SMN_CMN_CARD_01__112ad2eb_3757.wav,459292,b7f58285ca7ffd63ab06ad28bb983a45be279f954bf92b04d2c5cfe6a7aa4a27,2,48000,2.3919,external resource fallback (FmodError),exported,
sfx,SE_LP_COUNT,SE_LP_COUNT.wav,masterduel_Data/data.unity3d,3758,92,sfx/SE_LP_COUNT__112ad2eb_3758.wav,264164,db533af2f623b729e85328e403b655b798575fcdb80cdcfb5b948fcd4edbc9e3,2,44100,1.4973,external resource fallback (FmodError),exported,
sfx,SE_FIELD_MAT002_PHASE1_P,SE_FIELD_MAT002_PHASE1_P.wav,masterduel_Data/data.unity3d,3759,104,sfx/SE_FIELD_MAT002_PHASE1_P__112ad2eb_3759.wav,535808,d64e354d778d70104806ea47289330a2b0cc785e7da9212219d0f78e847294b7,2,48000,2.7904,external resource fallback (FmodError),exported,
sfx,SE_DUEL_ENTRY_COIN_TAIL,SE_DUEL_ENTRY_COIN_TAIL.wav,masterduel_Data/data.unity3d,3760,104,sfx/SE_DUEL_ENTRY_COIN_TAIL__112ad2eb_3760.wav,522132,230ea56ab8f358673f85e58ed0adedac812372fabc4c95d11098c70fab3d7bbc,2,48000,2.7192,external resource fallback (FmodError),exported,
sfx,SE_MONSTER_CUTIN_FIRE,SE_MONSTER_CUTIN_FIRE.wav,masterduel_Data/data.unity3d,3761,104,sfx/SE_MONSTER_CUTIN_FIRE__112ad2eb_3761.wav,556612,8cd10577ef02c276b19d1d24d3f6b28d6d4e6ade730818159909e554c0e64674,2,48000,2.8988,external resource fallback (FmodError),exported,
sfx,SE_SMN_LINK_01,SE_SMN_LINK_01.wav,masterduel_Data/data.unity3d,3762,96,sfx/SE_SMN_LINK_01__112ad2eb_3762.wav,290084,212450fedb8d21e60c75fea244b3b4eff479bbe5aacc2aff110d4fcfc633d498,2,48000,1.5106,external resource fallback (FmodError),exported,
sfx,SE_CARDEXPAND_CLOSE,SE_CARDEXPAND_CLOSE.wav,masterduel_Data/data.unity3d,3763,100,sfx/SE_CARDEXPAND_CLOSE__112ad2eb_3763.wav,28596,c82c9f794b93b34cd492f3c61edf88107fa06442b9ec9dc4abcefca83d38e088,2,48000,0.1487,external resource fallback (FmodError),exported,
sfx,SE_SMN_SYNCHRO_04_01,SE_SMN_SYNCHRO_04_01.wav,masterduel_Data/data.unity3d,3764,100,sfx/SE_SMN_SYNCHRO_04_01__112ad2eb_3764.wav,293368,ff1553c5b24c872631bb03c2a4e2b996e8156bee5be646fcdce300d822923dd4,2,48000,1.5277,external resource fallback (FmodError),exported,
sfx,SE_PHASE_OPP_END,SE_PHASE_OPP_END.wav,masterduel_Data/data.unity3d,3765,96,sfx/SE_PHASE_OPP_END__112ad2eb_3765.wav,257324,339d0eef7f70af7413f8bb2b84228068193a0c7a1d67beb4b8a616c1f1e79c44,2,48000,1.3400,external resource fallback (FmodError),exported,
sfx,SE_PHASE_MAIN1,SE_PHASE_MAIN1.wav,masterduel_Data/data.unity3d,3766,96,sfx/SE_PHASE_MAIN1__112ad2eb_3766.wav,241964,13b8e9191a58ff238687fd35cb1130d01691835f30711d1dffda794578b33f2d,2,48000,1.2600,external resource fallback (FmodError),exported,
sfx,SE_MD_TEST_START,SE_MD_TEST_START.wav,masterduel_Data/data.unity3d,3767,96,sfx/SE_MD_TEST_START__112ad2eb_3767.wav,305032,a84391a5b46af8d4407faf7fc32788857b1f119086cd3fcc21876f4cda7a7de4,2,48000,1.5885,external resource fallback (FmodError),exported,
sfx,SE_EV_MONSTER_REBORN,SE_EV_MONSTER_REBORN.wav,masterduel_Data/data.unity3d,3768,100,sfx/SE_EV_MONSTER_REBORN__112ad2eb_3768.wav,795880,807f9a9f34f2a97b5f6ec27a63589a0f8853ea4491070d27491f969ebe9420b7,2,48000,4.1450,external resource fallback (FmodError),exported,
sfx,SE_CARD_FINISH_BREAK_03,SE_CARD_FINISH_BREAK_03.wav,masterduel_Data/data.unity3d,3769,104,sfx/SE_CARD_FINISH_BREAK_03__112ad2eb_3769.wav,235340,df4c582ce98c69544c88bb81e943816049f07e8da297e5a14bd3c00ea7135ab4,2,48000,1.2255,external resource fallback (FmodError),exported,
sfx,SE_DUEL_SP_DRAW,SE_DUEL_SP_DRAW.wav,masterduel_Data/data.unity3d,3770,96,sfx/SE_DUEL_SP_DRAW__112ad2eb_3770.wav,686080,ecd1a7f437c0c986885c9cbdb56ad56c63d8637cf71849671b78c10dc8dc132d,2,48000,3.5731,external resource fallback (FmodError),exported,
sfx,SE_DUEL_DRAW,SE_DUEL_DRAW.wav,masterduel_Data/data.unity3d,3771,92,sfx/SE_DUEL_DRAW__112ad2eb_3771.wav,1202856,89246ba581ba1e492a6c2a9d1ebe6290c642275662b1975971b84d521d51d1e5,2,48000,6.2646,external resource fallback (FmodError),exported,
sfx,SE_SUMMON_SYNC_MATERIAL,SE_SUMMON_SYNC_MATERIAL.wav,masterduel_Data/data.unity3d,3772,104,sfx/SE_SUMMON_SYNC_MATERIAL__112ad2eb_3772.wav,380028,47651c5f8e1b5f725292f8b849d31848a73be80e5d73aa240cd94770a641fb43,2,48000,1.9791,external resource fallback (FmodError),exported,
sfx,SE_MD_TEST_INCORRECT,SE_MD_TEST_INCORRECT.wav,masterduel_Data/data.unity3d,3773,100,sfx/SE_MD_TEST_INCORRECT__112ad2eb_3773.wav,190988,5a29f4b33caa732497bda44a6ba8138c474c88ee76eafba1b68e38e7697a3201,2,48000,0.9945,external resource fallback (FmodError),exported,
sfx,SE_SMN_LINK_04,SE_SMN_LINK_04.wav,masterduel_Data/data.unity3d,3774,96,sfx/SE_SMN_LINK_04__112ad2eb_3774.wav,266484,dcf19741702af86b7ea240af64eaf902d9c5c81969fc3f06b71c8eea613a1a6a,2,48000,1.3877,external resource fallback (FmodError),exported,
sfx,SE_MONSTER_CUTIN_WIND,SE_MONSTER_CUTIN_WIND.wav,masterduel_Data/data.unity3d,3775,104,sfx/SE_MONSTER_CUTIN_WIND__112ad2eb_3775.wav,591432,126912ac9a05551423cbdb598e2c4586fbecd4874dc149278736070ee14c4000,2,48000,3.0801,external resource fallback (FmodError),exported,
sfx,SE_SUMMON_PENDULUM_SET,SE_SUMMON_PENDULUM_SET.wav,masterduel_Data/data.unity3d,3776,104,sfx/SE_SUMMON_PENDULUM_SET__112ad2eb_3776.wav,1182096,f5b2d6794c87457179ecedf8ede342a8db983760674c439c4d1f5ec176620340,2,48000,6.1565,external resource fallback (FmodError),exported,
sfx,SE_DUEL_DECK_ENTRY,SE_DUEL_DECK_ENTRY.wav,masterduel_Data/data.unity3d,3777,100,sfx/SE_DUEL_DECK_ENTRY__112ad2eb_3777.wav,390520,159fdc486afa31dd932d9053c1792a10ada224757d50e439e23aef8053a79bb8,2,48000,2.0337,external resource fallback (FmodError),exported,
sfx,SE_ATTACK_A_LIGHT_DEFAULT_02,SE_ATTACK_A_LIGHT_DEFAULT_02.wav,masterduel_Data/data.unity3d,3778,108,sfx/SE_ATTACK_A_LIGHT_DEFAULT_02__112ad2eb_3778.wav,345648,97da1266443b886ec95775da87fb1be4b9065dd616060323e3832ae9f59c66c5,2,48000,1.8000,external resource fallback (FmodError),exported,
sfx,SE_DISP_DEFENS,SE_DISP_DEFENS.wav,masterduel_Data/data.unity3d,3779,96,sfx/SE_DISP_DEFENS__112ad2eb_3779.wav,247784,ea91278b9e7912e4b8933f24027de60b770838558b401eef1ad8e048fe8082b9,2,48000,1.2903,external resource fallback (FmodError),exported,
sfx,SE_DUEL_ACTIVE_POSSIBLE,SE_DUEL_ACTIVE_POSSIBLE.wav,masterduel_Data/data.unity3d,3780,104,sfx/SE_DUEL_ACTIVE_POSSIBLE__112ad2eb_3780.wav,292700,b1ae751da9ea65c52c9ee3633453c50b00f1559fb04f7712b0ec812a259d075b,2,48000,1.5243,external resource fallback (FmodError),exported,
sfx,SE_SMN_PENDULUM_01_01,SE_SMN_PENDULUM_01_01.wav,masterduel_Data/data.unity3d,3781,104,sfx/SE_SMN_PENDULUM_01_01__112ad2eb_3781.wav,813868,c3033cb84166c91a9574d927be426886bd292225b99da486fe3983cc437983ee,2,48000,4.2387,external resource fallback (FmodError),exported,
sfx,SE_CARD_DRAW_03,SE_CARD_DRAW_03.wav,masterduel_Data/data.unity3d,3782,96,sfx/SE_CARD_DRAW_03__112ad2eb_3782.wav,18832,0994c78deb216447baf6d1da72f419ba25d2427c35ce990c478ad33a656a7657,1,48000,0.1957,external resource fallback (FmodError),exported,
sfx,SE_DUELCHAIN_STACK02,SE_DUELCHAIN_STACK02.wav,masterduel_Data/data.unity3d,3783,100,sfx/SE_DUELCHAIN_STACK02__112ad2eb_3783.wav,326184,47f907bdeca0f850624d0eca7651dcd3a3a171d0924b34c59dc3018c36025451,2,48000,1.6986,external resource fallback (FmodError),exported,
sfx,SE_SOLO_TRANSITION_01,SE_SOLO_TRANSITION_01.wav,masterduel_Data/data.unity3d,3784,104,sfx/SE_SOLO_TRANSITION_01__112ad2eb_3784.wav,1023700,3bb61b6be516a8fc716d086bd16338dd74034323c429696ae5d4c5039ef66909,2,48000,5.3315,external resource fallback (FmodError),exported,
sfx,SE_LAND_LINK_MIDDLE,SE_LAND_LINK_MIDDLE.wav,masterduel_Data/data.unity3d,3785,100,sfx/SE_LAND_LINK_MIDDLE__112ad2eb_3785.wav,381596,b5c06bff64405329b7518bf02caab37466125fe4ef6a71af5e82dde66debc9a5,2,48000,1.9872,external resource fallback (FmodError),exported,
sfx,SE_DUELCHAIN_RESOLVE01,SE_DUELCHAIN_RESOLVE01.wav,masterduel_Data/data.unity3d,3786,104,sfx/SE_DUELCHAIN_RESOLVE01__112ad2eb_3786.wav,306236,dff19ec28892514f0b2c33899b4a4eef00820b7e9330619038b604b5c59302d9,2,48000,1.5947,external resource fallback (FmodError),exported,
sfx,SE_M09755_b,SE_M09755_b.wav,masterduel_Data/data.unity3d,3787,92,sfx/SE_M09755_b__112ad2eb_3787.wav,186796,1ab9012d3236985b6f799459ea8f7809d16072bbb926d5f57c0d790edc56a2bf,2,48000,0.9727,external resource fallback (FmodError),exported,
sfx,SE_ITEMCOIN_THROW,SE_ITEMCOIN_THROW.wav,masterduel_Data/data.unity3d,3788,100,sfx/SE_ITEMCOIN_THROW__112ad2eb_3788.wav,379988,58927dbf3e5599879113de630faa04465476b117fd81db40d96bcf8cf73bc399,2,48000,1.9789,external resource fallback (FmodError),exported,
sfx,SE_DIRECT_ATTACK_RIVAL,SE_DIRECT_ATTACK_RIVAL.wav,masterduel_Data/data.unity3d,3789,104,sfx/SE_DIRECT_ATTACK_RIVAL__112ad2eb_3789.wav,301516,ebb3ee778d1f77987d01e9ead15300424dcf1b5b035a80fed235fce6e15bae59,2,48000,1.5702,external resource fallback (FmodError),exported,
sfx,SE_DISP_ATTACK,SE_DISP_ATTACK.wav,masterduel_Data/data.unity3d,3790,96,sfx/SE_DISP_ATTACK__112ad2eb_3790.wav,310184,97942b1c2364aea0afa223b8eccd51c46e4d06d1074b5295df1bf25e47cec914,2,48000,1.6153,external resource fallback (FmodError),exported,
sfx,SE_DUELCHAIN_01,SE_DUELCHAIN_01.wav,masterduel_Data/data.unity3d,3791,96,sfx/SE_DUELCHAIN_01__112ad2eb_3791.wav,228804,102763284bc2b63c47df9cd866d82f17ba67848dc2bf462ad0c41f2cb69435e2,2,48000,1.1915,external resource fallback (FmodError),exported,
sfx,SE_SMN_XYZ_02_03,SE_SMN_XYZ_02_03.wav,masterduel_Data/data.unity3d,3792,96,sfx/SE_SMN_XYZ_02_03__112ad2eb_3792.wav,313548,f8bb069db2444f7b9781f9c91dcbb0b67aba81c666e0f824ddf177440439cc0d,2,48000,1.6328,external resource fallback (FmodError),exported,
sfx,SE_CARD_FINISH_BREAK_01,SE_CARD_FINISH_BREAK_01.wav,masterduel_Data/data.unity3d,3793,104,sfx/SE_CARD_FINISH_BREAK_01__112ad2eb_3793.wav,235340,aadc0d33a0ed8d129878350fd8673b1b7c97db13d963818d1ce7b9845852be8e,2,48000,1.2255,external resource fallback (FmodError),exported,
music,BGM_DUEL_KEYCARD_03,BGM_DUEL_KEYCARD_03.wav,masterduel_Data/data.unity3d,3794,100,music/BGM_DUEL_KEYCARD_03__112ad2eb_3794.wav,25342168,fc9150aaf03ed7b7534075e9c1109a9291cb27250e050aa4e695636083e0107f,2,48000,131.9902,external resource fallback (FmodError),exported,
sfx,SE_SMN_CMN_CARD_02,SE_SMN_CMN_CARD_02.wav,masterduel_Data/data.unity3d,3795,100,sfx/SE_SMN_CMN_CARD_02__112ad2eb_3795.wav,377892,ccfa260a5bec1e99d6078e003788600b28e25b707d1f0d89c86f3a5567efee01,2,48000,1.9680,external resource fallback (FmodError),exported,
sfx,SE_MONSTER_CUTIN_WATER,SE_MONSTER_CUTIN_WATER.wav,masterduel_Data/data.unity3d,3796,104,sfx/SE_MONSTER_CUTIN_WATER__112ad2eb_3796.wav,550104,3016ff68a4b63020e1ccb7ae07fd1d89f5ad4ef66d936a4b4c09f747fa132105,2,48000,2.8649,external resource fallback (FmodError),exported,
sfx,SE_ATTACK_A_DARK_SPECIAL_02,SE_ATTACK_A_DARK_SPECIAL_02.wav,masterduel_Data/data.unity3d,3797,108,sfx/SE_ATTACK_A_DARK_SPECIAL_02__112ad2eb_3797.wav,640044,92ea1ac3f0226764691f8efef1b93c24dad445bbbf3f2971ffcc6515da06685e,2,48000,3.3333,external resource fallback (FmodError),exported,
sfx,SE_SMN_RITUAL_01,SE_SMN_RITUAL_01.wav,masterduel_Data/data.unity3d,3798,96,sfx/SE_SMN_RITUAL_01__112ad2eb_3798.wav,385348,3b1e0080404f8253fa248124e819d56081a1c5bde9c9d74a80bf24a52f196e0c,2,48000,2.0068,external resource fallback (FmodError),exported,
sfx,SE_FIELD_MAT002_PHASE4_R,SE_FIELD_MAT002_PHASE4_R.wav,masterduel_Data/data.unity3d,3799,104,sfx/SE_FIELD_MAT002_PHASE4_R__112ad2eb_3799.wav,892436,ee3aea028c83fb4394f9ce2895130c6fd4aaaa587c0f191c9b2ec69855833ac5,2,48000,4.6479,external resource fallback (FmodError),exported,
sfx,SE_FIELD_MAT002_PHASE3_R,SE_FIELD_MAT002_PHASE3_R.wav,masterduel_Data/data.unity3d,3800,104,sfx/SE_FIELD_MAT002_PHASE3_R__112ad2eb_3800.wav,684620,a48b7fb08540b614d998f772fababc4e38805e8d75c53cce432bc1f8cf26c6b3,2,48000,3.5655,external resource fallback (FmodError),exported,
sfx,SE_EXCLUSION_GOOUT,SE_EXCLUSION_GOOUT.wav,masterduel_Data/data.unity3d,3801,100,sfx/SE_EXCLUSION_GOOUT__112ad2eb_3801.wav,249644,b29cf8ce6741d66844c61b8ebb9a3d1faabcd394fd8ae8e920b80420f8bc9420,2,48000,1.3000,external resource fallback (FmodError),exported,
sfx,SE_DUELCHAIN_RESOLVE03,SE_DUELCHAIN_RESOLVE03.wav,masterduel_Data/data.unity3d,3802,104,sfx/SE_DUELCHAIN_RESOLVE03__112ad2eb_3802.wav,374696,0d4698c944edbc76af4b9ffa47978269cf4722e906529f1f0917fdc18139e29e,2,48000,1.9513,external resource fallback (FmodError),exported,
sfx,SE_SMN_XYZ_01,SE_SMN_XYZ_01.wav,masterduel_Data/data.unity3d,3803,96,sfx/SE_SMN_XYZ_01__112ad2eb_3803.wav,543756,b67478834575307a21e385cdf431a8411c0372ce48705cede93f8daf98a4ba68,2,48000,2.8318,external resource fallback (FmodError),exported,
sfx,SE_M09755_h2,SE_M09755_h2.wav,masterduel_Data/data.unity3d,3804,92,sfx/SE_M09755_h2__112ad2eb_3804.wav,176328,fd0eff052f22bcd3022837bd1f34969f0d2d8213ddb8908beaf352d666136eb3,2,48000,0.9181,external resource fallback (FmodError),exported,
sfx,SE_DUEL_CHAIN_NUMEFF_01_2nd,SE_DUEL_CHAIN_NUMEFF_01_2nd.wav,masterduel_Data/data.unity3d,3805,108,sfx/SE_DUEL_CHAIN_NUMEFF_01_2nd__112ad2eb_3805.wav,290684,3e04928d895627635a01ce9181541c8d86dd975392764a2f90023b677eb60e6e,2,48000,1.5137,external resource fallback (FmodError),exported,
sfx,SE_CARD_RELEASE,SE_CARD_RELEASE.wav,masterduel_Data/data.unity3d,3806,96,sfx/SE_CARD_RELEASE__112ad2eb_3806.wav,176444,4057d79667b576cff0a0c2a32dc8c1eb80c2cdedf9b52d1de53d37c02b2e647c,2,44100,1.0000,external resource fallback (FmodError),exported,
sfx,SE_EV_CYCLONE,SE_EV_CYCLONE.wav,masterduel_Data/data.unity3d,3807,96,sfx/SE_EV_CYCLONE__112ad2eb_3807.wav,911740,5cad9947904309923acbaabf5d5974b648bab3ee067859f0c89f4ee3033d49ac,2,44100,5.1683,external resource fallback (FmodError),exported,
sfx,SE_SOLO_GATE_CHAPTEROPEN,SE_SOLO_GATE_CHAPTEROPEN.wav,masterduel_Data/data.unity3d,3808,104,sfx/SE_SOLO_GATE_CHAPTEROPEN__112ad2eb_3808.wav,410924,8ddc7ebbbb4bf0aaf9b4ceb4d293b70c75dd842ddefdcd83b0e8de593cc95de7,2,48000,2.1400,external resource fallback (FmodError),exported,
sfx,SE_DUEL_CANCEL,SE_DUEL_CANCEL.wav,masterduel_Data/data.unity3d,3809,96,sfx/SE_DUEL_CANCEL__112ad2eb_3809.wav,32648,4a2e05e60786206fa94daab17b5619c8352f8e0646b407c595a1c5c89947605d,2,48000,0.1698,external resource fallback (FmodError),exported,
sfx,SE_DUEL_LOSE,SE_DUEL_LOSE.wav,masterduel_Data/data.unity3d,3810,92,sfx/SE_DUEL_LOSE__112ad2eb_3810.wav,1306652,4af7474ae223d225dcb8ea904ed2b6b28dfc9a86984836ed9dbe39d2608ea4cb,2,44100,7.4071,external resource fallback (FmodError),exported,
sfx,SE_LAND_XYZ_MIDDLE,SE_LAND_XYZ_MIDDLE.wav,masterduel_Data/data.unity3d,3811,100,sfx/SE_LAND_XYZ_MIDDLE__112ad2eb_3811.wav,304508,58d1fc11137266bba85a1a91d6071974433024b3c565ba43971d32eac99c7e04,2,48000,1.5857,external resource fallback (FmodError),exported,
sfx,SE_SMN_SYNCHRO_03_02,SE_SMN_SYNCHRO_03_02.wav,masterduel_Data/data.unity3d,3812,100,sfx/SE_SMN_SYNCHRO_03_02__112ad2eb_3812.wav,220336,cf08851f2caa0497f2f2d5bf32fa5faec072bf5205c3e896c4314eff97f49be5,2,48000,1.1474,external resource fallback (FmodError),exported,
sfx,SE_EV_GOFUKEN,SE_EV_GOFUKEN.wav,masterduel_Data/data.unity3d,3813,96,sfx/SE_EV_GOFUKEN__112ad2eb_3813.wav,444368,8b6bd0cd3e03afa8aa80a7d8c597ed28ed242bd1fdab261a02e5f6e776d2b2ba,2,48000,2.3142,external resource fallback (FmodError),exported,
sfx,SE_SMN_FUSION_02,SE_SMN_FUSION_02.wav,masterduel_Data/data.unity3d,3814,96,sfx/SE_SMN_FUSION_02__112ad2eb_3814.wav,459592,5dad002ff7bb11c66662e4d1786ff9a9f0393581cc5fb74843401f8cb78e7cfd,2,48000,2.3935,external resource fallback (FmodError),exported,
sfx,SE_DUEL_SELECT,SE_DUEL_SELECT.wav,masterduel_Data/data.unity3d,3815,96,sfx/SE_DUEL_SELECT__112ad2eb_3815.wav,27000,f33827ac24ec0ea8575d1abf13ef322049f55333bfea758f4ed520dbfd20f365,2,48000,0.1404,external resource fallback (FmodError),exported,
sfx,SE_MD_TEST_PASSED,SE_MD_TEST_PASSED.wav,masterduel_Data/data.unity3d,3816,100,sfx/SE_MD_TEST_PASSED__112ad2eb_3816.wav,597708,1a0476163852f49463b7843a4ba4cec94ffe1f3c3d2f1e6207db8a717db4f0c1,2,48000,3.1128,external resource fallback (FmodError),exported,
sfx,SE_SUMMON_RITUAL_MATERIAL,SE_SUMMON_RITUAL_MATERIAL.wav,masterduel_Data/data.unity3d,3817,108,sfx/SE_SUMMON_RITUAL_MATERIAL__112ad2eb_3817.wav,380028,47651c5f8e1b5f725292f8b849d31848a73be80e5d73aa240cd94770a641fb43,2,48000,1.9791,external resource fallback (FmodError),exported,
sfx,SE_CARDVIEW_03,SE_CARDVIEW_03.wav,masterduel_Data/data.unity3d,3818,96,sfx/SE_CARDVIEW_03__112ad2eb_3818.wav,272860,25474edccd220f99e9ca720e939b7a1253988759ed5504ebb50da6e4957bdc84,2,44100,1.5466,external resource fallback (FmodError),exported,
sfx,SE_ATTACK_A_EARTH_DEFAULT_02,SE_ATTACK_A_EARTH_DEFAULT_02.wav,masterduel_Data/data.unity3d,3819,108,sfx/SE_ATTACK_A_EARTH_DEFAULT_02__112ad2eb_3819.wav,384044,ffbc8305abced86cf440ae505b4b5b34ec59668982752dcc74ac61675b5086e9,2,48000,2.0000,external resource fallback (FmodError),exported,
sfx,SE_DEBUFF_ATTACK,SE_DEBUFF_ATTACK.wav,masterduel_Data/data.unity3d,3820,96,sfx/SE_DEBUFF_ATTACK__112ad2eb_3820.wav,502940,392b9f819ad34fb03a83222431a5da0f0c5427f75079281668169529cb34c4f2,2,48000,2.6193,external resource fallback (FmodError),exported,
sfx,SE_CARD_CE_IN,SE_CARD_CE_IN.wav,masterduel_Data/data.unity3d,3821,96,sfx/SE_CARD_CE_IN__112ad2eb_3821.wav,124924,878a0e356674cf3000a1585003b96fbc2d03f9cdfa4d115d1e5ebe8ba93c07f8,2,44100,0.7079,external resource fallback (FmodError),exported,
sfx,SE_CHAIN_END,SE_CHAIN_END.wav,masterduel_Data/data.unity3d,3822,92,sfx/SE_CHAIN_END__112ad2eb_3822.wav,273180,58a4db18d3d27f6896176d8c4a88996f77721a8fb407aed0fa3eff887ebe172c,2,44100,1.5484,external resource fallback (FmodError),exported,
sfx,SE_LAND_SYNCHRO_HIGH,SE_LAND_SYNCHRO_HIGH.wav,masterduel_Data/data.unity3d,3823,100,sfx/SE_LAND_SYNCHRO_HIGH__112ad2eb_3823.wav,448992,bc3c272d2d52a8f53b35b3a287257f3cacb9ff86dfa8fe4da60f44dceb23cbb4,2,48000,2.3383,external resource fallback (FmodError),exported,
sfx,SE_LAND_SYNCHRO_MIDDLE,SE_LAND_SYNCHRO_MIDDLE.wav,masterduel_Data/data.unity3d,3824,104,sfx/SE_LAND_SYNCHRO_MIDDLE__112ad2eb_3824.wav,294484,691074cfdc1372007938e0c9982cd8aafdf8ac25118afdb80b050eb364163953,2,48000,1.5335,external resource fallback (FmodError),exported,
sfx,SE_EV_THOUSANDKNIVES,SE_EV_THOUSANDKNIVES.wav,masterduel_Data/data.unity3d,3825,100,sfx/SE_EV_THOUSANDKNIVES__112ad2eb_3825.wav,761168,6da6267f364617f64cad46d75e79451629a9304ca2b7ea21af95f995a06937af,2,44100,4.3148,external resource fallback (FmodError),exported,
sfx,SE_SYS_VERIFY_02,SE_SYS_VERIFY_02.wav,masterduel_Data/data.unity3d,3826,96,sfx/SE_SYS_VERIFY_02__112ad2eb_3826.wav,224204,9e4b8f152bcf5e687a5b65d2a084b167d7dc6701cdf9a6b5e6a22e89aba9111d,2,48000,1.1675,external resource fallback (FmodError),exported,
sfx,SE_EFFECT_INVALID,SE_EFFECT_INVALID.wav,masterduel_Data/data.unity3d,3827,100,sfx/SE_EFFECT_INVALID__112ad2eb_3827.wav,372808,f2f0d59c4f24c46d6660d9285523206efdab5b8a36792b776795cb8c3084f737,2,48000,1.9415,external resource fallback (FmodError),exported,
sfx,SE_DA_TEXT,SE_DA_TEXT.wav,masterduel_Data/data.unity3d,3828,92,sfx/SE_DA_TEXT__112ad2eb_3828.wav,256044,4ee8f03416aa95c3be07f75567e16a38c7513c524c210d38bc49f756c4c5bf2b,2,48000,1.3333,external resource fallback (FmodError),exported,
sfx,SE_ATTACK_A_WIND_DEFAULT_02,SE_ATTACK_A_WIND_DEFAULT_02.wav,masterduel_Data/data.unity3d,3829,108,sfx/SE_ATTACK_A_WIND_DEFAULT_02__112ad2eb_3829.wav,396092,d317e7e0c964f7bf60cfd80441e717b59a4f04dc29457996004cc039d4450c82,2,48000,2.0627,external resource fallback (FmodError),exported,
sfx,SE_MONSTER_CUTIN_DARK,SE_MONSTER_CUTIN_DARK.wav,masterduel_Data/data.unity3d,3830,104,sfx/SE_MONSTER_CUTIN_DARK__112ad2eb_3830.wav,574272,8098655120c7178e0b9e6dfd6255a1c93cec4e12ff1ad3551aa2bb488810b746,2,48000,2.9908,external resource fallback (FmodError),exported,
sfx,SE_LAND_RITUAL_HIGH,SE_LAND_RITUAL_HIGH.wav,masterduel_Data/data.unity3d,3831,100,sfx/SE_LAND_RITUAL_HIGH__112ad2eb_3831.wav,444472,dd365a822fe2c28dc562756e2e06e0b8118006a3d66621c9375dc57ba37ebe03,2,48000,2.3147,external resource fallback (FmodError),exported,
sfx,SE_ATTACK_A_EARTH_SPECIAL_02,SE_ATTACK_A_EARTH_SPECIAL_02.wav,masterduel_Data/data.unity3d,3832,108,sfx/SE_ATTACK_A_EARTH_SPECIAL_02__112ad2eb_3832.wav,441648,561580858ffb89b64a003835d1de8afd63ea950a25476518353d551f695d0b48,2,48000,2.3000,external resource fallback (FmodError),exported,
sfx,SE_M09755_e,SE_M09755_e.wav,masterduel_Data/data.unity3d,3833,92,sfx/SE_M09755_e__112ad2eb_3833.wav,525496,c66dfb75ff7547430876746e0d63d94b31b9c0a67e89e8d51e53d66998c40637,2,48000,2.7367,external resource fallback (FmodError),exported,
sfx,SE_CARD_TOKEN_SUMMON,SE_CARD_TOKEN_SUMMON.wav,masterduel_Data/data.unity3d,3834,100,sfx/SE_CARD_TOKEN_SUMMON__112ad2eb_3834.wav,374700,986de95ad7aeb5ef05fe176e5f992cef4fa21775767440ff72e9385570685dae,2,48000,1.9513,external resource fallback (FmodError),exported,
sfx,SE_SMN_SYNCHRO_04_02,SE_SMN_SYNCHRO_04_02.wav,masterduel_Data/data.unity3d,3835,100,sfx/SE_SMN_SYNCHRO_04_02__112ad2eb_3835.wav,340000,4b69d1bd95d4645b38101b38002727dd84400957bfc626a5900950609449f018,2,48000,1.7706,external resource fallback (FmodError),exported,
sfx,SE_CARDBREAK_01,SE_CARDBREAK_01.wav,masterduel_Data/data.unity3d,3836,96,sfx/SE_CARDBREAK_01__112ad2eb_3836.wav,404988,a1dccd7ed452fd7bd5e25dc607bbe8ab1fe7914cd4274e9aa0831444f729a8c1,2,48000,2.1091,external resource fallback (FmodError),exported,
sfx,SE_PHASE_MAIN2,SE_PHASE_MAIN2.wav,masterduel_Data/data.unity3d,3837,96,sfx/SE_PHASE_MAIN2__112ad2eb_3837.wav,241964,13b8e9191a58ff238687fd35cb1130d01691835f30711d1dffda794578b33f2d,2,48000,1.2600,external resource fallback (FmodError),exported,
sfx,SE_SOLO_GATE_CLEAR,SE_SOLO_GATE_CLEAR.wav,masterduel_Data/data.unity3d,3838,100,sfx/SE_SOLO_GATE_CLEAR__112ad2eb_3838.wav,626780,ecd6f773cf94ae47ed172ff5801e096b1ed4eafa1e4430abfa3bb336a2c17160,2,48000,3.2643,external resource fallback (FmodError),exported,
sfx,SE_SMN_RITUAL_02_02,SE_SMN_RITUAL_02_02.wav,masterduel_Data/data.unity3d,3839,100,sfx/SE_SMN_RITUAL_02_02__112ad2eb_3839.wav,461196,1ce9adab35f8e6ad6fba9d092048492d4a09b95c3fb33b330581b83c3c517ccd,2,48000,2.4018,external resource fallback (FmodError),exported,
sfx,SE_M09755_f,SE_M09755_f.wav,masterduel_Data/data.unity3d,3840,92,sfx/SE_M09755_f__112ad2eb_3840.wav,513388,17811e5e00e671f79d10fe1f5d5b4af9c7d44342311d1cffb13e76d898d57343,2,48000,2.6737,external resource fallback (FmodError),exported,
sfx,SE_CARD_DRAW_04,SE_CARD_DRAW_04.wav,masterduel_Data/data.unity3d,3841,96,sfx/SE_CARD_DRAW_04__112ad2eb_3841.wav,17508,a45a3d1b7f11df90ec4bf19f66eaaf2a45839c2ac6f72f3a500db3c361feda0f,1,48000,0.1819,external resource fallback (FmodError),exported,
sfx,SE_SYS_VERIFY,SE_SYS_VERIFY.wav,masterduel_Data/data.unity3d,3842,96,sfx/SE_SYS_VERIFY__112ad2eb_3842.wav,224204,6611579dc479b67c65aa2387f974f0f9f8f607c43d3ea80297d2d67d0b3eb262,2,48000,1.1675,external resource fallback (FmodError),exported,
sfx,SE_SMN_FUSION_01_01,SE_SMN_FUSION_01_01.wav,masterduel_Data/data.unity3d,3843,100,sfx/SE_SMN_FUSION_01_01__112ad2eb_3843.wav,551904,3336fa12f06c02c7f348fb0b6abd561c1911918ceb603a47ea12e17621c61e41,2,48000,2.8743,external resource fallback (FmodError),exported,
sfx,SE_CONFIRM,SE_CONFIRM.wav,masterduel_Data/data.unity3d,3844,92,sfx/SE_CONFIRM__112ad2eb_3844.wav,444224,e77d4139047ec8b970c4de5a5cd6afb0b4a556fa45b65c537a9fbb67f3895dd6,2,44100,2.5180,external resource fallback (FmodError),exported,
sfx,SE_ATTACK_A_WATER_DEFAULT_01,SE_ATTACK_A_WATER_DEFAULT_01.wav,masterduel_Data/data.unity3d,3845,108,sfx/SE_ATTACK_A_WATER_DEFAULT_01__112ad2eb_3845.wav,108844,2709cdcfdabbb045c5eaf9ea97a4306be7d65878bc55bbaf0ccc35948e25fac8,2,48000,0.5667,external resource fallback (FmodError),exported,
sfx,SE_SMN_PENDULUM_01,SE_SMN_PENDULUM_01.wav,masterduel_Data/data.unity3d,3846,100,sfx/SE_SMN_PENDULUM_01__112ad2eb_3846.wav,332096,ecfb2c4add8fcc7de3af49ed466490d5d797e3a14452b7deda376bd18a833b22,2,48000,1.7294,external resource fallback (FmodError),exported,
sfx,SE_MONSTER_CUTIN_EARTH,SE_MONSTER_CUTIN_EARTH.wav,masterduel_Data/data.unity3d,3847,104,sfx/SE_MONSTER_CUTIN_EARTH__112ad2eb_3847.wav,552512,7722edba37b38a4e968cd2f1303a2fb2c1240c313c55f7c9a01c2c9e16ac8233,2,48000,2.8774,external resource fallback (FmodError),exported,
sfx,SE_CARD_DECK_CHECK,SE_CARD_DECK_CHECK.wav,masterduel_Data/data.unity3d,3848,100,sfx/SE_CARD_DECK_CHECK__112ad2eb_3848.wav,201324,b4fc695cf234de877329998e333c4e0e2662ffd7f323a81b631a7c1680505725,2,48000,1.0483,external resource fallback (FmodError),exported,
sfx,SE_ATTACK_A_DARK_DEFAULT_02,SE_ATTACK_A_DARK_DEFAULT_02.wav,masterduel_Data/data.unity3d,3849,108,sfx/SE_ATTACK_A_DARK_DEFAULT_02__112ad2eb_3849.wav,467244,65ec5973716af832d8fcd2cb5964456bcb8f68974cc089d9c7fc604c73a5390d,2,48000,2.4333,external resource fallback (FmodError),exported,
sfx,SE_SMN_RITUAL_02_01,SE_SMN_RITUAL_02_01.wav,masterduel_Data/data.unity3d,3850,100,sfx/SE_SMN_RITUAL_02_01__112ad2eb_3850.wav,369132,ae8e867f0ed830405286c92a63369343d64c5bafc7ca1531052b5d7d722d91eb,2,48000,1.9223,external resource fallback (FmodError),exported,
sfx,SE_M09755_h,SE_M09755_h.wav,masterduel_Data/data.unity3d,3851,92,sfx/SE_M09755_h__112ad2eb_3851.wav,314904,fa9194acf706ee25f27ffcf102370ac1114128432bf463f63a61a20fc398c1ec,2,48000,1.6399,external resource fallback (FmodError),exported,
sfx,SE_ATTACK_A_WIND_DEFAULT_01,SE_ATTACK_A_WIND_DEFAULT_01.wav,masterduel_Data/data.unity3d,3852,108,sfx/SE_ATTACK_A_WIND_DEFAULT_01__112ad2eb_3852.wav,117064,a6f5d1c5a408bc5c1055757465fde23eaacec1412593c6fad01c6844ce11cfe8,2,48000,0.6095,external resource fallback (FmodError),exported,
sfx,SE_CARD_DUALSUMMON,SE_CARD_DUALSUMMON.wav,masterduel_Data/data.unity3d,3853,100,sfx/SE_CARD_DUALSUMMON__112ad2eb_3853.wav,374700,986de95ad7aeb5ef05fe176e5f992cef4fa21775767440ff72e9385570685dae,2,48000,1.9513,external resource fallback (FmodError),exported,
sfx,SE_CARD_COUNTER,SE_CARD_COUNTER.wav,masterduel_Data/data.unity3d,3854,96,sfx/SE_CARD_COUNTER__112ad2eb_3854.wav,54796,ac40f96d4acc5bf4e591c76aae2990838a224245488dbe908aba071ce6d0cb4d,2,44100,0.3104,external resource fallback (FmodError),exported,
sfx,SE_CARD_DRAW_01,SE_CARD_DRAW_01.wav,masterduel_Data/data.unity3d,3855,96,sfx/SE_CARD_DRAW_01__112ad2eb_3855.wav,18372,82b546043feb0a17cf5dd98140c519755c223072ec10d3c3b35c3d517f5b2e07,1,48000,0.1909,external resource fallback (FmodError),exported,
sfx,SE_MD_TEST_CORRECT,SE_MD_TEST_CORRECT.wav,masterduel_Data/data.unity3d,3856,100,sfx/SE_MD_TEST_CORRECT__112ad2eb_3856.wav,547104,fe7dcb450b0ca33b10282a33e9da7ded788452a284b5603a9b48ca4f6c42412f,2,48000,2.8493,external resource fallback (FmodError),exported,
sfx,SE_DUEL_ENTRY_GOOUT,SE_DUEL_ENTRY_GOOUT.wav,masterduel_Data/data.unity3d,3857,100,sfx/SE_DUEL_ENTRY_GOOUT__112ad2eb_3857.wav,600780,9a1edace645f91dcf282cccb17e330dbc7941b69db021fae6c93c964edd0a189,2,48000,3.1288,external resource fallback (FmodError),exported,
sfx,SE_SMN_SYNCHRO_03_04,SE_SMN_SYNCHRO_03_04.wav,masterduel_Data/data.unity3d,3858,100,sfx/SE_SMN_SYNCHRO_03_04__112ad2eb_3858.wav,406348,df77a1194288df975de1be1045e54347736f0aaae947553071908eb0c3a7d5d8,2,48000,2.1162,external resource fallback (FmodError),exported,
sfx,SE_MD_TEST_FAILURE,SE_MD_TEST_FAILURE.wav,masterduel_Data/data.unity3d,3859,100,sfx/SE_MD_TEST_FAILURE__112ad2eb_3859.wav,735660,61421243cfe30f1409685fb0f8b437651f463f45412f5be9c1ee31e54eb0281e,2,48000,3.8313,external resource fallback (FmodError),exported,
sfx,SE_PHASE_OPP_BATTLE,SE_PHASE_OPP_BATTLE.wav,masterduel_Data/data.unity3d,3860,100,sfx/SE_PHASE_OPP_BATTLE__112ad2eb_3860.wav,398624,af54bea9be3ce703cb8ad98adc7df8041129da78207ceaf04dcb8190b9d8a137,2,48000,2.0759,external resource fallback (FmodError),exported,
sfx,SE_MENU_OVERLAP,SE_MENU_OVERLAP.wav,masterduel_Data/data.unity3d,3861,96,sfx/SE_MENU_OVERLAP__112ad2eb_3861.wav,14152,e90ea624483ab03252eb09c1ddada81fe852e690ca472541f4d8d4855845135c,2,48000,0.0735,external resource fallback (FmodError),exported,
sfx,SE_ATTACK_A_LIGHT_DEFAULT_01,SE_ATTACK_A_LIGHT_DEFAULT_01.wav,masterduel_Data/data.unity3d,3862,108,sfx/SE_ATTACK_A_LIGHT_DEFAULT_01__112ad2eb_3862.wav,108844,cc9269f0bfebaf0fd921d0ec6f30babeb89133966d5cd279934f6c935d3d327f,2,48000,0.5667,external resource fallback (FmodError),exported,
sfx,SE_STRUCTURE_CARD_OPEN,SE_STRUCTURE_CARD_OPEN.wav,masterduel_Data/data.unity3d,3863,104,sfx/SE_STRUCTURE_CARD_OPEN__112ad2eb_3863.wav,349032,6a4a5c7e36c443f2cb6ee522f04dd1c10f4d1e0b93f134599c5f8efe2843c7c3,2,48000,1.8176,external resource fallback (FmodError),exported,
sfx,SE_SMN_LINK_05,SE_SMN_LINK_05.wav,masterduel_Data/data.unity3d,3864,96,sfx/SE_SMN_LINK_05__112ad2eb_3864.wav,444104,8715df7f2be533feb0e9806e44ecd546344df1142d36aee819476b55e19aa2f5,2,48000,2.3128,external resource fallback (FmodError),exported,
sfx,SE_FIELD_MAT002_TAP_02,SE_FIELD_MAT002_TAP_02.wav,masterduel_Data/data.unity3d,3865,104,sfx/SE_FIELD_MAT002_TAP_02__112ad2eb_3865.wav,309460,a5c12032fe452f47c7d38529c505b1bcd486c9198ecf0f676bea4f66c69a736c,2,48000,1.6115,external resource fallback (FmodError),exported,
sfx,SE_MD_TEST_CLEAR,SE_MD_TEST_CLEAR.wav,masterduel_Data/data.unity3d,3866,96,sfx/SE_MD_TEST_CLEAR__112ad2eb_3866.wav,470704,cadedf0b4df85e83bf6c2e8d36b6dff69265d007a7250f350d8f44cd5a81a614,2,48000,2.4514,external resource fallback (FmodError),exported,
sfx,SE_FIELD_MAT002_PHASE1_R,SE_FIELD_MAT002_PHASE1_R.wav,masterduel_Data/data.unity3d,3867,104,sfx/SE_FIELD_MAT002_PHASE1_R__112ad2eb_3867.wav,551184,83d5ff683f004a7003894b3f5b447150f5f4d8446c1d47307d2ee296a6e4a7c4,2,48000,2.8705,external resource fallback (FmodError),exported,
sfx,SE_EXCLUSION_ABSORB,SE_EXCLUSION_ABSORB.wav,masterduel_Data/data.unity3d,3868,100,sfx/SE_EXCLUSION_ABSORB__112ad2eb_3868.wav,336044,f8f948ca88173d70f3648de2deb592b6ea16bd11c5783b19a81e3bf6e8792194,2,48000,1.7500,external resource fallback (FmodError),exported,
sfx,SE_CARD_MOVE_02,SE_CARD_MOVE_02.wav,masterduel_Data/data.unity3d,3869,96,sfx/SE_CARD_MOVE_02__112ad2eb_3869.wav,8122,12f48882a809e4676edb60757775cd97aaf5e2623a7ef54825f7f008510562a5,1,48000,0.0841,external resource fallback (FmodError),exported,
sfx,SE_EV_BLACKHOLE,SE_EV_BLACKHOLE.wav,masterduel_Data/data.unity3d,3870,96,sfx/SE_EV_BLACKHOLE__112ad2eb_3870.wav,727152,11ca1508b8be062e3accb7e226557f3f624a3fae6639d5f8ac6e5fc70b522c6d,2,48000,3.7870,external resource fallback (FmodError),exported,
sfx,SE_SMN_PENDULUM_02,SE_SMN_PENDULUM_02.wav,masterduel_Data/data.unity3d,3871,100,sfx/SE_SMN_PENDULUM_02__112ad2eb_3871.wav,414272,3be40cd5cdd23782672620638f0773a949f1e3288dc23d7e5f5af9496dcc90c5,2,48000,2.1574,external resource fallback (FmodError),exported,
sfx,SE_MENU_S_DECIDE_02,SE_MENU_S_DECIDE_02.wav,masterduel_Data/data.unity3d,3872,100,sfx/SE_MENU_S_DECIDE_02__112ad2eb_3872.wav,6060,7c95982932a3280da361407178d274e29375d8dcf69d0d06349d3e4265cff071,2,48000,0.0313,external resource fallback (FmodError),exported,
sfx,SE_PHASE_OPP_MAIN1,SE_PHASE_OPP_MAIN1.wav,masterduel_Data/data.unity3d,3873,100,sfx/SE_PHASE_OPP_MAIN1__112ad2eb_3873.wav,257324,339d0eef7f70af7413f8bb2b84228068193a0c7a1d67beb4b8a616c1f1e79c44,2,48000,1.3400,external resource fallback (FmodError),exported,
sfx,SE_COST_DAMAGE,SE_COST_DAMAGE.wav,masterduel_Data/data.unity3d,3874,96,sfx/SE_COST_DAMAGE__112ad2eb_3874.wav,332924,89165c4dfa4b31f1511d15db726d20c8514e58fab7d0e68be96c02372be6c4b4,2,48000,1.7337,external resource fallback (FmodError),exported,
sfx,SE_CARDEXPAND_ZOOMOUT,SE_CARDEXPAND_ZOOMOUT.wav,masterduel_Data/data.unity3d,3875,104,sfx/SE_CARDEXPAND_ZOOMOUT__112ad2eb_3875.wav,17740,4085cf8872b3a36fd6426aade125bdbddc3d6f312bdf5ba2889c5735cad1b8ee,2,48000,0.0922,external resource fallback (FmodError),exported,
sfx,SE_BUFF_CHANGE,SE_BUFF_CHANGE.wav,masterduel_Data/data.unity3d,3876,96,sfx/SE_BUFF_CHANGE__112ad2eb_3876.wav,593316,2ef2e348de28e9407bacbf91a40a7929484a92e9f9df9d4859eeb5853e88b811,2,48000,3.0900,external resource fallback (FmodError),exported,
sfx,SE_CARD_CE_OUT,SE_CARD_CE_OUT.wav,masterduel_Data/data.unity3d,3877,96,sfx/SE_CARD_CE_OUT__112ad2eb_3877.wav,124924,878a0e356674cf3000a1585003b96fbc2d03f9cdfa4d115d1e5ebe8ba93c07f8,2,44100,0.7079,external resource fallback (FmodError),exported,
sfx,SE_M09755_c,SE_M09755_c.wav,masterduel_Data/data.unity3d,3878,92,sfx/SE_M09755_c__112ad2eb_3878.wav,249180,5df055752007cb5b5bf517b54c670b3fc6c59080635e991d6c8438f5b2612239,2,48000,1.2976,external resource fallback (FmodError),exported,
sfx,SE_ATTACK_A_DARK_SPECIAL_01,SE_ATTACK_A_DARK_SPECIAL_01.wav,masterduel_Data/data.unity3d,3879,108,sfx/SE_ATTACK_A_DARK_SPECIAL_01__112ad2eb_3879.wav,172844,2a3cf2dd61f714e210104d021c84e3b9eea4a4e4ffe8c2f4666d1d3ba3cb20c5,2,48000,0.9000,external resource fallback (FmodError),exported,
sfx,SE_MENU_S_DECIDE_01,SE_MENU_S_DECIDE_01.wav,masterduel_Data/data.unity3d,3880,100,sfx/SE_MENU_S_DECIDE_01__112ad2eb_3880.wav,9792,3a02869ca7cf72f2ef15365ff633015855947aa2be0bd56f9a19450046219185,2,48000,0.0508,external resource fallback (FmodError),exported,
sfx,SE_SMN_SYNCHRO_03_03,SE_SMN_SYNCHRO_03_03.wav,masterduel_Data/data.unity3d,3881,100,sfx/SE_SMN_SYNCHRO_03_03__112ad2eb_3881.wav,245104,660066845aef1d28346367da7793af3aa7ac4929af0374c327875d763a7e79b4,2,48000,1.2764,external resource fallback (FmodError),exported,
sfx,SE_SMN_RITUAL_02_03,SE_SMN_RITUAL_02_03.wav,masterduel_Data/data.unity3d,3882,100,sfx/SE_SMN_RITUAL_02_03__112ad2eb_3882.wav,470480,3b18c9a8393ffa0c81860a733dc0740602b22df6252b7878cf8939b6c9ec407c,2,48000,2.4502,external resource fallback (FmodError),exported,
sfx,SE_ATTACK_A_FIRE_SPECIAL_01,SE_ATTACK_A_FIRE_SPECIAL_01.wav,masterduel_Data/data.unity3d,3883,108,sfx/SE_ATTACK_A_FIRE_SPECIAL_01__112ad2eb_3883.wav,166444,42ff66aa10ab74bb9f5c3a3b1d9ea11a6570d4555228db7240cbd65967f71199,2,48000,0.8667,external resource fallback (FmodError),exported,
sfx,SE_CARD_XYZ_IN,SE_CARD_XYZ_IN.wav,masterduel_Data/data.unity3d,3884,96,sfx/SE_CARD_XYZ_IN__112ad2eb_3884.wav,676872,c2717f47ba02566c42e9445dd0c5a45d8d74643af5b374f5f32a4deb466db13f,2,48000,3.5251,external resource fallback (FmodError),exported,
sfx,SE_SUMMON_ADVANCE,SE_SUMMON_ADVANCE.wav,masterduel_Data/data.unity3d,3885,100,sfx/SE_SUMMON_ADVANCE__112ad2eb_3885.wav,254916,580d15f807ad1a562f4df7d139c97915c07f32f9b70120790e6925e316a30529,2,48000,1.3275,external resource fallback (FmodError),exported,
sfx,SE_SMN_SYNCHRO_03_01,SE_SMN_SYNCHRO_03_01.wav,masterduel_Data/data.unity3d,3886,100,sfx/SE_SMN_SYNCHRO_03_01__112ad2eb_3886.wav,245676,e9fb2409c397263d42e715e38b9a674e5d35a1cdd45ff88f0560264dcc36b0ad,2,48000,1.2793,external resource fallback (FmodError),exported,
sfx,SE_ATTACK_A_DIVINE_DEFAULT_02,SE_ATTACK_A_DIVINE_DEFAULT_02.wav,masterduel_Data/data.unity3d,3887,112,sfx/SE_ATTACK_A_DIVINE_DEFAULT_02__112ad2eb_3887.wav,441644,2583b9540f5135ae064ab1f9ca1303676fdb3df57687000b20811eb319ed561b,2,48000,2.3000,external resource fallback (FmodError),exported,
sfx,SE_ATTACK_A_LIGHT_SPECIAL_01,SE_ATTACK_A_LIGHT_SPECIAL_01.wav,masterduel_Data/data.unity3d,3888,108,sfx/SE_ATTACK_A_LIGHT_SPECIAL_01__112ad2eb_3888.wav,160048,89dfb34192c2beeff219f56a5eb668fe2a4428c191f2a9312d184d2f23cd6de3,2,48000,0.8334,external resource fallback (FmodError),exported,
sfx,SE_DIRECT_ATTACK_PLAYER,SE_DIRECT_ATTACK_PLAYER.wav,masterduel_Data/data.unity3d,3889,104,sfx/SE_DIRECT_ATTACK_PLAYER__112ad2eb_3889.wav,332924,89165c4dfa4b31f1511d15db726d20c8514e58fab7d0e68be96c02372be6c4b4,2,48000,1.7337,external resource fallback (FmodError),exported,
sfx,SE_DUEL_ENTRY_COIN_HEAD,SE_DUEL_ENTRY_COIN_HEAD.wav,masterduel_Data/data.unity3d,3890,104,sfx/SE_DUEL_ENTRY_COIN_HEAD__112ad2eb_3890.wav,761232,2a08306533664cdf2794f0e34f316d0951b6d15e0e8e56e0fd1711cf0a9b6937,2,48000,3.9645,external resource fallback (FmodError),exported,
sfx,SE_ATTACK_GUARD,SE_ATTACK_GUARD.wav,masterduel_Data/data.unity3d,3891,96,sfx/SE_ATTACK_GUARD__112ad2eb_3891.wav,314596,8469d30ad0760b140abfff236454e4d361cc709f33a95bb841bd759012de25bd,2,48000,1.6383,external resource fallback (FmodError),exported,
sfx,SE_M09755_a1,SE_M09755_a1.wav,masterduel_Data/data.unity3d,3892,92,sfx/SE_M09755_a1__112ad2eb_3892.wav,186796,1ab9012d3236985b6f799459ea8f7809d16072bbb926d5f57c0d790edc56a2bf,2,48000,0.9727,external resource fallback (FmodError),exported,
music,BGM_DUEL_CLIMAX_03,BGM_DUEL_CLIMAX_03.wav,masterduel_Data/data.unity3d,3893,100,music/BGM_DUEL_CLIMAX_03__112ad2eb_3893.wav,28739628,4bb939b2556feda8fe1a5abe51b4fb4e9a2058558c674740bc39c40d096f64d2,2,48000,149.6853,external resource fallback (FmodError),exported,
sfx,SE_CARD_MOVE_04,SE_CARD_MOVE_04.wav,masterduel_Data/data.unity3d,3894,96,sfx/SE_CARD_MOVE_04__112ad2eb_3894.wav,8376,133c76e7a2525fa4729a362c3b35a5703a49048d1271f0a1270f5f2a143a54e9,1,48000,0.0868,external resource fallback (FmodError),exported,
sfx,SE_MENU_OVERLAP_02,SE_MENU_OVERLAP_02.wav,masterduel_Data/data.unity3d,3895,100,sfx/SE_MENU_OVERLAP_02__112ad2eb_3895.wav,4060,e70abf8ab94485c5dd7a45932cd878d913eee950385ef8a112f4bfbda134f857,2,48000,0.0209,external resource fallback (FmodError),exported,
sfx,SE_LAND_LINK_HIGH,SE_LAND_LINK_HIGH.wav,masterduel_Data/data.unity3d,3896,100,sfx/SE_LAND_LINK_HIGH__112ad2eb_3896.wav,415408,2ea884bbe881307197c60b841f7c7cf8c40d08e2c7f796fa6e17362ea1ed0efa,2,48000,2.1634,external resource fallback (FmodError),exported,
sfx,SE_ATTACK_A_WATER_SPECIAL_02,SE_ATTACK_A_WATER_SPECIAL_02.wav,masterduel_Data/data.unity3d,3897,108,sfx/SE_ATTACK_A_WATER_SPECIAL_02__112ad2eb_3897.wav,480044,b20a7665837534b0d4f0f625147cda78d25e628a030ecb7ba0cedc49e45105da,2,48000,2.5000,external resource fallback (FmodError),exported,
sfx,SE_CARD_FINISH_BREAK_02,SE_CARD_FINISH_BREAK_02.wav,masterduel_Data/data.unity3d,3898,104,sfx/SE_CARD_FINISH_BREAK_02__112ad2eb_3898.wav,235340,90bd8ba1fedfb046b88dcd53906fecd897f582a0c3519a6c6e71be46a2e0bc9b,2,48000,1.2255,external resource fallback (FmodError),exported,
sfx,SE_CARDEXPAND_DISPLAY,SE_CARDEXPAND_DISPLAY.wav,masterduel_Data/data.unity3d,3899,104,sfx/SE_CARDEXPAND_DISPLAY__112ad2eb_3899.wav,40440,fbab58e3f0147eca15c6fcfdb34b9282166d642216c5fca6e68f4bce74482d2f,2,48000,0.2104,external resource fallback (FmodError),exported,
sfx,SE_LAND_NORMAL_MIDDLE,SE_LAND_NORMAL_MIDDLE.wav,masterduel_Data/data.unity3d,3900,104,sfx/SE_LAND_NORMAL_MIDDLE__112ad2eb_3900.wav,365328,610f04f21a816b70061c1200db965cc2ea3879a0a66252d05e0c2310d7f2b96d,2,48000,1.9025,external resource fallback (FmodError),exported,
sfx,SE_CARDVIEW_APPLY_01,SE_CARDVIEW_APPLY_01.wav,masterduel_Data/data.unity3d,3901,100,sfx/SE_CARDVIEW_APPLY_01__112ad2eb_3901.wav,399612,c555f2ec37dfdd8bd6a917ee869e046912eb5cf8ae38ef8a31d64aa3b2107298,2,48000,2.0811,external resource fallback (FmodError),exported,
sfx,SE_ATTACK_A_FIRE_SPECIAL_02,SE_ATTACK_A_FIRE_SPECIAL_02.wav,masterduel_Data/data.unity3d,3902,108,sfx/SE_ATTACK_A_FIRE_SPECIAL_02__112ad2eb_3902.wav,486444,6c81afe0a0304d156134245236aa4bdc05ce7bbc0b5b23250072fe98fb3092f7,2,48000,2.5333,external resource fallback (FmodError),exported,
sfx,SE_DUEL_WIN,SE_DUEL_WIN.wav,masterduel_Data/data.unity3d,3903,92,sfx/SE_DUEL_WIN__112ad2eb_3903.wav,1112324,7635e43820b943e5e8e99b9e7d92cc2442c21ecf90c9d7aaef14483f90229e86,2,48000,5.7931,external resource fallback (FmodError),exported,
sfx,SE_LEVEL_UP,SE_LEVEL_UP.wav,masterduel_Data/data.unity3d,3904,92,sfx/SE_LEVEL_UP__112ad2eb_3904.wav,247016,3b745d87c335240d273d2e53b333a5742d678a336c40f6661fb290565db825c5,2,48000,1.2863,external resource fallback (FmodError),exported,
sfx,SE_CARD_DRAW_02,SE_CARD_DRAW_02.wav,masterduel_Data/data.unity3d,3905,96,sfx/SE_CARD_DRAW_02__112ad2eb_3905.wav,19842,4f4a636e8a36276f563282e9795d947115cbc0dd8f9de2c2c893dac08c6bc85c,1,48000,0.2062,external resource fallback (FmodError),exported,
sfx,SE_DUEL_ENTRY_LOOP,SE_DUEL_ENTRY_LOOP.wav,masterduel_Data/data.unity3d,3906,100,sfx/SE_DUEL_ENTRY_LOOP__112ad2eb_3906.wav,2771244,de6398ad4eb0c86cc62547a12826872a181067f4b4300fb8a475239e211faa97,2,48000,14.4333,external resource fallback (FmodError),exported,
sfx,SE_LOG_CLOSE,SE_LOG_CLOSE.wav,masterduel_Data/data.unity3d,3907,92,sfx/SE_LOG_CLOSE__112ad2eb_3907.wav,163544,ae137581f0366e7a68572240c89c0a29579e78bbc87144b292b458ed312a5d87,2,48000,0.8516,external resource fallback (FmodError),exported,
sfx,SE_LP_STOP,SE_LP_STOP.wav,masterduel_Data/data.unity3d,3908,92,sfx/SE_LP_STOP__112ad2eb_3908.wav,62484,40a77780e5df3a8c1d785554c9785bbc0cd36d35c59e267a31709f8527ab0bb0,1,44100,0.7079,external resource fallback (FmodError),exported,
sfx,SE_FIELD_MAT002_PHASE2_P,SE_FIELD_MAT002_PHASE2_P.wav,masterduel_Data/data.unity3d,3909,104,sfx/SE_FIELD_MAT002_PHASE2_P__112ad2eb_3909.wav,545056,c469df42b73bd5807aa01ca65d1c7b78b2a855fcc0fcf2019a3a58c3ac75d037,2,48000,2.8386,external resource fallback (FmodError),exported,
sfx,SE_MONSTER_CUTIN_DIVINE,SE_MONSTER_CUTIN_DIVINE.wav,masterduel_Data/data.unity3d,3910,104,sfx/SE_MONSTER_CUTIN_DIVINE__112ad2eb_3910.wav,531104,26ef57534693011ada121d19cae0df1ea75d7280c76d4bcec1494646cc43cff3,2,48000,2.7659,external resource fallback (FmodError),exported,
sfx,SE_DUEL_ENTRY_LOOP_ED,SE_DUEL_ENTRY_LOOP_ED.wav,masterduel_Data/data.unity3d,3911,104,sfx/SE_DUEL_ENTRY_LOOP_ED__112ad2eb_3911.wav,617840,397e4c1a8cfa4f1756fcba5634101536a62df0f68cab3d01da1338db481d6936,2,48000,3.2177,external resource fallback (FmodError),exported,
sfx,SE_COIN_DECIDE_02,SE_COIN_DECIDE_02.wav,masterduel_Data/data.unity3d,3912,100,sfx/SE_COIN_DECIDE_02__112ad2eb_3912.wav,522132,230ea56ab8f358673f85e58ed0adedac812372fabc4c95d11098c70fab3d7bbc,2,48000,2.7192,external resource fallback (FmodError),exported,
sfx,SE_LAND_MT_SET,SE_LAND_MT_SET.wav,masterduel_Data/data.unity3d,3913,96,sfx/SE_LAND_MT_SET__112ad2eb_3913.wav,251004,e91a89590a41245bc0aa011711cfb655f28d4cc3a892b2a02f3304cb7dc4313c,2,48000,1.3071,external resource fallback (FmodError),exported,
sfx,SE_CARD_TOKEN_BREAK,SE_CARD_TOKEN_BREAK.wav,masterduel_Data/data.unity3d,3914,100,sfx/SE_CARD_TOKEN_BREAK__112ad2eb_3914.wav,353848,a139c7bc90aa3a56d1898f9b1ddcb9607a827451faaa952ca1968454c4cf8a4a,2,48000,1.8427,external resource fallback (FmodError),exported,
sfx,SE_STRUCTURE_CARD_CLOSE,SE_STRUCTURE_CARD_CLOSE.wav,masterduel_Data/data.unity3d,3915,104,sfx/SE_STRUCTURE_CARD_CLOSE__112ad2eb_3915.wav,349032,f5566d14888afa02d79cb8272acd1b0c02887ac465bd45c71ef205b5e1ab1889,2,48000,1.8176,external resource fallback (FmodError),exported,
sfx,SE_DUELCHAIN_STACK01_4th,SE_DUELCHAIN_STACK01_4th.wav,masterduel_Data/data.unity3d,3916,104,sfx/SE_DUELCHAIN_STACK01_4th__112ad2eb_3916.wav,337488,ac666bf795fca39890f88a8ca3d21a2c7244ef42eb78b98e77bc2364e483e258,2,48000,1.7575,external resource fallback (FmodError),exported,
sfx,SE_SMN_RITUAL_04,SE_SMN_RITUAL_04.wav,masterduel_Data/data.unity3d,3917,96,sfx/SE_SMN_RITUAL_04__112ad2eb_3917.wav,344840,95e61cd924a7cad1b6b00898d272a314b1c88a96ac47927271da79683f9f413a,2,48000,1.7958,external resource fallback (FmodError),exported,
sfx,SE_DUEL_DIRECTATTACK_SLOW,SE_DUEL_DIRECTATTACK_SLOW.wav,masterduel_Data/data.unity3d,3918,108,sfx/SE_DUEL_DIRECTATTACK_SLOW__112ad2eb_3918.wav,690720,d8c12cac7507daf60c74b95340dd824ea77905c976be51450cc44c4167356348,2,44100,3.9154,external resource fallback (FmodError),exported,
sfx,SE_SOLO_GATE_COMPLETE,SE_SOLO_GATE_COMPLETE.wav,masterduel_Data/data.unity3d,3919,104,sfx/SE_SOLO_GATE_COMPLETE__112ad2eb_3919.wav,576044,457ddbc1bf5cad3fd5219d8c0024e7410a90a9c38d919ecc5ccacb63e3c82e85,2,48000,3.0000,external resource fallback (FmodError),exported,
sfx,SE_SMN_FUSION_01_02,SE_SMN_FUSION_01_02.wav,masterduel_Data/data.unity3d,3920,100,sfx/SE_SMN_FUSION_01_02__112ad2eb_3920.wav,549800,4a7645226e6b530db4981449fd26cc517d85d6c204736043c33fcb250ec750dd,2,48000,2.8633,external resource fallback (FmodError),exported,
sfx,SE_SYS_VERIFY_03,SE_SYS_VERIFY_03.wav,masterduel_Data/data.unity3d,3921,96,sfx/SE_SYS_VERIFY_03__112ad2eb_3921.wav,224204,ba24a35c5cabc4d4a29e1187e7c479ea7dbe136fa2097b9e5589c12e5364c07a,2,48000,1.1675,external resource fallback (FmodError),exported,
sfx,SE_PHASE_STANDBY,SE_PHASE_STANDBY.wav,masterduel_Data/data.unity3d,3922,96,sfx/SE_PHASE_STANDBY__112ad2eb_3922.wav,241964,13b8e9191a58ff238687fd35cb1130d01691835f30711d1dffda794578b33f2d,2,48000,1.2600,external resource fallback (FmodError),exported,
sfx,SE_SMN_LINK_03_01,SE_SMN_LINK_03_01.wav,masterduel_Data/data.unity3d,3923,100,sfx/SE_SMN_LINK_03_01__112ad2eb_3923.wav,293088,9686907e559211828cd841ec48e3e5352c581c8614fc7680c6a3041adfb73ba1,2,48000,1.5263,external resource fallback (FmodError),exported,
sfx,SE_SMN_PENDULUM_01_03,SE_SMN_PENDULUM_01_03.wav,masterduel_Data/data.unity3d,3924,104,sfx/SE_SMN_PENDULUM_01_03__112ad2eb_3924.wav,749356,133500c7bbf5dca5e5405839952a1aea89d3fc40297a84c54242ff1c14df5691,2,48000,3.9027,external resource fallback (FmodError),exported,
sfx,SE_PHASE_BATTLE,SE_PHASE_BATTLE.wav,masterduel_Data/data.unity3d,3925,96,sfx/SE_PHASE_BATTLE__112ad2eb_3925.wav,499208,b93cdee424bb6bb6a166ddc78132f71e8d4e95ecec275c619aa54283e5b645f4,2,48000,2.5998,external resource fallback (FmodError),exported,
sfx,SE_SUMMON_LINK_MATERIAL,SE_SUMMON_LINK_MATERIAL.wav,masterduel_Data/data.unity3d,3926,104,sfx/SE_SUMMON_LINK_MATERIAL__112ad2eb_3926.wav,380028,47651c5f8e1b5f725292f8b849d31848a73be80e5d73aa240cd94770a641fb43,2,48000,1.9791,external resource fallback (FmodError),exported,
sfx,SE_SUMMON_FUS_MATERIAL,SE_SUMMON_FUS_MATERIAL.wav,masterduel_Data/data.unity3d,3927,104,sfx/SE_SUMMON_FUS_MATERIAL__112ad2eb_3927.wav,380028,47651c5f8e1b5f725292f8b849d31848a73be80e5d73aa240cd94770a641fb43,2,48000,1.9791,external resource fallback (FmodError),exported,
sfx,SE_LAND_NORMAL,SE_LAND_NORMAL.wav,masterduel_Data/data.unity3d,3928,96,sfx/SE_LAND_NORMAL__112ad2eb_3928.wav,314724,05e94c446f42503d06ed9f5344a27941c907cc4ab5086c71f0dd70cb47eb2961,2,48000,1.6390,external resource fallback (FmodError),exported,
sfx,SE_LP_RECOVERY_RIVAL,SE_LP_RECOVERY_RIVAL.wav,masterduel_Data/data.unity3d,3929,100,sfx/SE_LP_RECOVERY_RIVAL__112ad2eb_3929.wav,487880,8140d56555ca6761883656c684a26bc9ccd762a81dd35d5a13c1a69f6ed28283,2,48000,2.5408,external resource fallback (FmodError),exported,
sfx,SE_PHASE_WINDOW_OPEN,SE_PHASE_WINDOW_OPEN.wav,masterduel_Data/data.unity3d,3930,100,sfx/SE_PHASE_WINDOW_OPEN__112ad2eb_3930.wav,38820,55be2222618c520b8b40890bc6f4ca25ca34c2cbd3e32e7adc7c5fe346d3b6b3,2,48000,0.2020,external resource fallback (FmodError),exported,
sfx,SE_FIELD_MAT002_TAP,SE_FIELD_MAT002_TAP.wav,masterduel_Data/data.unity3d,3931,100,sfx/SE_FIELD_MAT002_TAP__112ad2eb_3931.wav,335348,0f93cb7574964ef2211b1ba8eba166ff4a3102978db9f1bcd788107689f45894,2,44100,1.9008,external resource fallback (FmodError),exported,
sfx,SE_MENU_SELECT_01,SE_MENU_SELECT_01.wav,masterduel_Data/data.unity3d,3932,100,sfx/SE_MENU_SELECT_01__112ad2eb_3932.wav,27000,f33827ac24ec0ea8575d1abf13ef322049f55333bfea758f4ed520dbfd20f365,2,48000,0.1404,external resource fallback (FmodError),exported,
sfx,SE_ATTACK_A_WATER_SPECIAL_01,SE_ATTACK_A_WATER_SPECIAL_01.wav,masterduel_Data/data.unity3d,3933,108,sfx/SE_ATTACK_A_WATER_SPECIAL_01__112ad2eb_3933.wav,166444,71b683c41ff98e79d32de18d213e25b8b7f36f318544d2a290642ae7bc5caa57,2,48000,0.8667,external resource fallback (FmodError),exported,
sfx,SE_MD_TEST_TIMER,SE_MD_TEST_TIMER.wav,masterduel_Data/data.unity3d,3934,96,sfx/SE_MD_TEST_TIMER__112ad2eb_3934.wav,176640,41fc7d6ce1f21ac94419c6b105d225f4fed180bf2f76336d80ea09f8352b763f,2,48000,0.9198,external resource fallback (FmodError),exported,
sfx,SE_DUEL_ENTRY_COIN,SE_DUEL_ENTRY_COIN.wav,masterduel_Data/data.unity3d,3935,100,sfx/SE_DUEL_ENTRY_COIN__112ad2eb_3935.wav,474772,ff539106ae11d43882b601859055bc366830a93f34662affb72171dc77f2b048,2,48000,2.4725,external resource fallback (FmodError),exported,
sfx,SE_LAND_FUSION_MIDDLE,SE_LAND_FUSION_MIDDLE.wav,masterduel_Data/data.unity3d,3936,104,sfx/SE_LAND_FUSION_MIDDLE__112ad2eb_3936.wav,331676,c1feb5400fb2cadeb90663db5de52b9e9f12d901dec637379deec75d65344e82,2,48000,1.7272,external resource fallback (FmodError),exported,
sfx,SE_CARDBREAK_02,SE_CARDBREAK_02.wav,masterduel_Data/data.unity3d,3937,96,sfx/SE_CARDBREAK_02__112ad2eb_3937.wav,481328,b521d4655b53f28a8ac735db4f98341729cbcd80eeb45cc02bdd77411f42a295,2,44100,2.7284,external resource fallback (FmodError),exported,
sfx,SE_LAND_NORMAL_HIGH,SE_LAND_NORMAL_HIGH.wav,masterduel_Data/data.unity3d,3938,100,sfx/SE_LAND_NORMAL_HIGH__112ad2eb_3938.wav,462656,78d4110b4a3ac6f00bcedd868e27aa7ab75ccc6c52fc7bb001359218f21a243f,2,48000,2.4094,external resource fallback (FmodError),exported,
sfx,SE_M09755_a2,SE_M09755_a2.wav,masterduel_Data/data.unity3d,3939,92,sfx/SE_M09755_a2__112ad2eb_3939.wav,186796,1ab9012d3236985b6f799459ea8f7809d16072bbb926d5f57c0d790edc56a2bf,2,48000,0.9727,external resource fallback (FmodError),exported,
sfx,SE_DUEL_CHAIN_NUMEFF_01,SE_DUEL_CHAIN_NUMEFF_01.wav,masterduel_Data/data.unity3d,3940,104,sfx/SE_DUEL_CHAIN_NUMEFF_01__112ad2eb_3940.wav,646872,71b8d38ea7872e7e101420f1ff8f1f2b3bbf16152c93cbac7e86e2ecfd1727e0,2,48000,3.3689,external resource fallback (FmodError),exported,
sfx,SE_MENU_SLIDE_03,SE_MENU_SLIDE_03.wav,masterduel_Data/data.unity3d,3941,96,sfx/SE_MENU_SLIDE_03__112ad2eb_3941.wav,38820,55be2222618c520b8b40890bc6f4ca25ca34c2cbd3e32e7adc7c5fe346d3b6b3,2,48000,0.2020,external resource fallback (FmodError),exported,
sfx,SE_CARD_ST_BREAK,SE_CARD_ST_BREAK.wav,masterduel_Data/data.unity3d,3942,96,sfx/SE_CARD_ST_BREAK__112ad2eb_3942.wav,703684,26231a7b4981e176fb955baab763656740334899b78e3f0a292e0f32cf5dd7a9,2,44100,3.9889,external resource fallback (FmodError),exported,
sfx,SE_CARD_MOVE_03,SE_CARD_MOVE_03.wav,masterduel_Data/data.unity3d,3943,96,sfx/SE_CARD_MOVE_03__112ad2eb_3943.wav,9250,7dbe0212aab4bf7a92f35c16ed470642ba4d9ce0e115508da660cef70f0f760f,1,48000,0.0959,external resource fallback (FmodError),exported,
sfx,SE_M09755_h1,SE_M09755_h1.wav,masterduel_Data/data.unity3d,3944,92,sfx/SE_M09755_h1__112ad2eb_3944.wav,609068,96f7819b8d7522abc6c34be064122f2a8bd9dbc964a031d0cc6b92b4453debd9,2,48000,3.1720,external resource fallback (FmodError),exported,
sfx,SE_LAND_PENDULUM_HIGH,SE_LAND_PENDULUM_HIGH.wav,masterduel_Data/data.unity3d,3945,104,sfx/SE_LAND_PENDULUM_HIGH__112ad2eb_3945.wav,527916,1910416b7a304b4614fd221eb11d30a00fc88c2931de575e069171ccfdfbae25,2,48000,2.7493,external resource fallback (FmodError),exported,
sfx,SE_SMN_LINK_02,SE_SMN_LINK_02.wav,masterduel_Data/data.unity3d,3946,96,sfx/SE_SMN_LINK_02__112ad2eb_3946.wav,191860,37b4769387707be03b4fc138da605c6ebccb73cc3b9534a23dd32990bb972cb0,2,48000,0.9990,external resource fallback (FmodError),exported,
sfx,SE_DUEL_ADVANTAGE,SE_DUEL_ADVANTAGE.wav,masterduel_Data/data.unity3d,3947,100,sfx/SE_DUEL_ADVANTAGE__112ad2eb_3947.wav,403588,f38f52c6bf8dc53255495281a6a9f762e1d80cfae413d5512c7464762cb3c7d5,2,44100,2.2877,external resource fallback (FmodError),exported,
sfx,SE_ATTACK_A_WIND_SPECIAL_02,SE_ATTACK_A_WIND_SPECIAL_02.wav,masterduel_Data/data.unity3d,3948,108,sfx/SE_ATTACK_A_WIND_SPECIAL_02__112ad2eb_3948.wav,492848,216c0bfedea20a8a72d36ab6a4a8bc1855f1d334a13e5f3e4718783b25c495b5,2,48000,2.5667,external resource fallback (FmodError),exported,
sfx,SE_M09755_a,SE_M09755_a.wav,masterduel_Data/data.unity3d,3949,92,sfx/SE_M09755_a__112ad2eb_3949.wav,186796,1ab9012d3236985b6f799459ea8f7809d16072bbb926d5f57c0d790edc56a2bf,2,48000,0.9727,external resource fallback (FmodError),exported,
sfx,SE_SMN_SYNCHRO_05,SE_SMN_SYNCHRO_05.wav,masterduel_Data/data.unity3d,3950,100,sfx/SE_SMN_SYNCHRO_05__112ad2eb_3950.wav,511784,6b4d4a0c560e43987645b834fbe25e05fc207ab0de39ed54330d8c6fc2e69590,2,48000,2.6653,external resource fallback (FmodError),exported,
sfx,SE_ATTACK_A_DIVINE_SPECIAL_02,SE_ATTACK_A_DIVINE_SPECIAL_02.wav,masterduel_Data/data.unity3d,3951,112,sfx/SE_ATTACK_A_DIVINE_SPECIAL_02__112ad2eb_3951.wav,531244,0f2330dedde17c086bd2d8c625ba296c625eeb6337cf90989b8f6d4d2e5c4c12,2,48000,2.7667,external resource fallback (FmodError),exported,
sfx,SE_LOG_OPEN,SE_LOG_OPEN.wav,masterduel_Data/data.unity3d,3952,92,sfx/SE_LOG_OPEN__112ad2eb_3952.wav,224204,ef95c7f5e92ab4a74438e3cf65cde70d16a5147e107e3c4eb0195ca3a70a1072,2,48000,1.1675,external resource fallback (FmodError),exported,
sfx,SE_DUELCHAIN_STACK01,SE_DUELCHAIN_STACK01.wav,masterduel_Data/data.unity3d,3953,100,sfx/SE_DUELCHAIN_STACK01__112ad2eb_3953.wav,326184,47f907bdeca0f850624d0eca7651dcd3a3a171d0924b34c59dc3018c36025451,2,48000,1.6986,external resource fallback (FmodError),exported,
sfx,SE_SYS_VERIFY_KIRAKIRA_01,SE_SYS_VERIFY_KIRAKIRA_01.wav,masterduel_Data/data.unity3d,3954,108,sfx/SE_SYS_VERIFY_KIRAKIRA_01__112ad2eb_3954.wav,393844,23ae9b0c697a009a57ceae509e1f580622ed263220cc7d7d5d22e75e8757e327,2,48000,2.0510,external resource fallback (FmodError),exported,
sfx,SE_LAND_ADVANCE_HIGH,SE_LAND_ADVANCE_HIGH.wav,masterduel_Data/data.unity3d,3955,100,sfx/SE_LAND_ADVANCE_HIGH__112ad2eb_3955.wav,492844,6c1028bcdb9cc7a4fc65970172b6d22b375cab2845e4fde94cab4ab47f1cd9e8,2,48000,2.5667,external resource fallback (FmodError),exported,
sfx,SE_LAND_PENDULUM_MIDDLE,SE_LAND_PENDULUM_MIDDLE.wav,masterduel_Data/data.unity3d,3956,104,sfx/SE_LAND_PENDULUM_MIDDLE__112ad2eb_3956.wav,316716,b67b5d35f8f87453c78abe8ee87b42790d21822111cdc43a1f1a99e7adc562e2,2,48000,1.6493,external resource fallback (FmodError),exported,
sfx,SE_CHAIN,SE_CHAIN.wav,masterduel_Data/data.unity3d,3957,88,sfx/SE_CHAIN__112ad2eb_3957.wav,273180,58a4db18d3d27f6896176d8c4a88996f77721a8fb407aed0fa3eff887ebe172c,2,44100,1.5484,external resource fallback (FmodError),exported,
sfx,SE_STRUCTURE_CARD_GET,SE_STRUCTURE_CARD_GET.wav,masterduel_Data/data.unity3d,3958,104,sfx/SE_STRUCTURE_CARD_GET__112ad2eb_3958.wav,595860,686bbaa9f83ffc6e41ff245a70b7f4562bb6e993bcbb817eccb023d4db6ffef0,2,48000,3.1032,external resource fallback (FmodError),exported,
sfx,SE_ATTACK_A_DARK_DEFAULT_01,SE_ATTACK_A_DARK_DEFAULT_01.wav,masterduel_Data/data.unity3d,3959,108,sfx/SE_ATTACK_A_DARK_DEFAULT_01__112ad2eb_3959.wav,96044,d7fc895cb6e7c295b0c6b5e567e185a1c866364df962241d40ea80954356c1eb,2,48000,0.5000,external resource fallback (FmodError),exported,
sfx,SE_PHASE_OPP_MAIN2,SE_PHASE_OPP_MAIN2.wav,masterduel_Data/data.unity3d,3960,100,sfx/SE_PHASE_OPP_MAIN2__112ad2eb_3960.wav,257324,339d0eef7f70af7413f8bb2b84228068193a0c7a1d67beb4b8a616c1f1e79c44,2,48000,1.3400,external resource fallback (FmodError),exported,
sfx,SE_DUEL_CHAIN_NUMEFF_02,SE_DUEL_CHAIN_NUMEFF_02.wav,masterduel_Data/data.unity3d,3961,104,sfx/SE_DUEL_CHAIN_NUMEFF_02__112ad2eb_3961.wav,695656,e3b33db64dc3f428d16df654f88004f9936960290a570a1b6d5751bb08d5f55a,2,48000,3.6230,external resource fallback (FmodError),exported,
sfx,SE_SMN_XYZ_04,SE_SMN_XYZ_04.wav,masterduel_Data/data.unity3d,3962,96,sfx/SE_SMN_XYZ_04__112ad2eb_3962.wav,419612,6fe85ed011e5df4234fc00f6626540b582d8d25356c9bfb88493340eaadf3ea4,2,48000,2.1852,external resource fallback (FmodError),exported,
sfx,SE_ATTACK_A_EARTH_DEFAULT_01,SE_ATTACK_A_EARTH_DEFAULT_01.wav,masterduel_Data/data.unity3d,3963,108,sfx/SE_ATTACK_A_EARTH_DEFAULT_01__112ad2eb_3963.wav,134448,d237c6cdb41886c78b330e543d6164c07bf933c8ae277dd2a9b62e984b687331,2,48000,0.7000,external resource fallback (FmodError),exported,
sfx,SE_CARDVIEW_APPLY_02,SE_CARDVIEW_APPLY_02.wav,masterduel_Data/data.unity3d,3964,100,sfx/SE_CARDVIEW_APPLY_02__112ad2eb_3964.wav,267196,c11b7f9a5d71902adf662f5843e9ac8b8d6c616fc970d2eaf6bb078d9e3d61c1,2,48000,1.3914,external resource fallback (FmodError),exported,
sfx,SE_MENU_CANCEL,SE_MENU_CANCEL.wav,masterduel_Data/data.unity3d,3965,96,sfx/SE_MENU_CANCEL__112ad2eb_3965.wav,32648,4a2e05e60786206fa94daab17b5619c8352f8e0646b407c595a1c5c89947605d,2,48000,0.1698,external resource fallback (FmodError),exported,
sfx,SE_FIELD_MAT002_PHASE3_P,SE_FIELD_MAT002_PHASE3_P.wav,masterduel_Data/data.unity3d,3966,104,sfx/SE_FIELD_MAT002_PHASE3_P__112ad2eb_3966.wav,646932,5657d503dc40273f508303128006736645f03b93d438e41b434318b987d5f486,2,48000,3.3692,external resource fallback (FmodError),exported,
sfx,SE_DUEL_START,SE_DUEL_START.wav,masterduel_Data/data.unity3d,3967,96,sfx/SE_DUEL_START__112ad2eb_3967.wav,659244,5a8629ad8e42fc39f6542ca87d1f3a0c3b1ce190e522022f5bad65c076b0038b,2,48000,3.4333,external resource fallback (FmodError),exported,
sfx,SE_CEMETERY_CARD,SE_CEMETERY_CARD.wav,masterduel_Data/data.unity3d,3968,96,sfx/SE_CEMETERY_CARD__112ad2eb_3968.wav,252828,6c40a311958c9d609c625d153a0c8f1623089e6f7398d3b33f858d61d075034d,2,44100,1.4330,external resource fallback (FmodError),exported,
sfx,SE_DUEL_ENTRY_VS,SE_DUEL_ENTRY_VS.wav,masterduel_Data/data.unity3d,3969,96,sfx/SE_DUEL_ENTRY_VS__112ad2eb_3969.wav,588188,8c8d411c7fe67c6baba9943e293ca9f9c35bb47c661bc99f0d8e8f44fa5a82d5,2,48000,3.0633,external resource fallback (FmodError),exported,
sfx,SE_LP_COUNT_PLAYER,SE_LP_COUNT_PLAYER.wav,masterduel_Data/data.unity3d,3970,100,sfx/SE_LP_COUNT_PLAYER__112ad2eb_3970.wav,366108,e6be70c829b74b4e46469eb42b1fd0f72e3893baf96efba08b9991fed876faed,2,48000,1.9066,external resource fallback (FmodError),exported,
sfx,SE_SMN_SYNCHRO_01_01,SE_SMN_SYNCHRO_01_01.wav,masterduel_Data/data.unity3d,3971,100,sfx/SE_SMN_SYNCHRO_01_01__112ad2eb_3971.wav,777340,39811ee5c379874b8b013ef5a709459d8575a6328f1d2960816b6b2f61ec3d61,2,48000,4.0484,external resource fallback (FmodError),exported,
sfx,SE_M09755_d,SE_M09755_d.wav,masterduel_Data/data.unity3d,3972,92,sfx/SE_M09755_d__112ad2eb_3972.wav,212408,f0d150f3de0b17ba4476797cbe148ccbb60245d79cd33412011aecfe205228db,2,48000,1.1061,external resource fallback (FmodError),exported,
sfx,SE_LAND_FUSION_HIGH,SE_LAND_FUSION_HIGH.wav,masterduel_Data/data.unity3d,3973,100,sfx/SE_LAND_FUSION_HIGH__112ad2eb_3973.wav,512840,e50b6a9126f4df24c853796fbd41032d521cbd84a8ee9861f4f714d7c430cd53,2,48000,2.6708,external resource fallback (FmodError),exported,
sfx,SE_PHASE_OPP_STANDBY,SE_PHASE_OPP_STANDBY.wav,masterduel_Data/data.unity3d,3974,100,sfx/SE_PHASE_OPP_STANDBY__112ad2eb_3974.wav,257324,339d0eef7f70af7413f8bb2b84228068193a0c7a1d67beb4b8a616c1f1e79c44,2,48000,1.3400,external resource fallback (FmodError),exported,
sfx,SE_PHASE_WINDOW_CLOSE,SE_PHASE_WINDOW_CLOSE.wav,masterduel_Data/data.unity3d,3975,104,sfx/SE_PHASE_WINDOW_CLOSE__112ad2eb_3975.wav,36588,86c417b65e9ece7d505c25176994c21cff4ff24daf2f880a8d19b636c88f7ff9,2,48000,0.1903,external resource fallback (FmodError),exported,
sfx,SE_LAND_RITUAL_MIDDLE,SE_LAND_RITUAL_MIDDLE.wav,masterduel_Data/data.unity3d,3976,104,sfx/SE_LAND_RITUAL_MIDDLE__112ad2eb_3976.wav,338176,870363868c0218dd9d22db58526a47f883b76a7ad87ccce8833b034f1bac4307,2,48000,1.7611,external resource fallback (FmodError),exported,
sfx,SE_CARD_ST_EXCLUSION,SE_CARD_ST_EXCLUSION.wav,masterduel_Data/data.unity3d,3977,100,sfx/SE_CARD_ST_EXCLUSION__112ad2eb_3977.wav,703684,26231a7b4981e176fb955baab763656740334899b78e3f0a292e0f32cf5dd7a9,2,44100,3.9889,external resource fallback (FmodError),exported,
sfx,SE_CARD_BREAK,SE_CARD_BREAK.wav,masterduel_Data/data.unity3d,3978,96,sfx/SE_CARD_BREAK__112ad2eb_3978.wav,718056,1cf4ac4898cea2dc9f2a612b993d11e619d6db4acaf318aa6751585cf5347735,2,44100,4.0704,external resource fallback (FmodError),exported,
sfx,SE_CARDVIEW_01,SE_CARDVIEW_01.wav,masterduel_Data/data.unity3d,3979,96,sfx/SE_CARDVIEW_01__112ad2eb_3979.wav,302348,0a43173751a5a7ae78429c300c6c90ba9add294f88b280c03cedd88446ff9c24,2,48000,1.5745,external resource fallback (FmodError),exported,
sfx,SE_SMN_RITUAL_03,SE_SMN_RITUAL_03.wav,masterduel_Data/data.unity3d,3980,96,sfx/SE_SMN_RITUAL_03__112ad2eb_3980.wav,430572,1b15bec0576d4041e1bb2e34772aaf6fa3818cceac7932818fc10eaee31293f6,2,48000,2.2423,external resource fallback (FmodError),exported,
sfx,SE_DUEL_DECIDE,SE_DUEL_DECIDE.wav,masterduel_Data/data.unity3d,3981,96,sfx/SE_DUEL_DECIDE__112ad2eb_3981.wav,116260,e4ad273cd43a3bca4f09302f528f4c8e64eb906cc12171b5a38ccb5e6cef28d4,2,48000,0.6053,external resource fallback (FmodError),exported,
sfx,SE_DUEL_CHAIN_NUMEFF_03,SE_DUEL_CHAIN_NUMEFF_03.wav,masterduel_Data/data.unity3d,3982,104,sfx/SE_DUEL_CHAIN_NUMEFF_03__112ad2eb_3982.wav,676216,4711ec90184e064f118ae2df657e35b5cf049b868125fb060990d2b030a064be,2,48000,3.5217,external resource fallback (FmodError),exported,
sfx,SE_ITEMCOIN_DECIDE,SE_ITEMCOIN_DECIDE.wav,masterduel_Data/data.unity3d,3983,100,sfx/SE_ITEMCOIN_DECIDE__112ad2eb_3983.wav,761232,d40f10cf0c0e1e1df218de8b3b3845b9f23202fa832adc51ae4d4c906a8a7d03,2,48000,3.9645,external resource fallback (FmodError),exported,
sfx,SE_FIELD_MAT002_PHASE2_R,SE_FIELD_MAT002_PHASE2_R.wav,masterduel_Data/data.unity3d,3984,104,sfx/SE_FIELD_MAT002_PHASE2_R__112ad2eb_3984.wav,572800,b3daa217296064076549d12cf0bc9c15f9c6bc884b463a0628a2bad5e09219f4,2,48000,2.9831,external resource fallback (FmodError),exported,
sfx,SE_LP_RECOVERY_PLAYER,SE_LP_RECOVERY_PLAYER.wav,masterduel_Data/data.unity3d,3985,104,sfx/SE_LP_RECOVERY_PLAYER__112ad2eb_3985.wav,487880,8140d56555ca6761883656c684a26bc9ccd762a81dd35d5a13c1a69f6ed28283,2,48000,2.5408,external resource fallback (FmodError),exported,
sfx,SE_POPUP,SE_POPUP.wav,masterduel_Data/data.unity3d,3986,88,sfx/SE_POPUP__112ad2eb_3986.wav,213908,9f2f144205a51789fe134c5008a20af856a38dab20f7931da7286a2103730cdf,2,44100,1.2124,external resource fallback (FmodError),exported,
sfx,SE_ATTACK_A_FIRE_DEFAULT_01,SE_ATTACK_A_FIRE_DEFAULT_01.wav,masterduel_Data/data.unity3d,3987,108,sfx/SE_ATTACK_A_FIRE_DEFAULT_01__112ad2eb_3987.wav,108844,3587437a0ec79709ac56aa370cd562cef2f3791faed66fb18e0eb70af342dc28,2,48000,0.5667,external resource fallback (FmodError),exported,
sfx,SE_SMN_SYNCHRO_04_04,SE_SMN_SYNCHRO_04_04.wav,masterduel_Data/data.unity3d,3988,100,sfx/SE_SMN_SYNCHRO_04_04__112ad2eb_3988.wav,392916,80521ff83e919576fa1ff5470c1804adb87752f97e62c2ac5c3d56acd950453b,2,48000,2.0462,external resource fallback (FmodError),exported,
sfx,SE_ATTACK_A_WATER_DEFAULT_02,SE_ATTACK_A_WATER_DEFAULT_02.wav,masterduel_Data/data.unity3d,3989,108,sfx/SE_ATTACK_A_WATER_DEFAULT_02__112ad2eb_3989.wav,428844,94c7788fa39647296dc6c1752c8c8bd43502651462e9f3838debf31a6b3681f3,2,48000,2.2333,external resource fallback (FmodError),exported,
sfx,SE_PHASE_OPP_DRAW,SE_PHASE_OPP_DRAW.wav,masterduel_Data/data.unity3d,3990,100,sfx/SE_PHASE_OPP_DRAW__112ad2eb_3990.wav,257324,339d0eef7f70af7413f8bb2b84228068193a0c7a1d67beb4b8a616c1f1e79c44,2,48000,1.3400,external resource fallback (FmodError),exported,
sfx,SE_SUMMON_EYZ_MATERIAL,SE_SUMMON_EYZ_MATERIAL.wav,masterduel_Data/data.unity3d,3991,104,sfx/SE_SUMMON_EYZ_MATERIAL__112ad2eb_3991.wav,380028,47651c5f8e1b5f725292f8b849d31848a73be80e5d73aa240cd94770a641fb43,2,48000,1.9791,external resource fallback (FmodError),exported,
sfx,SE_MENU_SLIDE_01,SE_MENU_SLIDE_01.wav,masterduel_Data/data.unity3d,3992,96,sfx/SE_MENU_SLIDE_01__112ad2eb_3992.wav,47304,3df8443b77e8b34d5e4616f7d3ca3d98cc8f41fea078b82712f5c5375d45fe99,2,48000,0.2461,external resource fallback (FmodError),exported,
sfx,SE_SMN_SYNCHRO_02,SE_SMN_SYNCHRO_02.wav,masterduel_Data/data.unity3d,3993,100,sfx/SE_SMN_SYNCHRO_02__112ad2eb_3993.wav,229364,c79ca02abdf144220c1339340b0127de265436cc227c82b043c1b71b46d3c714,2,48000,1.1944,external resource fallback (FmodError),exported,
sfx,SE_FIELD_MAT002_PHASE4_P,SE_FIELD_MAT002_PHASE4_P.wav,masterduel_Data/data.unity3d,3994,104,sfx/SE_FIELD_MAT002_PHASE4_P__112ad2eb_3994.wav,887760,0cab358929cb861b737471cf930055d18c184c4e911536c8426fac90b0ae37f1,2,48000,4.6235,external resource fallback (FmodError),exported,
sfx,SE_ATTACK_A_LIGHT_SPECIAL_02,SE_ATTACK_A_LIGHT_SPECIAL_02.wav,masterduel_Data/data.unity3d,3995,108,sfx/SE_ATTACK_A_LIGHT_SPECIAL_02__112ad2eb_3995.wav,524844,627d8a69a2802687e821ea5ce4dce90342eb50ad04aa318e974258b7a4b22372,2,48000,2.7333,external resource fallback (FmodError),exported,
sfx,SE_FIELD_MAT002_TAP_01,SE_FIELD_MAT002_TAP_01.wav,masterduel_Data/data.unity3d,3996,104,sfx/SE_FIELD_MAT002_TAP_01__112ad2eb_3996.wav,309852,9d3ed666caa1b16a5fa4c98310e8f31ffbcfb3f971c10fd26d529f6599bc8d2f,2,48000,1.6136,external resource fallback (FmodError),exported,
sfx,SE_DUELCHAIN_RESOLVE02,SE_DUELCHAIN_RESOLVE02.wav,masterduel_Data/data.unity3d,3997,104,sfx/SE_DUELCHAIN_RESOLVE02__112ad2eb_3997.wav,374696,0d4698c944edbc76af4b9ffa47978269cf4722e906529f1f0917fdc18139e29e,2,48000,1.9513,external resource fallback (FmodError),exported,
sfx,SE_DUEL_CARD_TIMERCOUNT,SE_DUEL_CARD_TIMERCOUNT.wav,masterduel_Data/data.unity3d,3998,104,sfx/SE_DUEL_CARD_TIMERCOUNT__112ad2eb_3998.wav,295008,76d2c6051450a485e96f924e0986e53d714a52d094094a75d30c26aa6864f3e9,2,48000,1.5363,external resource fallback (FmodError),exported,
sfx,SE_COIN_DECIDE,SE_COIN_DECIDE.wav,masterduel_Data/data.unity3d,3999,96,sfx/SE_COIN_DECIDE__112ad2eb_3999.wav,761232,2a08306533664cdf2794f0e34f316d0951b6d15e0e8e56e0fd1711cf0a9b6937,2,48000,3.9645,external resource fallback (FmodError),exported,
sfx,SE_CEMETARY_ABSORB,SE_CEMETARY_ABSORB.wav,masterduel_Data/data.unity3d,4000,100,sfx/SE_CEMETARY_ABSORB__112ad2eb_4000.wav,336044,f8f948ca88173d70f3648de2deb592b6ea16bd11c5783b19a81e3bf6e8792194,2,48000,1.7500,external resource fallback (FmodError),exported,
sfx,SE_NEXT_TURN_PLAYER,SE_NEXT_TURN_PLAYER.wav,masterduel_Data/data.unity3d,4001,100,sfx/SE_NEXT_TURN_PLAYER__112ad2eb_4001.wav,357376,65687ace1fe597ace7791df254fe88fcd8836550a6d7c59bddf8d6e9886c5353,2,48000,1.8611,external resource fallback (FmodError),exported,
sfx,SE_LAND_ADVANCE_MIDDLE,SE_LAND_ADVANCE_MIDDLE.wav,masterduel_Data/data.unity3d,4002,104,sfx/SE_LAND_ADVANCE_MIDDLE__112ad2eb_4002.wav,314724,cfe59dcdb88ac82a7e5abd4f5bc8f01f917c9383805232636e2af442ac52e146,2,48000,1.6390,external resource fallback (FmodError),exported,
sfx,SE_M09755_d1,SE_M09755_d1.wav,masterduel_Data/data.unity3d,4003,92,sfx/SE_M09755_d1__112ad2eb_4003.wav,95760,bd0ab6b496ac9900acecd1882276f1c46fc738a66dcfb3d877ed2aa78a8d4392,2,48000,0.4985,external resource fallback (FmodError),exported,
sfx,SE_LP_COUNT_RIVAL,SE_LP_COUNT_RIVAL.wav,masterduel_Data/data.unity3d,4004,100,sfx/SE_LP_COUNT_RIVAL__112ad2eb_4004.wav,366108,e6be70c829b74b4e46469eb42b1fd0f72e3893baf96efba08b9991fed876faed,2,48000,1.9066,external resource fallback (FmodError),exported,
sfx,SE_MENU_DECIDE,SE_MENU_DECIDE.wav,masterduel_Data/data.unity3d,4005,96,sfx/SE_MENU_DECIDE__112ad2eb_4005.wav,116260,e4ad273cd43a3bca4f09302f528f4c8e64eb906cc12171b5a38ccb5e6cef28d4,2,48000,0.6053,external resource fallback (FmodError),exported,
sfx,SE_DUELCHAIN_STACK01_3rd,SE_DUELCHAIN_STACK01_3rd.wav,masterduel_Data/data.unity3d,4006,104,sfx/SE_DUELCHAIN_STACK01_3rd__112ad2eb_4006.wav,286648,2e1f55b69c77679d417957edd960611165683358657e3ef99880e057d1a855db,2,48000,1.4927,external resource fallback (FmodError),exported,
sfx,SE_CARD_EXCLUSION,SE_CARD_EXCLUSION.wav,masterduel_Data/data.unity3d,4007,100,sfx/SE_CARD_EXCLUSION__112ad2eb_4007.wav,124924,878a0e356674cf3000a1585003b96fbc2d03f9cdfa4d115d1e5ebe8ba93c07f8,2,44100,0.7079,external resource fallback (FmodError),exported,
sfx,SE_MENU_SLIDE_02,SE_MENU_SLIDE_02.wav,masterduel_Data/data.unity3d,4008,96,sfx/SE_MENU_SLIDE_02__112ad2eb_4008.wav,30884,70cf444d938475f6c30d8aafcd846a7aae7de25da1f01f753733dc387e168d89,2,48000,0.1606,external resource fallback (FmodError),exported,
sfx,SE_DECK_WINDOW_OPEN,SE_DECK_WINDOW_OPEN.wav,masterduel_Data/data.unity3d,4009,100,sfx/SE_DECK_WINDOW_OPEN__112ad2eb_4009.wav,49964,0430b3390446781e43d3beb4ecf656c948dba5d4dd60fed92e2c4e7cf789cb1f,2,44100,0.2830,external resource fallback (FmodError),exported,
sfx,SE_NEXT_TURN,SE_NEXT_TURN.wav,masterduel_Data/data.unity3d,4010,92,sfx/SE_NEXT_TURN__112ad2eb_4010.wav,529696,720c562e8b7860fc0848954690aa5da1bf390cabbea79796801bf4219c4133d4,2,44100,3.0026,external resource fallback (FmodError),exported,
sfx,SE_MONSTER_CUTIN_LIGHT,SE_MONSTER_CUTIN_LIGHT.wav,masterduel_Data/data.unity3d,4011,104,sfx/SE_MONSTER_CUTIN_LIGHT__112ad2eb_4011.wav,525340,d9e04c7946e431269b8be09826e89ae6855c745cb889979d63a52226e44c4c13,2,48000,2.7359,external resource fallback (FmodError),exported,
sfx,SE_DICE_ROLL,SE_DICE_ROLL.wav,masterduel_Data/data.unity3d,4012,92,sfx/SE_DICE_ROLL__112ad2eb_4012.wav,343616,8c6f27ca9e99e402adf6db3f57af6c9306197dfc59122b44e0c1375acadaa54a,2,48000,1.7894,external resource fallback (FmodError),exported,
sfx,SE_SMN_SYNCHRO_01_04,SE_SMN_SYNCHRO_01_04.wav,masterduel_Data/data.unity3d,4013,100,sfx/SE_SMN_SYNCHRO_01_04__112ad2eb_4013.wav,850880,19b58818ece32dc3611ae6960803304ffa334b44d8b5b302979402b6fa556b52,2,48000,4.4314,external resource fallback (FmodError),exported,
sfx,SE_M09755_i,SE_M09755_i.wav,masterduel_Data/data.unity3d,4014,92,sfx/SE_M09755_i__112ad2eb_4014.wav,412188,f57fab68378ec506424a07daa5affa785550920ce1529c76a7c80b55cc1c2410,2,48000,2.1466,external resource fallback (FmodError),exported,
sfx,SE_SHINE_LOOP,SE_SHINE_LOOP.wav,masterduel_Data/data.unity3d,4015,96,sfx/SE_SHINE_LOOP__112ad2eb_4015.wav,1489452,4691709aa07e405d411d628423f048a570ebc424425605fb58772a43c1eaac7d,2,44100,8.4434,external resource fallback (FmodError),exported,
sfx,SE_ATTACK_A_DIVINE_DEFAULT_01,SE_ATTACK_A_DIVINE_DEFAULT_01.wav,masterduel_Data/data.unity3d,4016,112,sfx/SE_ATTACK_A_DIVINE_DEFAULT_01__112ad2eb_4016.wav,134444,91996f4b49fd9ebe06938c69589f37d4a91f4b3af485c3b11b0deb7ec844d1e0,2,48000,0.7000,external resource fallback (FmodError),exported,
sfx,SE_MENU_SELECT_02,SE_MENU_SELECT_02.wav,masterduel_Data/data.unity3d,4017,100,sfx/SE_MENU_SELECT_02__112ad2eb_4017.wav,93024,559a781a08dc6cf5a83dbf70e731d698b1fa4d4ee3b05cccaf285320cf7e9e21,2,48000,0.4843,external resource fallback (FmodError),exported,
sfx,SE_BUFF_ATTACK,SE_BUFF_ATTACK.wav,masterduel_Data/data.unity3d,4018,96,sfx/SE_BUFF_ATTACK__112ad2eb_4018.wav,536248,1f13966bf3b63aeb58f0bc9b3fe12975500407d79a3b3878dc8693367a01ba6b,2,48000,2.7927,external resource fallback (FmodError),exported,
sfx,SE_SMN_XYZ_03,SE_SMN_XYZ_03.wav,masterduel_Data/data.unity3d,4019,96,sfx/SE_SMN_XYZ_03__112ad2eb_4019.wav,343956,ffe95a6e814a633d32a29b9e8f96d9a03b92ed1b94df066978b8e762b8750193,2,48000,1.7912,external resource fallback (FmodError),exported,
sfx,SE_NEXT_TURN_RIVAL,SE_NEXT_TURN_RIVAL.wav,masterduel_Data/data.unity3d,4020,100,sfx/SE_NEXT_TURN_RIVAL__112ad2eb_4020.wav,354120,9ea03b72044a66f9182519024db5ef12ddc6d686c1091ba1a92e24260fa8a0fb,2,48000,1.8441,external resource fallback (FmodError),exported,
sfx,SE_SOLO_TRANSITION_02,SE_SOLO_TRANSITION_02.wav,masterduel_Data/data.unity3d,4021,104,sfx/SE_SOLO_TRANSITION_02__112ad2eb_4021.wav,1418432,c3ff4a526fbe6e6b703f2478657d3c9f37fd4a533da7abd554919acb55a7d2be,2,48000,7.3874,external resource fallback (FmodError),exported,
sfx,SE_MENU_SLIDE_04,SE_MENU_SLIDE_04.wav,masterduel_Data/data.unity3d,4022,96,sfx/SE_MENU_SLIDE_04__112ad2eb_4022.wav,36588,86c417b65e9ece7d505c25176994c21cff4ff24daf2f880a8d19b636c88f7ff9,2,48000,0.1903,external resource fallback (FmodError),exported,
sfx,SE_PHASE_END,SE_PHASE_END.wav,masterduel_Data/data.unity3d,4023,92,sfx/SE_PHASE_END__112ad2eb_4023.wav,241964,13b8e9191a58ff238687fd35cb1130d01691835f30711d1dffda794578b33f2d,2,48000,1.2600,external resource fallback (FmodError),exported,
sfx,SE_ATTACK_A_EARTH_SPECIAL_01,SE_ATTACK_A_EARTH_SPECIAL_01.wav,masterduel_Data/data.unity3d,4024,108,sfx/SE_ATTACK_A_EARTH_SPECIAL_01__112ad2eb_4024.wav,163148,c5d1a19f629feb6643463b97546b92cef4755cbf27e5d02ef3296b2201537fcd,2,48000,0.8495,external resource fallback (FmodError),exported,
sfx,SE_CARD_MOVE_01,SE_CARD_MOVE_01.wav,masterduel_Data/data.unity3d,4025,96,sfx/SE_CARD_MOVE_01__112ad2eb_4025.wav,7266,527e6b1e30fce606e26cb70ece51982142cf4a4f45cc10694f215f75d979a777,1,48000,0.0752,external resource fallback (FmodError),exported,
sfx,SE_PHASE_DRAW,SE_PHASE_DRAW.wav,masterduel_Data/data.unity3d,4026,96,sfx/SE_PHASE_DRAW__112ad2eb_4026.wav,241964,13b8e9191a58ff238687fd35cb1130d01691835f30711d1dffda794578b33f2d,2,48000,1.2600,external resource fallback (FmodError),exported,
sfx,SE_CARDVIEW_02,SE_CARDVIEW_02.wav,masterduel_Data/data.unity3d,4027,96,sfx/SE_CARDVIEW_02__112ad2eb_4027.wav,398428,1d6b023b0b8b25d484695470dbc9588f19ad2de8a3262f87cb074ae87ee940e3,2,44100,2.2584,external resource fallback (FmodError),exported,
sfx,SE_COIN_THROW,SE_COIN_THROW.wav,masterduel_Data/data.unity3d,4028,96,sfx/SE_COIN_THROW__112ad2eb_4028.wav,474772,ff539106ae11d43882b601859055bc366830a93f34662affb72171dc77f2b048,2,48000,2.4725,external resource fallback (FmodError),exported,
sfx,SE_LAND_XYZ_HIGH,SE_LAND_XYZ_HIGH.wav,masterduel_Data/data.unity3d,4029,96,sfx/SE_LAND_XYZ_HIGH__112ad2eb_4029.wav,441668,ce405c7efa234b66cdd9bd2f7d19111c4f9bf833bdb43d637f8e4db0ef3e29b7,2,48000,2.3001,external resource fallback (FmodError),exported,
sfx,SE_M09755_g,SE_M09755_g.wav,masterduel_Data/data.unity3d,4030,92,sfx/SE_M09755_g__112ad2eb_4030.wav,339116,0950a97133d420365d7cdfe0a276e8e34724a769d59ef806ab95e17a64b647f7,2,48000,1.7660,external resource fallback (FmodError),exported,
sfx,SE_SMN_SYNCHRO_04_03,SE_SMN_SYNCHRO_04_03.wav,masterduel_Data/data.unity3d,4031,100,sfx/SE_SMN_SYNCHRO_04_03__112ad2eb_4031.wav,298484,cfc02f76a548aa4a5ecde5f98a71f3e77ded49c15f45fdcc0b7a2d19c8474a29,2,48000,1.5544,external resource fallback (FmodError),exported,
sfx,SE_CARD_ST_RELEASE,SE_CARD_ST_RELEASE.wav,masterduel_Data/data.unity3d,4032,100,sfx/SE_CARD_ST_RELEASE__112ad2eb_4032.wav,176444,4057d79667b576cff0a0c2a32dc8c1eb80c2cdedf9b52d1de53d37c02b2e647c,2,44100,1.0000,external resource fallback (FmodError),exported,
sfx,SE_CARDEXPAND_ZOOMIN,SE_CARDEXPAND_ZOOMIN.wav,masterduel_Data/data.unity3d,4033,100,sfx/SE_CARDEXPAND_ZOOMIN__112ad2eb_4033.wav,17744,e1f8097d796b7ea10b3acc19411214c2479f20b5c49cabef2099062a23472b4f,2,48000,0.0922,external resource fallback (FmodError),exported,
sfx,SE_CARD_XYZ_OUT,SE_CARD_XYZ_OUT.wav,masterduel_Data/data.unity3d,4034,96,sfx/SE_CARD_XYZ_OUT__112ad2eb_4034.wav,613392,826efd89e9317b7cb3e133b332f01c38118ad26782ab2794f43ae8a9ca67a924,2,48000,3.1945,external resource fallback (FmodError),exported,
sfx,SE_SMN_XYZ_02_02,SE_SMN_XYZ_02_02.wav,masterduel_Data/data.unity3d,4035,96,sfx/SE_SMN_XYZ_02_02__112ad2eb_4035.wav,309984,1ce2cb2f1ef14b3b10e5cb3e0fca4ca284ebff0cc64e55ab459d3bcbd5547024,2,48000,1.6143,external resource fallback (FmodError),exported,
music,BGM_DUEL_NORMAL_03,BGM_DUEL_NORMAL_03.wav,masterduel_Data/data.unity3d,4036,100,music/BGM_DUEL_NORMAL_03__112ad2eb_4036.wav,35659968,6283567e24d425800e7b68f75f70324be869d8855768555849192499723c4dfb,2,48000,185.7288,external resource fallback (FmodError),exported,
sfx,SE_TITLE_START,SE_TITLE_START.wav,masterduel_Data/data.unity3d,4037,96,sfx/SE_TITLE_START__112ad2eb_4037.wav,1360892,7616b9b3117fa903355a3b6de650e58cfd26f91c5da55d6e16039a0b94a9c218,2,48000,7.0877,external resource fallback (FmodError),exported,
sfx,SE_DUELCHAIN_STACK01_2nd,SE_DUELCHAIN_STACK01_2nd.wav,masterduel_Data/data.unity3d,4038,104,sfx/SE_DUELCHAIN_STACK01_2nd__112ad2eb_4038.wav,347560,c2696b366825dedb745112d39ce50c32b02985655df09036ec83398277e107b5,2,48000,1.8100,external resource fallback (FmodError),exported,
sfx,SE_ATTACK_A_WIND_SPECIAL_01,SE_ATTACK_A_WIND_SPECIAL_01.wav,masterduel_Data/data.unity3d,4039,108,sfx/SE_ATTACK_A_WIND_SPECIAL_01__112ad2eb_4039.wav,172844,1b7c0fce720e2654eee6797c51d3c156eb6774040165de001e75fc02589e41c9,2,48000,0.9000,external resource fallback (FmodError),exported,
sfx,SE_CARD_XYZ_BREAK,SE_CARD_XYZ_BREAK.wav,masterduel_Data/data.unity3d,4040,100,sfx/SE_CARD_XYZ_BREAK__112ad2eb_4040.wav,575380,7c9add17b2e179d1d89e219ecc164dcb167ec078b7717981ac688072334e3278,2,48000,2.9965,external resource fallback (FmodError),exported,
sfx,SE_DICE_DECIDE,SE_DICE_DECIDE.wav,masterduel_Data/data.unity3d,4041,96,sfx/SE_DICE_DECIDE__112ad2eb_4041.wav,371208,2e7bb21cf76a190e5513db01c1d1a4a635c762354aec58bae581cc77d6858870,2,48000,1.9331,external resource fallback (FmodError),exported,
sfx,SE_DUEL_ENTRY_LOOP_02,SE_DUEL_ENTRY_LOOP_02.wav,masterduel_Data/data.unity3d,4042,104,sfx/SE_DUEL_ENTRY_LOOP_02__112ad2eb_4042.wav,2147784,6d07c164c270265db1429bb73491a2fa1b3964f681d48503fa6d86c894236abe,2,48000,11.1861,external resource fallback (FmodError),exported,
sfx,SE_MD_TEST_QUESTION,SE_MD_TEST_QUESTION.wav,masterduel_Data/data.unity3d,4043,100,sfx/SE_MD_TEST_QUESTION__112ad2eb_4043.wav,204740,38c4375d32f0752fc8b92cbe4ab6b8822d82adfd572571aaef01729c60ba4904,2,48000,1.0661,external resource fallback (FmodError),exported,
sfx,SE_SMN_PENDULUM_01_02,SE_SMN_PENDULUM_01_02.wav,masterduel_Data/data.unity3d,4044,104,sfx/SE_SMN_PENDULUM_01_02__112ad2eb_4044.wav,729900,555bede236b05381d1fd8a5be39b74ef48c36c819b0e2466f24ad0214a526357,2,48000,3.8013,external resource fallback (FmodError),exported,
sfx,SE_SMN_XYZ_02_01,SE_SMN_XYZ_02_01.wav,masterduel_Data/data.unity3d,4045,96,sfx/SE_SMN_XYZ_02_01__112ad2eb_4045.wav,343296,0eb401a1aef52cd5c3b79ce93e44a7f32d3967ccccc27f6d09660cfddb34093d,2,48000,1.7878,external resource fallback (FmodError),exported,
sfx,SE_CEMETARY_GOOUT,SE_CEMETARY_GOOUT.wav,masterduel_Data/data.unity3d,4046,100,sfx/SE_CEMETARY_GOOUT__112ad2eb_4046.wav,249644,b29cf8ce6741d66844c61b8ebb9a3d1faabcd394fd8ae8e920b80420f8bc9420,2,48000,1.3000,external resource fallback (FmodError),exported,
