sacred_cards_id,sacred_cards_name,sacred_cards_password,master_duel_card_id,master_duel_name,market,illustration_path,source_asset_path,source_bundle,match_status,confidence,evidence
1,Blue-Eyes White Dragon,89631139,3801,Blue-Eyes White Dragon,common,extracted/card_art/candidates/common/03/3801.png,assets/resources/card/images/illust/common/03/3801.bmp,LocalData/93217544/0000/bd/bd73611e,name_match_art_available,medium,"CARD_Prop card ID at this row aligns with CARD_Name at the same CARD_Indx row; illustration AssetBundle path contains the same card ID; Sacred Cards name matches exactly after Unicode normalization, case-folding, and whitespace collapse."
1,Blue-Eyes White Dragon,89631139,4007,Blue-Eyes White Dragon,common,extracted/card_art/candidates/common/04/4007.png,assets/resources/card/images/illust/common/04/4007.bmp,masterduel_Data/StreamingAssets/AssetBundle/c7/c7d4ad2a,name_match_art_available,medium,"CARD_Prop card ID at this row aligns with CARD_Name at the same CARD_Indx row; illustration AssetBundle path contains the same card ID; Sacred Cards name matches exactly after Unicode normalization, case-folding, and whitespace collapse."
2,Mystical Elf,15025844,4008,Mystical Elf,common,extracted/card_art/candidates/common/04/4008.png,assets/resources/card/images/illust/common/04/4008.bmp,LocalData/93217544/0000/57/576bb0bb,name_match_art_available,high,"CARD_Prop card ID at this row aligns with CARD_Name at the same CARD_Indx row; illustration AssetBundle path contains the same card ID; Sacred Cards name matches exactly after Unicode normalization, case-folding, and whitespace collapse."
3,Hitotsu-Me Giant,76184692,4009,Hitotsu-Me Giant,common,extracted/card_art/candidates/common/04/4009.png,assets/resources/card/images/illust/common/04/4009.bmp,LocalData/93217544/0000/20/206c802d,name_match_art_available,high,"CARD_Prop card ID at this row aligns with CARD_Name at the same CARD_Indx row; illustration AssetBundle path contains the same card ID; Sacred Cards name matches exactly after Unicode normalization, case-folding, and whitespace collapse."
4,Baby Dragon,88819587,4010,Baby Dragon,common,extracted/card_art/candidates/common/04/4010.png,assets/resources/card/images/illust/common/04/4010.bmp,LocalData/93217544/0000/40/40ab09c8,name_match_art_available,high,"CARD_Prop card ID at this row aligns with CARD_Name at the same CARD_Indx row; illustration AssetBundle path contains the same card ID; Sacred Cards name matches exactly after Unicode normalization, case-folding, and whitespace collapse."
5,Ryu-Kishin,15303296,4011,Ryu-Kishin,common,extracted/card_art/candidates/common/04/4011.png,assets/resources/card/images/illust/common/04/4011.bmp,LocalData/93217544/0000/37/37ac395e,name_match_art_available,high,"CARD_Prop card ID at this row aligns with CARD_Name at the same CARD_Indx row; illustration AssetBundle path contains the same card ID; Sacred Cards name matches exactly after Unicode normalization, case-folding, and whitespace collapse."
6,Feral Imp,41392891,4012,Feral Imp,common,extracted/card_art/candidates/common/04/4012.png,assets/resources/card/images/illust/common/04/4012.bmp,LocalData/93217544/0000/ae/aea568e4,name_match_art_available,high,"CARD_Prop card ID at this row aligns with CARD_Name at the same CARD_Indx row; illustration AssetBundle path contains the same card ID; Sacred Cards name matches exactly after Unicode normalization, case-folding, and whitespace collapse."
7,"Winged Dragon, Guardian of the Fortress #1",87796900,4013,"Winged Dragon, Guardian of the Fortress #1",common,extracted/card_art/candidates/common/04/4013.png,assets/resources/card/images/illust/common/04/4013.bmp,LocalData/93217544/0000/d9/d9a25872,name_match_art_available,high,"CARD_Prop card ID at this row aligns with CARD_Name at the same CARD_Indx row; illustration AssetBundle path contains the same card ID; Sacred Cards name matches exactly after Unicode normalization, case-folding, and whitespace collapse."
8,Mushroom Man,14181608,4014,Mushroom Man,common,extracted/card_art/candidates/common/04/4014.png,assets/resources/card/images/illust/common/04/4014.bmp,LocalData/93217544/0000/47/47c6cdd1,name_match_art_available,high,"CARD_Prop card ID at this row aligns with CARD_Name at the same CARD_Indx row; illustration AssetBundle path contains the same card ID; Sacred Cards name matches exactly after Unicode normalization, case-folding, and whitespace collapse."
9,Shadow Specter,40575313,4015,Shadow Specter,common,extracted/card_art/candidates/common/04/4015.png,assets/resources/card/images/illust/common/04/4015.bmp,LocalData/93217544/0000/30/30c1fd47,name_match_art_available,high,"CARD_Prop card ID at this row aligns with CARD_Name at the same CARD_Indx row; illustration AssetBundle path contains the same card ID; Sacred Cards name matches exactly after Unicode normalization, case-folding, and whitespace collapse."
10,Blackland Fire Dragon,87564352,4016,Blackland Fire Dragon,common,extracted/card_art/candidates/common/04/4016.png,assets/resources/card/images/illust/common/04/4016.bmp,LocalData/93217544/0000/a9/a9c8acfd,name_match_art_available,high,"CARD_Prop card ID at this row aligns with CARD_Name at the same CARD_Indx row; illustration AssetBundle path contains the same card ID; Sacred Cards name matches exactly after Unicode normalization, case-folding, and whitespace collapse."
11,Sword Arm of Dragon,13069066,4017,Sword Arm of Dragon,common,extracted/card_art/candidates/common/04/4017.png,assets/resources/card/images/illust/common/04/4017.bmp,LocalData/93217544/0000/de/decf9c6b,name_match_art_available,high,"CARD_Prop card ID at this row aligns with CARD_Name at the same CARD_Indx row; illustration AssetBundle path contains the same card ID; Sacred Cards name matches exactly after Unicode normalization, case-folding, and whitespace collapse."
12,Swamp Battleguard,40453765,4018,Swamp Battleguard,common,extracted/card_art/candidates/common/04/4018.png,assets/resources/card/images/illust/common/04/4018.bmp,LocalData/93217544/0000/4e/4e7081fa,name_match_art_available,high,"CARD_Prop card ID at this row aligns with CARD_Name at the same CARD_Indx row; illustration AssetBundle path contains the same card ID; Sacred Cards name matches exactly after Unicode normalization, case-folding, and whitespace collapse."
13,Tyhone,72842870,4019,Tyhone,common,extracted/card_art/candidates/common/04/4019.png,assets/resources/card/images/illust/common/04/4019.bmp,LocalData/93217544/0000/39/3977b16c,name_match_art_available,high,"CARD_Prop card ID at this row aligns with CARD_Name at the same CARD_Indx row; illustration AssetBundle path contains the same card ID; Sacred Cards name matches exactly after Unicode normalization, case-folding, and whitespace collapse."
14,Battle Steer,18246479,4020,Battle Steer,common,extracted/card_art/candidates/common/04/4020.png,assets/resources/card/images/illust/common/04/4020.bmp,LocalData/93217544/0000/6b/6b865a0b,name_match_art_available,high,"CARD_Prop card ID at this row aligns with CARD_Name at the same CARD_Indx row; illustration AssetBundle path contains the same card ID; Sacred Cards name matches exactly after Unicode normalization, case-folding, and whitespace collapse."
15,Flame Swordsman,45231177,4021,Flame Swordsman,common,extracted/card_art/candidates/common/04/4021.png,assets/resources/card/images/illust/common/04/4021.bmp,LocalData/93217544/0000/1c/1c816a9d,name_match_art_available,high,"CARD_Prop card ID at this row aligns with CARD_Name at the same CARD_Indx row; illustration AssetBundle path contains the same card ID; Sacred Cards name matches exactly after Unicode normalization, case-folding, and whitespace collapse."
16,Time Wizard,71625222,4022,Time Wizard,common,extracted/card_art/candidates/common/04/4022.png,assets/resources/card/images/illust/common/04/4022.bmp,LocalData/93217544/0000/85/85883b27,name_match_art_available,high,"CARD_Prop card ID at this row aligns with CARD_Name at the same CARD_Indx row; illustration AssetBundle path contains the same card ID; Sacred Cards name matches exactly after Unicode normalization, case-folding, and whitespace collapse."
17,Right Leg of the Forbidden One,8124921,4023,Right Leg of the Forbidden One,tcg,extracted/card_art/candidates/tcg/04/4023.png,assets/resources/card/images/illust/tcg/04/4023.bmp,LocalData/93217544/0000/f2/f28f0bb1,name_match_art_available,high,"CARD_Prop card ID at this row aligns with CARD_Name at the same CARD_Indx row; illustration AssetBundle path contains the same card ID; Sacred Cards name matches exactly after Unicode normalization, case-folding, and whitespace collapse."
18,Left Leg of the Forbidden One,44519536,4024,Left Leg of the Forbidden One,tcg,extracted/card_art/candidates/tcg/04/4024.png,assets/resources/card/images/illust/tcg/04/4024.bmp,LocalData/93217544/0000/6c/6ceb9e12,name_match_art_available,high,"CARD_Prop card ID at this row aligns with CARD_Name at the same CARD_Indx row; illustration AssetBundle path contains the same card ID; Sacred Cards name matches exactly after Unicode normalization, case-folding, and whitespace collapse."
19,Right Arm of the Forbidden One,70903634,4025,Right Arm of the Forbidden One,tcg,extracted/card_art/candidates/tcg/04/4025.png,assets/resources/card/images/illust/tcg/04/4025.bmp,LocalData/93217544/0000/1b/1becae84,name_match_art_available,high,"CARD_Prop card ID at this row aligns with CARD_Name at the same CARD_Indx row; illustration AssetBundle path contains the same card ID; Sacred Cards name matches exactly after Unicode normalization, case-folding, and whitespace collapse."
20,Left Arm of the Forbidden One,7902349,4026,Left Arm of the Forbidden One,tcg,extracted/card_art/candidates/tcg/04/4026.png,assets/resources/card/images/illust/tcg/04/4026.bmp,LocalData/93217544/0000/82/82e5ff3e,name_match_art_available,high,"CARD_Prop card ID at this row aligns with CARD_Name at the same CARD_Indx row; illustration AssetBundle path contains the same card ID; Sacred Cards name matches exactly after Unicode normalization, case-folding, and whitespace collapse."
21,Exodia the Forbidden One,33396948,4027,Exodia the Forbidden One,tcg,extracted/card_art/candidates/tcg/04/4027.png,assets/resources/card/images/illust/tcg/04/4027.bmp,LocalData/93217544/0000/f5/f5e2cfa8,name_match_art_available,high,"CARD_Prop card ID at this row aligns with CARD_Name at the same CARD_Indx row; illustration AssetBundle path contains the same card ID; Sacred Cards name matches exactly after Unicode normalization, case-folding, and whitespace collapse."
22,Summoned Skull,70781052,4028,Summoned Skull,common,extracted/card_art/candidates/common/04/4028.png,assets/resources/card/images/illust/common/04/4028.bmp,LocalData/93217544/0000/65/655dd239,name_match_art_available,high,"CARD_Prop card ID at this row aligns with CARD_Name at the same CARD_Indx row; illustration AssetBundle path contains the same card ID; Sacred Cards name matches exactly after Unicode normalization, case-folding, and whitespace collapse."
23,The Wicked Worm Beast,6285791,4029,The Wicked Worm Beast,common,extracted/card_art/candidates/common/04/4029.png,assets/resources/card/images/illust/common/04/4029.bmp,LocalData/93217544/0000/12/125ae2af,name_match_art_available,high,"CARD_Prop card ID at this row aligns with CARD_Name at the same CARD_Indx row; illustration AssetBundle path contains the same card ID; Sacred Cards name matches exactly after Unicode normalization, case-folding, and whitespace collapse."
24,Skull Servant,32274490,4030,Skull Servant,common,extracted/card_art/candidates/common/04/4030.png,assets/resources/card/images/illust/common/04/4030.bmp,LocalData/93217544/0000/72/729d6b4a,name_match_art_available,high,"CARD_Prop card ID at this row aligns with CARD_Name at the same CARD_Indx row; illustration AssetBundle path contains the same card ID; Sacred Cards name matches exactly after Unicode normalization, case-folding, and whitespace collapse."
25,Horn Imp,69669405,4031,Horn Imp,common,extracted/card_art/candidates/common/04/4031.png,assets/resources/card/images/illust/common/04/4031.bmp,LocalData/93217544/0000/05/059a5bdc,name_match_art_available,high,"CARD_Prop card ID at this row aligns with CARD_Name at the same CARD_Indx row; illustration AssetBundle path contains the same card ID; Sacred Cards name matches exactly after Unicode normalization, case-folding, and whitespace collapse."
26,Battle Ox,5053103,4032,Battle Ox,common,extracted/card_art/candidates/common/04/4032.png,assets/resources/card/images/illust/common/04/4032.bmp,LocalData/93217544/0000/9c/9c930a66,name_match_art_available,high,"CARD_Prop card ID at this row aligns with CARD_Name at the same CARD_Indx row; illustration AssetBundle path contains the same card ID; Sacred Cards name matches exactly after Unicode normalization, case-folding, and whitespace collapse."
27,Beaver Warrior,32452818,4033,Beaver Warrior,common,extracted/card_art/candidates/common/04/4033.png,assets/resources/card/images/illust/common/04/4033.bmp,LocalData/93217544/0000/eb/eb943af0,name_match_art_available,high,"CARD_Prop card ID at this row aligns with CARD_Name at the same CARD_Indx row; illustration AssetBundle path contains the same card ID; Sacred Cards name matches exactly after Unicode normalization, case-folding, and whitespace collapse."
28,Rock Ogre Grotto #1,68846917,4034,Rock Ogre Grotto #1,common,extracted/card_art/candidates/common/04/4034.png,assets/resources/card/images/illust/common/04/4034.bmp,LocalData/93217544/0000/75/75f0af53,name_match_art_available,high,"CARD_Prop card ID at this row aligns with CARD_Name at the same CARD_Indx row; illustration AssetBundle path contains the same card ID; Sacred Cards name matches exactly after Unicode normalization, case-folding, and whitespace collapse."
29,Mountain Warrior,4931562,4035,Mountain Warrior,common,extracted/card_art/candidates/common/04/4035.png,assets/resources/card/images/illust/common/04/4035.bmp,LocalData/93217544/0000/02/02f79fc5,name_match_art_available,high,"CARD_Prop card ID at this row aligns with CARD_Name at the same CARD_Indx row; illustration AssetBundle path contains the same card ID; Sacred Cards name matches exactly after Unicode normalization, case-folding, and whitespace collapse."
30,Zombie Warrior,31339260,4036,Zombie Warrior,common,extracted/card_art/candidates/common/04/4036.png,assets/resources/card/images/illust/common/04/4036.bmp,LocalData/93217544/0000/9b/9bfece7f,name_match_art_available,high,"CARD_Prop card ID at this row aligns with CARD_Name at the same CARD_Indx row; illustration AssetBundle path contains the same card ID; Sacred Cards name matches exactly after Unicode normalization, case-folding, and whitespace collapse."
31,Koumori Dragon,67724379,4037,Koumori Dragon,common,extracted/card_art/candidates/common/04/4037.png,assets/resources/card/images/illust/common/04/4037.bmp,LocalData/93217544/0000/ec/ecf9fee9,name_match_art_available,high,"CARD_Prop card ID at this row aligns with CARD_Name at the same CARD_Indx row; illustration AssetBundle path contains the same card ID; Sacred Cards name matches exactly after Unicode normalization, case-folding, and whitespace collapse."
32,Two-Headed King Rex,94119974,4038,Two-Headed King Rex,common,extracted/card_art/candidates/common/04/4038.png,assets/resources/card/images/illust/common/04/4038.bmp,LocalData/93217544/0000/7c/7c46e378,name_match_art_available,high,"CARD_Prop card ID at this row aligns with CARD_Name at the same CARD_Indx row; illustration AssetBundle path contains the same card ID; Sacred Cards name matches exactly after Unicode normalization, case-folding, and whitespace collapse."
33,Judge Man,30113682,4039,Judge Man,common,extracted/card_art/candidates/common/04/4039.png,assets/resources/card/images/illust/common/04/4039.bmp,LocalData/93217544/0000/0b/0b41d3ee,name_match_art_available,high,"CARD_Prop card ID at this row aligns with CARD_Name at the same CARD_Indx row; illustration AssetBundle path contains the same card ID; Sacred Cards name matches exactly after Unicode normalization, case-folding, and whitespace collapse."
34,Saggi the Dark Clown,66602787,4040,Saggi the Dark Clown,common,extracted/card_art/candidates/common/04/4040.png,assets/resources/card/images/illust/common/04/4040.bmp,LocalData/93217544/0000/3d/3ddcfd8d,name_match_art_available,high,"CARD_Prop card ID at this row aligns with CARD_Name at the same CARD_Indx row; illustration AssetBundle path contains the same card ID; Sacred Cards name matches exactly after Unicode normalization, case-folding, and whitespace collapse."
35,Dark Magician,46986414,3863,Dark Magician,common,extracted/card_art/candidates/common/03/3863.png,assets/resources/card/images/illust/common/03/3863.bmp,LocalData/93217544/0000/05/0527a7b4,name_match_art_available,medium,"CARD_Prop card ID at this row aligns with CARD_Name at the same CARD_Indx row; illustration AssetBundle path contains the same card ID; Sacred Cards name matches exactly after Unicode normalization, case-folding, and whitespace collapse."
35,Dark Magician,46986414,3880,Dark Magician,common,extracted/card_art/candidates/common/03/3880.png,assets/resources/card/images/illust/common/03/3880.bmp,LocalData/93217544/0000/02/02addb80,name_match_art_available,medium,"CARD_Prop card ID at this row aligns with CARD_Name at the same CARD_Indx row; illustration AssetBundle path contains the same card ID; Sacred Cards name matches exactly after Unicode normalization, case-folding, and whitespace collapse."
35,Dark Magician,46986414,4041,Dark Magician,common,extracted/card_art/candidates/common/04/4041.png,assets/resources/card/images/illust/common/04/4041.bmp,LocalData/93217544/0000/4a/4adbcd1b,name_match_art_available,medium,"CARD_Prop card ID at this row aligns with CARD_Name at the same CARD_Indx row; illustration AssetBundle path contains the same card ID; Sacred Cards name matches exactly after Unicode normalization, case-folding, and whitespace collapse."
35,Dark Magician,46986414,5165,Dark Magician,,,,,name_match_art_not_in_candidate_dump,medium,"CARD_Prop card ID at this row aligns with CARD_Name at the same CARD_Indx row; illustration AssetBundle path contains the same card ID; Sacred Cards name matches exactly after Unicode normalization, case-folding, and whitespace collapse."
35,Dark Magician,46986414,23487,Dark Magician,,,,,name_match_art_not_in_candidate_dump,medium,"CARD_Prop card ID at this row aligns with CARD_Name at the same CARD_Indx row; illustration AssetBundle path contains the same card ID; Sacred Cards name matches exactly after Unicode normalization, case-folding, and whitespace collapse."
36,The Snake Hair,29491031,4042,The Snake Hair,common,extracted/card_art/candidates/common/04/4042.png,assets/resources/card/images/illust/common/04/4042.bmp,LocalData/93217544/0000/d3/d3d29ca1,name_match_art_available,high,"CARD_Prop card ID at this row aligns with CARD_Name at the same CARD_Indx row; illustration AssetBundle path contains the same card ID; Sacred Cards name matches exactly after Unicode normalization, case-folding, and whitespace collapse."
37,Gaia the Dragon Champion,66889139,4043,Gaia the Dragon Champion,common,extracted/card_art/candidates/common/04/4043.png,assets/resources/card/images/illust/common/04/4043.bmp,LocalData/93217544/0000/a4/a4d5ac37,name_match_art_available,high,"CARD_Prop card ID at this row aligns with CARD_Name at the same CARD_Indx row; illustration AssetBundle path contains the same card ID; Sacred Cards name matches exactly after Unicode normalization, case-folding, and whitespace collapse."
38,Gaia The Fierce Knight,6368038,4044,Gaia The Fierce Knight,common,extracted/card_art/candidates/common/04/4044.png,assets/resources/card/images/illust/common/04/4044.bmp,LocalData/93217544/0000/3a/3ab13994,name_match_art_available,high,"CARD_Prop card ID at this row aligns with CARD_Name at the same CARD_Indx row; illustration AssetBundle path contains the same card ID; Sacred Cards name matches exactly after Unicode normalization, case-folding, and whitespace collapse."
39,Curse of Dragon,28279543,4045,Curse of Dragon,common,extracted/card_art/candidates/common/04/4045.png,assets/resources/card/images/illust/common/04/4045.bmp,LocalData/93217544/0000/4d/4db60902,name_match_art_available,high,"CARD_Prop card ID at this row aligns with CARD_Name at the same CARD_Indx row; illustration AssetBundle path contains the same card ID; Sacred Cards name matches exactly after Unicode normalization, case-folding, and whitespace collapse."
40,Dragon Piper,55763552,4046,Dragon Piper,common,extracted/card_art/candidates/common/04/4046.png,assets/resources/card/images/illust/common/04/4046.bmp,LocalData/93217544/0000/d4/d4bf58b8,name_match_art_available,high,"CARD_Prop card ID at this row aligns with CARD_Name at the same CARD_Indx row; illustration AssetBundle path contains the same card ID; Sacred Cards name matches exactly after Unicode normalization, case-folding, and whitespace collapse."
41,Celtic Guardian,91152256,4047,Celtic Guardian,common,extracted/card_art/candidates/common/04/4047.png,assets/resources/card/images/illust/common/04/4047.bmp,LocalData/93217544/0000/a3/a3b8682e,name_match_art_available,high,"CARD_Prop card ID at this row aligns with CARD_Name at the same CARD_Indx row; illustration AssetBundle path contains the same card ID; Sacred Cards name matches exactly after Unicode normalization, case-folding, and whitespace collapse."
42,Illusionist Faceless Mage,28546905,4048,Illusionist Faceless Mage,common,extracted/card_art/candidates/common/04/4048.png,assets/resources/card/images/illust/common/04/4048.bmp,LocalData/93217544/0000/33/330775bf,name_match_art_available,high,"CARD_Prop card ID at this row aligns with CARD_Name at the same CARD_Indx row; illustration AssetBundle path contains the same card ID; Sacred Cards name matches exactly after Unicode normalization, case-folding, and whitespace collapse."
43,Karbonala Warrior,54541900,4049,Karbonala Warrior,common,extracted/card_art/candidates/common/04/4049.png,assets/resources/card/images/illust/common/04/4049.bmp,LocalData/93217544/0000/44/44004529,name_match_art_available,high,"CARD_Prop card ID at this row aligns with CARD_Name at the same CARD_Indx row; illustration AssetBundle path contains the same card ID; Sacred Cards name matches exactly after Unicode normalization, case-folding, and whitespace collapse."
44,Rogue Doll,91939608,4050,Rogue Doll,common,extracted/card_art/candidates/common/04/4050.png,assets/resources/card/images/illust/common/04/4050.bmp,LocalData/93217544/0000/24/24c7cccc,name_match_art_available,high,"CARD_Prop card ID at this row aligns with CARD_Name at the same CARD_Indx row; illustration AssetBundle path contains the same card ID; Sacred Cards name matches exactly after Unicode normalization, case-folding, and whitespace collapse."
45,Oscillo Hero #2,27324313,,,,,,,unmatched,unmatched,No exact normalized English-name match found in the decoded Master Duel CARD_Name table.
46,Griffore,53829412,4052,Griffore,common,extracted/card_art/candidates/common/04/4052.png,assets/resources/card/images/illust/common/04/4052.bmp,LocalData/93217544/0000/ca/cac9ade0,name_match_art_available,high,"CARD_Prop card ID at this row aligns with CARD_Name at the same CARD_Indx row; illustration AssetBundle path contains the same card ID; Sacred Cards name matches exactly after Unicode normalization, case-folding, and whitespace collapse."
47,Torike,80813021,4053,Torike,common,extracted/card_art/candidates/common/04/4053.png,assets/resources/card/images/illust/common/04/4053.bmp,LocalData/93217544/0000/bd/bdce9d76,name_match_art_available,high,"CARD_Prop card ID at this row aligns with CARD_Name at the same CARD_Indx row; illustration AssetBundle path contains the same card ID; Sacred Cards name matches exactly after Unicode normalization, case-folding, and whitespace collapse."
48,Sangan,26202165,4054,Sangan,common,extracted/card_art/candidates/common/04/4054.png,assets/resources/card/images/illust/common/04/4054.bmp,LocalData/93217544/0000/23/23aa08d5,name_match_art_available,high,"CARD_Prop card ID at this row aligns with CARD_Name at the same CARD_Indx row; illustration AssetBundle path contains the same card ID; Sacred Cards name matches exactly after Unicode normalization, case-folding, and whitespace collapse."
49,Big Insect,53606874,4055,Big Insect,common,extracted/card_art/candidates/common/04/4055.png,assets/resources/card/images/illust/common/04/4055.bmp,LocalData/93217544/0000/54/54ad3843,name_match_art_available,high,"CARD_Prop card ID at this row aligns with CARD_Name at the same CARD_Indx row; illustration AssetBundle path contains the same card ID; Sacred Cards name matches exactly after Unicode normalization, case-folding, and whitespace collapse."
50,Basic Insect,89091579,4056,Basic Insect,common,extracted/card_art/candidates/common/04/4056.png,assets/resources/card/images/illust/common/04/4056.bmp,LocalData/93217544/0000/cd/cda469f9,name_match_art_available,high,"CARD_Prop card ID at this row aligns with CARD_Name at the same CARD_Indx row; illustration AssetBundle path contains the same card ID; Sacred Cards name matches exactly after Unicode normalization, case-folding, and whitespace collapse."
51,Armored Lizard,15480588,4057,Armored Lizard,common,extracted/card_art/candidates/common/04/4057.png,assets/resources/card/images/illust/common/04/4057.bmp,LocalData/93217544/0000/ba/baa3596f,name_match_art_available,high,"CARD_Prop card ID at this row aligns with CARD_Name at the same CARD_Indx row; illustration AssetBundle path contains the same card ID; Sacred Cards name matches exactly after Unicode normalization, case-folding, and whitespace collapse."
52,Hercules Beetle,52584282,4058,Hercules Beetle,common,extracted/card_art/candidates/common/04/4058.png,assets/resources/card/images/illust/common/04/4058.bmp,LocalData/93217544/0000/2a/2a1c44fe,name_match_art_available,high,"CARD_Prop card ID at this row aligns with CARD_Name at the same CARD_Indx row; illustration AssetBundle path contains the same card ID; Sacred Cards name matches exactly after Unicode normalization, case-folding, and whitespace collapse."
53,Killer Needle,88979991,4059,Killer Needle,common,extracted/card_art/candidates/common/04/4059.png,assets/resources/card/images/illust/common/04/4059.bmp,LocalData/93217544/0000/5d/5d1b7468,name_match_art_available,high,"CARD_Prop card ID at this row aligns with CARD_Name at the same CARD_Indx row; illustration AssetBundle path contains the same card ID; Sacred Cards name matches exactly after Unicode normalization, case-folding, and whitespace collapse."
54,Gokibore,15367030,4060,Gokibore,common,extracted/card_art/candidates/common/04/4060.png,assets/resources/card/images/illust/common/04/4060.bmp,LocalData/93217544/0000/0f/0fea9f0f,name_match_art_available,high,"CARD_Prop card ID at this row aligns with CARD_Name at the same CARD_Indx row; illustration AssetBundle path contains the same card ID; Sacred Cards name matches exactly after Unicode normalization, case-folding, and whitespace collapse."
55,Giant Flea,41762634,4061,Giant Flea,common,extracted/card_art/candidates/common/04/4061.png,assets/resources/card/images/illust/common/04/4061.bmp,LocalData/93217544/0000/78/78edaf99,name_match_art_available,high,"CARD_Prop card ID at this row aligns with CARD_Name at the same CARD_Indx row; illustration AssetBundle path contains the same card ID; Sacred Cards name matches exactly after Unicode normalization, case-folding, and whitespace collapse."
56,Larvae Moth,87756343,4062,Larvae Moth,common,extracted/card_art/candidates/common/04/4062.png,assets/resources/card/images/illust/common/04/4062.bmp,LocalData/93217544/0000/e1/e1e4fe23,name_match_art_available,high,"CARD_Prop card ID at this row aligns with CARD_Name at the same CARD_Indx row; illustration AssetBundle path contains the same card ID; Sacred Cards name matches exactly after Unicode normalization, case-folding, and whitespace collapse."
57,Great Moth,14141448,4063,Great Moth,common,extracted/card_art/candidates/common/04/4063.png,assets/resources/card/images/illust/common/04/4063.bmp,LocalData/93217544/0000/96/96e3ceb5,name_match_art_available,high,"CARD_Prop card ID at this row aligns with CARD_Name at the same CARD_Indx row; illustration AssetBundle path contains the same card ID; Sacred Cards name matches exactly after Unicode normalization, case-folding, and whitespace collapse."
58,Kuriboh,40640057,4064,Kuriboh,common,extracted/card_art/candidates/common/04/4064.png,assets/resources/card/images/illust/common/04/4064.bmp,LocalData/93217544/0000/08/08875b16,name_match_art_available,high,"CARD_Prop card ID at this row aligns with CARD_Name at the same CARD_Indx row; illustration AssetBundle path contains the same card ID; Sacred Cards name matches exactly after Unicode normalization, case-folding, and whitespace collapse."
59,Mammoth Graveyard,40374923,4065,Mammoth Graveyard,common,extracted/card_art/candidates/common/04/4065.png,assets/resources/card/images/illust/common/04/4065.bmp,LocalData/93217544/0000/7f/7f806b80,name_match_art_available,high,"CARD_Prop card ID at this row aligns with CARD_Name at the same CARD_Indx row; illustration AssetBundle path contains the same card ID; Sacred Cards name matches exactly after Unicode normalization, case-folding, and whitespace collapse."
60,Great White,13429800,4066,Great White,common,extracted/card_art/candidates/common/04/4066.png,assets/resources/card/images/illust/common/04/4066.bmp,LocalData/93217544/0000/e6/e6893a3a,name_match_art_available,high,"CARD_Prop card ID at this row aligns with CARD_Name at the same CARD_Indx row; illustration AssetBundle path contains the same card ID; Sacred Cards name matches exactly after Unicode normalization, case-folding, and whitespace collapse."
61,Wolf,49417509,4067,Wolf,common,extracted/card_art/candidates/common/04/4067.png,assets/resources/card/images/illust/common/04/4067.bmp,LocalData/93217544/0000/91/918e0aac,name_match_art_available,high,"CARD_Prop card ID at this row aligns with CARD_Name at the same CARD_Indx row; illustration AssetBundle path contains the same card ID; Sacred Cards name matches exactly after Unicode normalization, case-folding, and whitespace collapse."
62,Harpie Lady,76812113,4068,Harpie Lady,tcg,extracted/card_art/candidates/tcg/04/4068.png,assets/resources/card/images/illust/tcg/04/4068.bmp,LocalData/93217544/0000/01/0131173d,name_match_art_available,high,"CARD_Prop card ID at this row aligns with CARD_Name at the same CARD_Indx row; illustration AssetBundle path contains the same card ID; Sacred Cards name matches exactly after Unicode normalization, case-folding, and whitespace collapse."
63,Harpie Lady Sisters,12206212,4069,Harpie Lady Sisters,tcg,extracted/card_art/candidates/tcg/04/4069.png,assets/resources/card/images/illust/tcg/04/4069.bmp,LocalData/93217544/0000/76/763627ab,name_match_art_available,high,"CARD_Prop card ID at this row aligns with CARD_Name at the same CARD_Indx row; illustration AssetBundle path contains the same card ID; Sacred Cards name matches exactly after Unicode normalization, case-folding, and whitespace collapse."
64,Tiger Axe,49791927,4070,Tiger Axe,common,extracted/card_art/candidates/common/04/4070.png,assets/resources/card/images/illust/common/04/4070.bmp,LocalData/93217544/0000/16/16f1ae4e,name_match_art_available,high,"CARD_Prop card ID at this row aligns with CARD_Name at the same CARD_Indx row; illustration AssetBundle path contains the same card ID; Sacred Cards name matches exactly after Unicode normalization, case-folding, and whitespace collapse."
65,Silver Fang,90357090,4071,Silver Fang,common,extracted/card_art/candidates/common/04/4071.png,assets/resources/card/images/illust/common/04/4071.bmp,LocalData/93217544/0000/61/61f69ed8,name_match_art_available,high,"CARD_Prop card ID at this row aligns with CARD_Name at the same CARD_Indx row; illustration AssetBundle path contains the same card ID; Sacred Cards name matches exactly after Unicode normalization, case-folding, and whitespace collapse."
66,Kojikocy,1184620,4072,Kojikocy,common,extracted/card_art/candidates/common/04/4072.png,assets/resources/card/images/illust/common/04/4072.bmp,LocalData/93217544/0000/f8/f8ffcf62,name_match_art_available,high,"CARD_Prop card ID at this row aligns with CARD_Name at the same CARD_Indx row; illustration AssetBundle path contains the same card ID; Sacred Cards name matches exactly after Unicode normalization, case-folding, and whitespace collapse."
67,Perfectly Ultimate Great Moth,48579379,4073,Perfectly Ultimate Great Moth,common,extracted/card_art/candidates/common/04/4073.png,assets/resources/card/images/illust/common/04/4073.bmp,LocalData/93217544/0000/8f/8ff8fff4,name_match_art_available,high,"CARD_Prop card ID at this row aligns with CARD_Name at the same CARD_Indx row; illustration AssetBundle path contains the same card ID; Sacred Cards name matches exactly after Unicode normalization, case-folding, and whitespace collapse."
68,Garoozis,14977074,4074,Garoozis,common,extracted/card_art/candidates/common/04/4074.png,assets/resources/card/images/illust/common/04/4074.bmp,LocalData/93217544/0000/11/119c6a57,name_match_art_available,high,"CARD_Prop card ID at this row aligns with CARD_Name at the same CARD_Indx row; illustration AssetBundle path contains the same card ID; Sacred Cards name matches exactly after Unicode normalization, case-folding, and whitespace collapse."
69,Thousand Dragon,41462083,4075,Thousand Dragon,common,extracted/card_art/candidates/common/04/4075.png,assets/resources/card/images/illust/common/04/4075.bmp,LocalData/93217544/0000/66/669b5ac1,name_match_art_available,high,"CARD_Prop card ID at this row aligns with CARD_Name at the same CARD_Indx row; illustration AssetBundle path contains the same card ID; Sacred Cards name matches exactly after Unicode normalization, case-folding, and whitespace collapse."
70,Fiend Kraken,77456781,4076,Fiend Kraken,common,extracted/card_art/candidates/common/04/4076.png,assets/resources/card/images/illust/common/04/4076.bmp,LocalData/93217544/0000/ff/ff920b7b,name_match_art_available,high,"CARD_Prop card ID at this row aligns with CARD_Name at the same CARD_Indx row; illustration AssetBundle path contains the same card ID; Sacred Cards name matches exactly after Unicode normalization, case-folding, and whitespace collapse."
71,Jellyfish,14851496,4077,Jellyfish,common,extracted/card_art/candidates/common/04/4077.png,assets/resources/card/images/illust/common/04/4077.bmp,LocalData/93217544/0000/88/88953bed,name_match_art_available,high,"CARD_Prop card ID at this row aligns with CARD_Name at the same CARD_Indx row; illustration AssetBundle path contains the same card ID; Sacred Cards name matches exactly after Unicode normalization, case-folding, and whitespace collapse."
72,Cocoon of Evolution,40240595,4078,Cocoon of Evolution,common,extracted/card_art/candidates/common/04/4078.png,assets/resources/card/images/illust/common/04/4078.bmp,LocalData/93217544/0000/18/182a267c,name_match_art_available,high,"CARD_Prop card ID at this row aligns with CARD_Name at the same CARD_Indx row; illustration AssetBundle path contains the same card ID; Sacred Cards name matches exactly after Unicode normalization, case-folding, and whitespace collapse."
73,Kairyu-Shin,76634149,4079,Kairyu-Shin,common,extracted/card_art/candidates/common/04/4079.png,assets/resources/card/images/illust/common/04/4079.bmp,LocalData/93217544/0000/6f/6f2d16ea,name_match_art_available,high,"CARD_Prop card ID at this row aligns with CARD_Name at the same CARD_Indx row; illustration AssetBundle path contains the same card ID; Sacred Cards name matches exactly after Unicode normalization, case-folding, and whitespace collapse."
74,Giant Soldier of Stone,13039848,4080,Giant Soldier of Stone,common,extracted/card_art/candidates/common/04/4080.png,assets/resources/card/images/illust/common/04/4080.bmp,masterduel_Data/StreamingAssets/AssetBundle/91/9169b281,name_match_art_available,high,"CARD_Prop card ID at this row aligns with CARD_Name at the same CARD_Indx row; illustration AssetBundle path contains the same card ID; Sacred Cards name matches exactly after Unicode normalization, case-folding, and whitespace collapse."
75,Man-Eating Plant,49127943,4081,Man-Eating Plant,common,extracted/card_art/candidates/common/04/4081.png,assets/resources/card/images/illust/common/04/4081.bmp,LocalData/93217544/0000/e6/e66e8217,name_match_art_available,high,"CARD_Prop card ID at this row aligns with CARD_Name at the same CARD_Indx row; illustration AssetBundle path contains the same card ID; Sacred Cards name matches exactly after Unicode normalization, case-folding, and whitespace collapse."
76,Krokodilus,76512652,4082,Krokodilus,common,extracted/card_art/candidates/common/04/4082.png,assets/resources/card/images/illust/common/04/4082.bmp,LocalData/93217544/0000/7f/7f67d3ad,name_match_art_available,high,"CARD_Prop card ID at this row aligns with CARD_Name at the same CARD_Indx row; illustration AssetBundle path contains the same card ID; Sacred Cards name matches exactly after Unicode normalization, case-folding, and whitespace collapse."
77,Grappler,2906250,4083,Grappler,common,extracted/card_art/candidates/common/04/4083.png,assets/resources/card/images/illust/common/04/4083.bmp,LocalData/93217544/0000/08/0860e33b,name_match_art_available,high,"CARD_Prop card ID at this row aligns with CARD_Name at the same CARD_Indx row; illustration AssetBundle path contains the same card ID; Sacred Cards name matches exactly after Unicode normalization, case-folding, and whitespace collapse."
78,Axe Raider,48305365,4084,Axe Raider,common,extracted/card_art/candidates/common/04/4084.png,assets/resources/card/images/illust/common/04/4084.bmp,LocalData/93217544/0000/96/96047698,name_match_art_available,high,"CARD_Prop card ID at this row aligns with CARD_Name at the same CARD_Indx row; illustration AssetBundle path contains the same card ID; Sacred Cards name matches exactly after Unicode normalization, case-folding, and whitespace collapse."
79,Megazowler,75390004,4085,Megazowler,common,extracted/card_art/candidates/common/04/4085.png,assets/resources/card/images/illust/common/04/4085.bmp,LocalData/93217544/0000/e1/e103460e,name_match_art_available,high,"CARD_Prop card ID at this row aligns with CARD_Name at the same CARD_Indx row; illustration AssetBundle path contains the same card ID; Sacred Cards name matches exactly after Unicode normalization, case-folding, and whitespace collapse."
80,Uraby,1784619,4086,Uraby,common,extracted/card_art/candidates/common/04/4086.png,assets/resources/card/images/illust/common/04/4086.bmp,LocalData/93217544/0000/78/780a17b4,name_match_art_available,high,"CARD_Prop card ID at this row aligns with CARD_Name at the same CARD_Indx row; illustration AssetBundle path contains the same card ID; Sacred Cards name matches exactly after Unicode normalization, case-folding, and whitespace collapse."
81,Crawling Dragon #2,38289717,4087,Crawling Dragon #2,common,extracted/card_art/candidates/common/04/4087.png,assets/resources/card/images/illust/common/04/4087.bmp,LocalData/93217544/0000/0f/0f0d2722,name_match_art_available,high,"CARD_Prop card ID at this row aligns with CARD_Name at the same CARD_Indx row; illustration AssetBundle path contains the same card ID; Sacred Cards name matches exactly after Unicode normalization, case-folding, and whitespace collapse."
82,Red-Eyes B. Dragon,74677422,,,,,,,unmatched,unmatched,No exact normalized English-name match found in the decoded Master Duel CARD_Name table.
83,Castle of Dark Illusions,62121,4089,Castle of Dark Illusions,common,extracted/card_art/candidates/common/04/4089.png,assets/resources/card/images/illust/common/04/4089.bmp,LocalData/93217544/0000/e8/e8b50a25,name_match_art_available,high,"CARD_Prop card ID at this row aligns with CARD_Name at the same CARD_Indx row; illustration AssetBundle path contains the same card ID; Sacred Cards name matches exactly after Unicode normalization, case-folding, and whitespace collapse."
84,Reaper of the Cards,33066139,4090,Reaper of the Cards,common,extracted/card_art/candidates/common/04/4090.png,assets/resources/card/images/illust/common/04/4090.bmp,LocalData/93217544/0000/88/887283c0,name_match_art_available,high,"CARD_Prop card ID at this row aligns with CARD_Name at the same CARD_Indx row; illustration AssetBundle path contains the same card ID; Sacred Cards name matches exactly after Unicode normalization, case-folding, and whitespace collapse."
85,King of Yamimakai,69455834,4091,King of Yamimakai,common,extracted/card_art/candidates/common/04/4091.png,assets/resources/card/images/illust/common/04/4091.bmp,LocalData/93217544/0000/ff/ff75b356,name_match_art_available,high,"CARD_Prop card ID at this row aligns with CARD_Name at the same CARD_Indx row; illustration AssetBundle path contains the same card ID; Sacred Cards name matches exactly after Unicode normalization, case-folding, and whitespace collapse."
86,Barox,6840573,4092,Barox,common,extracted/card_art/candidates/common/04/4092.png,assets/resources/card/images/illust/common/04/4092.bmp,LocalData/93217544/0000/66/667ce2ec,name_match_art_available,high,"CARD_Prop card ID at this row aligns with CARD_Name at the same CARD_Indx row; illustration AssetBundle path contains the same card ID; Sacred Cards name matches exactly after Unicode normalization, case-folding, and whitespace collapse."
87,Dark Chimera,32344688,4093,Dark Chimera,common,extracted/card_art/candidates/common/04/4093.png,assets/resources/card/images/illust/common/04/4093.bmp,LocalData/93217544/0000/11/117bd27a,name_match_art_available,high,"CARD_Prop card ID at this row aligns with CARD_Name at the same CARD_Indx row; illustration AssetBundle path contains the same card ID; Sacred Cards name matches exactly after Unicode normalization, case-folding, and whitespace collapse."
88,Metal Guardian,68339286,4094,Metal Guardian,common,extracted/card_art/candidates/common/04/4094.png,assets/resources/card/images/illust/common/04/4094.bmp,LocalData/93217544/0000/8f/8f1f47d9,name_match_art_available,high,"CARD_Prop card ID at this row aligns with CARD_Name at the same CARD_Indx row; illustration AssetBundle path contains the same card ID; Sacred Cards name matches exactly after Unicode normalization, case-folding, and whitespace collapse."
89,Catapult Turtle,95727991,4095,Catapult Turtle,common,extracted/card_art/candidates/common/04/4095.png,assets/resources/card/images/illust/common/04/4095.bmp,LocalData/93217544/0000/f8/f818774f,name_match_art_available,high,"CARD_Prop card ID at this row aligns with CARD_Name at the same CARD_Indx row; illustration AssetBundle path contains the same card ID; Sacred Cards name matches exactly after Unicode normalization, case-folding, and whitespace collapse."
90,Gyakutenno Megami,31122090,4096,Gyakutenno Megami,common,extracted/card_art/candidates/common/04/4096.png,assets/resources/card/images/illust/common/04/4096.bmp,LocalData/93217544/0000/61/611126f5,name_match_art_available,high,"CARD_Prop card ID at this row aligns with CARD_Name at the same CARD_Indx row; illustration AssetBundle path contains the same card ID; Sacred Cards name matches exactly after Unicode normalization, case-folding, and whitespace collapse."
91,Mystic Horseman,68516705,4097,Mystic Horseman,common,extracted/card_art/candidates/common/04/4097.png,assets/resources/card/images/illust/common/04/4097.bmp,LocalData/93217544/0000/16/16161663,name_match_art_available,high,"CARD_Prop card ID at this row aligns with CARD_Name at the same CARD_Indx row; illustration AssetBundle path contains the same card ID; Sacred Cards name matches exactly after Unicode normalization, case-folding, and whitespace collapse."
92,Rabid Horseman,94905343,4098,Rabid Horseman,common,extracted/card_art/candidates/common/04/4098.png,assets/resources/card/images/illust/common/04/4098.bmp,LocalData/93217544/0000/86/86a90bf2,name_match_art_available,high,"CARD_Prop card ID at this row aligns with CARD_Name at the same CARD_Indx row; illustration AssetBundle path contains the same card ID; Sacred Cards name matches exactly after Unicode normalization, case-folding, and whitespace collapse."
93,Zanki,30090452,4099,Zanki,common,extracted/card_art/candidates/common/04/4099.png,assets/resources/card/images/illust/common/04/4099.bmp,LocalData/93217544/0000/f1/f1ae3b64,name_match_art_available,high,"CARD_Prop card ID at this row aligns with CARD_Name at the same CARD_Indx row; illustration AssetBundle path contains the same card ID; Sacred Cards name matches exactly after Unicode normalization, case-folding, and whitespace collapse."
94,Crawling Dragon,67494157,4100,Crawling Dragon,common,extracted/card_art/candidates/common/04/4100.png,assets/resources/card/images/illust/common/04/4100.bmp,LocalData/93217544/0000/58/587252be,name_match_art_available,high,"CARD_Prop card ID at this row aligns with CARD_Name at the same CARD_Indx row; illustration AssetBundle path contains the same card ID; Sacred Cards name matches exactly after Unicode normalization, case-folding, and whitespace collapse."
95,Crass Clown,93889755,4101,Crass Clown,common,extracted/card_art/candidates/common/04/4101.png,assets/resources/card/images/illust/common/04/4101.bmp,LocalData/93217544/0000/2f/2f756228,name_match_art_available,high,"CARD_Prop card ID at this row aligns with CARD_Name at the same CARD_Indx row; illustration AssetBundle path contains the same card ID; Sacred Cards name matches exactly after Unicode normalization, case-folding, and whitespace collapse."
96,Armored Zombie,20277860,4102,Armored Zombie,common,extracted/card_art/candidates/common/04/4102.png,assets/resources/card/images/illust/common/04/4102.bmp,LocalData/93217544/0000/b6/b67c3392,name_match_art_available,high,"CARD_Prop card ID at this row aligns with CARD_Name at the same CARD_Indx row; illustration AssetBundle path contains the same card ID; Sacred Cards name matches exactly after Unicode normalization, case-folding, and whitespace collapse."
97,Dragon Zombie,66672569,4103,Dragon Zombie,common,extracted/card_art/candidates/common/04/4103.png,assets/resources/card/images/illust/common/04/4103.bmp,LocalData/93217544/0000/c1/c17b0304,name_match_art_available,high,"CARD_Prop card ID at this row aligns with CARD_Name at the same CARD_Indx row; illustration AssetBundle path contains the same card ID; Sacred Cards name matches exactly after Unicode normalization, case-folding, and whitespace collapse."
98,Clown Zombie,92667214,4104,Clown Zombie,common,extracted/card_art/candidates/common/04/4104.png,assets/resources/card/images/illust/common/04/4104.bmp,LocalData/93217544/0000/5f/5f1f96a7,name_match_art_available,high,"CARD_Prop card ID at this row aligns with CARD_Name at the same CARD_Indx row; illustration AssetBundle path contains the same card ID; Sacred Cards name matches exactly after Unicode normalization, case-folding, and whitespace collapse."
99,Pumpking the King of Ghosts,29155212,4105,Pumpking the King of Ghosts,common,extracted/card_art/candidates/common/04/4105.png,assets/resources/card/images/illust/common/04/4105.bmp,LocalData/93217544/0000/28/2818a631,name_match_art_available,high,"CARD_Prop card ID at this row aligns with CARD_Name at the same CARD_Indx row; illustration AssetBundle path contains the same card ID; Sacred Cards name matches exactly after Unicode normalization, case-folding, and whitespace collapse."
100,Battle Warrior,55550921,4106,Battle Warrior,common,extracted/card_art/candidates/common/04/4106.png,assets/resources/card/images/illust/common/04/4106.bmp,LocalData/93217544/0000/b1/b111f78b,name_match_art_available,high,"CARD_Prop card ID at this row aligns with CARD_Name at the same CARD_Indx row; illustration AssetBundle path contains the same card ID; Sacred Cards name matches exactly after Unicode normalization, case-folding, and whitespace collapse."
101,Wings of Wicked Flame,92944626,4107,Wings of Wicked Flame,common,extracted/card_art/candidates/common/04/4107.png,assets/resources/card/images/illust/common/04/4107.bmp,LocalData/93217544/0000/c6/c616c71d,name_match_art_available,high,"CARD_Prop card ID at this row aligns with CARD_Name at the same CARD_Indx row; illustration AssetBundle path contains the same card ID; Sacred Cards name matches exactly after Unicode normalization, case-folding, and whitespace collapse."
102,Mask of Darkness,28933734,4108,Mask of Darkness,common,extracted/card_art/candidates/common/04/4108.png,assets/resources/card/images/illust/common/04/4108.bmp,LocalData/93217544/0000/56/56a9da8c,name_match_art_available,high,"CARD_Prop card ID at this row aligns with CARD_Name at the same CARD_Indx row; illustration AssetBundle path contains the same card ID; Sacred Cards name matches exactly after Unicode normalization, case-folding, and whitespace collapse."
103,Job-Change Mirror,55337339,4109,Job-Change Mirror,common,extracted/card_art/candidates/common/04/4109.png,assets/resources/card/images/illust/common/04/4109.bmp,LocalData/93217544/0000/21/21aeea1a,name_match_art_available,high,"CARD_Prop card ID at this row aligns with CARD_Name at the same CARD_Indx row; illustration AssetBundle path contains the same card ID; Sacred Cards name matches exactly after Unicode normalization, case-folding, and whitespace collapse."
104,Curtain of the Dark Ones,22026707,4110,Curtain of the Dark Ones,common,extracted/card_art/candidates/common/04/4110.png,assets/resources/card/images/illust/common/04/4110.bmp,LocalData/93217544/0000/41/416963ff,name_match_art_available,high,"CARD_Prop card ID at this row aligns with CARD_Name at the same CARD_Indx row; illustration AssetBundle path contains the same card ID; Sacred Cards name matches exactly after Unicode normalization, case-folding, and whitespace collapse."
105,Tomozaurus,46457856,4111,Tomozaurus,tcg,extracted/card_art/candidates/tcg/04/4111.png,assets/resources/card/images/illust/tcg/04/4111.bmp,LocalData/93217544/0000/36/366e5369,name_match_art_available,high,"CARD_Prop card ID at this row aligns with CARD_Name at the same CARD_Indx row; illustration AssetBundle path contains the same card ID; Sacred Cards name matches exactly after Unicode normalization, case-folding, and whitespace collapse."
106,Spirit of the Winds,54615781,4112,Spirit of the Winds,tcg,extracted/card_art/candidates/tcg/04/4112.png,assets/resources/card/images/illust/tcg/04/4112.bmp,LocalData/93217544/0000/af/af6702d3,name_match_art_available,high,"CARD_Prop card ID at this row aligns with CARD_Name at the same CARD_Indx row; illustration AssetBundle path contains the same card ID; Sacred Cards name matches exactly after Unicode normalization, case-folding, and whitespace collapse."
107,Kageningen,80600490,4113,Kageningen,common,extracted/card_art/candidates/common/04/4113.png,assets/resources/card/images/illust/common/04/4113.bmp,LocalData/93217544/0000/d8/d8603245,name_match_art_available,high,"CARD_Prop card ID at this row aligns with CARD_Name at the same CARD_Indx row; illustration AssetBundle path contains the same card ID; Sacred Cards name matches exactly after Unicode normalization, case-folding, and whitespace collapse."
108,Graveyard and the Hand of Invitation,27094595,4114,Graveyard and the Hand of Invitation,common,extracted/card_art/candidates/common/04/4114.png,assets/resources/card/images/illust/common/04/4114.bmp,LocalData/93217544/0000/46/4604a7e6,name_match_art_available,high,"CARD_Prop card ID at this row aligns with CARD_Name at the same CARD_Indx row; illustration AssetBundle path contains the same card ID; Sacred Cards name matches exactly after Unicode normalization, case-folding, and whitespace collapse."
109,Goddess with the Third Eye,53493204,4115,Goddess with the Third Eye,common,extracted/card_art/candidates/common/04/4115.png,assets/resources/card/images/illust/common/04/4115.bmp,LocalData/93217544/0000/31/31039770,name_match_art_available,high,"CARD_Prop card ID at this row aligns with CARD_Name at the same CARD_Indx row; illustration AssetBundle path contains the same card ID; Sacred Cards name matches exactly after Unicode normalization, case-folding, and whitespace collapse."
110,Hero of the East,89987208,4116,Hero of the East,common,extracted/card_art/candidates/common/04/4116.png,assets/resources/card/images/illust/common/04/4116.bmp,LocalData/93217544/0000/a8/a80ac6ca,name_match_art_available,high,"CARD_Prop card ID at this row aligns with CARD_Name at the same CARD_Indx row; illustration AssetBundle path contains the same card ID; Sacred Cards name matches exactly after Unicode normalization, case-folding, and whitespace collapse."
111,Doma The Angel of Silence,16972957,4117,Doma The Angel of Silence,common,extracted/card_art/candidates/common/04/4117.png,assets/resources/card/images/illust/common/04/4117.bmp,LocalData/93217544/0000/df/df0df65c,name_match_art_available,high,"CARD_Prop card ID at this row aligns with CARD_Name at the same CARD_Indx row; illustration AssetBundle path contains the same card ID; Sacred Cards name matches exactly after Unicode normalization, case-folding, and whitespace collapse."
112,That Which Feeds on Life,52367652,4118,That Which Feeds on Life,common,extracted/card_art/candidates/common/04/4118.png,assets/resources/card/images/illust/common/04/4118.bmp,LocalData/93217544/0000/4f/4fb2ebcd,name_match_art_available,high,"CARD_Prop card ID at this row aligns with CARD_Name at the same CARD_Indx row; illustration AssetBundle path contains the same card ID; Sacred Cards name matches exactly after Unicode normalization, case-folding, and whitespace collapse."
113,Dark Gray,9159938,4119,Dark Gray,common,extracted/card_art/candidates/common/04/4119.png,assets/resources/card/images/illust/common/04/4119.bmp,LocalData/93217544/0000/38/38b5db5b,name_match_art_available,high,"CARD_Prop card ID at this row aligns with CARD_Name at the same CARD_Indx row; illustration AssetBundle path contains the same card ID; Sacred Cards name matches exactly after Unicode normalization, case-folding, and whitespace collapse."
114,White Magical Hat,15150365,4120,White Magical Hat,common,extracted/card_art/candidates/common/04/4120.png,assets/resources/card/images/illust/common/04/4120.bmp,LocalData/93217544/0000/6a/6a44303c,name_match_art_available,high,"CARD_Prop card ID at this row aligns with CARD_Name at the same CARD_Indx row; illustration AssetBundle path contains the same card ID; Sacred Cards name matches exactly after Unicode normalization, case-folding, and whitespace collapse."
115,Kamionwizard,41544074,4121,Kamionwizard,common,extracted/card_art/candidates/common/04/4121.png,assets/resources/card/images/illust/common/04/4121.bmp,LocalData/93217544/0000/1d/1d4300aa,name_match_art_available,high,"CARD_Prop card ID at this row aligns with CARD_Name at the same CARD_Indx row; illustration AssetBundle path contains the same card ID; Sacred Cards name matches exactly after Unicode normalization, case-folding, and whitespace collapse."
116,Nightmare Scorpion,88643173,4122,Nightmare Scorpion,common,extracted/card_art/candidates/common/04/4122.png,assets/resources/card/images/illust/common/04/4122.bmp,LocalData/93217544/0000/84/844a5110,name_match_art_available,high,"CARD_Prop card ID at this row aligns with CARD_Name at the same CARD_Indx row; illustration AssetBundle path contains the same card ID; Sacred Cards name matches exactly after Unicode normalization, case-folding, and whitespace collapse."
117,Spirit of the Books,14037717,4123,Spirit of the Books,common,extracted/card_art/candidates/common/04/4123.png,assets/resources/card/images/illust/common/04/4123.bmp,LocalData/93217544/0000/f3/f34d6186,name_match_art_available,high,"CARD_Prop card ID at this row aligns with CARD_Name at the same CARD_Indx row; illustration AssetBundle path contains the same card ID; Sacred Cards name matches exactly after Unicode normalization, case-folding, and whitespace collapse."
118,Supporter in the Shadows,41422426,4124,Supporter in the Shadows,common,extracted/card_art/candidates/common/04/4124.png,assets/resources/card/images/illust/common/04/4124.bmp,LocalData/93217544/0000/6d/6d29f425,name_match_art_available,high,"CARD_Prop card ID at this row aligns with CARD_Name at the same CARD_Indx row; illustration AssetBundle path contains the same card ID; Sacred Cards name matches exactly after Unicode normalization, case-folding, and whitespace collapse."
119,Trial of Nightmare,77827521,4125,Trial of Nightmare,tcg,extracted/card_art/candidates/tcg/04/4125.png,assets/resources/card/images/illust/tcg/04/4125.bmp,LocalData/93217544/0000/1a/1a2ec4b3,name_match_art_available,high,"CARD_Prop card ID at this row aligns with CARD_Name at the same CARD_Indx row; illustration AssetBundle path contains the same card ID; Sacred Cards name matches exactly after Unicode normalization, case-folding, and whitespace collapse."
120,Dream Clown,13215230,4126,Dream Clown,common,extracted/card_art/candidates/common/04/4126.png,assets/resources/card/images/illust/common/04/4126.bmp,LocalData/93217544/0000/83/83279509,name_match_art_available,high,"CARD_Prop card ID at this row aligns with CARD_Name at the same CARD_Indx row; illustration AssetBundle path contains the same card ID; Sacred Cards name matches exactly after Unicode normalization, case-folding, and whitespace collapse."
121,Sleeping Lion,40200834,4127,Sleeping Lion,common,extracted/card_art/candidates/common/04/4127.png,assets/resources/card/images/illust/common/04/4127.bmp,LocalData/93217544/0000/f4/f420a59f,name_match_art_available,high,"CARD_Prop card ID at this row aligns with CARD_Name at the same CARD_Indx row; illustration AssetBundle path contains the same card ID; Sacred Cards name matches exactly after Unicode normalization, case-folding, and whitespace collapse."
122,Yamatano Dragon Scroll,76704943,4128,Yamatano Dragon Scroll,common,extracted/card_art/candidates/common/04/4128.png,assets/resources/card/images/illust/common/04/4128.bmp,LocalData/93217544/0000/64/649fb80e,name_match_art_available,high,"CARD_Prop card ID at this row aligns with CARD_Name at the same CARD_Indx row; illustration AssetBundle path contains the same card ID; Sacred Cards name matches exactly after Unicode normalization, case-folding, and whitespace collapse."
123,Dark Plant,13193642,4129,Dark Plant,common,extracted/card_art/candidates/common/04/4129.png,assets/resources/card/images/illust/common/04/4129.bmp,LocalData/93217544/0000/13/13988898,name_match_art_available,high,"CARD_Prop card ID at this row aligns with CARD_Name at the same CARD_Indx row; illustration AssetBundle path contains the same card ID; Sacred Cards name matches exactly after Unicode normalization, case-folding, and whitespace collapse."
124,Ancient Tool,49587396,4130,Ancient Tool,common,extracted/card_art/candidates/common/04/4130.png,assets/resources/card/images/illust/common/04/4130.bmp,LocalData/93217544/0000/73/735f017d,name_match_art_available,high,"CARD_Prop card ID at this row aligns with CARD_Name at the same CARD_Indx row; illustration AssetBundle path contains the same card ID; Sacred Cards name matches exactly after Unicode normalization, case-folding, and whitespace collapse."
125,Faith Bird,75582395,4131,Faith Bird,common,extracted/card_art/candidates/common/04/4131.png,assets/resources/card/images/illust/common/04/4131.bmp,LocalData/93217544/0000/04/045831eb,name_match_art_available,high,"CARD_Prop card ID at this row aligns with CARD_Name at the same CARD_Indx row; illustration AssetBundle path contains the same card ID; Sacred Cards name matches exactly after Unicode normalization, case-folding, and whitespace collapse."
126,Orion the Battle King,2971090,4132,Orion the Battle King,common,extracted/card_art/candidates/common/04/4132.png,assets/resources/card/images/illust/common/04/4132.bmp,LocalData/93217544/0000/9d/9d516051,name_match_art_available,high,"CARD_Prop card ID at this row aligns with CARD_Name at the same CARD_Indx row; illustration AssetBundle path contains the same card ID; Sacred Cards name matches exactly after Unicode normalization, case-folding, and whitespace collapse."
127,Ansatsu,48365709,4133,Ansatsu,common,extracted/card_art/candidates/common/04/4133.png,assets/resources/card/images/illust/common/04/4133.bmp,LocalData/93217544/0000/ea/ea5650c7,name_match_art_available,high,"CARD_Prop card ID at this row aligns with CARD_Name at the same CARD_Indx row; illustration AssetBundle path contains the same card ID; Sacred Cards name matches exactly after Unicode normalization, case-folding, and whitespace collapse."
128,LaMoon,75850803,4134,LaMoon,tcg,extracted/card_art/candidates/tcg/04/4134.png,assets/resources/card/images/illust/tcg/04/4134.bmp,LocalData/93217544/0000/74/7432c564,name_match_art_available,high,"CARD_Prop card ID at this row aligns with CARD_Name at the same CARD_Indx row; illustration AssetBundle path contains the same card ID; Sacred Cards name matches exactly after Unicode normalization, case-folding, and whitespace collapse."
129,Nemuriko,90963488,4135,Nemuriko,common,extracted/card_art/candidates/common/04/4135.png,assets/resources/card/images/illust/common/04/4135.bmp,LocalData/93217544/0000/03/0335f5f2,name_match_art_available,high,"CARD_Prop card ID at this row aligns with CARD_Name at the same CARD_Indx row; illustration AssetBundle path contains the same card ID; Sacred Cards name matches exactly after Unicode normalization, case-folding, and whitespace collapse."
130,Weather Control,37243151,4136,Weather Control,common,extracted/card_art/candidates/common/04/4136.png,assets/resources/card/images/illust/common/04/4136.bmp,LocalData/93217544/0000/9a/9a3ca448,name_match_art_available,high,"CARD_Prop card ID at this row aligns with CARD_Name at the same CARD_Indx row; illustration AssetBundle path contains the same card ID; Sacred Cards name matches exactly after Unicode normalization, case-folding, and whitespace collapse."
131,Octoberser,74637266,4137,Octoberser,common,extracted/card_art/candidates/common/04/4137.png,assets/resources/card/images/illust/common/04/4137.bmp,LocalData/93217544/0000/ed/ed3b94de,name_match_art_available,high,"CARD_Prop card ID at this row aligns with CARD_Name at the same CARD_Indx row; illustration AssetBundle path contains the same card ID; Sacred Cards name matches exactly after Unicode normalization, case-folding, and whitespace collapse."
132,The 13th Grave,32864,4138,The 13th Grave,common,extracted/card_art/candidates/common/04/4138.png,assets/resources/card/images/illust/common/04/4138.bmp,LocalData/93217544/0000/7d/7d84894f,name_match_art_available,high,"CARD_Prop card ID at this row aligns with CARD_Name at the same CARD_Indx row; illustration AssetBundle path contains the same card ID; Sacred Cards name matches exactly after Unicode normalization, case-folding, and whitespace collapse."
133,Charubin the Fire Knight,37421579,4139,Charubin the Fire Knight,common,extracted/card_art/candidates/common/04/4139.png,assets/resources/card/images/illust/common/04/4139.bmp,LocalData/93217544/0000/0a/0a83b9d9,name_match_art_available,high,"CARD_Prop card ID at this row aligns with CARD_Name at the same CARD_Indx row; illustration AssetBundle path contains the same card ID; Sacred Cards name matches exactly after Unicode normalization, case-folding, and whitespace collapse."
134,Mystical Capture Chain,63515678,4140,Mystical Capture Chain,common,extracted/card_art/candidates/common/04/4140.png,assets/resources/card/images/illust/common/04/4140.bmp,LocalData/93217544/0000/3c/3c1e97ba,name_match_art_available,high,"CARD_Prop card ID at this row aligns with CARD_Name at the same CARD_Indx row; illustration AssetBundle path contains the same card ID; Sacred Cards name matches exactly after Unicode normalization, case-folding, and whitespace collapse."
135,Fiend's Hand,52800428,4141,Fiend's Hand,tcg,extracted/card_art/candidates/tcg/04/4141.png,assets/resources/card/images/illust/tcg/04/4141.bmp,LocalData/93217544/0000/4b/4b19a72c,name_match_art_available,high,"CARD_Prop card ID at this row aligns with CARD_Name at the same CARD_Indx row; illustration AssetBundle path contains the same card ID; Sacred Cards name matches exactly after Unicode normalization, case-folding, and whitespace collapse."
136,Witty Phantom,36304921,4142,Witty Phantom,common,extracted/card_art/candidates/common/04/4142.png,assets/resources/card/images/illust/common/04/4142.bmp,LocalData/93217544/0000/d2/d210f696,name_match_art_available,high,"CARD_Prop card ID at this row aligns with CARD_Name at the same CARD_Indx row; illustration AssetBundle path contains the same card ID; Sacred Cards name matches exactly after Unicode normalization, case-folding, and whitespace collapse."
137,Mystery Hand,62793020,4143,Mystery Hand,common,extracted/card_art/candidates/common/04/4143.png,assets/resources/card/images/illust/common/04/4143.bmp,LocalData/93217544/0000/a5/a517c600,name_match_art_available,high,"CARD_Prop card ID at this row aligns with CARD_Name at the same CARD_Indx row; illustration AssetBundle path contains the same card ID; Sacred Cards name matches exactly after Unicode normalization, case-folding, and whitespace collapse."
138,Dragon Statue,9197735,4144,Dragon Statue,common,extracted/card_art/candidates/common/04/4144.png,assets/resources/card/images/illust/common/04/4144.bmp,LocalData/93217544/0000/3b/3b7353a3,name_match_art_available,high,"CARD_Prop card ID at this row aligns with CARD_Name at the same CARD_Indx row; illustration AssetBundle path contains the same card ID; Sacred Cards name matches exactly after Unicode normalization, case-folding, and whitespace collapse."
139,Blue-Eyed Silver Zombie,35282433,4145,Blue-Eyed Silver Zombie,common,extracted/card_art/candidates/common/04/4145.png,assets/resources/card/images/illust/common/04/4145.bmp,LocalData/93217544/0000/4c/4c746335,name_match_art_available,high,"CARD_Prop card ID at this row aligns with CARD_Name at the same CARD_Indx row; illustration AssetBundle path contains the same card ID; Sacred Cards name matches exactly after Unicode normalization, case-folding, and whitespace collapse."
140,Toad Master,62671448,4146,Toad Master,common,extracted/card_art/candidates/common/04/4146.png,assets/resources/card/images/illust/common/04/4146.bmp,LocalData/93217544/0000/d5/d57d328f,name_match_art_available,high,"CARD_Prop card ID at this row aligns with CARD_Name at the same CARD_Indx row; illustration AssetBundle path contains the same card ID; Sacred Cards name matches exactly after Unicode normalization, case-folding, and whitespace collapse."
141,Spiked Snail,98075147,4147,Spiked Snail,common,extracted/card_art/candidates/common/04/4147.png,assets/resources/card/images/illust/common/04/4147.bmp,LocalData/93217544/0000/a2/a27a0219,name_match_art_available,high,"CARD_Prop card ID at this row aligns with CARD_Name at the same CARD_Indx row; illustration AssetBundle path contains the same card ID; Sacred Cards name matches exactly after Unicode normalization, case-folding, and whitespace collapse."
142,Flame Manipulator,34460851,4148,Flame Manipulator,common,extracted/card_art/candidates/common/04/4148.png,assets/resources/card/images/illust/common/04/4148.bmp,LocalData/93217544/0000/32/32c51f88,name_match_art_available,high,"CARD_Prop card ID at this row aligns with CARD_Name at the same CARD_Indx row; illustration AssetBundle path contains the same card ID; Sacred Cards name matches exactly after Unicode normalization, case-folding, and whitespace collapse."
143,Necrolancer the Timelord,61454890,,,,,,,unmatched,unmatched,No exact normalized English-name match found in the decoded Master Duel CARD_Name table.
144,Djinn the Watcher of the Wind,97843505,4150,Djinn the Watcher of the Wind,common,extracted/card_art/candidates/common/04/4150.png,assets/resources/card/images/illust/common/04/4150.bmp,LocalData/93217544/0000/25/2505a6fb,name_match_art_available,high,"CARD_Prop card ID at this row aligns with CARD_Name at the same CARD_Indx row; illustration AssetBundle path contains the same card ID; Sacred Cards name matches exactly after Unicode normalization, case-folding, and whitespace collapse."
145,The Bewitching Phantom Thief,24348204,4151,The Bewitching Phantom Thief,common,extracted/card_art/candidates/common/04/4151.png,assets/resources/card/images/illust/common/04/4151.bmp,LocalData/93217544/0000/52/5202966d,name_match_art_available,high,"CARD_Prop card ID at this row aligns with CARD_Name at the same CARD_Indx row; illustration AssetBundle path contains the same card ID; Sacred Cards name matches exactly after Unicode normalization, case-folding, and whitespace collapse."
146,Temple of Skulls,732302,4152,Temple of Skulls,common,extracted/card_art/candidates/common/04/4152.png,assets/resources/card/images/illust/common/04/4152.bmp,LocalData/93217544/0000/cb/cb0bc7d7,name_match_art_available,high,"CARD_Prop card ID at this row aligns with CARD_Name at the same CARD_Indx row; illustration AssetBundle path contains the same card ID; Sacred Cards name matches exactly after Unicode normalization, case-folding, and whitespace collapse."
147,Monster Egg,36121917,4153,Monster Egg,common,extracted/card_art/candidates/common/04/4153.png,assets/resources/card/images/illust/common/04/4153.bmp,LocalData/93217544/0000/bc/bc0cf741,name_match_art_available,high,"CARD_Prop card ID at this row aligns with CARD_Name at the same CARD_Indx row; illustration AssetBundle path contains the same card ID; Sacred Cards name matches exactly after Unicode normalization, case-folding, and whitespace collapse."
148,The Shadow Who Controls the Dark,63125616,4154,The Shadow Who Controls the Dark,common,extracted/card_art/candidates/common/04/4154.png,assets/resources/card/images/illust/common/04/4154.bmp,LocalData/93217544/0000/22/226862e2,name_match_art_available,high,"CARD_Prop card ID at this row aligns with CARD_Name at the same CARD_Indx row; illustration AssetBundle path contains the same card ID; Sacred Cards name matches exactly after Unicode normalization, case-folding, and whitespace collapse."
149,Lord of the Lamp,99510761,4155,Lord of the Lamp,common,extracted/card_art/candidates/common/04/4155.png,assets/resources/card/images/illust/common/04/4155.bmp,LocalData/93217544/0000/55/556f5274,name_match_art_available,high,"CARD_Prop card ID at this row aligns with CARD_Name at the same CARD_Indx row; illustration AssetBundle path contains the same card ID; Sacred Cards name matches exactly after Unicode normalization, case-folding, and whitespace collapse."
150,Akihiron,36904469,4156,Akihiron,common,extracted/card_art/candidates/common/04/4156.png,assets/resources/card/images/illust/common/04/4156.bmp,LocalData/93217544/0000/cc/cc6603ce,name_match_art_available,high,"CARD_Prop card ID at this row aligns with CARD_Name at the same CARD_Indx row; illustration AssetBundle path contains the same card ID; Sacred Cards name matches exactly after Unicode normalization, case-folding, and whitespace collapse."
151,Rhaimundos of the Red Sword,62403074,4157,Rhaimundos of the Red Sword,common,extracted/card_art/candidates/common/04/4157.png,assets/resources/card/images/illust/common/04/4157.bmp,LocalData/93217544/0000/bb/bb613358,name_match_art_available,high,"CARD_Prop card ID at this row aligns with CARD_Name at the same CARD_Indx row; illustration AssetBundle path contains the same card ID; Sacred Cards name matches exactly after Unicode normalization, case-folding, and whitespace collapse."
152,The Melting Red Shadow,98898173,4158,The Melting Red Shadow,common,extracted/card_art/candidates/common/04/4158.png,assets/resources/card/images/illust/common/04/4158.bmp,LocalData/93217544/0000/2b/2bde2ec9,name_match_art_available,high,"CARD_Prop card ID at this row aligns with CARD_Name at the same CARD_Indx row; illustration AssetBundle path contains the same card ID; Sacred Cards name matches exactly after Unicode normalization, case-folding, and whitespace collapse."
153,Dokuroizo the Grim Reaper,25882881,4159,Dokuroizo the Grim Reaper,tcg,extracted/card_art/candidates/tcg/04/4159.png,assets/resources/card/images/illust/tcg/04/4159.bmp,LocalData/93217544/0000/5c/5cd91e5f,name_match_art_available,high,"CARD_Prop card ID at this row aligns with CARD_Name at the same CARD_Indx row; illustration AssetBundle path contains the same card ID; Sacred Cards name matches exactly after Unicode normalization, case-folding, and whitespace collapse."
154,Fire Reaper,53581214,4160,Fire Reaper,common,extracted/card_art/candidates/common/04/4160.png,assets/resources/card/images/illust/common/04/4160.bmp,LocalData/93217544/0000/0e/0e28f538,name_match_art_available,high,"CARD_Prop card ID at this row aligns with CARD_Name at the same CARD_Indx row; illustration AssetBundle path contains the same card ID; Sacred Cards name matches exactly after Unicode normalization, case-folding, and whitespace collapse."
155,Larvas,94675535,4161,Larvas,common,extracted/card_art/candidates/common/04/4161.png,assets/resources/card/images/illust/common/04/4161.bmp,LocalData/93217544/0000/79/792fc5ae,name_match_art_available,high,"CARD_Prop card ID at this row aligns with CARD_Name at the same CARD_Indx row; illustration AssetBundle path contains the same card ID; Sacred Cards name matches exactly after Unicode normalization, case-folding, and whitespace collapse."
156,Hard Armor,20060230,4162,Hard Armor,common,extracted/card_art/candidates/common/04/4162.png,assets/resources/card/images/illust/common/04/4162.bmp,LocalData/93217544/0000/e0/e0269414,name_match_art_available,high,"CARD_Prop card ID at this row aligns with CARD_Name at the same CARD_Indx row; illustration AssetBundle path contains the same card ID; Sacred Cards name matches exactly after Unicode normalization, case-folding, and whitespace collapse."
157,Firegrass,53293545,4163,Firegrass,common,extracted/card_art/candidates/common/04/4163.png,assets/resources/card/images/illust/common/04/4163.bmp,LocalData/93217544/0000/97/9721a482,name_match_art_available,high,"CARD_Prop card ID at this row aligns with CARD_Name at the same CARD_Indx row; illustration AssetBundle path contains the same card ID; Sacred Cards name matches exactly after Unicode normalization, case-folding, and whitespace collapse."
158,Man Eater,93553943,4164,Man Eater,common,extracted/card_art/candidates/common/04/4164.png,assets/resources/card/images/illust/common/04/4164.bmp,LocalData/93217544/0000/09/09453121,name_match_art_available,high,"CARD_Prop card ID at this row aligns with CARD_Name at the same CARD_Indx row; illustration AssetBundle path contains the same card ID; Sacred Cards name matches exactly after Unicode normalization, case-folding, and whitespace collapse."
159,Dig Beak,29948642,4165,Dig Beak,common,extracted/card_art/candidates/common/04/4165.png,assets/resources/card/images/illust/common/04/4165.bmp,LocalData/93217544/0000/7e/7e4201b7,name_match_art_available,high,"CARD_Prop card ID at this row aligns with CARD_Name at the same CARD_Indx row; illustration AssetBundle path contains the same card ID; Sacred Cards name matches exactly after Unicode normalization, case-folding, and whitespace collapse."
160,M-Warrior #1,56342351,4166,M-Warrior #1,common,extracted/card_art/candidates/common/04/4166.png,assets/resources/card/images/illust/common/04/4166.bmp,LocalData/93217544/0000/e7/e74b500d,name_match_art_available,high,"CARD_Prop card ID at this row aligns with CARD_Name at the same CARD_Indx row; illustration AssetBundle path contains the same card ID; Sacred Cards name matches exactly after Unicode normalization, case-folding, and whitespace collapse."
161,M-Warrior #2,92731455,4167,M-Warrior #2,common,extracted/card_art/candidates/common/04/4167.png,assets/resources/card/images/illust/common/04/4167.bmp,LocalData/93217544/0000/90/904c609b,name_match_art_available,high,"CARD_Prop card ID at this row aligns with CARD_Name at the same CARD_Indx row; illustration AssetBundle path contains the same card ID; Sacred Cards name matches exactly after Unicode normalization, case-folding, and whitespace collapse."
162,Tainted Wisdom,28725004,4168,Tainted Wisdom,common,extracted/card_art/candidates/common/04/4168.png,assets/resources/card/images/illust/common/04/4168.bmp,LocalData/93217544/0000/00/00f37d0a,name_match_art_available,high,"CARD_Prop card ID at this row aligns with CARD_Name at the same CARD_Indx row; illustration AssetBundle path contains the same card ID; Sacred Cards name matches exactly after Unicode normalization, case-folding, and whitespace collapse."
163,Lisark,55210709,4169,Lisark,common,extracted/card_art/candidates/common/04/4169.png,assets/resources/card/images/illust/common/04/4169.bmp,LocalData/93217544/0000/77/77f44d9c,name_match_art_available,high,"CARD_Prop card ID at this row aligns with CARD_Name at the same CARD_Indx row; illustration AssetBundle path contains the same card ID; Sacred Cards name matches exactly after Unicode normalization, case-folding, and whitespace collapse."
164,Lord of Zemia,81618817,4170,Lord of Zemia,common,extracted/card_art/candidates/common/04/4170.png,assets/resources/card/images/illust/common/04/4170.bmp,LocalData/93217544/0000/17/1733c479,name_match_art_available,high,"CARD_Prop card ID at this row aligns with CARD_Name at the same CARD_Indx row; illustration AssetBundle path contains the same card ID; Sacred Cards name matches exactly after Unicode normalization, case-folding, and whitespace collapse."
165,The Judgement Hand,28003512,4171,The Judgement Hand,common,extracted/card_art/candidates/common/04/4171.png,assets/resources/card/images/illust/common/04/4171.bmp,LocalData/93217544/0000/60/6034f4ef,name_match_art_available,high,"CARD_Prop card ID at this row aligns with CARD_Name at the same CARD_Indx row; illustration AssetBundle path contains the same card ID; Sacred Cards name matches exactly after Unicode normalization, case-folding, and whitespace collapse."
166,Mysterious Puppeteer,54098121,4172,Mysterious Puppeteer,common,extracted/card_art/candidates/common/04/4172.png,assets/resources/card/images/illust/common/04/4172.bmp,LocalData/93217544/0000/f9/f93da555,name_match_art_available,high,"CARD_Prop card ID at this row aligns with CARD_Name at the same CARD_Indx row; illustration AssetBundle path contains the same card ID; Sacred Cards name matches exactly after Unicode normalization, case-folding, and whitespace collapse."
167,Ancient Jar,81492226,4173,Ancient Jar,common,extracted/card_art/candidates/common/04/4173.png,assets/resources/card/images/illust/common/04/4173.bmp,LocalData/93217544/0000/8e/8e3a95c3,name_match_art_available,high,"CARD_Prop card ID at this row aligns with CARD_Name at the same CARD_Indx row; illustration AssetBundle path contains the same card ID; Sacred Cards name matches exactly after Unicode normalization, case-folding, and whitespace collapse."
168,Darkfire Dragon,17881964,4174,Darkfire Dragon,common,extracted/card_art/candidates/common/04/4174.png,assets/resources/card/images/illust/common/04/4174.bmp,LocalData/93217544/0000/10/105e0060,name_match_art_available,high,"CARD_Prop card ID at this row aligns with CARD_Name at the same CARD_Indx row; illustration AssetBundle path contains the same card ID; Sacred Cards name matches exactly after Unicode normalization, case-folding, and whitespace collapse."
169,Dark King of the Abyss,53375573,4175,Dark King of the Abyss,common,extracted/card_art/candidates/common/04/4175.png,assets/resources/card/images/illust/common/04/4175.bmp,LocalData/93217544/0000/67/675930f6,name_match_art_available,high,"CARD_Prop card ID at this row aligns with CARD_Name at the same CARD_Indx row; illustration AssetBundle path contains the same card ID; Sacred Cards name matches exactly after Unicode normalization, case-folding, and whitespace collapse."
170,Spirit of the Harp,80770678,4176,Spirit of the Harp,common,extracted/card_art/candidates/common/04/4176.png,assets/resources/card/images/illust/common/04/4176.bmp,LocalData/93217544/0000/fe/fe50614c,name_match_art_available,high,"CARD_Prop card ID at this row aligns with CARD_Name at the same CARD_Indx row; illustration AssetBundle path contains the same card ID; Sacred Cards name matches exactly after Unicode normalization, case-folding, and whitespace collapse."
171,Big Eye,16768387,4177,Big Eye,common,extracted/card_art/candidates/common/04/4177.png,assets/resources/card/images/illust/common/04/4177.bmp,LocalData/93217544/0000/89/895751da,name_match_art_available,high,"CARD_Prop card ID at this row aligns with CARD_Name at the same CARD_Indx row; illustration AssetBundle path contains the same card ID; Sacred Cards name matches exactly after Unicode normalization, case-folding, and whitespace collapse."
172,Armaill,53153481,4178,Armaill,common,extracted/card_art/candidates/common/04/4178.png,assets/resources/card/images/illust/common/04/4178.bmp,LocalData/93217544/0000/19/19e84c4b,name_match_art_available,high,"CARD_Prop card ID at this row aligns with CARD_Name at the same CARD_Indx row; illustration AssetBundle path contains the same card ID; Sacred Cards name matches exactly after Unicode normalization, case-folding, and whitespace collapse."
173,Dark Prisoner,89558090,4179,Dark Prisoner,common,extracted/card_art/candidates/common/04/4179.png,assets/resources/card/images/illust/common/04/4179.bmp,LocalData/93217544/0000/6e/6eef7cdd,name_match_art_available,high,"CARD_Prop card ID at this row aligns with CARD_Name at the same CARD_Indx row; illustration AssetBundle path contains the same card ID; Sacred Cards name matches exactly after Unicode normalization, case-folding, and whitespace collapse."
174,Hurricail,15042735,4180,Hurricail,common,extracted/card_art/candidates/common/04/4180.png,assets/resources/card/images/illust/common/04/4180.bmp,LocalData/93217544/0000/90/90abd8b6,name_match_art_available,high,"CARD_Prop card ID at this row aligns with CARD_Name at the same CARD_Indx row; illustration AssetBundle path contains the same card ID; Sacred Cards name matches exactly after Unicode normalization, case-folding, and whitespace collapse."
175,Ancient Brain,42431843,4181,Ancient Brain,common,extracted/card_art/candidates/common/04/4181.png,assets/resources/card/images/illust/common/04/4181.bmp,LocalData/93217544/0000/e7/e7ace820,name_match_art_available,high,"CARD_Prop card ID at this row aligns with CARD_Name at the same CARD_Indx row; illustration AssetBundle path contains the same card ID; Sacred Cards name matches exactly after Unicode normalization, case-folding, and whitespace collapse."
176,Fire Eye,88435542,4182,Fire Eye,common,extracted/card_art/candidates/common/04/4182.png,assets/resources/card/images/illust/common/04/4182.bmp,LocalData/93217544/0000/7e/7ea5b99a,name_match_art_available,high,"CARD_Prop card ID at this row aligns with CARD_Name at the same CARD_Indx row; illustration AssetBundle path contains the same card ID; Sacred Cards name matches exactly after Unicode normalization, case-folding, and whitespace collapse."
177,Monsturtle,15820147,4183,Monsturtle,common,extracted/card_art/candidates/common/04/4183.png,assets/resources/card/images/illust/common/04/4183.bmp,LocalData/93217544/0000/09/09a2890c,name_match_art_available,high,"CARD_Prop card ID at this row aligns with CARD_Name at the same CARD_Indx row; illustration AssetBundle path contains the same card ID; Sacred Cards name matches exactly after Unicode normalization, case-folding, and whitespace collapse."
178,Claw Reacher,41218256,4184,Claw Reacher,common,extracted/card_art/candidates/common/04/4184.png,assets/resources/card/images/illust/common/04/4184.bmp,LocalData/93217544/0000/97/97c61caf,name_match_art_available,high,"CARD_Prop card ID at this row aligns with CARD_Name at the same CARD_Indx row; illustration AssetBundle path contains the same card ID; Sacred Cards name matches exactly after Unicode normalization, case-folding, and whitespace collapse."
179,Phantom Dewan,77603950,4185,Phantom Dewan,common,extracted/card_art/candidates/common/04/4185.png,assets/resources/card/images/illust/common/04/4185.bmp,LocalData/93217544/0000/e0/e0c12c39,name_match_art_available,high,"CARD_Prop card ID at this row aligns with CARD_Name at the same CARD_Indx row; illustration AssetBundle path contains the same card ID; Sacred Cards name matches exactly after Unicode normalization, case-folding, and whitespace collapse."
180,Arlownay,14708569,4186,Arlownay,tcg,extracted/card_art/candidates/tcg/04/4186.png,assets/resources/card/images/illust/tcg/04/4186.bmp,LocalData/93217544/0000/79/79c87d83,name_match_art_available,high,"CARD_Prop card ID at this row aligns with CARD_Name at the same CARD_Indx row; illustration AssetBundle path contains the same card ID; Sacred Cards name matches exactly after Unicode normalization, case-folding, and whitespace collapse."
181,Dark Shade,40196604,4187,Dark Shade,common,extracted/card_art/candidates/common/04/4187.png,assets/resources/card/images/illust/common/04/4187.bmp,LocalData/93217544/0000/0e/0ecf4d15,name_match_art_available,high,"CARD_Prop card ID at this row aligns with CARD_Name at the same CARD_Indx row; illustration AssetBundle path contains the same card ID; Sacred Cards name matches exactly after Unicode normalization, case-folding, and whitespace collapse."
182,Masked Clown,77581312,4188,Masked Clown,common,extracted/card_art/candidates/common/04/4188.png,assets/resources/card/images/illust/common/04/4188.bmp,LocalData/93217544/0000/9e/9e705084,name_match_art_available,high,"CARD_Prop card ID at this row aligns with CARD_Name at the same CARD_Indx row; illustration AssetBundle path contains the same card ID; Sacred Cards name matches exactly after Unicode normalization, case-folding, and whitespace collapse."
183,Lucky Trinket,3985011,4189,Lucky Trinket,common,extracted/card_art/candidates/common/04/4189.png,assets/resources/card/images/illust/common/04/4189.bmp,LocalData/93217544/0000/e9/e9776012,name_match_art_available,high,"CARD_Prop card ID at this row aligns with CARD_Name at the same CARD_Indx row; illustration AssetBundle path contains the same card ID; Sacred Cards name matches exactly after Unicode normalization, case-folding, and whitespace collapse."
184,Genin,49370026,4190,Genin,common,extracted/card_art/candidates/common/04/4190.png,assets/resources/card/images/illust/common/04/4190.bmp,LocalData/93217544/0000/89/89b0e9f7,name_match_art_available,high,"CARD_Prop card ID at this row aligns with CARD_Name at the same CARD_Indx row; illustration AssetBundle path contains the same card ID; Sacred Cards name matches exactly after Unicode normalization, case-folding, and whitespace collapse."
185,Eyearmor,64511793,4191,Eyearmor,common,extracted/card_art/candidates/common/04/4191.png,assets/resources/card/images/illust/common/04/4191.bmp,LocalData/93217544/0000/fe/feb7d961,name_match_art_available,high,"CARD_Prop card ID at this row aligns with CARD_Name at the same CARD_Indx row; illustration AssetBundle path contains the same card ID; Sacred Cards name matches exactly after Unicode normalization, case-folding, and whitespace collapse."
186,Fiend Reflection #2,2863439,4192,Fiend Reflection #2,common,extracted/card_art/candidates/common/04/4192.png,assets/resources/card/images/illust/common/04/4192.bmp,LocalData/93217544/0000/67/67be88db,name_match_art_available,high,"CARD_Prop card ID at this row aligns with CARD_Name at the same CARD_Indx row; illustration AssetBundle path contains the same card ID; Sacred Cards name matches exactly after Unicode normalization, case-folding, and whitespace collapse."
187,Gate Deeg,49258578,4193,Gate Deeg,common,extracted/card_art/candidates/common/04/4193.png,assets/resources/card/images/illust/common/04/4193.bmp,LocalData/93217544/0000/10/10b9b84d,name_match_art_available,high,"CARD_Prop card ID at this row aligns with CARD_Name at the same CARD_Indx row; illustration AssetBundle path contains the same card ID; Sacred Cards name matches exactly after Unicode normalization, case-folding, and whitespace collapse."
188,Synchar,75646173,4194,Synchar,common,extracted/card_art/candidates/common/04/4194.png,assets/resources/card/images/illust/common/04/4194.bmp,LocalData/93217544/0000/8e/8edd2dee,name_match_art_available,high,"CARD_Prop card ID at this row aligns with CARD_Name at the same CARD_Indx row; illustration AssetBundle path contains the same card ID; Sacred Cards name matches exactly after Unicode normalization, case-folding, and whitespace collapse."
189,Fusionist,1641882,4195,Fusionist,common,extracted/card_art/candidates/common/04/4195.png,assets/resources/card/images/illust/common/04/4195.bmp,LocalData/93217544/0000/f9/f9da1d78,name_match_art_available,high,"CARD_Prop card ID at this row aligns with CARD_Name at the same CARD_Indx row; illustration AssetBundle path contains the same card ID; Sacred Cards name matches exactly after Unicode normalization, case-folding, and whitespace collapse."
190,Akakieisu,38035986,4196,Akakieisu,tcg,extracted/card_art/candidates/tcg/04/4196.png,assets/resources/card/images/illust/tcg/04/4196.bmp,LocalData/93217544/0000/60/60d34cc2,name_match_art_available,high,"CARD_Prop card ID at this row aligns with CARD_Name at the same CARD_Indx row; illustration AssetBundle path contains the same card ID; Sacred Cards name matches exactly after Unicode normalization, case-folding, and whitespace collapse."
191,LaLa Li-oon,9430387,4197,LaLa Li-oon,common,extracted/card_art/candidates/common/04/4197.png,assets/resources/card/images/illust/common/04/4197.bmp,LocalData/93217544/0000/17/17d47c54,name_match_art_available,high,"CARD_Prop card ID at this row aligns with CARD_Name at the same CARD_Indx row; illustration AssetBundle path contains the same card ID; Sacred Cards name matches exactly after Unicode normalization, case-folding, and whitespace collapse."
192,Key Mace,1929294,4198,Key Mace,common,extracted/card_art/candidates/common/04/4198.png,assets/resources/card/images/illust/common/04/4198.bmp,LocalData/93217544/0000/87/876b61c5,name_match_art_available,high,"CARD_Prop card ID at this row aligns with CARD_Name at the same CARD_Indx row; illustration AssetBundle path contains the same card ID; Sacred Cards name matches exactly after Unicode normalization, case-folding, and whitespace collapse."
193,Turtle Tiger,37313348,4199,Turtle Tiger,common,extracted/card_art/candidates/common/04/4199.png,assets/resources/card/images/illust/common/04/4199.bmp,LocalData/93217544/0000/f0/f06c5153,name_match_art_available,high,"CARD_Prop card ID at this row aligns with CARD_Name at the same CARD_Indx row; illustration AssetBundle path contains the same card ID; Sacred Cards name matches exactly after Unicode normalization, case-folding, and whitespace collapse."
194,Terra the Terrible,63308047,4200,Terra the Terrible,common,extracted/card_art/candidates/common/04/4200.png,assets/resources/card/images/illust/common/04/4200.bmp,LocalData/93217544/0000/5a/5a34ece7,name_match_art_available,high,"CARD_Prop card ID at this row aligns with CARD_Name at the same CARD_Indx row; illustration AssetBundle path contains the same card ID; Sacred Cards name matches exactly after Unicode normalization, case-folding, and whitespace collapse."
195,Doron,756652,4201,Doron,common,extracted/card_art/candidates/common/04/4201.png,assets/resources/card/images/illust/common/04/4201.bmp,LocalData/93217544/0000/2d/2d33dc71,name_match_art_available,high,"CARD_Prop card ID at this row aligns with CARD_Name at the same CARD_Indx row; illustration AssetBundle path contains the same card ID; Sacred Cards name matches exactly after Unicode normalization, case-folding, and whitespace collapse."
196,Arma Knight,36151751,4202,Arma Knight,common,extracted/card_art/candidates/common/04/4202.png,assets/resources/card/images/illust/common/04/4202.bmp,LocalData/93217544/0000/b4/b43a8dcb,name_match_art_available,high,"CARD_Prop card ID at this row aligns with CARD_Name at the same CARD_Indx row; illustration AssetBundle path contains the same card ID; Sacred Cards name matches exactly after Unicode normalization, case-folding, and whitespace collapse."
197,Mech Mole Zombie,63545455,4203,Mech Mole Zombie,common,extracted/card_art/candidates/common/04/4203.png,assets/resources/card/images/illust/common/04/4203.bmp,LocalData/93217544/0000/c3/c33dbd5d,name_match_art_available,high,"CARD_Prop card ID at this row aligns with CARD_Name at the same CARD_Indx row; illustration AssetBundle path contains the same card ID; Sacred Cards name matches exactly after Unicode normalization, case-folding, and whitespace collapse."
198,Happy Lover,99030164,4204,Happy Lover,common,extracted/card_art/candidates/common/04/4204.png,assets/resources/card/images/illust/common/04/4204.bmp,LocalData/93217544/0000/5d/5d5928fe,name_match_art_available,high,"CARD_Prop card ID at this row aligns with CARD_Name at the same CARD_Indx row; illustration AssetBundle path contains the same card ID; Sacred Cards name matches exactly after Unicode normalization, case-folding, and whitespace collapse."
199,Penguin Knight,36039163,4205,Penguin Knight,common,extracted/card_art/candidates/common/04/4205.png,assets/resources/card/images/illust/common/04/4205.bmp,LocalData/93217544/0000/2a/2a5e1868,name_match_art_available,high,"CARD_Prop card ID at this row aligns with CARD_Name at the same CARD_Indx row; illustration AssetBundle path contains the same card ID; Sacred Cards name matches exactly after Unicode normalization, case-folding, and whitespace collapse."
200,Petit Dragon,75356564,4206,Petit Dragon,common,extracted/card_art/candidates/common/04/4206.png,assets/resources/card/images/illust/common/04/4206.bmp,LocalData/93217544/0000/b3/b35749d2,name_match_art_available,high,"CARD_Prop card ID at this row aligns with CARD_Name at the same CARD_Indx row; illustration AssetBundle path contains the same card ID; Sacred Cards name matches exactly after Unicode normalization, case-folding, and whitespace collapse."
201,Frenzied Panda,98818516,4207,Frenzied Panda,common,extracted/card_art/candidates/common/04/4207.png,assets/resources/card/images/illust/common/04/4207.bmp,LocalData/93217544/0000/c4/c4507944,name_match_art_available,high,"CARD_Prop card ID at this row aligns with CARD_Name at the same CARD_Indx row; illustration AssetBundle path contains the same card ID; Sacred Cards name matches exactly after Unicode normalization, case-folding, and whitespace collapse."
202,Air Marmot of Nefariousness,75889523,,,,,,,unmatched,unmatched,No exact normalized English-name match found in the decoded Master Duel CARD_Name table.
203,Phantom Ghost,61201220,4209,Phantom Ghost,common,extracted/card_art/candidates/common/04/4209.png,assets/resources/card/images/illust/common/04/4209.bmp,LocalData/93217544/0000/23/23e85443,name_match_art_available,high,"CARD_Prop card ID at this row aligns with CARD_Name at the same CARD_Indx row; illustration AssetBundle path contains the same card ID; Sacred Cards name matches exactly after Unicode normalization, case-folding, and whitespace collapse."
204,Mabarrel,98795934,4210,Mabarrel,common,extracted/card_art/candidates/common/04/4210.png,assets/resources/card/images/illust/common/04/4210.bmp,LocalData/93217544/0000/43/432fdda6,name_match_art_available,high,"CARD_Prop card ID at this row aligns with CARD_Name at the same CARD_Indx row; illustration AssetBundle path contains the same card ID; Sacred Cards name matches exactly after Unicode normalization, case-folding, and whitespace collapse."
205,Dorover,24194033,4211,Dorover,common,extracted/card_art/candidates/common/04/4211.png,assets/resources/card/images/illust/common/04/4211.bmp,LocalData/93217544/0000/34/3428ed30,name_match_art_available,high,"CARD_Prop card ID at this row aligns with CARD_Name at the same CARD_Indx row; illustration AssetBundle path contains the same card ID; Sacred Cards name matches exactly after Unicode normalization, case-folding, and whitespace collapse."
206,Twin Long Rods #1,60589682,4212,Twin Long Rods #1,common,extracted/card_art/candidates/common/04/4212.png,assets/resources/card/images/illust/common/04/4212.bmp,LocalData/93217544/0000/ad/ad21bc8a,name_match_art_available,high,"CARD_Prop card ID at this row aligns with CARD_Name at the same CARD_Indx row; illustration AssetBundle path contains the same card ID; Sacred Cards name matches exactly after Unicode normalization, case-folding, and whitespace collapse."
207,Droll Bird,97973387,4213,Droll Bird,common,extracted/card_art/candidates/common/04/4213.png,assets/resources/card/images/illust/common/04/4213.bmp,LocalData/93217544/0000/da/da268c1c,name_match_art_available,high,"CARD_Prop card ID at this row aligns with CARD_Name at the same CARD_Indx row; illustration AssetBundle path contains the same card ID; Sacred Cards name matches exactly after Unicode normalization, case-folding, and whitespace collapse."
208,Petit Angel,38142739,4214,Petit Angel,tcg,extracted/card_art/candidates/tcg/04/4214.png,assets/resources/card/images/illust/tcg/04/4214.bmp,LocalData/93217544/0000/44/444219bf,name_match_art_available,high,"CARD_Prop card ID at this row aligns with CARD_Name at the same CARD_Indx row; illustration AssetBundle path contains the same card ID; Sacred Cards name matches exactly after Unicode normalization, case-folding, and whitespace collapse."
209,Winged Cleaver,39175982,4215,Winged Cleaver,common,extracted/card_art/candidates/common/04/4215.png,assets/resources/card/images/illust/common/04/4215.bmp,LocalData/93217544/0000/33/33452929,name_match_art_available,high,"CARD_Prop card ID at this row aligns with CARD_Name at the same CARD_Indx row; illustration AssetBundle path contains the same card ID; Sacred Cards name matches exactly after Unicode normalization, case-folding, and whitespace collapse."
210,Hinotama Soul,96851799,4216,Hinotama Soul,common,extracted/card_art/candidates/common/04/4216.png,assets/resources/card/images/illust/common/04/4216.bmp,LocalData/93217544/0000/aa/aa4c7893,name_match_art_available,high,"CARD_Prop card ID at this row aligns with CARD_Name at the same CARD_Indx row; illustration AssetBundle path contains the same card ID; Sacred Cards name matches exactly after Unicode normalization, case-folding, and whitespace collapse."
211,Kaminarikozou,15510988,,,,,,,unmatched,unmatched,No exact normalized English-name match found in the decoded Master Duel CARD_Name table.
212,Meotoko,53832650,4218,Meotoko,common,extracted/card_art/candidates/common/04/4218.png,assets/resources/card/images/illust/common/04/4218.bmp,LocalData/93217544/0000/4d/4df45594,name_match_art_available,high,"CARD_Prop card ID at this row aligns with CARD_Name at the same CARD_Indx row; illustration AssetBundle path contains the same card ID; Sacred Cards name matches exactly after Unicode normalization, case-folding, and whitespace collapse."
213,Aqua Madoor,85639257,4219,Aqua Madoor,common,extracted/card_art/candidates/common/04/4219.png,assets/resources/card/images/illust/common/04/4219.bmp,LocalData/93217544/0000/3a/3af36502,name_match_art_available,high,"CARD_Prop card ID at this row aligns with CARD_Name at the same CARD_Indx row; illustration AssetBundle path contains the same card ID; Sacred Cards name matches exactly after Unicode normalization, case-folding, and whitespace collapse."
214,Kagemusha of the Blue Flame,15401633,4220,Kagemusha of the Blue Flame,common,extracted/card_art/candidates/common/04/4220.png,assets/resources/card/images/illust/common/04/4220.bmp,LocalData/93217544/0000/68/68028e65,name_match_art_available,high,"CARD_Prop card ID at this row aligns with CARD_Name at the same CARD_Indx row; illustration AssetBundle path contains the same card ID; Sacred Cards name matches exactly after Unicode normalization, case-folding, and whitespace collapse."
215,Flame Ghost,58528964,4221,Flame Ghost,common,extracted/card_art/candidates/common/04/4221.png,assets/resources/card/images/illust/common/04/4221.bmp,LocalData/93217544/0000/1f/1f05bef3,name_match_art_available,high,"CARD_Prop card ID at this row aligns with CARD_Name at the same CARD_Indx row; illustration AssetBundle path contains the same card ID; Sacred Cards name matches exactly after Unicode normalization, case-folding, and whitespace collapse."
216,Dryad,84916669,,,,,,,unmatched,unmatched,No exact normalized English-name match found in the decoded Master Duel CARD_Name table.
217,B. Skull Dragon,11901678,,,,,,,unmatched,unmatched,No exact normalized English-name match found in the decoded Master Duel CARD_Name table.
218,Two-Mouth Darkruler,57305373,4224,Two-Mouth Darkruler,common,extracted/card_art/candidates/common/04/4224.png,assets/resources/card/images/illust/common/04/4224.bmp,LocalData/93217544/0000/6f/6f6f4a7c,name_match_art_available,high,"CARD_Prop card ID at this row aligns with CARD_Name at the same CARD_Indx row; illustration AssetBundle path contains the same card ID; Sacred Cards name matches exactly after Unicode normalization, case-folding, and whitespace collapse."
219,Solitude,84794011,4225,Solitude,tcg,extracted/card_art/candidates/tcg/04/4225.png,assets/resources/card/images/illust/tcg/04/4225.bmp,LocalData/93217544/0000/18/18687aea,name_match_art_available,high,"CARD_Prop card ID at this row aligns with CARD_Name at the same CARD_Indx row; illustration AssetBundle path contains the same card ID; Sacred Cards name matches exactly after Unicode normalization, case-folding, and whitespace collapse."
220,Masked Sorcerer,10189126,4226,Masked Sorcerer,common,extracted/card_art/candidates/common/04/4226.png,assets/resources/card/images/illust/common/04/4226.bmp,LocalData/93217544/0000/81/81612b50,name_match_art_available,high,"CARD_Prop card ID at this row aligns with CARD_Name at the same CARD_Indx row; illustration AssetBundle path contains the same card ID; Sacred Cards name matches exactly after Unicode normalization, case-folding, and whitespace collapse."
221,Kumootoko,56283725,4227,Kumootoko,common,extracted/card_art/candidates/common/04/4227.png,assets/resources/card/images/illust/common/04/4227.bmp,LocalData/93217544/0000/f6/f6661bc6,name_match_art_available,high,"CARD_Prop card ID at this row aligns with CARD_Name at the same CARD_Indx row; illustration AssetBundle path contains the same card ID; Sacred Cards name matches exactly after Unicode normalization, case-folding, and whitespace collapse."
222,Midnight Fiend,83678433,4228,Midnight Fiend,common,extracted/card_art/candidates/common/04/4228.png,assets/resources/card/images/illust/common/04/4228.bmp,LocalData/93217544/0000/66/66d90657,name_match_art_available,high,"CARD_Prop card ID at this row aligns with CARD_Name at the same CARD_Indx row; illustration AssetBundle path contains the same card ID; Sacred Cards name matches exactly after Unicode normalization, case-folding, and whitespace collapse."
223,Roaring Ocean Snake,19066538,4229,Roaring Ocean Snake,common,extracted/card_art/candidates/common/04/4229.png,assets/resources/card/images/illust/common/04/4229.bmp,LocalData/93217544/0000/11/11de36c1,name_match_art_available,high,"CARD_Prop card ID at this row aligns with CARD_Name at the same CARD_Indx row; illustration AssetBundle path contains the same card ID; Sacred Cards name matches exactly after Unicode normalization, case-folding, and whitespace collapse."
224,Trap Master,46461247,4230,Trap Master,common,extracted/card_art/candidates/common/04/4230.png,assets/resources/card/images/illust/common/04/4230.bmp,LocalData/93217544/0000/71/7119bf24,name_match_art_available,high,"CARD_Prop card ID at this row aligns with CARD_Name at the same CARD_Indx row; illustration AssetBundle path contains the same card ID; Sacred Cards name matches exactly after Unicode normalization, case-folding, and whitespace collapse."
225,Fiend Sword,22855882,4231,Fiend Sword,common,extracted/card_art/candidates/common/04/4231.png,assets/resources/card/images/illust/common/04/4231.bmp,LocalData/93217544/0000/06/061e8fb2,name_match_art_available,high,"CARD_Prop card ID at this row aligns with CARD_Name at the same CARD_Indx row; illustration AssetBundle path contains the same card ID; Sacred Cards name matches exactly after Unicode normalization, case-folding, and whitespace collapse."
226,Skull Stalker,54844990,4232,Skull Stalker,common,extracted/card_art/candidates/common/04/4232.png,assets/resources/card/images/illust/common/04/4232.bmp,LocalData/93217544/0000/9f/9f17de08,name_match_art_available,high,"CARD_Prop card ID at this row aligns with CARD_Name at the same CARD_Indx row; illustration AssetBundle path contains the same card ID; Sacred Cards name matches exactly after Unicode normalization, case-folding, and whitespace collapse."
227,Hitodenchak,46718686,4233,Hitodenchak,common,extracted/card_art/candidates/common/04/4233.png,assets/resources/card/images/illust/common/04/4233.bmp,LocalData/93217544/0000/e8/e810ee9e,name_match_art_available,high,"CARD_Prop card ID at this row aligns with CARD_Name at the same CARD_Indx row; illustration AssetBundle path contains the same card ID; Sacred Cards name matches exactly after Unicode normalization, case-folding, and whitespace collapse."
228,Wood Remains,17733394,4234,Wood Remains,common,extracted/card_art/candidates/common/04/4234.png,assets/resources/card/images/illust/common/04/4234.bmp,LocalData/93217544/0000/76/76747b3d,name_match_art_available,high,"CARD_Prop card ID at this row aligns with CARD_Name at the same CARD_Indx row; illustration AssetBundle path contains the same card ID; Sacred Cards name matches exactly after Unicode normalization, case-folding, and whitespace collapse."
229,Hourglass of Life,8783685,4235,Hourglass of Life,common,extracted/card_art/candidates/common/04/4235.png,assets/resources/card/images/illust/common/04/4235.bmp,LocalData/93217544/0000/01/01734bab,name_match_art_available,high,"CARD_Prop card ID at this row aligns with CARD_Name at the same CARD_Indx row; illustration AssetBundle path contains the same card ID; Sacred Cards name matches exactly after Unicode normalization, case-folding, and whitespace collapse."
230,Rare Fish,80516007,4236,Rare Fish,common,extracted/card_art/candidates/common/04/4236.png,assets/resources/card/images/illust/common/04/4236.bmp,LocalData/93217544/0000/98/987a1a11,name_match_art_available,high,"CARD_Prop card ID at this row aligns with CARD_Name at the same CARD_Indx row; illustration AssetBundle path contains the same card ID; Sacred Cards name matches exactly after Unicode normalization, case-folding, and whitespace collapse."
231,Wood Clown,17511156,4237,Wood Clown,common,extracted/card_art/candidates/common/04/4237.png,assets/resources/card/images/illust/common/04/4237.bmp,LocalData/93217544/0000/ef/ef7d2a87,name_match_art_available,high,"CARD_Prop card ID at this row aligns with CARD_Name at the same CARD_Indx row; illustration AssetBundle path contains the same card ID; Sacred Cards name matches exactly after Unicode normalization, case-folding, and whitespace collapse."
232,Madjinn Gunn,43905751,4238,Madjinn Gunn,common,extracted/card_art/candidates/common/04/4238.png,assets/resources/card/images/illust/common/04/4238.bmp,LocalData/93217544/0000/7f/7fc23716,name_match_art_available,high,"CARD_Prop card ID at this row aligns with CARD_Name at the same CARD_Indx row; illustration AssetBundle path contains the same card ID; Sacred Cards name matches exactly after Unicode normalization, case-folding, and whitespace collapse."
233,Dark Titan of Terror,89494469,4239,Dark Titan of Terror,common,extracted/card_art/candidates/common/04/4239.png,assets/resources/card/images/illust/common/04/4239.bmp,LocalData/93217544/0000/08/08c50780,name_match_art_available,high,"CARD_Prop card ID at this row aligns with CARD_Name at the same CARD_Indx row; illustration AssetBundle path contains the same card ID; Sacred Cards name matches exactly after Unicode normalization, case-folding, and whitespace collapse."
234,Beautiful Headhuntress,16899564,4240,Beautiful Headhuntress,common,extracted/card_art/candidates/common/04/4240.png,assets/resources/card/images/illust/common/04/4240.bmp,LocalData/93217544/0000/3e/3e5829e3,name_match_art_available,high,"CARD_Prop card ID at this row aligns with CARD_Name at the same CARD_Indx row; illustration AssetBundle path contains the same card ID; Sacred Cards name matches exactly after Unicode normalization, case-folding, and whitespace collapse."
235,Wodan the Resident of the Forest,42883273,4241,Wodan the Resident of the Forest,common,extracted/card_art/candidates/common/04/4241.png,assets/resources/card/images/illust/common/04/4241.bmp,LocalData/93217544/0000/49/495f1975,name_match_art_available,high,"CARD_Prop card ID at this row aligns with CARD_Name at the same CARD_Indx row; illustration AssetBundle path contains the same card ID; Sacred Cards name matches exactly after Unicode normalization, case-folding, and whitespace collapse."
236,Guardian of the Labyrinth,89272878,4242,Guardian of the Labyrinth,common,extracted/card_art/candidates/common/04/4242.png,assets/resources/card/images/illust/common/04/4242.bmp,LocalData/93217544/0000/d0/d05648cf,name_match_art_available,high,"CARD_Prop card ID at this row aligns with CARD_Name at the same CARD_Indx row; illustration AssetBundle path contains the same card ID; Sacred Cards name matches exactly after Unicode normalization, case-folding, and whitespace collapse."
237,Haniwa,84285623,4243,Haniwa,common,extracted/card_art/candidates/common/04/4243.png,assets/resources/card/images/illust/common/04/4243.bmp,LocalData/93217544/0000/a7/a7517859,name_match_art_available,high,"CARD_Prop card ID at this row aligns with CARD_Name at the same CARD_Indx row; illustration AssetBundle path contains the same card ID; Sacred Cards name matches exactly after Unicode normalization, case-folding, and whitespace collapse."
238,Yashinoki,41061625,4244,Yashinoki,common,extracted/card_art/candidates/common/04/4244.png,assets/resources/card/images/illust/common/04/4244.bmp,LocalData/93217544/0000/39/3935edfa,name_match_art_available,high,"CARD_Prop card ID at this row aligns with CARD_Name at the same CARD_Indx row; illustration AssetBundle path contains the same card ID; Sacred Cards name matches exactly after Unicode normalization, case-folding, and whitespace collapse."
239,Vishwar Randi,78556320,4245,Vishwar Randi,tcg,extracted/card_art/candidates/tcg/04/4245.png,assets/resources/card/images/illust/tcg/04/4245.bmp,LocalData/93217544/0000/4e/4e32dd6c,name_match_art_available,high,"CARD_Prop card ID at this row aligns with CARD_Name at the same CARD_Indx row; illustration AssetBundle path contains the same card ID; Sacred Cards name matches exactly after Unicode normalization, case-folding, and whitespace collapse."
240,The Drdek,8944575,4246,The Drdek,common,extracted/card_art/candidates/common/04/4246.png,assets/resources/card/images/illust/common/04/4246.bmp,LocalData/93217544/0000/d7/d73b8cd6,name_match_art_available,high,"CARD_Prop card ID at this row aligns with CARD_Name at the same CARD_Indx row; illustration AssetBundle path contains the same card ID; Sacred Cards name matches exactly after Unicode normalization, case-folding, and whitespace collapse."
241,Dark Assailant,41949033,4247,Dark Assailant,common,extracted/card_art/candidates/common/04/4247.png,assets/resources/card/images/illust/common/04/4247.bmp,LocalData/93217544/0000/a0/a03cbc40,name_match_art_available,high,"CARD_Prop card ID at this row aligns with CARD_Name at the same CARD_Indx row; illustration AssetBundle path contains the same card ID; Sacred Cards name matches exactly after Unicode normalization, case-folding, and whitespace collapse."
242,Candle of Fate,47695416,4248,Candle of Fate,common,extracted/card_art/candidates/common/04/4248.png,assets/resources/card/images/illust/common/04/4248.bmp,LocalData/93217544/0000/30/3083a1d1,name_match_art_available,high,"CARD_Prop card ID at this row aligns with CARD_Name at the same CARD_Indx row; illustration AssetBundle path contains the same card ID; Sacred Cards name matches exactly after Unicode normalization, case-folding, and whitespace collapse."
243,Water Element,3732747,4249,Water Element,tcg,extracted/card_art/candidates/tcg/04/4249.png,assets/resources/card/images/illust/tcg/04/4249.bmp,LocalData/93217544/0000/47/47849147,name_match_art_available,high,"CARD_Prop card ID at this row aligns with CARD_Name at the same CARD_Indx row; illustration AssetBundle path contains the same card ID; Sacred Cards name matches exactly after Unicode normalization, case-folding, and whitespace collapse."
244,Dissolverock,40826495,4250,Dissolverock,common,extracted/card_art/candidates/common/04/4250.png,assets/resources/card/images/illust/common/04/4250.bmp,LocalData/93217544/0000/27/274318a2,name_match_art_available,high,"CARD_Prop card ID at this row aligns with CARD_Name at the same CARD_Indx row; illustration AssetBundle path contains the same card ID; Sacred Cards name matches exactly after Unicode normalization, case-folding, and whitespace collapse."
245,Meda Bat,76211194,4251,Meda Bat,common,extracted/card_art/candidates/common/04/4251.png,assets/resources/card/images/illust/common/04/4251.bmp,LocalData/93217544/0000/50/50442834,name_match_art_available,high,"CARD_Prop card ID at this row aligns with CARD_Name at the same CARD_Indx row; illustration AssetBundle path contains the same card ID; Sacred Cards name matches exactly after Unicode normalization, case-folding, and whitespace collapse."
246,One Who Hunts Souls,3606209,4252,One Who Hunts Souls,common,extracted/card_art/candidates/common/04/4252.png,assets/resources/card/images/illust/common/04/4252.bmp,LocalData/93217544/0000/c9/c94d798e,name_match_art_available,high,"CARD_Prop card ID at this row aligns with CARD_Name at the same CARD_Indx row; illustration AssetBundle path contains the same card ID; Sacred Cards name matches exactly after Unicode normalization, case-folding, and whitespace collapse."
247,Root Water,39004808,4253,Root Water,common,extracted/card_art/candidates/common/04/4253.png,assets/resources/card/images/illust/common/04/4253.bmp,LocalData/93217544/0000/be/be4a4918,name_match_art_available,high,"CARD_Prop card ID at this row aligns with CARD_Name at the same CARD_Indx row; illustration AssetBundle path contains the same card ID; Sacred Cards name matches exactly after Unicode normalization, case-folding, and whitespace collapse."
248,Master & Expert,75499502,4254,Master & Expert,common,extracted/card_art/candidates/common/04/4254.png,assets/resources/card/images/illust/common/04/4254.bmp,LocalData/93217544/0000/20/202edcbb,name_match_art_available,high,"CARD_Prop card ID at this row aligns with CARD_Name at the same CARD_Indx row; illustration AssetBundle path contains the same card ID; Sacred Cards name matches exactly after Unicode normalization, case-folding, and whitespace collapse."
249,Water Omotics,2483611,4255,Water Omotics,tcg,extracted/card_art/candidates/tcg/04/4255.png,assets/resources/card/images/illust/tcg/04/4255.bmp,LocalData/93217544/0000/57/5729ec2d,name_match_art_available,high,"CARD_Prop card ID at this row aligns with CARD_Name at the same CARD_Indx row; illustration AssetBundle path contains the same card ID; Sacred Cards name matches exactly after Unicode normalization, case-folding, and whitespace collapse."
250,Hyo,38982356,4256,Hyo,common,extracted/card_art/candidates/common/04/4256.png,assets/resources/card/images/illust/common/04/4256.bmp,LocalData/93217544/0000/ce/ce20bd97,name_match_art_available,high,"CARD_Prop card ID at this row aligns with CARD_Name at the same CARD_Indx row; illustration AssetBundle path contains the same card ID; Sacred Cards name matches exactly after Unicode normalization, case-folding, and whitespace collapse."
251,Enchanting Mermaid,75376965,4257,Enchanting Mermaid,tcg,extracted/card_art/candidates/tcg/04/4257.png,assets/resources/card/images/illust/tcg/04/4257.bmp,LocalData/93217544/0000/b9/b9278d01,name_match_art_available,high,"CARD_Prop card ID at this row aligns with CARD_Name at the same CARD_Indx row; illustration AssetBundle path contains the same card ID; Sacred Cards name matches exactly after Unicode normalization, case-folding, and whitespace collapse."
252,Nekogal #1,1761063,4258,Nekogal #1,tcg,extracted/card_art/candidates/tcg/04/4258.png,assets/resources/card/images/illust/tcg/04/4258.bmp,LocalData/93217544/0000/29/29989090,name_match_art_available,high,"CARD_Prop card ID at this row aligns with CARD_Name at the same CARD_Indx row; illustration AssetBundle path contains the same card ID; Sacred Cards name matches exactly after Unicode normalization, case-folding, and whitespace collapse."
253,Fairywitch,37160778,4259,Fairywitch,common,extracted/card_art/candidates/common/04/4259.png,assets/resources/card/images/illust/common/04/4259.bmp,LocalData/93217544/0000/5e/5e9fa006,name_match_art_available,high,"CARD_Prop card ID at this row aligns with CARD_Name at the same CARD_Indx row; illustration AssetBundle path contains the same card ID; Sacred Cards name matches exactly after Unicode normalization, case-folding, and whitespace collapse."
254,Embryonic Beast,64154377,4260,Embryonic Beast,common,extracted/card_art/candidates/common/04/4260.png,assets/resources/card/images/illust/common/04/4260.bmp,LocalData/93217544/0000/0c/0c6e4b61,name_match_art_available,high,"CARD_Prop card ID at this row aligns with CARD_Name at the same CARD_Indx row; illustration AssetBundle path contains the same card ID; Sacred Cards name matches exactly after Unicode normalization, case-folding, and whitespace collapse."
255,Prevent Rat,549481,4261,Prevent Rat,common,extracted/card_art/candidates/common/04/4261.png,assets/resources/card/images/illust/common/04/4261.bmp,LocalData/93217544/0000/7b/7b697bf7,name_match_art_available,high,"CARD_Prop card ID at this row aligns with CARD_Name at the same CARD_Indx row; illustration AssetBundle path contains the same card ID; Sacred Cards name matches exactly after Unicode normalization, case-folding, and whitespace collapse."
256,Dimensional Warrior,37043180,,,,,,,unmatched,unmatched,No exact normalized English-name match found in the decoded Master Duel CARD_Name table.
257,Stone Armadiller,63432835,4263,Stone Armadiller,common,extracted/card_art/candidates/common/04/4263.png,assets/resources/card/images/illust/common/04/4263.bmp,LocalData/93217544/0000/95/95671adb,name_match_art_available,high,"CARD_Prop card ID at this row aligns with CARD_Name at the same CARD_Indx row; illustration AssetBundle path contains the same card ID; Sacred Cards name matches exactly after Unicode normalization, case-folding, and whitespace collapse."
258,Beastking of the Swamps,99426834,4264,Beastking of the Swamps,common,extracted/card_art/candidates/common/04/4264.png,assets/resources/card/images/illust/common/04/4264.bmp,LocalData/93217544/0000/0b/0b038f78,name_match_art_available,high,"CARD_Prop card ID at this row aligns with CARD_Name at the same CARD_Indx row; illustration AssetBundle path contains the same card ID; Sacred Cards name matches exactly after Unicode normalization, case-folding, and whitespace collapse."
259,Ancient Sorcerer,36821538,4265,Ancient Sorcerer,tcg,extracted/card_art/candidates/tcg/04/4265.png,assets/resources/card/images/illust/tcg/04/4265.bmp,LocalData/93217544/0000/7c/7c04bfee,name_match_art_available,high,"CARD_Prop card ID at this row aligns with CARD_Name at the same CARD_Indx row; illustration AssetBundle path contains the same card ID; Sacred Cards name matches exactly after Unicode normalization, case-folding, and whitespace collapse."
260,Lunar Queen Elzaim,62210247,4266,Lunar Queen Elzaim,tcg,extracted/card_art/candidates/tcg/04/4266.png,assets/resources/card/images/illust/tcg/04/4266.bmp,LocalData/93217544/0000/e5/e50dee54,name_match_art_available,high,"CARD_Prop card ID at this row aligns with CARD_Name at the same CARD_Indx row; illustration AssetBundle path contains the same card ID; Sacred Cards name matches exactly after Unicode normalization, case-folding, and whitespace collapse."
261,Wicked Mirror,15150371,,,,,,,unmatched,unmatched,No exact normalized English-name match found in the decoded Master Duel CARD_Name table.
262,The Little Swordsman of Aile,25109950,4268,The Little Swordsman of Aile,common,extracted/card_art/candidates/common/04/4268.png,assets/resources/card/images/illust/common/04/4268.bmp,LocalData/93217544/0000/02/02b5c353,name_match_art_available,high,"CARD_Prop card ID at this row aligns with CARD_Name at the same CARD_Indx row; illustration AssetBundle path contains the same card ID; Sacred Cards name matches exactly after Unicode normalization, case-folding, and whitespace collapse."
263,Rock Ogre Grotto #2,62193699,4269,Rock Ogre Grotto #2,common,extracted/card_art/candidates/common/04/4269.png,assets/resources/card/images/illust/common/04/4269.bmp,LocalData/93217544/0000/75/75b2f3c5,name_match_art_available,high,"CARD_Prop card ID at this row aligns with CARD_Name at the same CARD_Indx row; illustration AssetBundle path contains the same card ID; Sacred Cards name matches exactly after Unicode normalization, case-folding, and whitespace collapse."
264,Wing Egg Elf,98582704,4270,Wing Egg Elf,common,extracted/card_art/candidates/common/04/4270.png,assets/resources/card/images/illust/common/04/4270.bmp,LocalData/93217544/0000/15/15757a20,name_match_art_available,high,"CARD_Prop card ID at this row aligns with CARD_Name at the same CARD_Indx row; illustration AssetBundle path contains the same card ID; Sacred Cards name matches exactly after Unicode normalization, case-folding, and whitespace collapse."
265,The Furious Sea King,18710707,4271,The Furious Sea King,common,extracted/card_art/candidates/common/04/4271.png,assets/resources/card/images/illust/common/04/4271.bmp,LocalData/93217544/0000/62/62724ab6,name_match_art_available,high,"CARD_Prop card ID at this row aligns with CARD_Name at the same CARD_Indx row; illustration AssetBundle path contains the same card ID; Sacred Cards name matches exactly after Unicode normalization, case-folding, and whitespace collapse."
266,Princess of Tsurugi,51371017,4272,Princess of Tsurugi,common,extracted/card_art/candidates/common/04/4272.png,assets/resources/card/images/illust/common/04/4272.bmp,LocalData/93217544/0000/fb/fb7b1b0c,name_match_art_available,high,"CARD_Prop card ID at this row aligns with CARD_Name at the same CARD_Indx row; illustration AssetBundle path contains the same card ID; Sacred Cards name matches exactly after Unicode normalization, case-folding, and whitespace collapse."
267,Unknown Warrior of Fiend,97360116,4273,Unknown Warrior of Fiend,common,extracted/card_art/candidates/common/04/4273.png,assets/resources/card/images/illust/common/04/4273.bmp,LocalData/93217544/0000/8c/8c7c2b9a,name_match_art_available,high,"CARD_Prop card ID at this row aligns with CARD_Name at the same CARD_Indx row; illustration AssetBundle path contains the same card ID; Sacred Cards name matches exactly after Unicode normalization, case-folding, and whitespace collapse."
268,Sectarian of Secrets,15507080,4274,Sectarian of Secrets,tcg,extracted/card_art/candidates/tcg/04/4274.png,assets/resources/card/images/illust/tcg/04/4274.bmp,LocalData/93217544/0000/12/1218be39,name_match_art_available,high,"CARD_Prop card ID at this row aligns with CARD_Name at the same CARD_Indx row; illustration AssetBundle path contains the same card ID; Sacred Cards name matches exactly after Unicode normalization, case-folding, and whitespace collapse."
269,Versago the Destroyer,50259460,4275,Versago the Destroyer,common,extracted/card_art/candidates/common/04/4275.png,assets/resources/card/images/illust/common/04/4275.bmp,LocalData/93217544/0000/65/651f8eaf,name_match_art_available,high,"CARD_Prop card ID at this row aligns with CARD_Name at the same CARD_Indx row; illustration AssetBundle path contains the same card ID; Sacred Cards name matches exactly after Unicode normalization, case-folding, and whitespace collapse."
270,Wetha,96643568,4276,Wetha,common,extracted/card_art/candidates/common/04/4276.png,assets/resources/card/images/illust/common/04/4276.bmp,LocalData/93217544/0000/fc/fc16df15,name_match_art_available,high,"CARD_Prop card ID at this row aligns with CARD_Name at the same CARD_Indx row; illustration AssetBundle path contains the same card ID; Sacred Cards name matches exactly after Unicode normalization, case-folding, and whitespace collapse."
271,Megirus Light,23032273,4277,Megirus Light,common,extracted/card_art/candidates/common/04/4277.png,assets/resources/card/images/illust/common/04/4277.bmp,LocalData/93217544/0000/8b/8b11ef83,name_match_art_available,high,"CARD_Prop card ID at this row aligns with CARD_Name at the same CARD_Indx row; illustration AssetBundle path contains the same card ID; Sacred Cards name matches exactly after Unicode normalization, case-folding, and whitespace collapse."
272,Mavelus,59036972,4278,Mavelus,common,extracted/card_art/candidates/common/04/4278.png,assets/resources/card/images/illust/common/04/4278.bmp,LocalData/93217544/0000/1b/1baef212,name_match_art_available,high,"CARD_Prop card ID at this row aligns with CARD_Name at the same CARD_Indx row; illustration AssetBundle path contains the same card ID; Sacred Cards name matches exactly after Unicode normalization, case-folding, and whitespace collapse."
273,Ancient Tree of Enlightenment,86421986,4279,Ancient Tree of Enlightenment,common,extracted/card_art/candidates/common/04/4279.png,assets/resources/card/images/illust/common/04/4279.bmp,LocalData/93217544/0000/6c/6ca9c284,name_match_art_available,high,"CARD_Prop card ID at this row aligns with CARD_Name at the same CARD_Indx row; illustration AssetBundle path contains the same card ID; Sacred Cards name matches exactly after Unicode normalization, case-folding, and whitespace collapse."
274,Green Phantom King,22910685,4280,Green Phantom King,common,extracted/card_art/candidates/common/04/4280.png,assets/resources/card/images/illust/common/04/4280.bmp,LocalData/93217544/0000/92/92ed66ef,name_match_art_available,high,"CARD_Prop card ID at this row aligns with CARD_Name at the same CARD_Indx row; illustration AssetBundle path contains the same card ID; Sacred Cards name matches exactly after Unicode normalization, case-folding, and whitespace collapse."
275,Ground Attacker Bugroth,58314394,4281,Ground Attacker Bugroth,common,extracted/card_art/candidates/common/04/4281.png,assets/resources/card/images/illust/common/04/4281.bmp,LocalData/93217544/0000/e5/e5ea5679,name_match_art_available,high,"CARD_Prop card ID at this row aligns with CARD_Name at the same CARD_Indx row; illustration AssetBundle path contains the same card ID; Sacred Cards name matches exactly after Unicode normalization, case-folding, and whitespace collapse."
276,Ray & Temperature,85309439,4282,Ray & Temperature,common,extracted/card_art/candidates/common/04/4282.png,assets/resources/card/images/illust/common/04/4282.bmp,LocalData/93217544/0000/7c/7ce307c3,name_match_art_available,high,"CARD_Prop card ID at this row aligns with CARD_Name at the same CARD_Indx row; illustration AssetBundle path contains the same card ID; Sacred Cards name matches exactly after Unicode normalization, case-folding, and whitespace collapse."
277,Gorgon Egg,11793047,4283,Gorgon Egg,common,extracted/card_art/candidates/common/04/4283.png,assets/resources/card/images/illust/common/04/4283.bmp,LocalData/93217544/0000/0b/0be43755,name_match_art_available,high,"CARD_Prop card ID at this row aligns with CARD_Name at the same CARD_Indx row; illustration AssetBundle path contains the same card ID; Sacred Cards name matches exactly after Unicode normalization, case-folding, and whitespace collapse."
278,Petit Moth,58192742,4284,Petit Moth,common,extracted/card_art/candidates/common/04/4284.png,assets/resources/card/images/illust/common/04/4284.bmp,LocalData/93217544/0000/95/9580a2f6,name_match_art_available,high,"CARD_Prop card ID at this row aligns with CARD_Name at the same CARD_Indx row; illustration AssetBundle path contains the same card ID; Sacred Cards name matches exactly after Unicode normalization, case-folding, and whitespace collapse."
279,King Fog,84686841,4285,King Fog,common,extracted/card_art/candidates/common/04/4285.png,assets/resources/card/images/illust/common/04/4285.bmp,LocalData/93217544/0000/e2/e2879260,name_match_art_available,high,"CARD_Prop card ID at this row aligns with CARD_Name at the same CARD_Indx row; illustration AssetBundle path contains the same card ID; Sacred Cards name matches exactly after Unicode normalization, case-folding, and whitespace collapse."
280,Protector of the Throne,10071456,4286,Protector of the Throne,tcg,extracted/card_art/candidates/tcg/04/4286.png,assets/resources/card/images/illust/tcg/04/4286.bmp,LocalData/93217544/0000/7b/7b8ec3da,name_match_art_available,high,"CARD_Prop card ID at this row aligns with CARD_Name at the same CARD_Indx row; illustration AssetBundle path contains the same card ID; Sacred Cards name matches exactly after Unicode normalization, case-folding, and whitespace collapse."
281,Mystic Clown,47060154,4287,Mystic Clown,common,extracted/card_art/candidates/common/04/4287.png,assets/resources/card/images/illust/common/04/4287.bmp,LocalData/93217544/0000/0c/0c89f34c,name_match_art_available,high,"CARD_Prop card ID at this row aligns with CARD_Name at the same CARD_Indx row; illustration AssetBundle path contains the same card ID; Sacred Cards name matches exactly after Unicode normalization, case-folding, and whitespace collapse."
282,Mystical Sheep #2,83464209,4288,Mystical Sheep #2,common,extracted/card_art/candidates/common/04/4288.png,assets/resources/card/images/illust/common/04/4288.bmp,LocalData/93217544/0000/9c/9c36eedd,name_match_art_available,high,"CARD_Prop card ID at this row aligns with CARD_Name at the same CARD_Indx row; illustration AssetBundle path contains the same card ID; Sacred Cards name matches exactly after Unicode normalization, case-folding, and whitespace collapse."
283,Holograh,10859908,4289,Holograh,common,extracted/card_art/candidates/common/04/4289.png,assets/resources/card/images/illust/common/04/4289.bmp,LocalData/93217544/0000/eb/eb31de4b,name_match_art_available,high,"CARD_Prop card ID at this row aligns with CARD_Name at the same CARD_Indx row; illustration AssetBundle path contains the same card ID; Sacred Cards name matches exactly after Unicode normalization, case-folding, and whitespace collapse."
284,Tao the Chanter,46247516,4290,Tao the Chanter,common,extracted/card_art/candidates/common/04/4290.png,assets/resources/card/images/illust/common/04/4290.bmp,LocalData/93217544/0000/8b/8bf657ae,name_match_art_available,high,"CARD_Prop card ID at this row aligns with CARD_Name at the same CARD_Indx row; illustration AssetBundle path contains the same card ID; Sacred Cards name matches exactly after Unicode normalization, case-folding, and whitespace collapse."
285,Serpent Marauder,82742611,4291,Serpent Marauder,common,extracted/card_art/candidates/common/04/4291.png,assets/resources/card/images/illust/common/04/4291.bmp,LocalData/93217544/0000/fc/fcf16738,name_match_art_available,high,"CARD_Prop card ID at this row aligns with CARD_Name at the same CARD_Indx row; illustration AssetBundle path contains the same card ID; Sacred Cards name matches exactly after Unicode normalization, case-folding, and whitespace collapse."
286,Gatekeeper,19737320,4292,Gatekeeper,common,extracted/card_art/candidates/common/04/4292.png,assets/resources/card/images/illust/common/04/4292.bmp,LocalData/93217544/0000/65/65f83682,name_match_art_available,high,"CARD_Prop card ID at this row aligns with CARD_Name at the same CARD_Indx row; illustration AssetBundle path contains the same card ID; Sacred Cards name matches exactly after Unicode normalization, case-folding, and whitespace collapse."
287,Ogre of the Black Shadow,45121025,4293,Ogre of the Black Shadow,common,extracted/card_art/candidates/common/04/4293.png,assets/resources/card/images/illust/common/04/4293.bmp,LocalData/93217544/0000/12/12ff0614,name_match_art_available,high,"CARD_Prop card ID at this row aligns with CARD_Name at the same CARD_Indx row; illustration AssetBundle path contains the same card ID; Sacred Cards name matches exactly after Unicode normalization, case-folding, and whitespace collapse."
288,Dark Artist,72520073,4294,Dark Artist,common,extracted/card_art/candidates/common/04/4294.png,assets/resources/card/images/illust/common/04/4294.bmp,LocalData/93217544/0000/8c/8c9b93b7,name_match_art_available,high,"CARD_Prop card ID at this row aligns with CARD_Name at the same CARD_Indx row; illustration AssetBundle path contains the same card ID; Sacred Cards name matches exactly after Unicode normalization, case-folding, and whitespace collapse."
289,Change Slime,18914778,4295,Change Slime,common,extracted/card_art/candidates/common/04/4295.png,assets/resources/card/images/illust/common/04/4295.bmp,LocalData/93217544/0000/fb/fb9ca321,name_match_art_available,high,"CARD_Prop card ID at this row aligns with CARD_Name at the same CARD_Indx row; illustration AssetBundle path contains the same card ID; Sacred Cards name matches exactly after Unicode normalization, case-folding, and whitespace collapse."
290,Moon Envoy,45909477,4296,Moon Envoy,common,extracted/card_art/candidates/common/04/4296.png,assets/resources/card/images/illust/common/04/4296.bmp,LocalData/93217544/0000/62/6295f29b,name_match_art_available,high,"CARD_Prop card ID at this row aligns with CARD_Name at the same CARD_Indx row; illustration AssetBundle path contains the same card ID; Sacred Cards name matches exactly after Unicode normalization, case-folding, and whitespace collapse."
291,Fireyarou,71407486,4297,Fireyarou,common,extracted/card_art/candidates/common/04/4297.png,assets/resources/card/images/illust/common/04/4297.bmp,LocalData/93217544/0000/15/1592c20d,name_match_art_available,high,"CARD_Prop card ID at this row aligns with CARD_Name at the same CARD_Indx row; illustration AssetBundle path contains the same card ID; Sacred Cards name matches exactly after Unicode normalization, case-folding, and whitespace collapse."
292,Psychic Kappa,7892180,4298,Psychic Kappa,common,extracted/card_art/candidates/common/04/4298.png,assets/resources/card/images/illust/common/04/4298.bmp,LocalData/93217544/0000/85/852ddf9c,name_match_art_available,high,"CARD_Prop card ID at this row aligns with CARD_Name at the same CARD_Indx row; illustration AssetBundle path contains the same card ID; Sacred Cards name matches exactly after Unicode normalization, case-folding, and whitespace collapse."
293,Masaki the Legendary Swordsman,44287299,4299,Masaki the Legendary Swordsman,common,extracted/card_art/candidates/common/04/4299.png,assets/resources/card/images/illust/common/04/4299.bmp,LocalData/93217544/0000/f2/f22aef0a,name_match_art_available,high,"CARD_Prop card ID at this row aligns with CARD_Name at the same CARD_Indx row; illustration AssetBundle path contains the same card ID; Sacred Cards name matches exactly after Unicode normalization, case-folding, and whitespace collapse."
294,Dragoness the Wicked Knight,70681994,4300,Dragoness the Wicked Knight,common,extracted/card_art/candidates/common/04/4300.png,assets/resources/card/images/illust/common/04/4300.bmp,LocalData/93217544/0000/5b/5bf686d0,name_match_art_available,high,"CARD_Prop card ID at this row aligns with CARD_Name at the same CARD_Indx row; illustration AssetBundle path contains the same card ID; Sacred Cards name matches exactly after Unicode normalization, case-folding, and whitespace collapse."
295,Bio Plant,7670542,4301,Bio Plant,common,extracted/card_art/candidates/common/04/4301.png,assets/resources/card/images/illust/common/04/4301.bmp,LocalData/93217544/0000/2c/2cf1b646,name_match_art_available,high,"CARD_Prop card ID at this row aligns with CARD_Name at the same CARD_Indx row; illustration AssetBundle path contains the same card ID; Sacred Cards name matches exactly after Unicode normalization, case-folding, and whitespace collapse."
296,One-Eyed Shield Dragon,33064647,4302,One-Eyed Shield Dragon,common,extracted/card_art/candidates/common/04/4302.png,assets/resources/card/images/illust/common/04/4302.bmp,LocalData/93217544/0000/b5/b5f8e7fc,name_match_art_available,high,"CARD_Prop card ID at this row aligns with CARD_Name at the same CARD_Indx row; illustration AssetBundle path contains the same card ID; Sacred Cards name matches exactly after Unicode normalization, case-folding, and whitespace collapse."
297,Cyber Soldier of Darkworld,75559356,4303,Cyber Soldier of Darkworld,common,extracted/card_art/candidates/common/04/4303.png,assets/resources/card/images/illust/common/04/4303.bmp,LocalData/93217544/0000/c2/c2ffd76a,name_match_art_available,high,"CARD_Prop card ID at this row aligns with CARD_Name at the same CARD_Indx row; illustration AssetBundle path contains the same card ID; Sacred Cards name matches exactly after Unicode normalization, case-folding, and whitespace collapse."
298,Wicked Dragon with the Ersatz Head,2957055,4304,Wicked Dragon with the Ersatz Head,common,extracted/card_art/candidates/common/04/4304.png,assets/resources/card/images/illust/common/04/4304.bmp,LocalData/93217544/0000/5c/5c9b42c9,name_match_art_available,high,"CARD_Prop card ID at this row aligns with CARD_Name at the same CARD_Indx row; illustration AssetBundle path contains the same card ID; Sacred Cards name matches exactly after Unicode normalization, case-folding, and whitespace collapse."
299,Sonic Maid,38942059,4305,Sonic Maid,tcg,extracted/card_art/candidates/tcg/04/4305.png,assets/resources/card/images/illust/tcg/04/4305.bmp,LocalData/93217544/0000/2b/2b9c725f,name_match_art_available,high,"CARD_Prop card ID at this row aligns with CARD_Name at the same CARD_Indx row; illustration AssetBundle path contains the same card ID; Sacred Cards name matches exactly after Unicode normalization, case-folding, and whitespace collapse."
300,Kurama,85705804,4306,Kurama,common,extracted/card_art/candidates/common/04/4306.png,assets/resources/card/images/illust/common/04/4306.bmp,LocalData/93217544/0000/b2/b29523e5,name_match_art_available,high,"CARD_Prop card ID at this row aligns with CARD_Name at the same CARD_Indx row; illustration AssetBundle path contains the same card ID; Sacred Cards name matches exactly after Unicode normalization, case-folding, and whitespace collapse."
301,Legendary Sword,61854111,4307,Legendary Sword,common,extracted/card_art/candidates/common/04/4307.png,assets/resources/card/images/illust/common/04/4307.bmp,LocalData/93217544/0000/c5/c5921373,name_match_art_available,high,"CARD_Prop card ID at this row aligns with CARD_Name at the same CARD_Indx row; illustration AssetBundle path contains the same card ID; Sacred Cards name matches exactly after Unicode normalization, case-folding, and whitespace collapse."
302,Sword of Dark Destruction,37120512,4308,Sword of Dark Destruction,tcg,extracted/card_art/candidates/tcg/04/4308.png,assets/resources/card/images/illust/tcg/04/4308.bmp,LocalData/93217544/0000/55/552d0ee2,name_match_art_available,high,"CARD_Prop card ID at this row aligns with CARD_Name at the same CARD_Indx row; illustration AssetBundle path contains the same card ID; Sacred Cards name matches exactly after Unicode normalization, case-folding, and whitespace collapse."
303,Dark Energy,4614116,4309,Dark Energy,common,extracted/card_art/candidates/common/04/4309.png,assets/resources/card/images/illust/common/04/4309.bmp,LocalData/93217544/0000/22/222a3e74,name_match_art_available,high,"CARD_Prop card ID at this row aligns with CARD_Name at the same CARD_Indx row; illustration AssetBundle path contains the same card ID; Sacred Cards name matches exactly after Unicode normalization, case-folding, and whitespace collapse."
304,Axe of Despair,40619825,4310,Axe of Despair,tcg,extracted/card_art/candidates/tcg/04/4310.png,assets/resources/card/images/illust/tcg/04/4310.bmp,LocalData/93217544/0000/42/42edb791,name_match_art_available,high,"CARD_Prop card ID at this row aligns with CARD_Name at the same CARD_Indx row; illustration AssetBundle path contains the same card ID; Sacred Cards name matches exactly after Unicode normalization, case-folding, and whitespace collapse."
305,Laser Cannon Armor,77007920,4311,Laser Cannon Armor,common,extracted/card_art/candidates/common/04/4311.png,assets/resources/card/images/illust/common/04/4311.bmp,LocalData/93217544/0000/35/35ea8707,name_match_art_available,high,"CARD_Prop card ID at this row aligns with CARD_Name at the same CARD_Indx row; illustration AssetBundle path contains the same card ID; Sacred Cards name matches exactly after Unicode normalization, case-folding, and whitespace collapse."
306,Insect Armor with Laser Cannon,3492538,4312,Insect Armor with Laser Cannon,common,extracted/card_art/candidates/common/04/4312.png,assets/resources/card/images/illust/common/04/4312.bmp,LocalData/93217544/0000/ac/ace3d6bd,name_match_art_available,high,"CARD_Prop card ID at this row aligns with CARD_Name at the same CARD_Indx row; illustration AssetBundle path contains the same card ID; Sacred Cards name matches exactly after Unicode normalization, case-folding, and whitespace collapse."
307,Elf's Light,39897277,4313,Elf's Light,tcg,extracted/card_art/candidates/tcg/04/4313.png,assets/resources/card/images/illust/tcg/04/4313.bmp,LocalData/93217544/0000/db/dbe4e62b,name_match_art_available,high,"CARD_Prop card ID at this row aligns with CARD_Name at the same CARD_Indx row; illustration AssetBundle path contains the same card ID; Sacred Cards name matches exactly after Unicode normalization, case-folding, and whitespace collapse."
308,Beast Fangs,46009906,4314,Beast Fangs,common,extracted/card_art/candidates/common/04/4314.png,assets/resources/card/images/illust/common/04/4314.bmp,LocalData/93217544/0000/45/45807388,name_match_art_available,high,"CARD_Prop card ID at this row aligns with CARD_Name at the same CARD_Indx row; illustration AssetBundle path contains the same card ID; Sacred Cards name matches exactly after Unicode normalization, case-folding, and whitespace collapse."
309,Steel Shell,2370081,4315,Steel Shell,common,extracted/card_art/candidates/common/04/4315.png,assets/resources/card/images/illust/common/04/4315.bmp,LocalData/93217544/0000/32/3287431e,name_match_art_available,high,"CARD_Prop card ID at this row aligns with CARD_Name at the same CARD_Indx row; illustration AssetBundle path contains the same card ID; Sacred Cards name matches exactly after Unicode normalization, case-folding, and whitespace collapse."
310,Vile Germs,39774685,4316,Vile Germs,common,extracted/card_art/candidates/common/04/4316.png,assets/resources/card/images/illust/common/04/4316.bmp,LocalData/93217544/0000/ab/ab8e12a4,name_match_art_available,high,"CARD_Prop card ID at this row aligns with CARD_Name at the same CARD_Indx row; illustration AssetBundle path contains the same card ID; Sacred Cards name matches exactly after Unicode normalization, case-folding, and whitespace collapse."
311,Black Pendant,65169794,4317,Black Pendant,common,extracted/card_art/candidates/common/04/4317.png,assets/resources/card/images/illust/common/04/4317.bmp,LocalData/93217544/0000/dc/dc892232,name_match_art_available,high,"CARD_Prop card ID at this row aligns with CARD_Name at the same CARD_Indx row; illustration AssetBundle path contains the same card ID; Sacred Cards name matches exactly after Unicode normalization, case-folding, and whitespace collapse."
312,Silver Bow and Arrow,1557499,4318,Silver Bow and Arrow,common,extracted/card_art/candidates/common/04/4318.png,assets/resources/card/images/illust/common/04/4318.bmp,LocalData/93217544/0000/4c/4c363fa3,name_match_art_available,high,"CARD_Prop card ID at this row aligns with CARD_Name at the same CARD_Indx row; illustration AssetBundle path contains the same card ID; Sacred Cards name matches exactly after Unicode normalization, case-folding, and whitespace collapse."
313,Horn of Light,38552107,4319,Horn of Light,common,extracted/card_art/candidates/common/04/4319.png,assets/resources/card/images/illust/common/04/4319.bmp,LocalData/93217544/0000/3b/3b310f35,name_match_art_available,high,"CARD_Prop card ID at this row aligns with CARD_Name at the same CARD_Indx row; illustration AssetBundle path contains the same card ID; Sacred Cards name matches exactly after Unicode normalization, case-folding, and whitespace collapse."
314,Horn of the Unicorn,64047146,4320,Horn of the Unicorn,common,extracted/card_art/candidates/common/04/4320.png,assets/resources/card/images/illust/common/04/4320.bmp,LocalData/93217544/0000/69/69c0e452,name_match_art_available,high,"CARD_Prop card ID at this row aligns with CARD_Name at the same CARD_Indx row; illustration AssetBundle path contains the same card ID; Sacred Cards name matches exactly after Unicode normalization, case-folding, and whitespace collapse."
315,Dragon Treasure,1435851,4321,Dragon Treasure,common,extracted/card_art/candidates/common/04/4321.png,assets/resources/card/images/illust/common/04/4321.bmp,LocalData/93217544/0000/1e/1ec7d4c4,name_match_art_available,high,"CARD_Prop card ID at this row aligns with CARD_Name at the same CARD_Indx row; illustration AssetBundle path contains the same card ID; Sacred Cards name matches exactly after Unicode normalization, case-folding, and whitespace collapse."
316,Electro-Whip,37820550,4322,Electro-Whip,common,extracted/card_art/candidates/common/04/4322.png,assets/resources/card/images/illust/common/04/4322.bmp,LocalData/93217544/0000/87/87ce857e,name_match_art_available,high,"CARD_Prop card ID at this row aligns with CARD_Name at the same CARD_Indx row; illustration AssetBundle path contains the same card ID; Sacred Cards name matches exactly after Unicode normalization, case-folding, and whitespace collapse."
317,Cyber Shield,63224564,4323,Cyber Shield,tcg,extracted/card_art/candidates/tcg/04/4323.png,assets/resources/card/images/illust/tcg/04/4323.bmp,LocalData/93217544/0000/f0/f0c9b5e8,name_match_art_available,high,"CARD_Prop card ID at this row aligns with CARD_Name at the same CARD_Indx row; illustration AssetBundle path contains the same card ID; Sacred Cards name matches exactly after Unicode normalization, case-folding, and whitespace collapse."
318,Elegant Egotist,90219263,4324,Elegant Egotist,common,extracted/card_art/candidates/common/04/4324.png,assets/resources/card/images/illust/common/04/4324.bmp,LocalData/93217544/0000/6e/6ead204b,name_match_art_available,high,"CARD_Prop card ID at this row aligns with CARD_Name at the same CARD_Indx row; illustration AssetBundle path contains the same card ID; Sacred Cards name matches exactly after Unicode normalization, case-folding, and whitespace collapse."
319,Mystical Moon,36607978,4325,Mystical Moon,common,extracted/card_art/candidates/common/04/4325.png,assets/resources/card/images/illust/common/04/4325.bmp,LocalData/93217544/0000/19/19aa10dd,name_match_art_available,high,"CARD_Prop card ID at this row aligns with CARD_Name at the same CARD_Indx row; illustration AssetBundle path contains the same card ID; Sacred Cards name matches exactly after Unicode normalization, case-folding, and whitespace collapse."
320,Stop Defense,63102017,4326,Stop Defense,common,extracted/card_art/candidates/common/04/4326.png,assets/resources/card/images/illust/common/04/4326.bmp,LocalData/93217544/0000/80/80a34167,name_match_art_available,high,"CARD_Prop card ID at this row aligns with CARD_Name at the same CARD_Indx row; illustration AssetBundle path contains the same card ID; Sacred Cards name matches exactly after Unicode normalization, case-folding, and whitespace collapse."
321,Malevolent Nuzzler,99597615,4327,Malevolent Nuzzler,common,extracted/card_art/candidates/common/04/4327.png,assets/resources/card/images/illust/common/04/4327.bmp,LocalData/93217544/0000/f7/f7a471f1,name_match_art_available,high,"CARD_Prop card ID at this row aligns with CARD_Name at the same CARD_Indx row; illustration AssetBundle path contains the same card ID; Sacred Cards name matches exactly after Unicode normalization, case-folding, and whitespace collapse."
322,Violet Crystal,15052462,4328,Violet Crystal,common,extracted/card_art/candidates/common/04/4328.png,assets/resources/card/images/illust/common/04/4328.bmp,LocalData/93217544/0000/67/671b6c60,name_match_art_available,high,"CARD_Prop card ID at this row aligns with CARD_Name at the same CARD_Indx row; illustration AssetBundle path contains the same card ID; Sacred Cards name matches exactly after Unicode normalization, case-folding, and whitespace collapse."
323,Book of Secret Arts,91595718,4329,Book of Secret Arts,tcg,extracted/card_art/candidates/tcg/04/4329.png,assets/resources/card/images/illust/tcg/04/4329.bmp,LocalData/93217544/0000/10/101c5cf6,name_match_art_available,high,"CARD_Prop card ID at this row aligns with CARD_Name at the same CARD_Indx row; illustration AssetBundle path contains the same card ID; Sacred Cards name matches exactly after Unicode normalization, case-folding, and whitespace collapse."
324,Invigoration,98374133,4330,Invigoration,common,extracted/card_art/candidates/common/04/4330.png,assets/resources/card/images/illust/common/04/4330.bmp,LocalData/93217544/0000/70/70dbd513,name_match_art_available,high,"CARD_Prop card ID at this row aligns with CARD_Name at the same CARD_Indx row; illustration AssetBundle path contains the same card ID; Sacred Cards name matches exactly after Unicode normalization, case-folding, and whitespace collapse."
325,Machine Conversion Factory,25769732,4331,Machine Conversion Factory,common,extracted/card_art/candidates/common/04/4331.png,assets/resources/card/images/illust/common/04/4331.bmp,LocalData/93217544/0000/07/07dce585,name_match_art_available,high,"CARD_Prop card ID at this row aligns with CARD_Name at the same CARD_Indx row; illustration AssetBundle path contains the same card ID; Sacred Cards name matches exactly after Unicode normalization, case-folding, and whitespace collapse."
326,Raise Body Heat,51267887,4332,Raise Body Heat,common,extracted/card_art/candidates/common/04/4332.png,assets/resources/card/images/illust/common/04/4332.bmp,LocalData/93217544/0000/9e/9ed5b43f,name_match_art_available,high,"CARD_Prop card ID at this row aligns with CARD_Name at the same CARD_Indx row; illustration AssetBundle path contains the same card ID; Sacred Cards name matches exactly after Unicode normalization, case-folding, and whitespace collapse."
327,Follow Wind,98252586,4333,Follow Wind,common,extracted/card_art/candidates/common/04/4333.png,assets/resources/card/images/illust/common/04/4333.bmp,LocalData/93217544/0000/e9/e9d284a9,name_match_art_available,high,"CARD_Prop card ID at this row aligns with CARD_Name at the same CARD_Indx row; illustration AssetBundle path contains the same card ID; Sacred Cards name matches exactly after Unicode normalization, case-folding, and whitespace collapse."
328,Power of Kaishin,77027445,4334,Power of Kaishin,common,extracted/card_art/candidates/common/04/4334.png,assets/resources/card/images/illust/common/04/4334.bmp,LocalData/93217544/0000/77/77b6110a,name_match_art_available,high,"CARD_Prop card ID at this row aligns with CARD_Name at the same CARD_Indx row; illustration AssetBundle path contains the same card ID; Sacred Cards name matches exactly after Unicode normalization, case-folding, and whitespace collapse."
329,Dragon Capture Jar,50045299,4335,Dragon Capture Jar,common,extracted/card_art/candidates/common/04/4335.png,assets/resources/card/images/illust/common/04/4335.bmp,LocalData/93217544/0000/00/00b1219c,name_match_art_available,high,"CARD_Prop card ID at this row aligns with CARD_Name at the same CARD_Indx row; illustration AssetBundle path contains the same card ID; Sacred Cards name matches exactly after Unicode normalization, case-folding, and whitespace collapse."
330,Forest,87430998,4336,Forest,common,extracted/card_art/candidates/common/04/4336.png,assets/resources/card/images/illust/common/04/4336.bmp,LocalData/93217544/0000/99/99b87026,name_match_art_available,high,"CARD_Prop card ID at this row aligns with CARD_Name at the same CARD_Indx row; illustration AssetBundle path contains the same card ID; Sacred Cards name matches exactly after Unicode normalization, case-folding, and whitespace collapse."
331,Wasteland,23424603,4337,Wasteland,common,extracted/card_art/candidates/common/04/4337.png,assets/resources/card/images/illust/common/04/4337.bmp,LocalData/93217544/0000/ee/eebf40b0,name_match_art_available,high,"CARD_Prop card ID at this row aligns with CARD_Name at the same CARD_Indx row; illustration AssetBundle path contains the same card ID; Sacred Cards name matches exactly after Unicode normalization, case-folding, and whitespace collapse."
332,Mountain,50913601,4338,Mountain,common,extracted/card_art/candidates/common/04/4338.png,assets/resources/card/images/illust/common/04/4338.bmp,LocalData/93217544/0000/7e/7e005d21,name_match_art_available,high,"CARD_Prop card ID at this row aligns with CARD_Name at the same CARD_Indx row; illustration AssetBundle path contains the same card ID; Sacred Cards name matches exactly after Unicode normalization, case-folding, and whitespace collapse."
333,Sogen,86318356,4339,Sogen,common,extracted/card_art/candidates/common/04/4339.png,assets/resources/card/images/illust/common/04/4339.bmp,LocalData/93217544/0000/09/09076db7,name_match_art_available,high,"CARD_Prop card ID at this row aligns with CARD_Name at the same CARD_Indx row; illustration AssetBundle path contains the same card ID; Sacred Cards name matches exactly after Unicode normalization, case-folding, and whitespace collapse."
334,Umi,22702055,4340,Umi,common,extracted/card_art/candidates/common/04/4340.png,assets/resources/card/images/illust/common/04/4340.bmp,LocalData/93217544/0000/3f/3f9a43d4,name_match_art_available,high,"CARD_Prop card ID at this row aligns with CARD_Name at the same CARD_Indx row; illustration AssetBundle path contains the same card ID; Sacred Cards name matches exactly after Unicode normalization, case-folding, and whitespace collapse."
335,Yami,59197169,4341,Yami,common,extracted/card_art/candidates/common/04/4341.png,assets/resources/card/images/illust/common/04/4341.bmp,LocalData/93217544/0000/48/489d7342,name_match_art_available,high,"CARD_Prop card ID at this row aligns with CARD_Name at the same CARD_Indx row; illustration AssetBundle path contains the same card ID; Sacred Cards name matches exactly after Unicode normalization, case-folding, and whitespace collapse."
336,Dark Hole,53129443,4342,Dark Hole,common,extracted/card_art/candidates/common/04/4342.png,assets/resources/card/images/illust/common/04/4342.bmp,LocalData/93217544/0000/d1/d19422f8,name_match_art_available,high,"CARD_Prop card ID at this row aligns with CARD_Name at the same CARD_Indx row; illustration AssetBundle path contains the same card ID; Sacred Cards name matches exactly after Unicode normalization, case-folding, and whitespace collapse."
337,Raigeki,12580477,4343,Raigeki,common,extracted/card_art/candidates/common/04/4343.png,assets/resources/card/images/illust/common/04/4343.bmp,LocalData/93217544/0000/a6/a693126e,name_match_art_available,high,"CARD_Prop card ID at this row aligns with CARD_Name at the same CARD_Indx row; illustration AssetBundle path contains the same card ID; Sacred Cards name matches exactly after Unicode normalization, case-folding, and whitespace collapse."
338,Mooyan Curry,58074572,4344,Mooyan Curry,,,,,name_match_art_not_in_candidate_dump,high,"CARD_Prop card ID at this row aligns with CARD_Name at the same CARD_Indx row; illustration AssetBundle path contains the same card ID; Sacred Cards name matches exactly after Unicode normalization, case-folding, and whitespace collapse."
339,Red Medicine,38199696,4345,Red Medicine,common,extracted/card_art/candidates/common/04/4345.png,assets/resources/card/images/illust/common/04/4345.bmp,LocalData/93217544/0000/4f/4ff0b75b,name_match_art_available,high,"CARD_Prop card ID at this row aligns with CARD_Name at the same CARD_Indx row; illustration AssetBundle path contains the same card ID; Sacred Cards name matches exactly after Unicode normalization, case-folding, and whitespace collapse."
340,Goblin's Secret Remedy,11868825,4346,Goblin's Secret Remedy,common,extracted/card_art/candidates/common/04/4346.png,assets/resources/card/images/illust/common/04/4346.bmp,LocalData/93217544/0000/d6/d6f9e6e1,name_match_art_available,high,"CARD_Prop card ID at this row aligns with CARD_Name at the same CARD_Indx row; illustration AssetBundle path contains the same card ID; Sacred Cards name matches exactly after Unicode normalization, case-folding, and whitespace collapse."
341,Soul of the Pure,47852924,4347,Soul of the Pure,tcg,extracted/card_art/candidates/tcg/04/4347.png,assets/resources/card/images/illust/tcg/04/4347.bmp,LocalData/93217544/0000/a1/a1fed677,name_match_art_available,high,"CARD_Prop card ID at this row aligns with CARD_Name at the same CARD_Indx row; illustration AssetBundle path contains the same card ID; Sacred Cards name matches exactly after Unicode normalization, case-folding, and whitespace collapse."
342,Dian Keto the Cure Master,84257639,4348,Dian Keto the Cure Master,tcg,extracted/card_art/candidates/tcg/04/4348.png,assets/resources/card/images/illust/tcg/04/4348.bmp,LocalData/93217544/0000/31/3141cbe6,name_match_art_available,high,"CARD_Prop card ID at this row aligns with CARD_Name at the same CARD_Indx row; illustration AssetBundle path contains the same card ID; Sacred Cards name matches exactly after Unicode normalization, case-folding, and whitespace collapse."
343,Sparks,76103675,4349,Sparks,common,extracted/card_art/candidates/common/04/4349.png,assets/resources/card/images/illust/common/04/4349.bmp,LocalData/93217544/0000/46/4646fb70,name_match_art_available,high,"CARD_Prop card ID at this row aligns with CARD_Name at the same CARD_Indx row; illustration AssetBundle path contains the same card ID; Sacred Cards name matches exactly after Unicode normalization, case-folding, and whitespace collapse."
344,Hinotama,46130346,4350,Hinotama,common,extracted/card_art/candidates/common/04/4350.png,assets/resources/card/images/illust/common/04/4350.bmp,LocalData/93217544/0000/26/26817295,name_match_art_available,high,"CARD_Prop card ID at this row aligns with CARD_Name at the same CARD_Indx row; illustration AssetBundle path contains the same card ID; Sacred Cards name matches exactly after Unicode normalization, case-folding, and whitespace collapse."
345,Final Flame,73134081,4351,Final Flame,tcg,extracted/card_art/candidates/tcg/04/4351.png,assets/resources/card/images/illust/tcg/04/4351.bmp,LocalData/93217544/0000/51/51864203,name_match_art_available,high,"CARD_Prop card ID at this row aligns with CARD_Name at the same CARD_Indx row; illustration AssetBundle path contains the same card ID; Sacred Cards name matches exactly after Unicode normalization, case-folding, and whitespace collapse."
346,Ookazi,19523799,4352,Ookazi,common,extracted/card_art/candidates/common/04/4352.png,assets/resources/card/images/illust/common/04/4352.bmp,LocalData/93217544/0000/c8/c88f13b9,name_match_art_available,high,"CARD_Prop card ID at this row aligns with CARD_Name at the same CARD_Indx row; illustration AssetBundle path contains the same card ID; Sacred Cards name matches exactly after Unicode normalization, case-folding, and whitespace collapse."
347,Tremendous Fire,46918794,4353,Tremendous Fire,tcg,extracted/card_art/candidates/tcg/04/4353.png,assets/resources/card/images/illust/tcg/04/4353.bmp,LocalData/93217544/0000/bf/bf88232f,name_match_art_available,high,"CARD_Prop card ID at this row aligns with CARD_Name at the same CARD_Indx row; illustration AssetBundle path contains the same card ID; Sacred Cards name matches exactly after Unicode normalization, case-folding, and whitespace collapse."
348,Swords of Revealing Light,72302403,4354,Swords of Revealing Light,common,extracted/card_art/candidates/common/04/4354.png,assets/resources/card/images/illust/common/04/4354.bmp,LocalData/93217544/0000/21/21ecb68c,name_match_art_available,high,"CARD_Prop card ID at this row aligns with CARD_Name at the same CARD_Indx row; illustration AssetBundle path contains the same card ID; Sacred Cards name matches exactly after Unicode normalization, case-folding, and whitespace collapse."
349,Spellbinding Circle,18807108,4355,Spellbinding Circle,,,,,name_match_art_not_in_candidate_dump,high,"CARD_Prop card ID at this row aligns with CARD_Name at the same CARD_Indx row; illustration AssetBundle path contains the same card ID; Sacred Cards name matches exactly after Unicode normalization, case-folding, and whitespace collapse."
350,Dark-Piercing Light,45895206,4356,Dark-Piercing Light,common,extracted/card_art/candidates/common/04/4356.png,assets/resources/card/images/illust/common/04/4356.bmp,LocalData/93217544/0000/cf/cfe2d7a0,name_match_art_available,high,"CARD_Prop card ID at this row aligns with CARD_Name at the same CARD_Indx row; illustration AssetBundle path contains the same card ID; Sacred Cards name matches exactly after Unicode normalization, case-folding, and whitespace collapse."
351,Yaranzo,71280811,4357,Yaranzo,common,extracted/card_art/candidates/common/04/4357.png,assets/resources/card/images/illust/common/04/4357.bmp,LocalData/93217544/0000/b8/b8e5e736,name_match_art_available,high,"CARD_Prop card ID at this row aligns with CARD_Name at the same CARD_Indx row; illustration AssetBundle path contains the same card ID; Sacred Cards name matches exactly after Unicode normalization, case-folding, and whitespace collapse."
352,Kanan the Swordmistress,12829151,4358,Kanan the Swordmistress,tcg,extracted/card_art/candidates/tcg/04/4358.png,assets/resources/card/images/illust/tcg/04/4358.bmp,LocalData/93217544/0000/28/285afaa7,name_match_art_available,high,"CARD_Prop card ID at this row aligns with CARD_Name at the same CARD_Indx row; illustration AssetBundle path contains the same card ID; Sacred Cards name matches exactly after Unicode normalization, case-folding, and whitespace collapse."
353,Takriminos,44073668,4359,Takriminos,common,extracted/card_art/candidates/common/04/4359.png,assets/resources/card/images/illust/common/04/4359.bmp,LocalData/93217544/0000/5f/5f5dca31,name_match_art_available,high,"CARD_Prop card ID at this row aligns with CARD_Name at the same CARD_Indx row; illustration AssetBundle path contains the same card ID; Sacred Cards name matches exactly after Unicode normalization, case-folding, and whitespace collapse."
354,Stuffed Animal,71068263,4360,Stuffed Animal,common,extracted/card_art/candidates/common/04/4360.png,assets/resources/card/images/illust/common/04/4360.bmp,LocalData/93217544/0000/0d/0dac2156,name_match_art_available,high,"CARD_Prop card ID at this row aligns with CARD_Name at the same CARD_Indx row; illustration AssetBundle path contains the same card ID; Sacred Cards name matches exactly after Unicode normalization, case-folding, and whitespace collapse."
355,Megasonic Eye,7562372,4361,Megasonic Eye,common,extracted/card_art/candidates/common/04/4361.png,assets/resources/card/images/illust/common/04/4361.bmp,LocalData/93217544/0000/7a/7aab11c0,name_match_art_available,high,"CARD_Prop card ID at this row aligns with CARD_Name at the same CARD_Indx row; illustration AssetBundle path contains the same card ID; Sacred Cards name matches exactly after Unicode normalization, case-folding, and whitespace collapse."
356,Super War-Lion,33951077,4362,Super War-Lion,common,extracted/card_art/candidates/common/04/4362.png,assets/resources/card/images/illust/common/04/4362.bmp,LocalData/93217544/0000/e3/e3a2407a,name_match_art_available,high,"CARD_Prop card ID at this row aligns with CARD_Name at the same CARD_Indx row; illustration AssetBundle path contains the same card ID; Sacred Cards name matches exactly after Unicode normalization, case-folding, and whitespace collapse."
357,Yamadron,70345785,4363,Yamadron,common,extracted/card_art/candidates/common/04/4363.png,assets/resources/card/images/illust/common/04/4363.bmp,LocalData/93217544/0000/94/94a570ec,name_match_art_available,high,"CARD_Prop card ID at this row aligns with CARD_Name at the same CARD_Indx row; illustration AssetBundle path contains the same card ID; Sacred Cards name matches exactly after Unicode normalization, case-folding, and whitespace collapse."
358,Seiyaryu,6740720,4364,Seiyaryu,common,extracted/card_art/candidates/common/04/4364.png,assets/resources/card/images/illust/common/04/4364.bmp,LocalData/93217544/0000/0a/0ac1e54f,name_match_art_available,high,"CARD_Prop card ID at this row aligns with CARD_Name at the same CARD_Indx row; illustration AssetBundle path contains the same card ID; Sacred Cards name matches exactly after Unicode normalization, case-folding, and whitespace collapse."
359,Three-Legged Zombies,33734439,4365,Three-Legged Zombies,common,extracted/card_art/candidates/common/04/4365.png,assets/resources/card/images/illust/common/04/4365.bmp,LocalData/93217544/0000/7d/7dc6d5d9,name_match_art_available,high,"CARD_Prop card ID at this row aligns with CARD_Name at the same CARD_Indx row; illustration AssetBundle path contains the same card ID; Sacred Cards name matches exactly after Unicode normalization, case-folding, and whitespace collapse."
360,Zera The Mant,69123138,4366,Zera the Mant,common,extracted/card_art/candidates/common/04/4366.png,assets/resources/card/images/illust/common/04/4366.bmp,LocalData/93217544/0000/e4/e4cf8463,name_match_art_available,high,"CARD_Prop card ID at this row aligns with CARD_Name at the same CARD_Indx row; illustration AssetBundle path contains the same card ID; Sacred Cards name matches exactly after Unicode normalization, case-folding, and whitespace collapse."
361,Flying Penguin,5628232,4367,Flying Penguin,common,extracted/card_art/candidates/common/04/4367.png,assets/resources/card/images/illust/common/04/4367.bmp,LocalData/93217544/0000/93/93c8b4f5,name_match_art_available,high,"CARD_Prop card ID at this row aligns with CARD_Name at the same CARD_Indx row; illustration AssetBundle path contains the same card ID; Sacred Cards name matches exactly after Unicode normalization, case-folding, and whitespace collapse."
362,Millennium Shield,32012841,4368,Millennium Shield,common,extracted/card_art/candidates/common/04/4368.png,assets/resources/card/images/illust/common/04/4368.bmp,LocalData/93217544/0000/03/0377a964,name_match_art_available,high,"CARD_Prop card ID at this row aligns with CARD_Name at the same CARD_Indx row; illustration AssetBundle path contains the same card ID; Sacred Cards name matches exactly after Unicode normalization, case-folding, and whitespace collapse."
363,Fairy's Gift,68401546,4369,Fairy's Gift,tcg,extracted/card_art/candidates/tcg/04/4369.png,assets/resources/card/images/illust/tcg/04/4369.bmp,LocalData/93217544/0000/74/747099f2,name_match_art_available,high,"CARD_Prop card ID at this row aligns with CARD_Name at the same CARD_Indx row; illustration AssetBundle path contains the same card ID; Sacred Cards name matches exactly after Unicode normalization, case-folding, and whitespace collapse."
364,Black Luster Soldier,5405694,4370,Black Luster Soldier,common,extracted/card_art/candidates/common/04/4370.png,assets/resources/card/images/illust/common/04/4370.bmp,LocalData/93217544/0000/14/14b71017,name_match_art_available,medium,"CARD_Prop card ID at this row aligns with CARD_Name at the same CARD_Indx row; illustration AssetBundle path contains the same card ID; Sacred Cards name matches exactly after Unicode normalization, case-folding, and whitespace collapse."
364,Black Luster Soldier,5405694,19092,Black Luster Soldier,common,extracted/card_art/candidates/common/19/19092.png,assets/resources/card/images/illust/common/19/19092.bmp,LocalData/93217544/0000/ea/eac24e02,name_match_art_available,medium,"CARD_Prop card ID at this row aligns with CARD_Name at the same CARD_Indx row; illustration AssetBundle path contains the same card ID; Sacred Cards name matches exactly after Unicode normalization, case-folding, and whitespace collapse."
365,Fiend's Mirror,31890399,4371,Fiend's Mirror,common,extracted/card_art/candidates/common/04/4371.png,assets/resources/card/images/illust/common/04/4371.bmp,LocalData/93217544/0000/63/63b02081,name_match_art_available,high,"CARD_Prop card ID at this row aligns with CARD_Name at the same CARD_Indx row; illustration AssetBundle path contains the same card ID; Sacred Cards name matches exactly after Unicode normalization, case-folding, and whitespace collapse."
366,Labyrinth Wall,67284908,4372,Labyrinth Wall,common,extracted/card_art/candidates/common/04/4372.png,assets/resources/card/images/illust/common/04/4372.bmp,LocalData/93217544/0000/fa/fab9713b,name_match_art_available,high,"CARD_Prop card ID at this row aligns with CARD_Name at the same CARD_Indx row; illustration AssetBundle path contains the same card ID; Sacred Cards name matches exactly after Unicode normalization, case-folding, and whitespace collapse."
367,Jirai Gumo,94773007,4373,Jirai Gumo,common,extracted/card_art/candidates/common/04/4373.png,assets/resources/card/images/illust/common/04/4373.bmp,LocalData/93217544/0000/8d/8dbe41ad,name_match_art_available,high,"CARD_Prop card ID at this row aligns with CARD_Name at the same CARD_Indx row; illustration AssetBundle path contains the same card ID; Sacred Cards name matches exactly after Unicode normalization, case-folding, and whitespace collapse."
368,Shadow Ghoul,30778711,4374,Shadow Ghoul,common,extracted/card_art/candidates/common/04/4374.png,assets/resources/card/images/illust/common/04/4374.bmp,LocalData/93217544/0000/13/13dad40e,name_match_art_available,high,"CARD_Prop card ID at this row aligns with CARD_Name at the same CARD_Indx row; illustration AssetBundle path contains the same card ID; Sacred Cards name matches exactly after Unicode normalization, case-folding, and whitespace collapse."
369,Wall Shadow,63162310,4375,Wall Shadow,common,extracted/card_art/candidates/common/04/4375.png,assets/resources/card/images/illust/common/04/4375.bmp,LocalData/93217544/0000/64/64dde498,name_match_art_available,high,"CARD_Prop card ID at this row aligns with CARD_Name at the same CARD_Indx row; illustration AssetBundle path contains the same card ID; Sacred Cards name matches exactly after Unicode normalization, case-folding, and whitespace collapse."
370,Labyrinth Tank,99551425,4376,Labyrinth Tank,common,extracted/card_art/candidates/common/04/4376.png,assets/resources/card/images/illust/common/04/4376.bmp,LocalData/93217544/0000/fd/fdd4b522,name_match_art_available,high,"CARD_Prop card ID at this row aligns with CARD_Name at the same CARD_Indx row; illustration AssetBundle path contains the same card ID; Sacred Cards name matches exactly after Unicode normalization, case-folding, and whitespace collapse."
371,Sanga of the Thunder,25955164,4377,Sanga of the Thunder,common,extracted/card_art/candidates/common/04/4377.png,assets/resources/card/images/illust/common/04/4377.bmp,LocalData/93217544/0000/8a/8ad385b4,name_match_art_available,high,"CARD_Prop card ID at this row aligns with CARD_Name at the same CARD_Indx row; illustration AssetBundle path contains the same card ID; Sacred Cards name matches exactly after Unicode normalization, case-folding, and whitespace collapse."
372,Kazejin,62340868,4378,Kazejin,common,extracted/card_art/candidates/common/04/4378.png,assets/resources/card/images/illust/common/04/4378.bmp,LocalData/93217544/0000/1a/1a6c9825,name_match_art_available,high,"CARD_Prop card ID at this row aligns with CARD_Name at the same CARD_Indx row; illustration AssetBundle path contains the same card ID; Sacred Cards name matches exactly after Unicode normalization, case-folding, and whitespace collapse."
373,Suijin,98434877,4379,Suijin,common,extracted/card_art/candidates/common/04/4379.png,assets/resources/card/images/illust/common/04/4379.bmp,LocalData/93217544/0000/6d/6d6ba8b3,name_match_art_available,high,"CARD_Prop card ID at this row aligns with CARD_Name at the same CARD_Indx row; illustration AssetBundle path contains the same card ID; Sacred Cards name matches exactly after Unicode normalization, case-folding, and whitespace collapse."
374,Gate Guardian,25833572,4380,Gate Guardian,common,extracted/card_art/candidates/common/04/4380.png,assets/resources/card/images/illust/common/04/4380.bmp,LocalData/93217544/0000/93/932f0cd8,name_match_art_available,high,"CARD_Prop card ID at this row aligns with CARD_Name at the same CARD_Indx row; illustration AssetBundle path contains the same card ID; Sacred Cards name matches exactly after Unicode normalization, case-folding, and whitespace collapse."
375,Dungeon Worm,51228280,4381,Dungeon Worm,common,extracted/card_art/candidates/common/04/4381.png,assets/resources/card/images/illust/common/04/4381.bmp,LocalData/93217544/0000/e4/e4283c4e,name_match_art_available,high,"CARD_Prop card ID at this row aligns with CARD_Name at the same CARD_Indx row; illustration AssetBundle path contains the same card ID; Sacred Cards name matches exactly after Unicode normalization, case-folding, and whitespace collapse."
376,Monster Tamer,97612389,4382,Monster Tamer,common,extracted/card_art/candidates/common/04/4382.png,assets/resources/card/images/illust/common/04/4382.bmp,LocalData/93217544/0000/7d/7d216df4,name_match_art_available,high,"CARD_Prop card ID at this row aligns with CARD_Name at the same CARD_Indx row; illustration AssetBundle path contains the same card ID; Sacred Cards name matches exactly after Unicode normalization, case-folding, and whitespace collapse."
377,Ryu-Kishin Powered,24611934,4383,Ryu-Kishin Powered,common,extracted/card_art/candidates/common/04/4383.png,assets/resources/card/images/illust/common/04/4383.bmp,LocalData/93217544/0000/0a/0a265d62,name_match_art_available,high,"CARD_Prop card ID at this row aligns with CARD_Name at the same CARD_Indx row; illustration AssetBundle path contains the same card ID; Sacred Cards name matches exactly after Unicode normalization, case-folding, and whitespace collapse."
378,Swordstalker,50005633,4384,Swordstalker,common,extracted/card_art/candidates/common/04/4384.png,assets/resources/card/images/illust/common/04/4384.bmp,LocalData/93217544/0000/94/9442c8c1,name_match_art_available,high,"CARD_Prop card ID at this row aligns with CARD_Name at the same CARD_Indx row; illustration AssetBundle path contains the same card ID; Sacred Cards name matches exactly after Unicode normalization, case-folding, and whitespace collapse."
379,La Jinn the Mystical Genie of the Lamp,97590747,4385,La Jinn the Mystical Genie of the Lamp,common,extracted/card_art/candidates/common/04/4385.png,assets/resources/card/images/illust/common/04/4385.bmp,LocalData/93217544/0000/e3/e345f857,name_match_art_available,high,"CARD_Prop card ID at this row aligns with CARD_Name at the same CARD_Indx row; illustration AssetBundle path contains the same card ID; Sacred Cards name matches exactly after Unicode normalization, case-folding, and whitespace collapse."
380,Blue-Eyes Ultimate Dragon,23995346,4386,Blue-Eyes Ultimate Dragon,common,extracted/card_art/candidates/common/04/4386.png,assets/resources/card/images/illust/common/04/4386.bmp,LocalData/93217544/0000/7a/7a4ca9ed,name_match_art_available,medium,"CARD_Prop card ID at this row aligns with CARD_Name at the same CARD_Indx row; illustration AssetBundle path contains the same card ID; Sacred Cards name matches exactly after Unicode normalization, case-folding, and whitespace collapse."
380,Blue-Eyes Ultimate Dragon,23995346,23489,Blue-Eyes Ultimate Dragon,,,,,name_match_art_not_in_candidate_dump,medium,"CARD_Prop card ID at this row aligns with CARD_Name at the same CARD_Indx row; illustration AssetBundle path contains the same card ID; Sacred Cards name matches exactly after Unicode normalization, case-folding, and whitespace collapse."
381,Toon Alligator,59383041,4387,Toon Alligator,common,extracted/card_art/candidates/common/04/4387.png,assets/resources/card/images/illust/common/04/4387.bmp,LocalData/93217544/0000/0d/0d4b997b,name_match_art_available,high,"CARD_Prop card ID at this row aligns with CARD_Name at the same CARD_Indx row; illustration AssetBundle path contains the same card ID; Sacred Cards name matches exactly after Unicode normalization, case-folding, and whitespace collapse."
382,Rude Kaiser,26378150,4388,Rude Kaiser,common,extracted/card_art/candidates/common/04/4388.png,assets/resources/card/images/illust/common/04/4388.bmp,LocalData/93217544/0000/9d/9df484ea,name_match_art_available,high,"CARD_Prop card ID at this row aligns with CARD_Name at the same CARD_Indx row; illustration AssetBundle path contains the same card ID; Sacred Cards name matches exactly after Unicode normalization, case-folding, and whitespace collapse."
383,Parrot Dragon,62762898,4389,Parrot Dragon,common,extracted/card_art/candidates/common/04/4389.png,assets/resources/card/images/illust/common/04/4389.bmp,LocalData/93217544/0000/ea/eaf3b47c,name_match_art_available,high,"CARD_Prop card ID at this row aligns with CARD_Name at the same CARD_Indx row; illustration AssetBundle path contains the same card ID; Sacred Cards name matches exactly after Unicode normalization, case-folding, and whitespace collapse."
384,Dark Rabbit,99261403,4390,Dark Rabbit,common,extracted/card_art/candidates/common/04/4390.png,assets/resources/card/images/illust/common/04/4390.bmp,LocalData/93217544/0000/8a/8a343d99,name_match_art_available,high,"CARD_Prop card ID at this row aligns with CARD_Name at the same CARD_Indx row; illustration AssetBundle path contains the same card ID; Sacred Cards name matches exactly after Unicode normalization, case-folding, and whitespace collapse."
385,Bickuribox,25655502,4391,Bickuribox,common,extracted/card_art/candidates/common/04/4391.png,assets/resources/card/images/illust/common/04/4391.bmp,LocalData/93217544/0000/fd/fd330d0f,name_match_art_available,high,"CARD_Prop card ID at this row aligns with CARD_Name at the same CARD_Indx row; illustration AssetBundle path contains the same card ID; Sacred Cards name matches exactly after Unicode normalization, case-folding, and whitespace collapse."
386,Harpie's Pet Dragon,52040216,4392,Harpie's Pet Dragon,common,extracted/card_art/candidates/common/04/4392.png,assets/resources/card/images/illust/common/04/4392.bmp,LocalData/93217544/0000/64/643a5cb5,name_match_art_available,high,"CARD_Prop card ID at this row aligns with CARD_Name at the same CARD_Indx row; illustration AssetBundle path contains the same card ID; Sacred Cards name matches exactly after Unicode normalization, case-folding, and whitespace collapse."
387,Mystic Lamp,98049915,4393,Mystic Lamp,common,extracted/card_art/candidates/common/04/4393.png,assets/resources/card/images/illust/common/04/4393.bmp,LocalData/93217544/0000/13/133d6c23,name_match_art_available,high,"CARD_Prop card ID at this row aligns with CARD_Name at the same CARD_Indx row; illustration AssetBundle path contains the same card ID; Sacred Cards name matches exactly after Unicode normalization, case-folding, and whitespace collapse."
388,Pendulum Machine,24433920,4394,Pendulum Machine,common,extracted/card_art/candidates/common/04/4394.png,assets/resources/card/images/illust/common/04/4394.bmp,LocalData/93217544/0000/8d/8d59f980,name_match_art_available,high,"CARD_Prop card ID at this row aligns with CARD_Name at the same CARD_Indx row; illustration AssetBundle path contains the same card ID; Sacred Cards name matches exactly after Unicode normalization, case-folding, and whitespace collapse."
389,Giltia the D. Knight,51828629,4395,Giltia the D. Knight,common,extracted/card_art/candidates/common/04/4395.png,assets/resources/card/images/illust/common/04/4395.bmp,LocalData/93217544/0000/fa/fa5ec916,name_match_art_available,high,"CARD_Prop card ID at this row aligns with CARD_Name at the same CARD_Indx row; illustration AssetBundle path contains the same card ID; Sacred Cards name matches exactly after Unicode normalization, case-folding, and whitespace collapse."
390,Launcher Spider,87322377,4396,Launcher Spider,common,extracted/card_art/candidates/common/04/4396.png,assets/resources/card/images/illust/common/04/4396.bmp,LocalData/93217544/0000/63/635798ac,name_match_art_available,high,"CARD_Prop card ID at this row aligns with CARD_Name at the same CARD_Indx row; illustration AssetBundle path contains the same card ID; Sacred Cards name matches exactly after Unicode normalization, case-folding, and whitespace collapse."
391,Zoa,24311372,4397,Zoa,common,extracted/card_art/candidates/common/04/4397.png,assets/resources/card/images/illust/common/04/4397.bmp,LocalData/93217544/0000/14/1450a83a,name_match_art_available,high,"CARD_Prop card ID at this row aligns with CARD_Name at the same CARD_Indx row; illustration AssetBundle path contains the same card ID; Sacred Cards name matches exactly after Unicode normalization, case-folding, and whitespace collapse."
392,Metalzoa,50705071,4398,Metalzoa,common,extracted/card_art/candidates/common/04/4398.png,assets/resources/card/images/illust/common/04/4398.bmp,LocalData/93217544/0000/84/84efb5ab,name_match_art_available,high,"CARD_Prop card ID at this row aligns with CARD_Name at the same CARD_Indx row; illustration AssetBundle path contains the same card ID; Sacred Cards name matches exactly after Unicode normalization, case-folding, and whitespace collapse."
393,Zone Eater,86100785,4399,Zone Eater,common,extracted/card_art/candidates/common/04/4399.png,assets/resources/card/images/illust/common/04/4399.bmp,LocalData/93217544/0000/f3/f3e8853d,name_match_art_available,high,"CARD_Prop card ID at this row aligns with CARD_Name at the same CARD_Indx row; illustration AssetBundle path contains the same card ID; Sacred Cards name matches exactly after Unicode normalization, case-folding, and whitespace collapse."
394,Steel Scorpion,13599884,4400,Steel Scorpion,common,extracted/card_art/candidates/common/04/4400.png,assets/resources/card/images/illust/common/04/4400.bmp,LocalData/93217544/0000/5e/5eb99055,name_match_art_available,high,"CARD_Prop card ID at this row aligns with CARD_Name at the same CARD_Indx row; illustration AssetBundle path contains the same card ID; Sacred Cards name matches exactly after Unicode normalization, case-folding, and whitespace collapse."
395,Dancing Elf,59983499,4401,Dancing Elf,common,extracted/card_art/candidates/common/04/4401.png,assets/resources/card/images/illust/common/04/4401.bmp,LocalData/93217544/0000/29/29bea0c3,name_match_art_available,high,"CARD_Prop card ID at this row aligns with CARD_Name at the same CARD_Indx row; illustration AssetBundle path contains the same card ID; Sacred Cards name matches exactly after Unicode normalization, case-folding, and whitespace collapse."
396,Ocubeam,86088138,4402,Ocubeam,common,extracted/card_art/candidates/common/04/4402.png,assets/resources/card/images/illust/common/04/4402.bmp,LocalData/93217544/0000/b0/b0b7f179,name_match_art_available,high,"CARD_Prop card ID at this row aligns with CARD_Name at the same CARD_Indx row; illustration AssetBundle path contains the same card ID; Sacred Cards name matches exactly after Unicode normalization, case-folding, and whitespace collapse."
397,Leghul,12472242,4403,Leghul,common,extracted/card_art/candidates/common/04/4403.png,assets/resources/card/images/illust/common/04/4403.bmp,LocalData/93217544/0000/c7/c7b0c1ef,name_match_art_available,high,"CARD_Prop card ID at this row aligns with CARD_Name at the same CARD_Indx row; illustration AssetBundle path contains the same card ID; Sacred Cards name matches exactly after Unicode normalization, case-folding, and whitespace collapse."
398,Ooguchi,58861941,4404,Ooguchi,common,extracted/card_art/candidates/common/04/4404.png,assets/resources/card/images/illust/common/04/4404.bmp,LocalData/93217544/0000/59/59d4544c,name_match_art_available,high,"CARD_Prop card ID at this row aligns with CARD_Name at the same CARD_Indx row; illustration AssetBundle path contains the same card ID; Sacred Cards name matches exactly after Unicode normalization, case-folding, and whitespace collapse."
399,Swordsman from a Foreign Land,85255550,,,,,,,unmatched,unmatched,No exact normalized English-name match found in the decoded Master Duel CARD_Name table.
400,Emperor of the Land and Sea,11250655,4406,Emperor of the Land and Sea,common,extracted/card_art/candidates/common/04/4406.png,assets/resources/card/images/illust/common/04/4406.bmp,LocalData/93217544/0000/b7/b7da3560,name_match_art_available,high,"CARD_Prop card ID at this row aligns with CARD_Name at the same CARD_Indx row; illustration AssetBundle path contains the same card ID; Sacred Cards name matches exactly after Unicode normalization, case-folding, and whitespace collapse."
401,Ushi Oni,48649353,4407,Ushi Oni,common,extracted/card_art/candidates/common/04/4407.png,assets/resources/card/images/illust/common/04/4407.bmp,LocalData/93217544/0000/c0/c0dd05f6,name_match_art_available,high,"CARD_Prop card ID at this row aligns with CARD_Name at the same CARD_Indx row; illustration AssetBundle path contains the same card ID; Sacred Cards name matches exactly after Unicode normalization, case-folding, and whitespace collapse."
402,Monster Eye,84133008,4408,Monster Eye,common,extracted/card_art/candidates/common/04/4408.png,assets/resources/card/images/illust/common/04/4408.bmp,LocalData/93217544/0000/50/50621867,name_match_art_available,high,"CARD_Prop card ID at this row aligns with CARD_Name at the same CARD_Indx row; illustration AssetBundle path contains the same card ID; Sacred Cards name matches exactly after Unicode normalization, case-folding, and whitespace collapse."
403,Leogun,10538007,4409,Leogun,common,extracted/card_art/candidates/common/04/4409.png,assets/resources/card/images/illust/common/04/4409.bmp,LocalData/93217544/0000/27/276528f1,name_match_art_available,high,"CARD_Prop card ID at this row aligns with CARD_Name at the same CARD_Indx row; illustration AssetBundle path contains the same card ID; Sacred Cards name matches exactly after Unicode normalization, case-folding, and whitespace collapse."
404,Tatsunootoshigo,47922711,4410,Tatsunootoshigo,common,extracted/card_art/candidates/common/04/4410.png,assets/resources/card/images/illust/common/04/4410.bmp,LocalData/93217544/0000/47/47a2a114,name_match_art_available,high,"CARD_Prop card ID at this row aligns with CARD_Name at the same CARD_Indx row; illustration AssetBundle path contains the same card ID; Sacred Cards name matches exactly after Unicode normalization, case-folding, and whitespace collapse."
405,Saber Slasher,73911410,,,,,,,unmatched,unmatched,No exact normalized English-name match found in the decoded Master Duel CARD_Name table.
406,Yaiba Robo,10315429,4412,Yaiba Robo,tcg,extracted/card_art/candidates/tcg/04/4412.png,assets/resources/card/images/illust/tcg/04/4412.bmp,LocalData/93217544/0000/a9/a9acc038,name_match_art_available,high,"CARD_Prop card ID at this row aligns with CARD_Name at the same CARD_Indx row; illustration AssetBundle path contains the same card ID; Sacred Cards name matches exactly after Unicode normalization, case-folding, and whitespace collapse."
407,Machine King,46700124,4413,Machine King,common,extracted/card_art/candidates/common/04/4413.png,assets/resources/card/images/illust/common/04/4413.bmp,LocalData/93217544/0000/de/deabf0ae,name_match_art_available,high,"CARD_Prop card ID at this row aligns with CARD_Name at the same CARD_Indx row; illustration AssetBundle path contains the same card ID; Sacred Cards name matches exactly after Unicode normalization, case-folding, and whitespace collapse."
408,Giant Mech-Soldier,72299832,4414,Giant Mech-Soldier,common,extracted/card_art/candidates/common/04/4414.png,assets/resources/card/images/illust/common/04/4414.bmp,LocalData/93217544/0000/40/40cf650d,name_match_art_available,high,"CARD_Prop card ID at this row aligns with CARD_Name at the same CARD_Indx row; illustration AssetBundle path contains the same card ID; Sacred Cards name matches exactly after Unicode normalization, case-folding, and whitespace collapse."
409,Metal Dragon,9293977,4415,Metal Dragon,common,extracted/card_art/candidates/common/04/4415.png,assets/resources/card/images/illust/common/04/4415.bmp,LocalData/93217544/0000/37/37c8559b,name_match_art_available,high,"CARD_Prop card ID at this row aligns with CARD_Name at the same CARD_Indx row; illustration AssetBundle path contains the same card ID; Sacred Cards name matches exactly after Unicode normalization, case-folding, and whitespace collapse."
410,Mechanical Spider,45688586,,,,,,,unmatched,unmatched,No exact normalized English-name match found in the decoded Master Duel CARD_Name table.
411,Bat,72076281,4417,Bat,common,extracted/card_art/candidates/common/04/4417.png,assets/resources/card/images/illust/common/04/4417.bmp,LocalData/93217544/0000/d9/d9c634b7,name_match_art_available,high,"CARD_Prop card ID at this row aligns with CARD_Name at the same CARD_Indx row; illustration AssetBundle path contains the same card ID; Sacred Cards name matches exactly after Unicode normalization, case-folding, and whitespace collapse."
412,Giga-Tech Wolf,8471389,4418,Giga-Tech Wolf,common,extracted/card_art/candidates/common/04/4418.png,assets/resources/card/images/illust/common/04/4418.bmp,LocalData/93217544/0000/49/49792926,name_match_art_available,high,"CARD_Prop card ID at this row aligns with CARD_Name at the same CARD_Indx row; illustration AssetBundle path contains the same card ID; Sacred Cards name matches exactly after Unicode normalization, case-folding, and whitespace collapse."
413,Cyber Soldier,44865098,4419,Cyber Soldier,common,extracted/card_art/candidates/common/04/4419.png,assets/resources/card/images/illust/common/04/4419.bmp,LocalData/93217544/0000/3e/3e7e19b0,name_match_art_available,high,"CARD_Prop card ID at this row aligns with CARD_Name at the same CARD_Indx row; illustration AssetBundle path contains the same card ID; Sacred Cards name matches exactly after Unicode normalization, case-folding, and whitespace collapse."
414,Shovel Crusher,71950093,4420,Shovel Crusher,common,extracted/card_art/candidates/common/04/4420.png,assets/resources/card/images/illust/common/04/4420.bmp,LocalData/93217544/0000/6c/6c8ff2d7,name_match_art_available,high,"CARD_Prop card ID at this row aligns with CARD_Name at the same CARD_Indx row; illustration AssetBundle path contains the same card ID; Sacred Cards name matches exactly after Unicode normalization, case-folding, and whitespace collapse."
415,Mechanicalchaser,7359741,4421,Mechanicalchaser,common,extracted/card_art/candidates/common/04/4421.png,assets/resources/card/images/illust/common/04/4421.bmp,LocalData/93217544/0000/1b/1b88c241,name_match_art_available,high,"CARD_Prop card ID at this row aligns with CARD_Name at the same CARD_Indx row; illustration AssetBundle path contains the same card ID; Sacred Cards name matches exactly after Unicode normalization, case-folding, and whitespace collapse."
416,Blocker,34743446,4422,Blocker,common,extracted/card_art/candidates/common/04/4422.png,assets/resources/card/images/illust/common/04/4422.bmp,LocalData/93217544/0000/82/828193fb,name_match_art_available,high,"CARD_Prop card ID at this row aligns with CARD_Name at the same CARD_Indx row; illustration AssetBundle path contains the same card ID; Sacred Cards name matches exactly after Unicode normalization, case-folding, and whitespace collapse."
417,Blast Juggler,70138455,4423,Blast Juggler,tcg,extracted/card_art/candidates/tcg/04/4423.png,assets/resources/card/images/illust/tcg/04/4423.bmp,LocalData/93217544/0000/f5/f586a36d,name_match_art_available,high,"CARD_Prop card ID at this row aligns with CARD_Name at the same CARD_Indx row; illustration AssetBundle path contains the same card ID; Sacred Cards name matches exactly after Unicode normalization, case-folding, and whitespace collapse."
418,Golgoil,7526150,4424,Golgoil,common,extracted/card_art/candidates/common/04/4424.png,assets/resources/card/images/illust/common/04/4424.bmp,LocalData/93217544/0000/6b/6be236ce,name_match_art_available,high,"CARD_Prop card ID at this row aligns with CARD_Name at the same CARD_Indx row; illustration AssetBundle path contains the same card ID; Sacred Cards name matches exactly after Unicode normalization, case-folding, and whitespace collapse."
419,Giganto,33621868,4425,Giganto,common,extracted/card_art/candidates/common/04/4425.png,assets/resources/card/images/illust/common/04/4425.bmp,LocalData/93217544/0000/1c/1ce50658,name_match_art_available,high,"CARD_Prop card ID at this row aligns with CARD_Name at the same CARD_Indx row; illustration AssetBundle path contains the same card ID; Sacred Cards name matches exactly after Unicode normalization, case-folding, and whitespace collapse."
420,Cyber-Stein,69015963,4426,Cyber-Stein,common,extracted/card_art/candidates/common/04/4426.png,assets/resources/card/images/illust/common/04/4426.bmp,LocalData/93217544/0000/85/85ec57e2,name_match_art_available,high,"CARD_Prop card ID at this row aligns with CARD_Name at the same CARD_Indx row; illustration AssetBundle path contains the same card ID; Sacred Cards name matches exactly after Unicode normalization, case-folding, and whitespace collapse."
421,Cyber Commander,6400512,4427,Cyber Commander,tcg,extracted/card_art/candidates/tcg/04/4427.png,assets/resources/card/images/illust/tcg/04/4427.bmp,LocalData/93217544/0000/f2/f2eb6774,name_match_art_available,high,"CARD_Prop card ID at this row aligns with CARD_Name at the same CARD_Indx row; illustration AssetBundle path contains the same card ID; Sacred Cards name matches exactly after Unicode normalization, case-folding, and whitespace collapse."
422,Jinzo #7,32809211,4428,Jinzo #7,common,extracted/card_art/candidates/common/04/4428.png,assets/resources/card/images/illust/common/04/4428.bmp,LocalData/93217544/0000/62/62547ae5,name_match_art_available,high,"CARD_Prop card ID at this row aligns with CARD_Name at the same CARD_Indx row; illustration AssetBundle path contains the same card ID; Sacred Cards name matches exactly after Unicode normalization, case-folding, and whitespace collapse."
423,Dice Armadillo,69893315,4429,Dice Armadillo,common,extracted/card_art/candidates/common/04/4429.png,assets/resources/card/images/illust/common/04/4429.bmp,LocalData/93217544/0000/15/15534a73,name_match_art_available,high,"CARD_Prop card ID at this row aligns with CARD_Name at the same CARD_Indx row; illustration AssetBundle path contains the same card ID; Sacred Cards name matches exactly after Unicode normalization, case-folding, and whitespace collapse."
424,Sky Dragon,95288024,4430,Sky Dragon,common,extracted/card_art/candidates/common/04/4430.png,assets/resources/card/images/illust/common/04/4430.bmp,LocalData/93217544/0000/75/7594c396,name_match_art_available,high,"CARD_Prop card ID at this row aligns with CARD_Name at the same CARD_Indx row; illustration AssetBundle path contains the same card ID; Sacred Cards name matches exactly after Unicode normalization, case-folding, and whitespace collapse."
425,Thunder Dragon,31786629,4431,Thunder Dragon,common,extracted/card_art/candidates/common/04/4431.png,assets/resources/card/images/illust/common/04/4431.bmp,LocalData/93217544/0000/02/0293f300,name_match_art_available,high,"CARD_Prop card ID at this row aligns with CARD_Name at the same CARD_Indx row; illustration AssetBundle path contains the same card ID; Sacred Cards name matches exactly after Unicode normalization, case-folding, and whitespace collapse."
426,Stone D.,68171737,,,,,,,unmatched,unmatched,No exact normalized English-name match found in the decoded Master Duel CARD_Name table.
427,Kaiser Dragon,94566432,4433,Kaiser Dragon,common,extracted/card_art/candidates/common/04/4433.png,assets/resources/card/images/illust/common/04/4433.bmp,LocalData/93217544/0000/ec/ec9d922c,name_match_art_available,high,"CARD_Prop card ID at this row aligns with CARD_Name at the same CARD_Indx row; illustration AssetBundle path contains the same card ID; Sacred Cards name matches exactly after Unicode normalization, case-folding, and whitespace collapse."
428,Magician of Faith,31560081,4434,Magician of Faith,common,extracted/card_art/candidates/common/04/4434.png,assets/resources/card/images/illust/common/04/4434.bmp,LocalData/93217544/0000/72/72f9078f,name_match_art_available,high,"CARD_Prop card ID at this row aligns with CARD_Name at the same CARD_Indx row; illustration AssetBundle path contains the same card ID; Sacred Cards name matches exactly after Unicode normalization, case-folding, and whitespace collapse."
429,Goddess of Whim,67959180,4435,Goddess of Whim,tcg,extracted/card_art/candidates/tcg/04/4435.png,assets/resources/card/images/illust/tcg/04/4435.bmp,LocalData/93217544/0000/05/05fe3719,name_match_art_available,high,"CARD_Prop card ID at this row aligns with CARD_Name at the same CARD_Indx row; illustration AssetBundle path contains the same card ID; Sacred Cards name matches exactly after Unicode normalization, case-folding, and whitespace collapse."
430,Water Magician,93343894,4436,Water Magician,tcg,extracted/card_art/candidates/tcg/04/4436.png,assets/resources/card/images/illust/tcg/04/4436.bmp,LocalData/93217544/0000/9c/9cf766a3,name_match_art_available,high,"CARD_Prop card ID at this row aligns with CARD_Name at the same CARD_Indx row; illustration AssetBundle path contains the same card ID; Sacred Cards name matches exactly after Unicode normalization, case-folding, and whitespace collapse."
431,Ice Water,20848593,4437,Ice Water,tcg,extracted/card_art/candidates/tcg/04/4437.png,assets/resources/card/images/illust/tcg/04/4437.bmp,LocalData/93217544/0000/eb/ebf05635,name_match_art_available,high,"CARD_Prop card ID at this row aligns with CARD_Name at the same CARD_Indx row; illustration AssetBundle path contains the same card ID; Sacred Cards name matches exactly after Unicode normalization, case-folding, and whitespace collapse."
432,Waterdragon Fairy,66836598,4438,Waterdragon Fairy,tcg,extracted/card_art/candidates/tcg/04/4438.png,assets/resources/card/images/illust/tcg/04/4438.bmp,LocalData/93217544/0000/7b/7b4f4ba4,name_match_art_available,high,"CARD_Prop card ID at this row aligns with CARD_Name at the same CARD_Indx row; illustration AssetBundle path contains the same card ID; Sacred Cards name matches exactly after Unicode normalization, case-folding, and whitespace collapse."
433,Ancient Elf,93221206,4439,Ancient Elf,common,extracted/card_art/candidates/common/04/4439.png,assets/resources/card/images/illust/common/04/4439.bmp,LocalData/93217544/0000/0c/0c487b32,name_match_art_available,high,"CARD_Prop card ID at this row aligns with CARD_Name at the same CARD_Indx row; illustration AssetBundle path contains the same card ID; Sacred Cards name matches exactly after Unicode normalization, case-folding, and whitespace collapse."
434,Beautiful Beast Trainer,29616941,4440,Beautiful Beast Trainer,common,extracted/card_art/candidates/common/04/4440.png,assets/resources/card/images/illust/common/04/4440.bmp,LocalData/93217544/0000/3a/3ad55551,name_match_art_available,high,"CARD_Prop card ID at this row aligns with CARD_Name at the same CARD_Indx row; illustration AssetBundle path contains the same card ID; Sacred Cards name matches exactly after Unicode normalization, case-folding, and whitespace collapse."
435,Water Girl,55014050,4441,Water Girl,tcg,extracted/card_art/candidates/tcg/04/4441.png,assets/resources/card/images/illust/tcg/04/4441.bmp,LocalData/93217544/0000/4d/4dd265c7,name_match_art_available,high,"CARD_Prop card ID at this row aligns with CARD_Name at the same CARD_Indx row; illustration AssetBundle path contains the same card ID; Sacred Cards name matches exactly after Unicode normalization, case-folding, and whitespace collapse."
436,White Dolphin,92409659,4442,White Dolphin,common,extracted/card_art/candidates/common/04/4442.png,assets/resources/card/images/illust/common/04/4442.bmp,LocalData/93217544/0000/d4/d4db347d,name_match_art_available,high,"CARD_Prop card ID at this row aligns with CARD_Name at the same CARD_Indx row; illustration AssetBundle path contains the same card ID; Sacred Cards name matches exactly after Unicode normalization, case-folding, and whitespace collapse."
437,Deepsea Shark,28593363,4443,Deepsea Shark,common,extracted/card_art/candidates/common/04/4443.png,assets/resources/card/images/illust/common/04/4443.bmp,LocalData/93217544/0000/a3/a3dc04eb,name_match_art_available,high,"CARD_Prop card ID at this row aligns with CARD_Name at the same CARD_Indx row; illustration AssetBundle path contains the same card ID; Sacred Cards name matches exactly after Unicode normalization, case-folding, and whitespace collapse."
438,Metal Fish,55998462,4444,Metal Fish,common,extracted/card_art/candidates/common/04/4444.png,assets/resources/card/images/illust/common/04/4444.bmp,LocalData/93217544/0000/3d/3db89148,name_match_art_available,high,"CARD_Prop card ID at this row aligns with CARD_Name at the same CARD_Indx row; illustration AssetBundle path contains the same card ID; Sacred Cards name matches exactly after Unicode normalization, case-folding, and whitespace collapse."
439,Bottom Dweller,81386177,4445,Bottom Dweller,common,extracted/card_art/candidates/common/04/4445.png,assets/resources/card/images/illust/common/04/4445.bmp,LocalData/93217544/0000/4a/4abfa1de,name_match_art_available,high,"CARD_Prop card ID at this row aligns with CARD_Name at the same CARD_Indx row; illustration AssetBundle path contains the same card ID; Sacred Cards name matches exactly after Unicode normalization, case-folding, and whitespace collapse."
440,7 Colored Fish,23771716,4446,7 Colored Fish,common,extracted/card_art/candidates/common/04/4446.png,assets/resources/card/images/illust/common/04/4446.bmp,LocalData/93217544/0000/d3/d3b6f064,name_match_art_available,high,"CARD_Prop card ID at this row aligns with CARD_Name at the same CARD_Indx row; illustration AssetBundle path contains the same card ID; Sacred Cards name matches exactly after Unicode normalization, case-folding, and whitespace collapse."
441,Mech Bass,50176820,4447,Mech Bass,tcg,extracted/card_art/candidates/tcg/04/4447.png,assets/resources/card/images/illust/tcg/04/4447.bmp,LocalData/93217544/0000/a4/a4b1c0f2,name_match_art_available,high,"CARD_Prop card ID at this row aligns with CARD_Name at the same CARD_Indx row; illustration AssetBundle path contains the same card ID; Sacred Cards name matches exactly after Unicode normalization, case-folding, and whitespace collapse."
442,Aqua Dragon,86164529,4448,Aqua Dragon,common,extracted/card_art/candidates/common/04/4448.png,assets/resources/card/images/illust/common/04/4448.bmp,LocalData/93217544/0000/34/340edd63,name_match_art_available,high,"CARD_Prop card ID at this row aligns with CARD_Name at the same CARD_Indx row; illustration AssetBundle path contains the same card ID; Sacred Cards name matches exactly after Unicode normalization, case-folding, and whitespace collapse."
443,Sea King Dragon,23659124,4449,Sea King Dragon,common,extracted/card_art/candidates/common/04/4449.png,assets/resources/card/images/illust/common/04/4449.bmp,LocalData/93217544/0000/43/4309edf5,name_match_art_available,high,"CARD_Prop card ID at this row aligns with CARD_Name at the same CARD_Indx row; illustration AssetBundle path contains the same card ID; Sacred Cards name matches exactly after Unicode normalization, case-folding, and whitespace collapse."
444,Turu-Purun,59053232,4450,Turu-Purun,common,extracted/card_art/candidates/common/04/4450.png,assets/resources/card/images/illust/common/04/4450.bmp,LocalData/93217544/0000/23/23ce6410,name_match_art_available,high,"CARD_Prop card ID at this row aligns with CARD_Name at the same CARD_Indx row; illustration AssetBundle path contains the same card ID; Sacred Cards name matches exactly after Unicode normalization, case-folding, and whitespace collapse."
445,Guardian of the Sea,85448931,,,,,,,unmatched,unmatched,No exact normalized English-name match found in the decoded Master Duel CARD_Name table.
446,Aqua Snake,12436646,4452,Aqua Snake,common,extracted/card_art/candidates/common/04/4452.png,assets/resources/card/images/illust/common/04/4452.bmp,LocalData/93217544/0000/cd/cdc0053c,name_match_art_available,high,"CARD_Prop card ID at this row aligns with CARD_Name at the same CARD_Indx row; illustration AssetBundle path contains the same card ID; Sacred Cards name matches exactly after Unicode normalization, case-folding, and whitespace collapse."
447,Giant Red Seasnake,58831685,4453,Giant Red Seasnake,common,extracted/card_art/candidates/common/04/4453.png,assets/resources/card/images/illust/common/04/4453.bmp,LocalData/93217544/0000/ba/bac735aa,name_match_art_available,high,"CARD_Prop card ID at this row aligns with CARD_Name at the same CARD_Indx row; illustration AssetBundle path contains the same card ID; Sacred Cards name matches exactly after Unicode normalization, case-folding, and whitespace collapse."
448,Spike Seadra,85326399,4454,Spike Seadra,common,extracted/card_art/candidates/common/04/4454.png,assets/resources/card/images/illust/common/04/4454.bmp,LocalData/93217544/0000/24/24a3a009,name_match_art_available,high,"CARD_Prop card ID at this row aligns with CARD_Name at the same CARD_Indx row; illustration AssetBundle path contains the same card ID; Sacred Cards name matches exactly after Unicode normalization, case-folding, and whitespace collapse."
449,"30,000-Year White Turtle",11714098,4455,"30,000-Year White Turtle",common,extracted/card_art/candidates/common/04/4455.png,assets/resources/card/images/illust/common/04/4455.bmp,LocalData/93217544/0000/53/53a4909f,name_match_art_available,high,"CARD_Prop card ID at this row aligns with CARD_Name at the same CARD_Indx row; illustration AssetBundle path contains the same card ID; Sacred Cards name matches exactly after Unicode normalization, case-folding, and whitespace collapse."
450,Kappa Avenger,48109103,4456,Kappa Avenger,common,extracted/card_art/candidates/common/04/4456.png,assets/resources/card/images/illust/common/04/4456.bmp,LocalData/93217544/0000/ca/caadc125,name_match_art_available,high,"CARD_Prop card ID at this row aligns with CARD_Name at the same CARD_Indx row; illustration AssetBundle path contains the same card ID; Sacred Cards name matches exactly after Unicode normalization, case-folding, and whitespace collapse."
451,Kanikabuto,84103702,4457,Kanikabuto,common,extracted/card_art/candidates/common/04/4457.png,assets/resources/card/images/illust/common/04/4457.bmp,LocalData/93217544/0000/bd/bdaaf1b3,name_match_art_available,high,"CARD_Prop card ID at this row aligns with CARD_Name at the same CARD_Indx row; illustration AssetBundle path contains the same card ID; Sacred Cards name matches exactly after Unicode normalization, case-folding, and whitespace collapse."
452,Zarigun,10598400,4458,Zarigun,common,extracted/card_art/candidates/common/04/4458.png,assets/resources/card/images/illust/common/04/4458.bmp,LocalData/93217544/0000/2d/2d15ec22,name_match_art_available,high,"CARD_Prop card ID at this row aligns with CARD_Name at the same CARD_Indx row; illustration AssetBundle path contains the same card ID; Sacred Cards name matches exactly after Unicode normalization, case-folding, and whitespace collapse."
453,Millennium Golem,47986555,4459,Millennium Golem,common,extracted/card_art/candidates/common/04/4459.png,assets/resources/card/images/illust/common/04/4459.bmp,LocalData/93217544/0000/5a/5a12dcb4,name_match_art_available,high,"CARD_Prop card ID at this row aligns with CARD_Name at the same CARD_Indx row; illustration AssetBundle path contains the same card ID; Sacred Cards name matches exactly after Unicode normalization, case-folding, and whitespace collapse."
454,Destroyer Golem,73481154,4460,Destroyer Golem,common,extracted/card_art/candidates/common/04/4460.png,assets/resources/card/images/illust/common/04/4460.bmp,LocalData/93217544/0000/08/08e337d3,name_match_art_available,high,"CARD_Prop card ID at this row aligns with CARD_Name at the same CARD_Indx row; illustration AssetBundle path contains the same card ID; Sacred Cards name matches exactly after Unicode normalization, case-folding, and whitespace collapse."
455,Barrel Rock,10476868,4461,Barrel Rock,tcg,extracted/card_art/candidates/tcg/04/4461.png,assets/resources/card/images/illust/tcg/04/4461.bmp,LocalData/93217544/0000/7f/7fe40745,name_match_art_available,high,"CARD_Prop card ID at this row aligns with CARD_Name at the same CARD_Indx row; illustration AssetBundle path contains the same card ID; Sacred Cards name matches exactly after Unicode normalization, case-folding, and whitespace collapse."
456,Minomushi Warrior,46864967,4462,Minomushi Warrior,common,extracted/card_art/candidates/common/04/4462.png,assets/resources/card/images/illust/common/04/4462.bmp,LocalData/93217544/0000/e6/e6ed56ff,name_match_art_available,high,"CARD_Prop card ID at this row aligns with CARD_Name at the same CARD_Indx row; illustration AssetBundle path contains the same card ID; Sacred Cards name matches exactly after Unicode normalization, case-folding, and whitespace collapse."
457,Stone Ghost,72269672,4463,Stone Ghost,common,extracted/card_art/candidates/common/04/4463.png,assets/resources/card/images/illust/common/04/4463.bmp,LocalData/93217544/0000/91/91ea6669,name_match_art_available,high,"CARD_Prop card ID at this row aligns with CARD_Name at the same CARD_Indx row; illustration AssetBundle path contains the same card ID; Sacred Cards name matches exactly after Unicode normalization, case-folding, and whitespace collapse."
458,Kaminari Attack,9653271,4464,Kaminari Attack,common,extracted/card_art/candidates/common/04/4464.png,assets/resources/card/images/illust/common/04/4464.bmp,LocalData/93217544/0000/0f/0f8ef3ca,name_match_art_available,high,"CARD_Prop card ID at this row aligns with CARD_Name at the same CARD_Indx row; illustration AssetBundle path contains the same card ID; Sacred Cards name matches exactly after Unicode normalization, case-folding, and whitespace collapse."
459,Tripwire Beast,45042329,4465,Tripwire Beast,common,extracted/card_art/candidates/common/04/4465.png,assets/resources/card/images/illust/common/04/4465.bmp,LocalData/93217544/0000/78/7889c35c,name_match_art_available,high,"CARD_Prop card ID at this row aligns with CARD_Name at the same CARD_Indx row; illustration AssetBundle path contains the same card ID; Sacred Cards name matches exactly after Unicode normalization, case-folding, and whitespace collapse."
460,Bolt Escargot,12146024,4466,Bolt Escargot,common,extracted/card_art/candidates/common/04/4466.png,assets/resources/card/images/illust/common/04/4466.bmp,LocalData/93217544/0000/e1/e18092e6,name_match_art_available,high,"CARD_Prop card ID at this row aligns with CARD_Name at the same CARD_Indx row; illustration AssetBundle path contains the same card ID; Sacred Cards name matches exactly after Unicode normalization, case-folding, and whitespace collapse."
461,Bolt Penguin,48531733,4467,Bolt Penguin,common,extracted/card_art/candidates/common/04/4467.png,assets/resources/card/images/illust/common/04/4467.bmp,LocalData/93217544/0000/96/9687a270,name_match_art_available,high,"CARD_Prop card ID at this row aligns with CARD_Name at the same CARD_Indx row; illustration AssetBundle path contains the same card ID; Sacred Cards name matches exactly after Unicode normalization, case-folding, and whitespace collapse."
462,The Immortal of Thunder,84926738,4468,The Immortal of Thunder,common,extracted/card_art/candidates/common/04/4468.png,assets/resources/card/images/illust/common/04/4468.bmp,LocalData/93217544/0000/06/0638bfe1,name_match_art_available,high,"CARD_Prop card ID at this row aligns with CARD_Name at the same CARD_Indx row; illustration AssetBundle path contains the same card ID; Sacred Cards name matches exactly after Unicode normalization, case-folding, and whitespace collapse."
463,Electric Snake,11324436,4469,Electric Snake,common,extracted/card_art/candidates/common/04/4469.png,assets/resources/card/images/illust/common/04/4469.bmp,LocalData/93217544/0000/71/713f8f77,name_match_art_available,high,"CARD_Prop card ID at this row aligns with CARD_Name at the same CARD_Indx row; illustration AssetBundle path contains the same card ID; Sacred Cards name matches exactly after Unicode normalization, case-folding, and whitespace collapse."
464,Wing Eagle,47319141,4470,Wing Eagle,common,extracted/card_art/candidates/common/04/4470.png,assets/resources/card/images/illust/common/04/4470.bmp,LocalData/93217544/0000/11/11f80692,name_match_art_available,high,"CARD_Prop card ID at this row aligns with CARD_Name at the same CARD_Indx row; illustration AssetBundle path contains the same card ID; Sacred Cards name matches exactly after Unicode normalization, case-folding, and whitespace collapse."
465,Punished Eagle,74703140,4471,Punished Eagle,common,extracted/card_art/candidates/common/04/4471.png,assets/resources/card/images/illust/common/04/4471.bmp,LocalData/93217544/0000/66/66ff3604,name_match_art_available,high,"CARD_Prop card ID at this row aligns with CARD_Name at the same CARD_Indx row; illustration AssetBundle path contains the same card ID; Sacred Cards name matches exactly after Unicode normalization, case-folding, and whitespace collapse."
466,Skull Red Bird,10202894,4472,Skull Red Bird,common,extracted/card_art/candidates/common/04/4472.png,assets/resources/card/images/illust/common/04/4472.bmp,LocalData/93217544/0000/ff/fff667be,name_match_art_available,high,"CARD_Prop card ID at this row aligns with CARD_Name at the same CARD_Indx row; illustration AssetBundle path contains the same card ID; Sacred Cards name matches exactly after Unicode normalization, case-folding, and whitespace collapse."
467,Crimson Sunbird,46696593,4473,Crimson Sunbird,common,extracted/card_art/candidates/common/04/4473.png,assets/resources/card/images/illust/common/04/4473.bmp,LocalData/93217544/0000/88/88f15728,name_match_art_available,high,"CARD_Prop card ID at this row aligns with CARD_Name at the same CARD_Indx row; illustration AssetBundle path contains the same card ID; Sacred Cards name matches exactly after Unicode normalization, case-folding, and whitespace collapse."
468,Queen Bird,73081602,4474,Queen Bird,common,extracted/card_art/candidates/common/04/4474.png,assets/resources/card/images/illust/common/04/4474.bmp,LocalData/93217544/0000/16/1695c28b,name_match_art_available,high,"CARD_Prop card ID at this row aligns with CARD_Name at the same CARD_Indx row; illustration AssetBundle path contains the same card ID; Sacred Cards name matches exactly after Unicode normalization, case-folding, and whitespace collapse."
469,Armed Ninja,9076207,4475,Armed Ninja,common,extracted/card_art/candidates/common/04/4475.png,assets/resources/card/images/illust/common/04/4475.bmp,LocalData/93217544/0000/61/6192f21d,name_match_art_available,high,"CARD_Prop card ID at this row aligns with CARD_Name at the same CARD_Indx row; illustration AssetBundle path contains the same card ID; Sacred Cards name matches exactly after Unicode normalization, case-folding, and whitespace collapse."
470,Magical Ghost,46474915,4476,Magical Ghost,common,extracted/card_art/candidates/common/04/4476.png,assets/resources/card/images/illust/common/04/4476.bmp,LocalData/93217544/0000/f8/f89ba3a7,name_match_art_available,high,"CARD_Prop card ID at this row aligns with CARD_Name at the same CARD_Indx row; illustration AssetBundle path contains the same card ID; Sacred Cards name matches exactly after Unicode normalization, case-folding, and whitespace collapse."
471,Soul Hunter,72869010,4477,Soul Hunter,common,extracted/card_art/candidates/common/04/4477.png,assets/resources/card/images/illust/common/04/4477.bmp,LocalData/93217544/0000/8f/8f9c9331,name_match_art_available,high,"CARD_Prop card ID at this row aligns with CARD_Name at the same CARD_Indx row; illustration AssetBundle path contains the same card ID; Sacred Cards name matches exactly after Unicode normalization, case-folding, and whitespace collapse."
472,Air Eater,8353769,4478,Air Eater,common,extracted/card_art/candidates/common/04/4478.png,assets/resources/card/images/illust/common/04/4478.bmp,LocalData/93217544/0000/1f/1f238ea0,name_match_art_available,high,"CARD_Prop card ID at this row aligns with CARD_Name at the same CARD_Indx row; illustration AssetBundle path contains the same card ID; Sacred Cards name matches exactly after Unicode normalization, case-folding, and whitespace collapse."
473,Vermillion Sparrow,35752363,4479,Vermillion Sparrow,common,extracted/card_art/candidates/common/04/4479.png,assets/resources/card/images/illust/common/04/4479.bmp,LocalData/93217544/0000/68/6824be36,name_match_art_available,high,"CARD_Prop card ID at this row aligns with CARD_Name at the same CARD_Indx row; illustration AssetBundle path contains the same card ID; Sacred Cards name matches exactly after Unicode normalization, case-folding, and whitespace collapse."
474,Sea Kamen,71746462,4480,Sea Kamen,common,extracted/card_art/candidates/common/04/4480.png,assets/resources/card/images/illust/common/04/4480.bmp,LocalData/93217544/0000/96/96601a5d,name_match_art_available,high,"CARD_Prop card ID at this row aligns with CARD_Name at the same CARD_Indx row; illustration AssetBundle path contains the same card ID; Sacred Cards name matches exactly after Unicode normalization, case-folding, and whitespace collapse."
475,Sinister Serpent,8131171,4481,Sinister Serpent,common,extracted/card_art/candidates/common/04/4481.png,assets/resources/card/images/illust/common/04/4481.bmp,LocalData/93217544/0000/e1/e1672acb,name_match_art_available,high,"CARD_Prop card ID at this row aligns with CARD_Name at the same CARD_Indx row; illustration AssetBundle path contains the same card ID; Sacred Cards name matches exactly after Unicode normalization, case-folding, and whitespace collapse."
476,Ganigumo,34536276,4482,Ganigumo,common,extracted/card_art/candidates/common/04/4482.png,assets/resources/card/images/illust/common/04/4482.bmp,LocalData/93217544/0000/78/786e7b71,name_match_art_available,high,"CARD_Prop card ID at this row aligns with CARD_Name at the same CARD_Indx row; illustration AssetBundle path contains the same card ID; Sacred Cards name matches exactly after Unicode normalization, case-folding, and whitespace collapse."
477,Alinsection,70924884,4483,Alinsection,common,extracted/card_art/candidates/common/04/4483.png,assets/resources/card/images/illust/common/04/4483.bmp,LocalData/93217544/0000/0f/0f694be7,name_match_art_available,high,"CARD_Prop card ID at this row aligns with CARD_Name at the same CARD_Indx row; illustration AssetBundle path contains the same card ID; Sacred Cards name matches exactly after Unicode normalization, case-folding, and whitespace collapse."
478,Insect Soldiers of the Sky,7019529,4484,Insect Soldiers of the Sky,common,extracted/card_art/candidates/common/04/4484.png,assets/resources/card/images/illust/common/04/4484.bmp,LocalData/93217544/0000/91/910dde44,name_match_art_available,high,"CARD_Prop card ID at this row aligns with CARD_Name at the same CARD_Indx row; illustration AssetBundle path contains the same card ID; Sacred Cards name matches exactly after Unicode normalization, case-folding, and whitespace collapse."
479,Cockroach Knight,33413638,4485,Cockroach Knight,common,extracted/card_art/candidates/common/04/4485.png,assets/resources/card/images/illust/common/04/4485.bmp,LocalData/93217544/0000/e6/e60aeed2,name_match_art_available,high,"CARD_Prop card ID at this row aligns with CARD_Name at the same CARD_Indx row; illustration AssetBundle path contains the same card ID; Sacred Cards name matches exactly after Unicode normalization, case-folding, and whitespace collapse."
480,Kuwagata A,60802233,,,,,,,unmatched,unmatched,No exact normalized English-name match found in the decoded Master Duel CARD_Name table.
481,Burglar,6297941,4487,Burglar,common,extracted/card_art/candidates/common/04/4487.png,assets/resources/card/images/illust/common/04/4487.bmp,LocalData/93217544/0000/08/08048ffe,name_match_art_available,high,"CARD_Prop card ID at this row aligns with CARD_Name at the same CARD_Indx row; illustration AssetBundle path contains the same card ID; Sacred Cards name matches exactly after Unicode normalization, case-folding, and whitespace collapse."
482,Pragtical,33691040,4488,Pragtical,common,extracted/card_art/candidates/common/04/4488.png,assets/resources/card/images/illust/common/04/4488.bmp,LocalData/93217544/0000/98/98bb926f,name_match_art_available,high,"CARD_Prop card ID at this row aligns with CARD_Name at the same CARD_Indx row; illustration AssetBundle path contains the same card ID; Sacred Cards name matches exactly after Unicode normalization, case-folding, and whitespace collapse."
483,Garvas,69780745,4489,Garvas,tcg,extracted/card_art/candidates/tcg/04/4489.png,assets/resources/card/images/illust/tcg/04/4489.bmp,LocalData/93217544/0000/ef/efbca2f9,name_match_art_available,high,"CARD_Prop card ID at this row aligns with CARD_Name at the same CARD_Indx row; illustration AssetBundle path contains the same card ID; Sacred Cards name matches exactly after Unicode normalization, case-folding, and whitespace collapse."
484,Ameba,95174353,4490,Ameba,common,extracted/card_art/candidates/common/04/4490.png,assets/resources/card/images/illust/common/04/4490.bmp,LocalData/93217544/0000/8f/8f7b2b1c,name_match_art_available,high,"CARD_Prop card ID at this row aligns with CARD_Name at the same CARD_Indx row; illustration AssetBundle path contains the same card ID; Sacred Cards name matches exactly after Unicode normalization, case-folding, and whitespace collapse."
485,Korogashi,32569498,4491,Korogashi,common,extracted/card_art/candidates/common/04/4491.png,assets/resources/card/images/illust/common/04/4491.bmp,LocalData/93217544/0000/f8/f87c1b8a,name_match_art_available,high,"CARD_Prop card ID at this row aligns with CARD_Name at the same CARD_Indx row; illustration AssetBundle path contains the same card ID; Sacred Cards name matches exactly after Unicode normalization, case-folding, and whitespace collapse."
486,Boo Koo,68963107,4492,Boo Koo,common,extracted/card_art/candidates/common/04/4492.png,assets/resources/card/images/illust/common/04/4492.bmp,LocalData/93217544/0000/61/61754a30,name_match_art_available,high,"CARD_Prop card ID at this row aligns with CARD_Name at the same CARD_Indx row; illustration AssetBundle path contains the same card ID; Sacred Cards name matches exactly after Unicode normalization, case-folding, and whitespace collapse."
487,Flower Wolf,95952802,4493,Flower Wolf,common,extracted/card_art/candidates/common/04/4493.png,assets/resources/card/images/illust/common/04/4493.bmp,LocalData/93217544/0000/16/16727aa6,name_match_art_available,high,"CARD_Prop card ID at this row aligns with CARD_Name at the same CARD_Indx row; illustration AssetBundle path contains the same card ID; Sacred Cards name matches exactly after Unicode normalization, case-folding, and whitespace collapse."
488,Rainbow Flower,21347810,4494,Rainbow Flower,common,extracted/card_art/candidates/common/04/4494.png,assets/resources/card/images/illust/common/04/4494.bmp,LocalData/93217544/0000/88/8816ef05,name_match_art_available,high,"CARD_Prop card ID at this row aligns with CARD_Name at the same CARD_Indx row; illustration AssetBundle path contains the same card ID; Sacred Cards name matches exactly after Unicode normalization, case-folding, and whitespace collapse."
489,Barrel Lily,67841515,4495,Barrel Lily,tcg,extracted/card_art/candidates/tcg/04/4495.png,assets/resources/card/images/illust/tcg/04/4495.bmp,LocalData/93217544/0000/ff/ff11df93,name_match_art_available,high,"CARD_Prop card ID at this row aligns with CARD_Name at the same CARD_Indx row; illustration AssetBundle path contains the same card ID; Sacred Cards name matches exactly after Unicode normalization, case-folding, and whitespace collapse."
490,Needle Ball,94230224,4496,Needle Ball,common,extracted/card_art/candidates/common/04/4496.png,assets/resources/card/images/illust/common/04/4496.bmp,LocalData/93217544/0000/66/66188e29,name_match_art_available,high,"CARD_Prop card ID at this row aligns with CARD_Name at the same CARD_Indx row; illustration AssetBundle path contains the same card ID; Sacred Cards name matches exactly after Unicode normalization, case-folding, and whitespace collapse."
491,Peacock,20624263,4497,Peacock,common,extracted/card_art/candidates/common/04/4497.png,assets/resources/card/images/illust/common/04/4497.bmp,LocalData/93217544/0000/11/111fbebf,name_match_art_available,high,"CARD_Prop card ID at this row aligns with CARD_Name at the same CARD_Indx row; illustration AssetBundle path contains the same card ID; Sacred Cards name matches exactly after Unicode normalization, case-folding, and whitespace collapse."
492,Hoshiningen,67629977,4498,Hoshiningen,common,extracted/card_art/candidates/common/04/4498.png,assets/resources/card/images/illust/common/04/4498.bmp,LocalData/93217544/0000/81/81a0a32e,name_match_art_available,high,"CARD_Prop card ID at this row aligns with CARD_Name at the same CARD_Indx row; illustration AssetBundle path contains the same card ID; Sacred Cards name matches exactly after Unicode normalization, case-folding, and whitespace collapse."
493,Maha Vailo,93013676,4499,Maha Vailo,common,extracted/card_art/candidates/common/04/4499.png,assets/resources/card/images/illust/common/04/4499.bmp,LocalData/93217544/0000/f6/f6a793b8,name_match_art_available,high,"CARD_Prop card ID at this row aligns with CARD_Name at the same CARD_Indx row; illustration AssetBundle path contains the same card ID; Sacred Cards name matches exactly after Unicode normalization, case-folding, and whitespace collapse."
494,Rainbow Marine Mermaid,29402771,4500,Rainbow Marine Mermaid,tcg,extracted/card_art/candidates/tcg/04/4500.png,assets/resources/card/images/illust/tcg/04/4500.bmp,LocalData/93217544/0000/5f/5f7bfa62,name_match_art_available,high,"CARD_Prop card ID at this row aligns with CARD_Name at the same CARD_Indx row; illustration AssetBundle path contains the same card ID; Sacred Cards name matches exactly after Unicode normalization, case-folding, and whitespace collapse."
495,Musician King,56907389,4501,Musician King,common,extracted/card_art/candidates/common/04/4501.png,assets/resources/card/images/illust/common/04/4501.bmp,LocalData/93217544/0000/28/287ccaf4,name_match_art_available,high,"CARD_Prop card ID at this row aligns with CARD_Name at the same CARD_Indx row; illustration AssetBundle path contains the same card ID; Sacred Cards name matches exactly after Unicode normalization, case-folding, and whitespace collapse."
496,Wilmee,92391084,4502,Wilmee,common,extracted/card_art/candidates/common/04/4502.png,assets/resources/card/images/illust/common/04/4502.bmp,LocalData/93217544/0000/b1/b1759b4e,name_match_art_available,high,"CARD_Prop card ID at this row aligns with CARD_Name at the same CARD_Indx row; illustration AssetBundle path contains the same card ID; Sacred Cards name matches exactly after Unicode normalization, case-folding, and whitespace collapse."
497,Yado Karu,29380133,4503,Yado Karu,common,extracted/card_art/candidates/common/04/4503.png,assets/resources/card/images/illust/common/04/4503.bmp,LocalData/93217544/0000/c6/c672abd8,name_match_art_available,high,"CARD_Prop card ID at this row aligns with CARD_Name at the same CARD_Indx row; illustration AssetBundle path contains the same card ID; Sacred Cards name matches exactly after Unicode normalization, case-folding, and whitespace collapse."
498,Morinphen,55784832,4504,Morinphen,common,extracted/card_art/candidates/common/04/4504.png,assets/resources/card/images/illust/common/04/4504.bmp,LocalData/93217544/0000/58/58163e7b,name_match_art_available,high,"CARD_Prop card ID at this row aligns with CARD_Name at the same CARD_Indx row; illustration AssetBundle path contains the same card ID; Sacred Cards name matches exactly after Unicode normalization, case-folding, and whitespace collapse."
499,Kattapillar,81179446,4505,Kattapillar,common,extracted/card_art/candidates/common/04/4505.png,assets/resources/card/images/illust/common/04/4505.bmp,LocalData/93217544/0000/2f/2f110eed,name_match_art_available,high,"CARD_Prop card ID at this row aligns with CARD_Name at the same CARD_Indx row; illustration AssetBundle path contains the same card ID; Sacred Cards name matches exactly after Unicode normalization, case-folding, and whitespace collapse."
500,Dragon Seeker,28563545,4506,Dragon Seeker,common,extracted/card_art/candidates/common/04/4506.png,assets/resources/card/images/illust/common/04/4506.bmp,LocalData/93217544/0000/b6/b6185f57,name_match_art_available,high,"CARD_Prop card ID at this row aligns with CARD_Name at the same CARD_Indx row; illustration AssetBundle path contains the same card ID; Sacred Cards name matches exactly after Unicode normalization, case-folding, and whitespace collapse."
501,Man-Eater Bug,54652250,4507,Man-Eater Bug,common,extracted/card_art/candidates/common/04/4507.png,assets/resources/card/images/illust/common/04/4507.bmp,LocalData/93217544/0000/c1/c11f6fc1,name_match_art_available,high,"CARD_Prop card ID at this row aligns with CARD_Name at the same CARD_Indx row; illustration AssetBundle path contains the same card ID; Sacred Cards name matches exactly after Unicode normalization, case-folding, and whitespace collapse."
502,D. Human,81057959,4508,D. Human,common,extracted/card_art/candidates/common/04/4508.png,assets/resources/card/images/illust/common/04/4508.bmp,LocalData/93217544/0000/51/51a07250,name_match_art_available,high,"CARD_Prop card ID at this row aligns with CARD_Name at the same CARD_Indx row; illustration AssetBundle path contains the same card ID; Sacred Cards name matches exactly after Unicode normalization, case-folding, and whitespace collapse."
503,Turtle Raccoon,17441953,4509,Turtle Raccoon,tcg,extracted/card_art/candidates/tcg/04/4509.png,assets/resources/card/images/illust/tcg/04/4509.bmp,LocalData/93217544/0000/26/26a742c6,name_match_art_available,high,"CARD_Prop card ID at this row aligns with CARD_Name at the same CARD_Indx row; illustration AssetBundle path contains the same card ID; Sacred Cards name matches exactly after Unicode normalization, case-folding, and whitespace collapse."
504,Fungi of the Musk,53830602,4510,Fungi of the Musk,common,extracted/card_art/candidates/common/04/4510.png,assets/resources/card/images/illust/common/04/4510.bmp,LocalData/93217544/0000/46/4660cb23,name_match_art_available,high,"CARD_Prop card ID at this row aligns with CARD_Name at the same CARD_Indx row; illustration AssetBundle path contains the same card ID; Sacred Cards name matches exactly after Unicode normalization, case-folding, and whitespace collapse."
505,Prisman,80234301,4511,Prisman,common,extracted/card_art/candidates/common/04/4511.png,assets/resources/card/images/illust/common/04/4511.bmp,LocalData/93217544/0000/31/3167fbb5,name_match_art_available,high,"CARD_Prop card ID at this row aligns with CARD_Name at the same CARD_Indx row; illustration AssetBundle path contains the same card ID; Sacred Cards name matches exactly after Unicode normalization, case-folding, and whitespace collapse."
506,Gale Dogra,16229315,4512,Gale Dogra,common,extracted/card_art/candidates/common/04/4512.png,assets/resources/card/images/illust/common/04/4512.bmp,LocalData/93217544/0000/a8/a86eaa0f,name_match_art_available,high,"CARD_Prop card ID at this row aligns with CARD_Name at the same CARD_Indx row; illustration AssetBundle path contains the same card ID; Sacred Cards name matches exactly after Unicode normalization, case-folding, and whitespace collapse."
507,Crazy Fish,53713014,4513,Crazy Fish,common,extracted/card_art/candidates/common/04/4513.png,assets/resources/card/images/illust/common/04/4513.bmp,LocalData/93217544/0000/df/df699a99,name_match_art_available,high,"CARD_Prop card ID at this row aligns with CARD_Name at the same CARD_Indx row; illustration AssetBundle path contains the same card ID; Sacred Cards name matches exactly after Unicode normalization, case-folding, and whitespace collapse."
508,Cyber Saurus,89112729,4514,Cyber Saurus,tcg,extracted/card_art/candidates/tcg/04/4514.png,assets/resources/card/images/illust/tcg/04/4514.bmp,LocalData/93217544/0000/41/410d0f3a,name_match_art_available,high,"CARD_Prop card ID at this row aligns with CARD_Name at the same CARD_Indx row; illustration AssetBundle path contains the same card ID; Sacred Cards name matches exactly after Unicode normalization, case-folding, and whitespace collapse."
509,Bracchio-raidus,16507828,4515,Bracchio-raidus,common,extracted/card_art/candidates/common/04/4515.png,assets/resources/card/images/illust/common/04/4515.bmp,LocalData/93217544/0000/36/360a3fac,name_match_art_available,high,"CARD_Prop card ID at this row aligns with CARD_Name at the same CARD_Indx row; illustration AssetBundle path contains the same card ID; Sacred Cards name matches exactly after Unicode normalization, case-folding, and whitespace collapse."
510,Laughing Flower,42591472,4516,Laughing Flower,common,extracted/card_art/candidates/common/04/4516.png,assets/resources/card/images/illust/common/04/4516.bmp,LocalData/93217544/0000/af/af036e16,name_match_art_available,high,"CARD_Prop card ID at this row aligns with CARD_Name at the same CARD_Indx row; illustration AssetBundle path contains the same card ID; Sacred Cards name matches exactly after Unicode normalization, case-folding, and whitespace collapse."
511,Bean Soldier,84990171,4517,Bean Soldier,common,extracted/card_art/candidates/common/04/4517.png,assets/resources/card/images/illust/common/04/4517.bmp,LocalData/93217544/0000/d8/d8045e80,name_match_art_available,high,"CARD_Prop card ID at this row aligns with CARD_Name at the same CARD_Indx row; illustration AssetBundle path contains the same card ID; Sacred Cards name matches exactly after Unicode normalization, case-folding, and whitespace collapse."
512,Cannon Soldier,11384280,4518,Cannon Soldier,tcg,extracted/card_art/candidates/tcg/04/4518.png,assets/resources/card/images/illust/tcg/04/4518.bmp,LocalData/93217544/0000/48/48bb4311,name_match_art_available,high,"CARD_Prop card ID at this row aligns with CARD_Name at the same CARD_Indx row; illustration AssetBundle path contains the same card ID; Sacred Cards name matches exactly after Unicode normalization, case-folding, and whitespace collapse."
513,Guardian of the Throne Room,47879985,4519,Guardian of the Throne Room,tcg,extracted/card_art/candidates/tcg/04/4519.png,assets/resources/card/images/illust/tcg/04/4519.bmp,LocalData/93217544/0000/3f/3fbc7387,name_match_art_available,high,"CARD_Prop card ID at this row aligns with CARD_Name at the same CARD_Indx row; illustration AssetBundle path contains the same card ID; Sacred Cards name matches exactly after Unicode normalization, case-folding, and whitespace collapse."
514,Brave Scizzar,74277583,4520,Brave Scizzar,common,extracted/card_art/candidates/common/04/4520.png,assets/resources/card/images/illust/common/04/4520.bmp,LocalData/93217544/0000/6d/6d4d98e0,name_match_art_available,high,"CARD_Prop card ID at this row aligns with CARD_Name at the same CARD_Indx row; illustration AssetBundle path contains the same card ID; Sacred Cards name matches exactly after Unicode normalization, case-folding, and whitespace collapse."
515,The Statue of Easter Island,10262698,4521,The Statue of Easter Island,common,extracted/card_art/candidates/common/04/4521.png,assets/resources/card/images/illust/common/04/4521.bmp,LocalData/93217544/0000/1a/1a4aa876,name_match_art_available,high,"CARD_Prop card ID at this row aligns with CARD_Name at the same CARD_Indx row; illustration AssetBundle path contains the same card ID; Sacred Cards name matches exactly after Unicode normalization, case-folding, and whitespace collapse."
516,Muka Muka,46657337,4522,Muka Muka,common,extracted/card_art/candidates/common/04/4522.png,assets/resources/card/images/illust/common/04/4522.bmp,LocalData/93217544/0000/83/8343f9cc,name_match_art_available,high,"CARD_Prop card ID at this row aligns with CARD_Name at the same CARD_Indx row; illustration AssetBundle path contains the same card ID; Sacred Cards name matches exactly after Unicode normalization, case-folding, and whitespace collapse."
517,Sand Stone,73051941,4523,Sand Stone,common,extracted/card_art/candidates/common/04/4523.png,assets/resources/card/images/illust/common/04/4523.bmp,LocalData/93217544/0000/f4/f444c95a,name_match_art_available,high,"CARD_Prop card ID at this row aligns with CARD_Name at the same CARD_Indx row; illustration AssetBundle path contains the same card ID; Sacred Cards name matches exactly after Unicode normalization, case-folding, and whitespace collapse."
518,Boulder Tortoise,9540040,4524,Boulder Tortoise,common,extracted/card_art/candidates/common/04/4524.png,assets/resources/card/images/illust/common/04/4524.bmp,LocalData/93217544/0000/6a/6a205cf9,name_match_art_available,high,"CARD_Prop card ID at this row aligns with CARD_Name at the same CARD_Indx row; illustration AssetBundle path contains the same card ID; Sacred Cards name matches exactly after Unicode normalization, case-folding, and whitespace collapse."
519,Fire Kraken,46534755,4525,Fire Kraken,common,extracted/card_art/candidates/common/04/4525.png,assets/resources/card/images/illust/common/04/4525.bmp,LocalData/93217544/0000/1d/1d276c6f,name_match_art_available,high,"CARD_Prop card ID at this row aligns with CARD_Name at the same CARD_Indx row; illustration AssetBundle path contains the same card ID; Sacred Cards name matches exactly after Unicode normalization, case-folding, and whitespace collapse."
520,Turtle Bird,72929454,4526,Turtle Bird,common,extracted/card_art/candidates/common/04/4526.png,assets/resources/card/images/illust/common/04/4526.bmp,LocalData/93217544/0000/84/842e3dd5,name_match_art_available,high,"CARD_Prop card ID at this row aligns with CARD_Name at the same CARD_Indx row; illustration AssetBundle path contains the same card ID; Sacred Cards name matches exactly after Unicode normalization, case-folding, and whitespace collapse."
521,Skullbird,8327462,4527,Skullbird,common,extracted/card_art/candidates/common/04/4527.png,assets/resources/card/images/illust/common/04/4527.bmp,LocalData/93217544/0000/f3/f3290d43,name_match_art_available,high,"CARD_Prop card ID at this row aligns with CARD_Name at the same CARD_Indx row; illustration AssetBundle path contains the same card ID; Sacred Cards name matches exactly after Unicode normalization, case-folding, and whitespace collapse."
522,Monstrous Bird,35712107,4528,Monstrous Bird,common,extracted/card_art/candidates/common/04/4528.png,assets/resources/card/images/illust/common/04/4528.bmp,LocalData/93217544/0000/63/639610d2,name_match_art_available,high,"CARD_Prop card ID at this row aligns with CARD_Name at the same CARD_Indx row; illustration AssetBundle path contains the same card ID; Sacred Cards name matches exactly after Unicode normalization, case-folding, and whitespace collapse."
523,The Bistro Butcher,71107816,4529,The Bistro Butcher,common,extracted/card_art/candidates/common/04/4529.png,assets/resources/card/images/illust/common/04/4529.bmp,LocalData/93217544/0000/14/14912044,name_match_art_available,high,"CARD_Prop card ID at this row aligns with CARD_Name at the same CARD_Indx row; illustration AssetBundle path contains the same card ID; Sacred Cards name matches exactly after Unicode normalization, case-folding, and whitespace collapse."
524,Star Boy,8201910,4530,Star Boy,common,extracted/card_art/candidates/common/04/4530.png,assets/resources/card/images/illust/common/04/4530.bmp,LocalData/93217544/0000/74/7456a9a1,name_match_art_available,high,"CARD_Prop card ID at this row aligns with CARD_Name at the same CARD_Indx row; illustration AssetBundle path contains the same card ID; Sacred Cards name matches exactly after Unicode normalization, case-folding, and whitespace collapse."
525,Spirit of the Mountain,34690519,4531,Spirit of the Mountain,common,extracted/card_art/candidates/common/04/4531.png,assets/resources/card/images/illust/common/04/4531.bmp,LocalData/93217544/0000/03/03519937,name_match_art_available,high,"CARD_Prop card ID at this row aligns with CARD_Name at the same CARD_Indx row; illustration AssetBundle path contains the same card ID; Sacred Cards name matches exactly after Unicode normalization, case-folding, and whitespace collapse."
526,Neck Hunter,70084224,4532,Neck Hunter,common,extracted/card_art/candidates/common/04/4532.png,assets/resources/card/images/illust/common/04/4532.bmp,LocalData/93217544/0000/9a/9a58c88d,name_match_art_available,high,"CARD_Prop card ID at this row aligns with CARD_Name at the same CARD_Indx row; illustration AssetBundle path contains the same card ID; Sacred Cards name matches exactly after Unicode normalization, case-folding, and whitespace collapse."
527,Milus Radiant,7489323,4533,Milus Radiant,common,extracted/card_art/candidates/common/04/4533.png,assets/resources/card/images/illust/common/04/4533.bmp,LocalData/93217544/0000/ed/ed5ff81b,name_match_art_available,high,"CARD_Prop card ID at this row aligns with CARD_Name at the same CARD_Indx row; illustration AssetBundle path contains the same card ID; Sacred Cards name matches exactly after Unicode normalization, case-folding, and whitespace collapse."
528,Togex,33878931,4534,Togex,common,extracted/card_art/candidates/common/04/4534.png,assets/resources/card/images/illust/common/04/4534.bmp,LocalData/93217544/0000/73/733b6db8,name_match_art_available,high,"CARD_Prop card ID at this row aligns with CARD_Name at the same CARD_Indx row; illustration AssetBundle path contains the same card ID; Sacred Cards name matches exactly after Unicode normalization, case-folding, and whitespace collapse."
529,Flame Cerebrus,60862676,4535,Flame Cerebrus,common,extracted/card_art/candidates/common/04/4535.png,assets/resources/card/images/illust/common/04/4535.bmp,LocalData/93217544/0000/04/043c5d2e,name_match_art_available,high,"CARD_Prop card ID at this row aligns with CARD_Name at the same CARD_Indx row; illustration AssetBundle path contains the same card ID; Sacred Cards name matches exactly after Unicode normalization, case-folding, and whitespace collapse."
530,Eldeen,6367785,4536,Eldeen,common,extracted/card_art/candidates/common/04/4536.png,assets/resources/card/images/illust/common/04/4536.bmp,LocalData/93217544/0000/9d/9d350c94,name_match_art_available,high,"CARD_Prop card ID at this row aligns with CARD_Name at the same CARD_Indx row; illustration AssetBundle path contains the same card ID; Sacred Cards name matches exactly after Unicode normalization, case-folding, and whitespace collapse."
531,Mystical Sand,32751480,4537,Mystical Sand,tcg,extracted/card_art/candidates/tcg/04/4537.png,assets/resources/card/images/illust/tcg/04/4537.bmp,LocalData/93217544/0000/ea/ea323c02,name_match_art_available,high,"CARD_Prop card ID at this row aligns with CARD_Name at the same CARD_Indx row; illustration AssetBundle path contains the same card ID; Sacred Cards name matches exactly after Unicode normalization, case-folding, and whitespace collapse."
532,Gemini Elf,69140098,4538,Gemini Elf,tcg,extracted/card_art/candidates/tcg/04/4538.png,assets/resources/card/images/illust/tcg/04/4538.bmp,LocalData/93217544/0000/7a/7a8d2193,name_match_art_available,high,"CARD_Prop card ID at this row aligns with CARD_Name at the same CARD_Indx row; illustration AssetBundle path contains the same card ID; Sacred Cards name matches exactly after Unicode normalization, case-folding, and whitespace collapse."
533,Kwagar Hercules,95144193,4539,Kwagar Hercules,common,extracted/card_art/candidates/common/04/4539.png,assets/resources/card/images/illust/common/04/4539.bmp,LocalData/93217544/0000/0d/0d8a1105,name_match_art_available,high,"CARD_Prop card ID at this row aligns with CARD_Name at the same CARD_Indx row; illustration AssetBundle path contains the same card ID; Sacred Cards name matches exactly after Unicode normalization, case-folding, and whitespace collapse."
534,Minar,32539892,4540,Minar,common,extracted/card_art/candidates/common/04/4540.png,assets/resources/card/images/illust/common/04/4540.bmp,LocalData/93217544/0000/3b/3b173f66,name_match_art_available,high,"CARD_Prop card ID at this row aligns with CARD_Name at the same CARD_Indx row; illustration AssetBundle path contains the same card ID; Sacred Cards name matches exactly after Unicode normalization, case-folding, and whitespace collapse."
535,Kamakiriman,68928540,4541,Kamakiriman,common,extracted/card_art/candidates/common/04/4541.png,assets/resources/card/images/illust/common/04/4541.bmp,LocalData/93217544/0000/4c/4c100ff0,name_match_art_available,high,"CARD_Prop card ID at this row aligns with CARD_Name at the same CARD_Indx row; illustration AssetBundle path contains the same card ID; Sacred Cards name matches exactly after Unicode normalization, case-folding, and whitespace collapse."
536,Mechaleon,94412545,4542,Mechaleon,common,extracted/card_art/candidates/common/04/4542.png,assets/resources/card/images/illust/common/04/4542.bmp,LocalData/93217544/0000/d5/d5195e4a,name_match_art_available,high,"CARD_Prop card ID at this row aligns with CARD_Name at the same CARD_Indx row; illustration AssetBundle path contains the same card ID; Sacred Cards name matches exactly after Unicode normalization, case-folding, and whitespace collapse."
537,Mega Thunderball,21817254,4543,Mega Thunderball,common,extracted/card_art/candidates/common/04/4543.png,assets/resources/card/images/illust/common/04/4543.bmp,LocalData/93217544/0000/a2/a21e6edc,name_match_art_available,high,"CARD_Prop card ID at this row aligns with CARD_Name at the same CARD_Indx row; illustration AssetBundle path contains the same card ID; Sacred Cards name matches exactly after Unicode normalization, case-folding, and whitespace collapse."
538,Niwatori,7805359,4544,Niwatori,common,extracted/card_art/candidates/common/04/4544.png,assets/resources/card/images/illust/common/04/4544.bmp,LocalData/93217544/0000/3c/3c7afb7f,name_match_art_available,high,"CARD_Prop card ID at this row aligns with CARD_Name at the same CARD_Indx row; illustration AssetBundle path contains the same card ID; Sacred Cards name matches exactly after Unicode normalization, case-folding, and whitespace collapse."
539,Corroding Shark,34290067,4545,Corroding Shark,tcg,extracted/card_art/candidates/tcg/04/4545.png,assets/resources/card/images/illust/tcg/04/4545.bmp,LocalData/93217544/0000/4b/4b7dcbe9,name_match_art_available,high,"CARD_Prop card ID at this row aligns with CARD_Name at the same CARD_Indx row; illustration AssetBundle path contains the same card ID; Sacred Cards name matches exactly after Unicode normalization, case-folding, and whitespace collapse."
540,Skelengel,60694662,4546,Skelengel,tcg,extracted/card_art/candidates/tcg/04/4546.png,assets/resources/card/images/illust/tcg/04/4546.bmp,LocalData/93217544/0000/d2/d2749a53,name_match_art_available,high,"CARD_Prop card ID at this row aligns with CARD_Name at the same CARD_Indx row; illustration AssetBundle path contains the same card ID; Sacred Cards name matches exactly after Unicode normalization, case-folding, and whitespace collapse."
541,Hane-Hane,7089711,4547,Hane-Hane,common,extracted/card_art/candidates/common/04/4547.png,assets/resources/card/images/illust/common/04/4547.bmp,LocalData/93217544/0000/a5/a573aac5,name_match_art_available,high,"CARD_Prop card ID at this row aligns with CARD_Name at the same CARD_Indx row; illustration AssetBundle path contains the same card ID; Sacred Cards name matches exactly after Unicode normalization, case-folding, and whitespace collapse."
542,Misairuzame,33178416,4548,Misairuzame,tcg,extracted/card_art/candidates/tcg/04/4548.png,assets/resources/card/images/illust/tcg/04/4548.bmp,LocalData/93217544/0000/35/35ccb754,name_match_art_available,high,"CARD_Prop card ID at this row aligns with CARD_Name at the same CARD_Indx row; illustration AssetBundle path contains the same card ID; Sacred Cards name matches exactly after Unicode normalization, case-folding, and whitespace collapse."
543,Tongyo,69572024,4549,Tongyo,common,extracted/card_art/candidates/common/04/4549.png,assets/resources/card/images/illust/common/04/4549.bmp,LocalData/93217544/0000/42/42cb87c2,name_match_art_available,high,"CARD_Prop card ID at this row aligns with CARD_Name at the same CARD_Indx row; illustration AssetBundle path contains the same card ID; Sacred Cards name matches exactly after Unicode normalization, case-folding, and whitespace collapse."
544,Dharma Cannon,96967123,4550,Dharma Cannon,tcg,extracted/card_art/candidates/tcg/04/4550.png,assets/resources/card/images/illust/tcg/04/4550.bmp,LocalData/93217544/0000/22/220c0e27,name_match_art_available,high,"CARD_Prop card ID at this row aligns with CARD_Name at the same CARD_Indx row; illustration AssetBundle path contains the same card ID; Sacred Cards name matches exactly after Unicode normalization, case-folding, and whitespace collapse."
545,Skelgon,32355828,4551,Skelgon,common,extracted/card_art/candidates/common/04/4551.png,assets/resources/card/images/illust/common/04/4551.bmp,LocalData/93217544/0000/55/550b3eb1,name_match_art_available,high,"CARD_Prop card ID at this row aligns with CARD_Name at the same CARD_Indx row; illustration AssetBundle path contains the same card ID; Sacred Cards name matches exactly after Unicode normalization, case-folding, and whitespace collapse."
546,Wow Warrior,69750536,4552,Wow Warrior,common,extracted/card_art/candidates/common/04/4552.png,assets/resources/card/images/illust/common/04/4552.bmp,LocalData/93217544/0000/cc/cc026f0b,name_match_art_available,high,"CARD_Prop card ID at this row aligns with CARD_Name at the same CARD_Indx row; illustration AssetBundle path contains the same card ID; Sacred Cards name matches exactly after Unicode normalization, case-folding, and whitespace collapse."
547,Griggle,95744531,4553,Griggle,common,extracted/card_art/candidates/common/04/4553.png,assets/resources/card/images/illust/common/04/4553.bmp,LocalData/93217544/0000/bb/bb055f9d,name_match_art_available,high,"CARD_Prop card ID at this row aligns with CARD_Name at the same CARD_Indx row; illustration AssetBundle path contains the same card ID; Sacred Cards name matches exactly after Unicode normalization, case-folding, and whitespace collapse."
548,Bone Mouse,21239280,4554,Bone Mouse,common,extracted/card_art/candidates/common/04/4554.png,assets/resources/card/images/illust/common/04/4554.bmp,LocalData/93217544/0000/25/2561ca3e,name_match_art_available,high,"CARD_Prop card ID at this row aligns with CARD_Name at the same CARD_Indx row; illustration AssetBundle path contains the same card ID; Sacred Cards name matches exactly after Unicode normalization, case-folding, and whitespace collapse."
549,Frog the Jam,68638985,,,,,,,unmatched,unmatched,No exact normalized English-name match found in the decoded Master Duel CARD_Name table.
550,Behegon,94022093,4556,Behegon,common,extracted/card_art/candidates/common/04/4556.png,assets/resources/card/images/illust/common/04/4556.bmp,LocalData/93217544/0000/cb/cb6fab12,name_match_art_available,high,"CARD_Prop card ID at this row aligns with CARD_Name at the same CARD_Indx row; illustration AssetBundle path contains the same card ID; Sacred Cards name matches exactly after Unicode normalization, case-folding, and whitespace collapse."
551,Dark Elf,21417692,4557,Dark Elf,common,extracted/card_art/candidates/common/04/4557.png,assets/resources/card/images/illust/common/04/4557.bmp,LocalData/93217544/0000/bc/bc689b84,name_match_art_available,high,"CARD_Prop card ID at this row aligns with CARD_Name at the same CARD_Indx row; illustration AssetBundle path contains the same card ID; Sacred Cards name matches exactly after Unicode normalization, case-folding, and whitespace collapse."
552,"Winged Dragon, Guardian of the Fortress #2",57405307,4558,"Winged Dragon, Guardian of the Fortress #2",common,extracted/card_art/candidates/common/04/4558.png,assets/resources/card/images/illust/common/04/4558.bmp,LocalData/93217544/0000/2c/2cd78615,name_match_art_available,high,"CARD_Prop card ID at this row aligns with CARD_Name at the same CARD_Indx row; illustration AssetBundle path contains the same card ID; Sacred Cards name matches exactly after Unicode normalization, case-folding, and whitespace collapse."
553,Mushroom Man #2,93900406,4559,Mushroom Man #2,common,extracted/card_art/candidates/common/04/4559.png,assets/resources/card/images/illust/common/04/4559.bmp,LocalData/93217544/0000/5b/5bd0b683,name_match_art_available,high,"CARD_Prop card ID at this row aligns with CARD_Name at the same CARD_Indx row; illustration AssetBundle path contains the same card ID; Sacred Cards name matches exactly after Unicode normalization, case-folding, and whitespace collapse."
554,Lava Battleguard,20394040,4560,Lava Battleguard,common,extracted/card_art/candidates/common/04/4560.png,assets/resources/card/images/illust/common/04/4560.bmp,LocalData/93217544/0000/09/09215de4,name_match_art_available,high,"CARD_Prop card ID at this row aligns with CARD_Name at the same CARD_Indx row; illustration AssetBundle path contains the same card ID; Sacred Cards name matches exactly after Unicode normalization, case-folding, and whitespace collapse."
555,Tyhone #2,56789759,4561,Tyhone #2,common,extracted/card_art/candidates/common/04/4561.png,assets/resources/card/images/illust/common/04/4561.bmp,LocalData/93217544/0000/7e/7e266d72,name_match_art_available,high,"CARD_Prop card ID at this row aligns with CARD_Name at the same CARD_Indx row; illustration AssetBundle path contains the same card ID; Sacred Cards name matches exactly after Unicode normalization, case-folding, and whitespace collapse."
556,The Wandering Doomed,93788854,4562,The Wandering Doomed,common,extracted/card_art/candidates/common/04/4562.png,assets/resources/card/images/illust/common/04/4562.bmp,LocalData/93217544/0000/e7/e72f3cc8,name_match_art_available,high,"CARD_Prop card ID at this row aligns with CARD_Name at the same CARD_Indx row; illustration AssetBundle path contains the same card ID; Sacred Cards name matches exactly after Unicode normalization, case-folding, and whitespace collapse."
557,Steel Ogre Grotto #1,29172562,4563,Steel Ogre Grotto #1,common,extracted/card_art/candidates/common/04/4563.png,assets/resources/card/images/illust/common/04/4563.bmp,LocalData/93217544/0000/90/90280c5e,name_match_art_available,high,"CARD_Prop card ID at this row aligns with CARD_Name at the same CARD_Indx row; illustration AssetBundle path contains the same card ID; Sacred Cards name matches exactly after Unicode normalization, case-folding, and whitespace collapse."
558,Pot the Trick,55567161,4564,Pot the Trick,common,extracted/card_art/candidates/common/04/4564.png,assets/resources/card/images/illust/common/04/4564.bmp,LocalData/93217544/0000/0e/0e4c99fd,name_match_art_available,high,"CARD_Prop card ID at this row aligns with CARD_Name at the same CARD_Indx row; illustration AssetBundle path contains the same card ID; Sacred Cards name matches exactly after Unicode normalization, case-folding, and whitespace collapse."
559,Oscillo Hero,82065276,4565,Oscillo Hero,common,extracted/card_art/candidates/common/04/4565.png,assets/resources/card/images/illust/common/04/4565.bmp,LocalData/93217544/0000/79/794ba96b,name_match_art_available,high,"CARD_Prop card ID at this row aligns with CARD_Name at the same CARD_Indx row; illustration AssetBundle path contains the same card ID; Sacred Cards name matches exactly after Unicode normalization, case-folding, and whitespace collapse."
560,Invader from Another Dimension,28450915,4566,Invader from Another Dimension,common,extracted/card_art/candidates/common/04/4566.png,assets/resources/card/images/illust/common/04/4566.bmp,LocalData/93217544/0000/e0/e042f8d1,name_match_art_available,high,"CARD_Prop card ID at this row aligns with CARD_Name at the same CARD_Indx row; illustration AssetBundle path contains the same card ID; Sacred Cards name matches exactly after Unicode normalization, case-folding, and whitespace collapse."
561,Lesser Dragon,55444629,4567,Lesser Dragon,common,extracted/card_art/candidates/common/04/4567.png,assets/resources/card/images/illust/common/04/4567.bmp,LocalData/93217544/0000/97/9745c847,name_match_art_available,high,"CARD_Prop card ID at this row aligns with CARD_Name at the same CARD_Indx row; illustration AssetBundle path contains the same card ID; Sacred Cards name matches exactly after Unicode normalization, case-folding, and whitespace collapse."
562,Needle Worm,81843628,4568,Needle Worm,common,extracted/card_art/candidates/common/04/4568.png,assets/resources/card/images/illust/common/04/4568.bmp,LocalData/93217544/0000/07/07fad5d6,name_match_art_available,high,"CARD_Prop card ID at this row aligns with CARD_Name at the same CARD_Indx row; illustration AssetBundle path contains the same card ID; Sacred Cards name matches exactly after Unicode normalization, case-folding, and whitespace collapse."
563,Wretched Ghost of the Attic,17238333,4569,Wretched Ghost of the Attic,common,extracted/card_art/candidates/common/04/4569.png,assets/resources/card/images/illust/common/04/4569.bmp,LocalData/93217544/0000/70/70fde540,name_match_art_available,high,"CARD_Prop card ID at this row aligns with CARD_Name at the same CARD_Indx row; illustration AssetBundle path contains the same card ID; Sacred Cards name matches exactly after Unicode normalization, case-folding, and whitespace collapse."
564,Great Mammoth of Goldfine,54622031,4570,Great Mammoth of Goldfine,common,extracted/card_art/candidates/common/04/4570.png,assets/resources/card/images/illust/common/04/4570.bmp,LocalData/93217544/0000/10/103a6ca5,name_match_art_available,high,"CARD_Prop card ID at this row aligns with CARD_Name at the same CARD_Indx row; illustration AssetBundle path contains the same card ID; Sacred Cards name matches exactly after Unicode normalization, case-folding, and whitespace collapse."
565,Man-eating Black Shark,80727036,4571,Man-eating Black Shark,common,extracted/card_art/candidates/common/04/4571.png,assets/resources/card/images/illust/common/04/4571.bmp,LocalData/93217544/0000/67/673d5c33,name_match_art_available,high,"CARD_Prop card ID at this row aligns with CARD_Name at the same CARD_Indx row; illustration AssetBundle path contains the same card ID; Sacred Cards name matches exactly after Unicode normalization, case-folding, and whitespace collapse."
566,Yormungarde,17115745,4572,Yormungarde,common,extracted/card_art/candidates/common/04/4572.png,assets/resources/card/images/illust/common/04/4572.bmp,LocalData/93217544/0000/fe/fe340d89,name_match_art_available,high,"CARD_Prop card ID at this row aligns with CARD_Name at the same CARD_Indx row; illustration AssetBundle path contains the same card ID; Sacred Cards name matches exactly after Unicode normalization, case-folding, and whitespace collapse."
567,Darkworld Thorns,43500484,4573,Darkworld Thorns,common,extracted/card_art/candidates/common/04/4573.png,assets/resources/card/images/illust/common/04/4573.bmp,LocalData/93217544/0000/89/89333d1f,name_match_art_available,high,"CARD_Prop card ID at this row aligns with CARD_Name at the same CARD_Indx row; illustration AssetBundle path contains the same card ID; Sacred Cards name matches exactly after Unicode normalization, case-folding, and whitespace collapse."
568,Anthrosaurus,89904598,4574,Anthrosaurus,common,extracted/card_art/candidates/common/04/4574.png,assets/resources/card/images/illust/common/04/4574.bmp,LocalData/93217544/0000/17/1757a8bc,name_match_art_available,high,"CARD_Prop card ID at this row aligns with CARD_Name at the same CARD_Indx row; illustration AssetBundle path contains the same card ID; Sacred Cards name matches exactly after Unicode normalization, case-folding, and whitespace collapse."
569,Drooling Lizard,16353197,4575,Drooling Lizard,common,extracted/card_art/candidates/common/04/4575.png,assets/resources/card/images/illust/common/04/4575.bmp,LocalData/93217544/0000/60/6050982a,name_match_art_available,high,"CARD_Prop card ID at this row aligns with CARD_Name at the same CARD_Indx row; illustration AssetBundle path contains the same card ID; Sacred Cards name matches exactly after Unicode normalization, case-folding, and whitespace collapse."
570,Trakadon,42348802,,,,,,,unmatched,unmatched,No exact normalized English-name match found in the decoded Master Duel CARD_Name table.
571,B. Dragon Jungle King,89832901,4577,B. Dragon Jungle King,common,extracted/card_art/candidates/common/04/4577.png,assets/resources/card/images/illust/common/04/4577.bmp,LocalData/93217544/0000/8e/8e5ef906,name_match_art_available,high,"CARD_Prop card ID at this row aligns with CARD_Name at the same CARD_Indx row; illustration AssetBundle path contains the same card ID; Sacred Cards name matches exactly after Unicode normalization, case-folding, and whitespace collapse."
572,Empress Judge,15237615,4578,Empress Judge,common,extracted/card_art/candidates/common/04/4578.png,assets/resources/card/images/illust/common/04/4578.bmp,LocalData/93217544/0000/1e/1ee1e497,name_match_art_available,high,"CARD_Prop card ID at this row aligns with CARD_Name at the same CARD_Indx row; illustration AssetBundle path contains the same card ID; Sacred Cards name matches exactly after Unicode normalization, case-folding, and whitespace collapse."
573,Little D,42625254,4579,Little D,common,extracted/card_art/candidates/common/04/4579.png,assets/resources/card/images/illust/common/04/4579.bmp,LocalData/93217544/0000/69/69e6d401,name_match_art_available,high,"CARD_Prop card ID at this row aligns with CARD_Name at the same CARD_Indx row; illustration AssetBundle path contains the same card ID; Sacred Cards name matches exactly after Unicode normalization, case-folding, and whitespace collapse."
574,Witch of the Black Forest,78010363,4580,Witch of the Black Forest,common,extracted/card_art/candidates/common/04/4580.png,assets/resources/card/images/illust/common/04/4580.bmp,LocalData/93217544/0000/97/97a2706a,name_match_art_available,high,"CARD_Prop card ID at this row aligns with CARD_Name at the same CARD_Indx row; illustration AssetBundle path contains the same card ID; Sacred Cards name matches exactly after Unicode normalization, case-folding, and whitespace collapse."
575,Ancient One of the Deep Forest,14015067,4581,Ancient One of the Deep Forest,common,extracted/card_art/candidates/common/04/4581.png,assets/resources/card/images/illust/common/04/4581.bmp,LocalData/93217544/0000/e0/e0a540fc,name_match_art_available,high,"CARD_Prop card ID at this row aligns with CARD_Name at the same CARD_Indx row; illustration AssetBundle path contains the same card ID; Sacred Cards name matches exactly after Unicode normalization, case-folding, and whitespace collapse."
576,Giant Scorpion of the Tundra,41403766,4582,Giant Scorpion of the Tundra,common,extracted/card_art/candidates/common/04/4582.png,assets/resources/card/images/illust/common/04/4582.bmp,LocalData/93217544/0000/79/79ac1146,name_match_art_available,high,"CARD_Prop card ID at this row aligns with CARD_Name at the same CARD_Indx row; illustration AssetBundle path contains the same card ID; Sacred Cards name matches exactly after Unicode normalization, case-folding, and whitespace collapse."
577,Crow Goblin,77998771,4583,Crow Goblin,common,extracted/card_art/candidates/common/04/4583.png,assets/resources/card/images/illust/common/04/4583.bmp,LocalData/93217544/0000/0e/0eab21d0,name_match_art_available,high,"CARD_Prop card ID at this row aligns with CARD_Name at the same CARD_Indx row; illustration AssetBundle path contains the same card ID; Sacred Cards name matches exactly after Unicode normalization, case-folding, and whitespace collapse."
578,Leo Wizard,4392470,4584,Leo Wizard,common,extracted/card_art/candidates/common/04/4584.png,assets/resources/card/images/illust/common/04/4584.bmp,LocalData/93217544/0000/90/90cfb473,name_match_art_available,high,"CARD_Prop card ID at this row aligns with CARD_Name at the same CARD_Indx row; illustration AssetBundle path contains the same card ID; Sacred Cards name matches exactly after Unicode normalization, case-folding, and whitespace collapse."
579,Abyss Flower,40387124,4585,Abyss Flower,common,extracted/card_art/candidates/common/04/4585.png,assets/resources/card/images/illust/common/04/4585.bmp,LocalData/93217544/0000/e7/e7c884e5,name_match_art_available,high,"CARD_Prop card ID at this row aligns with CARD_Name at the same CARD_Indx row; illustration AssetBundle path contains the same card ID; Sacred Cards name matches exactly after Unicode normalization, case-folding, and whitespace collapse."
580,Patrol Robo,76775123,4586,Patrol Robo,common,extracted/card_art/candidates/common/04/4586.png,assets/resources/card/images/illust/common/04/4586.bmp,LocalData/93217544/0000/7e/7ec1d55f,name_match_art_available,high,"CARD_Prop card ID at this row aligns with CARD_Name at the same CARD_Indx row; illustration AssetBundle path contains the same card ID; Sacred Cards name matches exactly after Unicode normalization, case-folding, and whitespace collapse."
581,Takuhee,3170832,4587,Takuhee,common,extracted/card_art/candidates/common/04/4587.png,assets/resources/card/images/illust/common/04/4587.bmp,LocalData/93217544/0000/09/09c6e5c9,name_match_art_available,high,"CARD_Prop card ID at this row aligns with CARD_Name at the same CARD_Indx row; illustration AssetBundle path contains the same card ID; Sacred Cards name matches exactly after Unicode normalization, case-folding, and whitespace collapse."
582,Dark Witch,35565537,4588,Dark Witch,tcg,extracted/card_art/candidates/tcg/04/4588.png,assets/resources/card/images/illust/tcg/04/4588.bmp,LocalData/93217544/0000/99/9979f858,name_match_art_available,high,"CARD_Prop card ID at this row aligns with CARD_Name at the same CARD_Indx row; illustration AssetBundle path contains the same card ID; Sacred Cards name matches exactly after Unicode normalization, case-folding, and whitespace collapse."
583,Destiny Board,94212438,5224,Destiny Board,tcg,extracted/card_art/candidates/tcg/05/5224.png,assets/resources/card/images/illust/tcg/05/5224.bmp,LocalData/93217544/0000/d7/d7d32d19,name_match_art_available,high,"CARD_Prop card ID at this row aligns with CARD_Name at the same CARD_Indx row; illustration AssetBundle path contains the same card ID; Sacred Cards name matches exactly after Unicode normalization, case-folding, and whitespace collapse."
584,"Spirit Message ""I""",31893528,5271,"Spirit Message ""I""",tcg,extracted/card_art/candidates/tcg/05/5271.png,assets/resources/card/images/illust/tcg/05/5271.bmp,LocalData/93217544/0000/da/dace2dd3,name_match_art_available,high,"CARD_Prop card ID at this row aligns with CARD_Name at the same CARD_Indx row; illustration AssetBundle path contains the same card ID; Sacred Cards name matches exactly after Unicode normalization, case-folding, and whitespace collapse."
585,"Spirit Message ""N""",67287533,5272,"Spirit Message ""N""",tcg,extracted/card_art/candidates/tcg/05/5272.png,assets/resources/card/images/illust/tcg/05/5272.bmp,LocalData/93217544/0000/43/43c77c69,name_match_art_available,high,"CARD_Prop card ID at this row aligns with CARD_Name at the same CARD_Indx row; illustration AssetBundle path contains the same card ID; Sacred Cards name matches exactly after Unicode normalization, case-folding, and whitespace collapse."
586,"Spirit Message ""A""",94772232,5273,"Spirit Message ""A""",tcg,extracted/card_art/candidates/tcg/05/5273.png,assets/resources/card/images/illust/tcg/05/5273.bmp,LocalData/93217544/0000/34/34c04cff,name_match_art_available,high,"CARD_Prop card ID at this row aligns with CARD_Name at the same CARD_Indx row; illustration AssetBundle path contains the same card ID; Sacred Cards name matches exactly after Unicode normalization, case-folding, and whitespace collapse."
587,"Spirit Message ""L""",30170981,5274,"Spirit Message ""L""",tcg,extracted/card_art/candidates/tcg/05/5274.png,assets/resources/card/images/illust/tcg/05/5274.bmp,LocalData/93217544/0000/aa/aaa4d95c,name_match_art_available,high,"CARD_Prop card ID at this row aligns with CARD_Name at the same CARD_Indx row; illustration AssetBundle path contains the same card ID; Sacred Cards name matches exactly after Unicode normalization, case-folding, and whitespace collapse."
588,Living Vase,34320307,4594,Living Vase,common,extracted/card_art/candidates/common/04/4594.png,assets/resources/card/images/illust/common/04/4594.bmp,LocalData/93217544/0000/89/89d48532,name_match_art_available,high,"CARD_Prop card ID at this row aligns with CARD_Name at the same CARD_Indx row; illustration AssetBundle path contains the same card ID; Sacred Cards name matches exactly after Unicode normalization, case-folding, and whitespace collapse."
589,Tentacle Plant,60715406,4595,Tentacle Plant,common,extracted/card_art/candidates/common/04/4595.png,assets/resources/card/images/illust/common/04/4595.bmp,LocalData/93217544/0000/fe/fed3b5a4,name_match_art_available,high,"CARD_Prop card ID at this row aligns with CARD_Name at the same CARD_Indx row; illustration AssetBundle path contains the same card ID; Sacred Cards name matches exactly after Unicode normalization, case-folding, and whitespace collapse."
590,Beaked Snake,6103114,4596,Beaked Snake,common,extracted/card_art/candidates/common/04/4596.png,assets/resources/card/images/illust/common/04/4596.bmp,LocalData/93217544/0000/67/67dae41e,name_match_art_available,high,"CARD_Prop card ID at this row aligns with CARD_Name at the same CARD_Indx row; illustration AssetBundle path contains the same card ID; Sacred Cards name matches exactly after Unicode normalization, case-folding, and whitespace collapse."
591,Morphing Jar,33508719,4597,Morphing Jar,common,extracted/card_art/candidates/common/04/4597.png,assets/resources/card/images/illust/common/04/4597.bmp,LocalData/93217544/0000/10/10ddd488,name_match_art_available,high,"CARD_Prop card ID at this row aligns with CARD_Name at the same CARD_Indx row; illustration AssetBundle path contains the same card ID; Sacred Cards name matches exactly after Unicode normalization, case-folding, and whitespace collapse."
592,Muse-A,69992868,4598,Muse-A,common,extracted/card_art/candidates/common/04/4598.png,assets/resources/card/images/illust/common/04/4598.bmp,LocalData/93217544/0000/80/8062c919,name_match_art_available,high,"CARD_Prop card ID at this row aligns with CARD_Name at the same CARD_Indx row; illustration AssetBundle path contains the same card ID; Sacred Cards name matches exactly after Unicode normalization, case-folding, and whitespace collapse."
593,Giant Turtle Who Feeds on Flames,96981563,4599,Giant Turtle Who Feeds on Flames,common,extracted/card_art/candidates/common/04/4599.png,assets/resources/card/images/illust/common/04/4599.bmp,LocalData/93217544/0000/f7/f765f98f,name_match_art_available,high,"CARD_Prop card ID at this row aligns with CARD_Name at the same CARD_Indx row; illustration AssetBundle path contains the same card ID; Sacred Cards name matches exactly after Unicode normalization, case-folding, and whitespace collapse."
594,Rose Spectre of Dunn,32485271,4600,Rose Spectre of Dunn,tcg,extracted/card_art/candidates/tcg/04/4600.png,assets/resources/card/images/illust/tcg/04/4600.bmp,LocalData/93217544/0000/5d/5d3d443b,name_match_art_available,high,"CARD_Prop card ID at this row aligns with CARD_Name at the same CARD_Indx row; illustration AssetBundle path contains the same card ID; Sacred Cards name matches exactly after Unicode normalization, case-folding, and whitespace collapse."
595,Fiend Reflection #1,68870276,4601,Fiend Reflection #1,common,extracted/card_art/candidates/common/04/4601.png,assets/resources/card/images/illust/common/04/4601.bmp,LocalData/93217544/0000/2a/2a3a74ad,name_match_art_available,high,"CARD_Prop card ID at this row aligns with CARD_Name at the same CARD_Indx row; illustration AssetBundle path contains the same card ID; Sacred Cards name matches exactly after Unicode normalization, case-folding, and whitespace collapse."
596,Ghoul with an Appetite,95265975,4602,Ghoul with an Appetite,common,extracted/card_art/candidates/common/04/4602.png,assets/resources/card/images/illust/common/04/4602.bmp,LocalData/93217544/0000/b3/b3332517,name_match_art_available,high,"CARD_Prop card ID at this row aligns with CARD_Name at the same CARD_Indx row; illustration AssetBundle path contains the same card ID; Sacred Cards name matches exactly after Unicode normalization, case-folding, and whitespace collapse."
597,Pale Beast,21263083,4603,Pale Beast,common,extracted/card_art/candidates/common/04/4603.png,assets/resources/card/images/illust/common/04/4603.bmp,LocalData/93217544/0000/c4/c4341581,name_match_art_available,high,"CARD_Prop card ID at this row aligns with CARD_Name at the same CARD_Indx row; illustration AssetBundle path contains the same card ID; Sacred Cards name matches exactly after Unicode normalization, case-folding, and whitespace collapse."
598,Little Chimera,68658728,4604,Little Chimera,common,extracted/card_art/candidates/common/04/4604.png,assets/resources/card/images/illust/common/04/4604.bmp,LocalData/93217544/0000/5a/5a508022,name_match_art_available,high,"CARD_Prop card ID at this row aligns with CARD_Name at the same CARD_Indx row; illustration AssetBundle path contains the same card ID; Sacred Cards name matches exactly after Unicode normalization, case-folding, and whitespace collapse."
599,Violent Rain,94042337,4605,Violent Rain,common,extracted/card_art/candidates/common/04/4605.png,assets/resources/card/images/illust/common/04/4605.bmp,LocalData/93217544/0000/2d/2d57b0b4,name_match_art_available,high,"CARD_Prop card ID at this row aligns with CARD_Name at the same CARD_Indx row; illustration AssetBundle path contains the same card ID; Sacred Cards name matches exactly after Unicode normalization, case-folding, and whitespace collapse."
600,Key Mace #2,20541432,4606,Key Mace #2,common,extracted/card_art/candidates/common/04/4606.png,assets/resources/card/images/illust/common/04/4606.bmp,LocalData/93217544/0000/b4/b45ee10e,name_match_art_available,high,"CARD_Prop card ID at this row aligns with CARD_Name at the same CARD_Indx row; illustration AssetBundle path contains the same card ID; Sacred Cards name matches exactly after Unicode normalization, case-folding, and whitespace collapse."
601,Tenderness,57935140,4607,Tenderness,common,extracted/card_art/candidates/common/04/4607.png,assets/resources/card/images/illust/common/04/4607.bmp,LocalData/93217544/0000/c3/c359d198,name_match_art_available,high,"CARD_Prop card ID at this row aligns with CARD_Name at the same CARD_Indx row; illustration AssetBundle path contains the same card ID; Sacred Cards name matches exactly after Unicode normalization, case-folding, and whitespace collapse."
602,Penguin Soldier,93920745,4608,Penguin Soldier,common,extracted/card_art/candidates/common/04/4608.png,assets/resources/card/images/illust/common/04/4608.bmp,LocalData/93217544/0000/53/53e6cc09,name_match_art_available,high,"CARD_Prop card ID at this row aligns with CARD_Name at the same CARD_Indx row; illustration AssetBundle path contains the same card ID; Sacred Cards name matches exactly after Unicode normalization, case-folding, and whitespace collapse."
603,Fairy Dragon,20315854,4609,Fairy Dragon,common,extracted/card_art/candidates/common/04/4609.png,assets/resources/card/images/illust/common/04/4609.bmp,LocalData/93217544/0000/24/24e1fc9f,name_match_art_available,high,"CARD_Prop card ID at this row aligns with CARD_Name at the same CARD_Indx row; illustration AssetBundle path contains the same card ID; Sacred Cards name matches exactly after Unicode normalization, case-folding, and whitespace collapse."
604,Obese Marmot of Nefariousness,56713552,4610,Obese Marmot of Nefariousness,common,extracted/card_art/candidates/common/04/4610.png,assets/resources/card/images/illust/common/04/4610.bmp,LocalData/93217544/0000/44/4426757a,name_match_art_available,high,"CARD_Prop card ID at this row aligns with CARD_Name at the same CARD_Indx row; illustration AssetBundle path contains the same card ID; Sacred Cards name matches exactly after Unicode normalization, case-folding, and whitespace collapse."
605,Liquid Beast,93108297,4611,Liquid Beast,common,extracted/card_art/candidates/common/04/4611.png,assets/resources/card/images/illust/common/04/4611.bmp,LocalData/93217544/0000/33/332145ec,name_match_art_available,high,"CARD_Prop card ID at this row aligns with CARD_Name at the same CARD_Indx row; illustration AssetBundle path contains the same card ID; Sacred Cards name matches exactly after Unicode normalization, case-folding, and whitespace collapse."
606,Twin Long Rods #2,29692206,4612,Twin Long Rods #2,common,extracted/card_art/candidates/common/04/4612.png,assets/resources/card/images/illust/common/04/4612.bmp,LocalData/93217544/0000/aa/aa281456,name_match_art_available,high,"CARD_Prop card ID at this row aligns with CARD_Name at the same CARD_Indx row; illustration AssetBundle path contains the same card ID; Sacred Cards name matches exactly after Unicode normalization, case-folding, and whitespace collapse."
607,Great Bill,55691901,4613,Great Bill,common,extracted/card_art/candidates/common/04/4613.png,assets/resources/card/images/illust/common/04/4613.bmp,LocalData/93217544/0000/dd/dd2f24c0,name_match_art_available,high,"CARD_Prop card ID at this row aligns with CARD_Name at the same CARD_Indx row; illustration AssetBundle path contains the same card ID; Sacred Cards name matches exactly after Unicode normalization, case-folding, and whitespace collapse."
608,Shining Friendship,82085619,4614,Shining Friendship,tcg,extracted/card_art/candidates/tcg/04/4614.png,assets/resources/card/images/illust/tcg/04/4614.bmp,LocalData/93217544/0000/43/434bb163,name_match_art_available,high,"CARD_Prop card ID at this row aligns with CARD_Name at the same CARD_Indx row; illustration AssetBundle path contains the same card ID; Sacred Cards name matches exactly after Unicode normalization, case-folding, and whitespace collapse."
609,Bladefly,28470714,4615,Bladefly,common,extracted/card_art/candidates/common/04/4615.png,assets/resources/card/images/illust/common/04/4615.bmp,LocalData/93217544/0000/34/344c81f5,name_match_art_available,high,"CARD_Prop card ID at this row aligns with CARD_Name at the same CARD_Indx row; illustration AssetBundle path contains the same card ID; Sacred Cards name matches exactly after Unicode normalization, case-folding, and whitespace collapse."
610,Electric Lizard,55875323,4616,Electric Lizard,common,extracted/card_art/candidates/common/04/4616.png,assets/resources/card/images/illust/common/04/4616.bmp,LocalData/93217544/0000/ad/ad45d04f,name_match_art_available,high,"CARD_Prop card ID at this row aligns with CARD_Name at the same CARD_Indx row; illustration AssetBundle path contains the same card ID; Sacred Cards name matches exactly after Unicode normalization, case-folding, and whitespace collapse."
611,Hiro's Shadow Scout,81863068,4617,Hiro's Shadow Scout,common,extracted/card_art/candidates/common/04/4617.png,assets/resources/card/images/illust/common/04/4617.bmp,LocalData/93217544/0000/da/da42e0d9,name_match_art_available,high,"CARD_Prop card ID at this row aligns with CARD_Name at the same CARD_Indx row; illustration AssetBundle path contains the same card ID; Sacred Cards name matches exactly after Unicode normalization, case-folding, and whitespace collapse."
612,Lady of Faith,17358176,4618,Lady of Faith,common,extracted/card_art/candidates/common/04/4618.png,assets/resources/card/images/illust/common/04/4618.bmp,LocalData/93217544/0000/4a/4afdfd48,name_match_art_available,high,"CARD_Prop card ID at this row aligns with CARD_Name at the same CARD_Indx row; illustration AssetBundle path contains the same card ID; Sacred Cards name matches exactly after Unicode normalization, case-folding, and whitespace collapse."
613,Twin-Headed Thunder Dragon,54752875,4619,Twin-Headed Thunder Dragon,common,extracted/card_art/candidates/common/04/4619.png,assets/resources/card/images/illust/common/04/4619.bmp,LocalData/93217544/0000/3d/3dfacdde,name_match_art_available,high,"CARD_Prop card ID at this row aligns with CARD_Name at the same CARD_Indx row; illustration AssetBundle path contains the same card ID; Sacred Cards name matches exactly after Unicode normalization, case-folding, and whitespace collapse."
614,Hunter Spider,80141480,4620,Hunter Spider,common,extracted/card_art/candidates/common/04/4620.png,assets/resources/card/images/illust/common/04/4620.bmp,LocalData/93217544/0000/6f/6f0b26b9,name_match_art_available,high,"CARD_Prop card ID at this row aligns with CARD_Name at the same CARD_Indx row; illustration AssetBundle path contains the same card ID; Sacred Cards name matches exactly after Unicode normalization, case-folding, and whitespace collapse."
615,Armored Starfish,17535588,4621,Armored Starfish,common,extracted/card_art/candidates/common/04/4621.png,assets/resources/card/images/illust/common/04/4621.bmp,LocalData/93217544/0000/18/180c162f,name_match_art_available,high,"CARD_Prop card ID at this row aligns with CARD_Name at the same CARD_Indx row; illustration AssetBundle path contains the same card ID; Sacred Cards name matches exactly after Unicode normalization, case-folding, and whitespace collapse."
616,Hourglass of Courage,43530283,4622,Hourglass of Courage,common,extracted/card_art/candidates/common/04/4622.png,assets/resources/card/images/illust/common/04/4622.bmp,LocalData/93217544/0000/81/81054795,name_match_art_available,high,"CARD_Prop card ID at this row aligns with CARD_Name at the same CARD_Indx row; illustration AssetBundle path contains the same card ID; Sacred Cards name matches exactly after Unicode normalization, case-folding, and whitespace collapse."
617,Marine Beast,29929832,4623,Marine Beast,common,extracted/card_art/candidates/common/04/4623.png,assets/resources/card/images/illust/common/04/4623.bmp,LocalData/93217544/0000/f6/f6027703,name_match_art_available,high,"CARD_Prop card ID at this row aligns with CARD_Name at the same CARD_Indx row; illustration AssetBundle path contains the same card ID; Sacred Cards name matches exactly after Unicode normalization, case-folding, and whitespace collapse."
618,Warrior of Tradition,56413937,4624,Warrior of Tradition,common,extracted/card_art/candidates/common/04/4624.png,assets/resources/card/images/illust/common/04/4624.bmp,LocalData/93217544/0000/68/6866e2a0,name_match_art_available,high,"CARD_Prop card ID at this row aligns with CARD_Name at the same CARD_Indx row; illustration AssetBundle path contains the same card ID; Sacred Cards name matches exactly after Unicode normalization, case-folding, and whitespace collapse."
619,Rock Spirit,82818645,4625,Rock Spirit,common,extracted/card_art/candidates/common/04/4625.png,assets/resources/card/images/illust/common/04/4625.bmp,LocalData/93217544/0000/1f/1f61d236,name_match_art_available,high,"CARD_Prop card ID at this row aligns with CARD_Name at the same CARD_Indx row; illustration AssetBundle path contains the same card ID; Sacred Cards name matches exactly after Unicode normalization, case-folding, and whitespace collapse."
620,Snakeyashi,29802344,4626,Snakeyashi,common,extracted/card_art/candidates/common/04/4626.png,assets/resources/card/images/illust/common/04/4626.bmp,LocalData/93217544/0000/86/8668838c,name_match_art_available,high,"CARD_Prop card ID at this row aligns with CARD_Name at the same CARD_Indx row; illustration AssetBundle path contains the same card ID; Sacred Cards name matches exactly after Unicode normalization, case-folding, and whitespace collapse."
621,Succubus Knight,55291359,4627,Succubus Knight,tcg,extracted/card_art/candidates/tcg/04/4627.png,assets/resources/card/images/illust/tcg/04/4627.bmp,LocalData/93217544/0000/f1/f16fb31a,name_match_art_available,high,"CARD_Prop card ID at this row aligns with CARD_Name at the same CARD_Indx row; illustration AssetBundle path contains the same card ID; Sacred Cards name matches exactly after Unicode normalization, case-folding, and whitespace collapse."
622,Ill Witch,81686058,4628,Ill Witch,tcg,extracted/card_art/candidates/tcg/04/4628.png,assets/resources/card/images/illust/tcg/04/4628.bmp,LocalData/93217544/0000/61/61d0ae8b,name_match_art_available,high,"CARD_Prop card ID at this row aligns with CARD_Name at the same CARD_Indx row; illustration AssetBundle path contains the same card ID; Sacred Cards name matches exactly after Unicode normalization, case-folding, and whitespace collapse."
623,The Thing That Hides in the Mud,18180762,4629,The Thing That Hides in the Mud,common,extracted/card_art/candidates/common/04/4629.png,assets/resources/card/images/illust/common/04/4629.bmp,LocalData/93217544/0000/16/16d79e1d,name_match_art_available,high,"CARD_Prop card ID at this row aligns with CARD_Name at the same CARD_Indx row; illustration AssetBundle path contains the same card ID; Sacred Cards name matches exactly after Unicode normalization, case-folding, and whitespace collapse."
624,High Tide Gyojin,54579801,4630,High Tide Gyojin,common,extracted/card_art/candidates/common/04/4630.png,assets/resources/card/images/illust/common/04/4630.bmp,LocalData/93217544/0000/76/761017f8,name_match_art_available,high,"CARD_Prop card ID at this row aligns with CARD_Name at the same CARD_Indx row; illustration AssetBundle path contains the same card ID; Sacred Cards name matches exactly after Unicode normalization, case-folding, and whitespace collapse."
625,Fairy of the Fountain,81563416,4631,Fairy of the Fountain,tcg,extracted/card_art/candidates/tcg/04/4631.png,assets/resources/card/images/illust/tcg/04/4631.bmp,LocalData/93217544/0000/01/0117276e,name_match_art_available,high,"CARD_Prop card ID at this row aligns with CARD_Name at the same CARD_Indx row; illustration AssetBundle path contains the same card ID; Sacred Cards name matches exactly after Unicode normalization, case-folding, and whitespace collapse."
626,Amazon of the Seas,17968114,4632,Amazon of the Seas,tcg,extracted/card_art/candidates/tcg/04/4632.png,assets/resources/card/images/illust/tcg/04/4632.bmp,LocalData/93217544/0000/98/981e76d4,name_match_art_available,high,"CARD_Prop card ID at this row aligns with CARD_Name at the same CARD_Indx row; illustration AssetBundle path contains the same card ID; Sacred Cards name matches exactly after Unicode normalization, case-folding, and whitespace collapse."
627,Nekogal #2,43352213,4633,Nekogal #2,tcg,extracted/card_art/candidates/tcg/04/4633.png,assets/resources/card/images/illust/tcg/04/4633.bmp,LocalData/93217544/0000/ef/ef194642,name_match_art_available,high,"CARD_Prop card ID at this row aligns with CARD_Name at the same CARD_Indx row; illustration AssetBundle path contains the same card ID; Sacred Cards name matches exactly after Unicode normalization, case-folding, and whitespace collapse."
628,Witch's Apprentice,80741828,4634,Witch's Apprentice,common,extracted/card_art/candidates/common/04/4634.png,assets/resources/card/images/illust/common/04/4634.bmp,LocalData/93217544/0000/71/717dd3e1,name_match_art_available,high,"CARD_Prop card ID at this row aligns with CARD_Name at the same CARD_Indx row; illustration AssetBundle path contains the same card ID; Sacred Cards name matches exactly after Unicode normalization, case-folding, and whitespace collapse."
629,Armored Rat,16246527,4635,Armored Rat,common,extracted/card_art/candidates/common/04/4635.png,assets/resources/card/images/illust/common/04/4635.bmp,LocalData/93217544/0000/06/067ae377,name_match_art_available,high,"CARD_Prop card ID at this row aligns with CARD_Name at the same CARD_Indx row; illustration AssetBundle path contains the same card ID; Sacred Cards name matches exactly after Unicode normalization, case-folding, and whitespace collapse."
630,Ancient Lizard Warrior,43230671,4636,Ancient Lizard Warrior,common,extracted/card_art/candidates/common/04/4636.png,assets/resources/card/images/illust/common/04/4636.bmp,LocalData/93217544/0000/9f/9f73b2cd,name_match_art_available,high,"CARD_Prop card ID at this row aligns with CARD_Name at the same CARD_Indx row; illustration AssetBundle path contains the same card ID; Sacred Cards name matches exactly after Unicode normalization, case-folding, and whitespace collapse."
631,Maiden of the Moonlight,79629370,4637,Maiden of the Moonlight,tcg,extracted/card_art/candidates/tcg/04/4637.png,assets/resources/card/images/illust/tcg/04/4637.bmp,LocalData/93217544/0000/e8/e874825b,name_match_art_available,high,"CARD_Prop card ID at this row aligns with CARD_Name at the same CARD_Indx row; illustration AssetBundle path contains the same card ID; Sacred Cards name matches exactly after Unicode normalization, case-folding, and whitespace collapse."
632,Stone Ogre Grotto,15023985,4638,Stone Ogre Grotto,common,extracted/card_art/candidates/common/04/4638.png,assets/resources/card/images/illust/common/04/4638.bmp,LocalData/93217544/0000/78/78cb9fca,name_match_art_available,high,"CARD_Prop card ID at this row aligns with CARD_Name at the same CARD_Indx row; illustration AssetBundle path contains the same card ID; Sacred Cards name matches exactly after Unicode normalization, case-folding, and whitespace collapse."
633,Winged Egg of New Life,42418084,4639,Winged Egg of New Life,common,extracted/card_art/candidates/common/04/4639.png,assets/resources/card/images/illust/common/04/4639.bmp,LocalData/93217544/0000/0f/0fccaf5c,name_match_art_available,high,"CARD_Prop card ID at this row aligns with CARD_Name at the same CARD_Indx row; illustration AssetBundle path contains the same card ID; Sacred Cards name matches exactly after Unicode normalization, case-folding, and whitespace collapse."
634,Night Lizard,78402798,4640,Night Lizard,common,extracted/card_art/candidates/common/04/4640.png,assets/resources/card/images/illust/common/04/4640.bmp,LocalData/93217544/0000/39/3951813f,name_match_art_available,high,"CARD_Prop card ID at this row aligns with CARD_Name at the same CARD_Indx row; illustration AssetBundle path contains the same card ID; Sacred Cards name matches exactly after Unicode normalization, case-folding, and whitespace collapse."
635,Queen's Double,5901497,4641,Queen's Double,common,extracted/card_art/candidates/common/04/4641.png,assets/resources/card/images/illust/common/04/4641.bmp,LocalData/93217544/0000/4e/4e56b1a9,name_match_art_available,high,"CARD_Prop card ID at this row aligns with CARD_Name at the same CARD_Indx row; illustration AssetBundle path contains the same card ID; Sacred Cards name matches exactly after Unicode normalization, case-folding, and whitespace collapse."
636,Blue-Winged Crown,41396436,4642,Blue-Winged Crown,common,extracted/card_art/candidates/common/04/4642.png,assets/resources/card/images/illust/common/04/4642.bmp,LocalData/93217544/0000/d7/d75fe013,name_match_art_available,high,"CARD_Prop card ID at this row aligns with CARD_Name at the same CARD_Indx row; illustration AssetBundle path contains the same card ID; Sacred Cards name matches exactly after Unicode normalization, case-folding, and whitespace collapse."
637,Trent,78780140,4643,Trent,common,extracted/card_art/candidates/common/04/4643.png,assets/resources/card/images/illust/common/04/4643.bmp,LocalData/93217544/0000/a0/a058d085,name_match_art_available,high,"CARD_Prop card ID at this row aligns with CARD_Name at the same CARD_Indx row; illustration AssetBundle path contains the same card ID; Sacred Cards name matches exactly after Unicode normalization, case-folding, and whitespace collapse."
638,Queen of Autumn Leaves,4179849,4644,Queen of Autumn Leaves,common,extracted/card_art/candidates/common/04/4644.png,assets/resources/card/images/illust/common/04/4644.bmp,LocalData/93217544/0000/3e/3e3c4526,name_match_art_available,high,"CARD_Prop card ID at this row aligns with CARD_Name at the same CARD_Indx row; illustration AssetBundle path contains the same card ID; Sacred Cards name matches exactly after Unicode normalization, case-folding, and whitespace collapse."
639,Amphibious Bugroth,40173854,4645,Amphibious Bugroth,common,extracted/card_art/candidates/common/04/4645.png,assets/resources/card/images/illust/common/04/4645.bmp,LocalData/93217544/0000/49/493b75b0,name_match_art_available,high,"CARD_Prop card ID at this row aligns with CARD_Name at the same CARD_Indx row; illustration AssetBundle path contains the same card ID; Sacred Cards name matches exactly after Unicode normalization, case-folding, and whitespace collapse."
640,Acid Crawler,77568553,4646,Acid Crawler,common,extracted/card_art/candidates/common/04/4646.png,assets/resources/card/images/illust/common/04/4646.bmp,LocalData/93217544/0000/d0/d032240a,name_match_art_available,high,"CARD_Prop card ID at this row aligns with CARD_Name at the same CARD_Indx row; illustration AssetBundle path contains the same card ID; Sacred Cards name matches exactly after Unicode normalization, case-folding, and whitespace collapse."
641,Invader of the Throne,3056267,4647,Invader of the Throne,tcg,extracted/card_art/candidates/tcg/04/4647.png,assets/resources/card/images/illust/tcg/04/4647.bmp,LocalData/93217544/0000/a7/a735149c,name_match_art_available,high,"CARD_Prop card ID at this row aligns with CARD_Name at the same CARD_Indx row; illustration AssetBundle path contains the same card ID; Sacred Cards name matches exactly after Unicode normalization, case-folding, and whitespace collapse."
642,Mystical Sheep #1,30451366,4648,Mystical Sheep #1,common,extracted/card_art/candidates/common/04/4648.png,assets/resources/card/images/illust/common/04/4648.bmp,LocalData/93217544/0000/37/378a090d,name_match_art_available,high,"CARD_Prop card ID at this row aligns with CARD_Name at the same CARD_Indx row; illustration AssetBundle path contains the same card ID; Sacred Cards name matches exactly after Unicode normalization, case-folding, and whitespace collapse."
643,Disk Magician,76446915,4649,Disk Magician,common,extracted/card_art/candidates/common/04/4649.png,assets/resources/card/images/illust/common/04/4649.bmp,LocalData/93217544/0000/40/408d399b,name_match_art_available,high,"CARD_Prop card ID at this row aligns with CARD_Name at the same CARD_Indx row; illustration AssetBundle path contains the same card ID; Sacred Cards name matches exactly after Unicode normalization, case-folding, and whitespace collapse."
644,Flame Viper,2830619,4650,Flame Viper,common,extracted/card_art/candidates/common/04/4650.png,assets/resources/card/images/illust/common/04/4650.bmp,LocalData/93217544/0000/20/204ab07e,name_match_art_available,high,"CARD_Prop card ID at this row aligns with CARD_Name at the same CARD_Indx row; illustration AssetBundle path contains the same card ID; Sacred Cards name matches exactly after Unicode normalization, case-folding, and whitespace collapse."
645,Royal Guard,39239728,4651,Royal Guard,common,extracted/card_art/candidates/common/04/4651.png,assets/resources/card/images/illust/common/04/4651.bmp,LocalData/93217544/0000/57/574d80e8,name_match_art_available,high,"CARD_Prop card ID at this row aligns with CARD_Name at the same CARD_Indx row; illustration AssetBundle path contains the same card ID; Sacred Cards name matches exactly after Unicode normalization, case-folding, and whitespace collapse."
646,Gruesome Goo,65623423,4652,Gruesome Goo,common,extracted/card_art/candidates/common/04/4652.png,assets/resources/card/images/illust/common/04/4652.bmp,LocalData/93217544/0000/ce/ce44d152,name_match_art_available,high,"CARD_Prop card ID at this row aligns with CARD_Name at the same CARD_Indx row; illustration AssetBundle path contains the same card ID; Sacred Cards name matches exactly after Unicode normalization, case-folding, and whitespace collapse."
647,Hyosube,2118022,4653,Hyosube,common,extracted/card_art/candidates/common/04/4653.png,assets/resources/card/images/illust/common/04/4653.bmp,LocalData/93217544/0000/b9/b943e1c4,name_match_art_available,high,"CARD_Prop card ID at this row aligns with CARD_Name at the same CARD_Indx row; illustration AssetBundle path contains the same card ID; Sacred Cards name matches exactly after Unicode normalization, case-folding, and whitespace collapse."
648,Machine Attacker,38116136,4654,Machine Attacker,common,extracted/card_art/candidates/common/04/4654.png,assets/resources/card/images/illust/common/04/4654.bmp,LocalData/93217544/0000/27/27277467,name_match_art_available,high,"CARD_Prop card ID at this row aligns with CARD_Name at the same CARD_Indx row; illustration AssetBundle path contains the same card ID; Sacred Cards name matches exactly after Unicode normalization, case-folding, and whitespace collapse."
649,Hibikime,64501875,4655,Hibikime,common,extracted/card_art/candidates/common/04/4655.png,assets/resources/card/images/illust/common/04/4655.bmp,LocalData/93217544/0000/50/502044f1,name_match_art_available,high,"CARD_Prop card ID at this row aligns with CARD_Name at the same CARD_Indx row; illustration AssetBundle path contains the same card ID; Sacred Cards name matches exactly after Unicode normalization, case-folding, and whitespace collapse."
650,Whiptail Crow,91996584,4656,Whiptail Crow,common,extracted/card_art/candidates/common/04/4656.png,assets/resources/card/images/illust/common/04/4656.bmp,LocalData/93217544/0000/c9/c929154b,name_match_art_available,high,"CARD_Prop card ID at this row aligns with CARD_Name at the same CARD_Indx row; illustration AssetBundle path contains the same card ID; Sacred Cards name matches exactly after Unicode normalization, case-folding, and whitespace collapse."
651,Kunai with Chain,37390589,4657,Kunai with Chain,common,extracted/card_art/candidates/common/04/4657.png,assets/resources/card/images/illust/common/04/4657.bmp,masterduel_Data/StreamingAssets/AssetBundle/be/be2e25dd,name_match_art_available,high,"CARD_Prop card ID at this row aligns with CARD_Name at the same CARD_Indx row; illustration AssetBundle path contains the same card ID; Sacred Cards name matches exactly after Unicode normalization, case-folding, and whitespace collapse."
652,Magical Labyrinth,64389297,4658,Magical Labyrinth,common,extracted/card_art/candidates/common/04/4658.png,assets/resources/card/images/illust/common/04/4658.bmp,LocalData/93217544/0000/2e/2e91384c,name_match_art_available,high,"CARD_Prop card ID at this row aligns with CARD_Name at the same CARD_Indx row; illustration AssetBundle path contains the same card ID; Sacred Cards name matches exactly after Unicode normalization, case-folding, and whitespace collapse."
653,Warrior Elimination,90873992,4659,Warrior Elimination,common,extracted/card_art/candidates/common/04/4659.png,assets/resources/card/images/illust/common/04/4659.bmp,LocalData/93217544/0000/59/599608da,name_match_art_available,high,"CARD_Prop card ID at this row aligns with CARD_Name at the same CARD_Indx row; illustration AssetBundle path contains the same card ID; Sacred Cards name matches exactly after Unicode normalization, case-folding, and whitespace collapse."
654,Salamandra,32268901,4660,Salamandra,common,extracted/card_art/candidates/common/04/4660.png,assets/resources/card/images/illust/common/04/4660.bmp,LocalData/93217544/0000/0b/0b67e3bd,name_match_art_available,high,"CARD_Prop card ID at this row aligns with CARD_Name at the same CARD_Indx row; illustration AssetBundle path contains the same card ID; Sacred Cards name matches exactly after Unicode normalization, case-folding, and whitespace collapse."
655,Cursebreaker,69666645,,,,,,,unmatched,unmatched,No exact normalized English-name match found in the decoded Master Duel CARD_Name table.
656,Eternal Rest,95051344,4662,Eternal Rest,common,extracted/card_art/candidates/common/04/4662.png,assets/resources/card/images/illust/common/04/4662.bmp,LocalData/93217544/0000/e5/e5698291,name_match_art_available,high,"CARD_Prop card ID at this row aligns with CARD_Name at the same CARD_Indx row; illustration AssetBundle path contains the same card ID; Sacred Cards name matches exactly after Unicode normalization, case-folding, and whitespace collapse."
657,Megamorph,22046459,4663,Megamorph,common,extracted/card_art/candidates/common/04/4663.png,assets/resources/card/images/illust/common/04/4663.bmp,LocalData/93217544/0000/92/926eb207,name_match_art_available,high,"CARD_Prop card ID at this row aligns with CARD_Name at the same CARD_Indx row; illustration AssetBundle path contains the same card ID; Sacred Cards name matches exactly after Unicode normalization, case-folding, and whitespace collapse."
658,Metalmorph,68540058,4664,Metalmorph,common,extracted/card_art/candidates/common/04/4664.png,assets/resources/card/images/illust/common/04/4664.bmp,LocalData/93217544/0000/0c/0c0a27a4,name_match_art_available,high,"CARD_Prop card ID at this row aligns with CARD_Name at the same CARD_Indx row; illustration AssetBundle path contains the same card ID; Sacred Cards name matches exactly after Unicode normalization, case-folding, and whitespace collapse."
659,Winged Trumpeter,94939166,,,,,,,unmatched,unmatched,No exact normalized English-name match found in the decoded Master Duel CARD_Name table.
660,Stain Storm,21323861,,,,,,,unmatched,unmatched,No exact normalized English-name match found in the decoded Master Duel CARD_Name table.
661,Crush Card,57728570,,,,,,,unmatched,unmatched,No exact normalized English-name match found in the decoded Master Duel CARD_Name table.
662,Eradicating Aerosol,94716515,4668,Eradicating Aerosol,tcg,extracted/card_art/candidates/tcg/04/4668.png,assets/resources/card/images/illust/tcg/04/4668.bmp,LocalData/93217544/0000/05/05bc6b8f,name_match_art_available,high,"CARD_Prop card ID at this row aligns with CARD_Name at the same CARD_Indx row; illustration AssetBundle path contains the same card ID; Sacred Cards name matches exactly after Unicode normalization, case-folding, and whitespace collapse."
663,Breath of Light,20101223,4669,Breath of Light,common,extracted/card_art/candidates/common/04/4669.png,assets/resources/card/images/illust/common/04/4669.bmp,LocalData/93217544/0000/72/72bb5b19,name_match_art_available,high,"CARD_Prop card ID at this row aligns with CARD_Name at the same CARD_Indx row; illustration AssetBundle path contains the same card ID; Sacred Cards name matches exactly after Unicode normalization, case-folding, and whitespace collapse."
664,Eternal Drought,56606928,4670,Eternal Drought,common,extracted/card_art/candidates/common/04/4670.png,assets/resources/card/images/illust/common/04/4670.bmp,LocalData/93217544/0000/12/127cd2fc,name_match_art_available,high,"CARD_Prop card ID at this row aligns with CARD_Name at the same CARD_Indx row; illustration AssetBundle path contains the same card ID; Sacred Cards name matches exactly after Unicode normalization, case-folding, and whitespace collapse."
665,Curse of Millennium Shield,83094937,,,,,,,unmatched,unmatched,No exact normalized English-name match found in the decoded Master Duel CARD_Name table.
666,Yamadron Ritual,29089635,,,,,,,unmatched,unmatched,No exact normalized English-name match found in the decoded Master Duel CARD_Name table.
667,Gate Guardian Ritual,56483330,,,,,,,unmatched,unmatched,No exact normalized English-name match found in the decoded Master Duel CARD_Name table.
668,Bright Castle,82878489,,,,,,,unmatched,unmatched,No exact normalized English-name match found in the decoded Master Duel CARD_Name table.
669,Shadow Spell,29267084,4675,Shadow Spell,common,extracted/card_art/candidates/common/04/4675.png,assets/resources/card/images/illust/common/04/4675.bmp,LocalData/93217544/0000/62/62162673,name_match_art_available,high,"CARD_Prop card ID at this row aligns with CARD_Name at the same CARD_Indx row; illustration AssetBundle path contains the same card ID; Sacred Cards name matches exactly after Unicode normalization, case-folding, and whitespace collapse."
670,Black Luster Ritual,55761792,4676,Black Luster Ritual,common,extracted/card_art/candidates/common/04/4676.png,assets/resources/card/images/illust/common/04/4676.bmp,LocalData/93217544/0000/fb/fb1f77c9,name_match_art_available,high,"CARD_Prop card ID at this row aligns with CARD_Name at the same CARD_Indx row; illustration AssetBundle path contains the same card ID; Sacred Cards name matches exactly after Unicode normalization, case-folding, and whitespace collapse."
671,Zera Ritual,81756897,4677,Zera Ritual,common,extracted/card_art/candidates/common/04/4677.png,assets/resources/card/images/illust/common/04/4677.bmp,LocalData/93217544/0000/8c/8c18475f,name_match_art_available,high,"CARD_Prop card ID at this row aligns with CARD_Name at the same CARD_Indx row; illustration AssetBundle path contains the same card ID; Sacred Cards name matches exactly after Unicode normalization, case-folding, and whitespace collapse."
672,Harpie's Feather Duster,18144506,4678,Harpie's Feather Duster,common,extracted/card_art/candidates/common/04/4678.png,assets/resources/card/images/illust/common/04/4678.bmp,LocalData/93217544/0000/1c/1ca75ace,name_match_art_available,high,"CARD_Prop card ID at this row aligns with CARD_Name at the same CARD_Indx row; illustration AssetBundle path contains the same card ID; Sacred Cards name matches exactly after Unicode normalization, case-folding, and whitespace collapse."
673,War-Lion Ritual,54539105,4679,War-Lion Ritual,common,extracted/card_art/candidates/common/04/4679.png,assets/resources/card/images/illust/common/04/4679.bmp,LocalData/93217544/0000/6b/6ba06a58,name_match_art_available,high,"CARD_Prop card ID at this row aligns with CARD_Name at the same CARD_Indx row; illustration AssetBundle path contains the same card ID; Sacred Cards name matches exactly after Unicode normalization, case-folding, and whitespace collapse."
674,Beastly Mirror Ritual,81933259,4680,Beastly Mirror Ritual,tcg,extracted/card_art/candidates/tcg/04/4680.png,assets/resources/card/images/illust/tcg/04/4680.bmp,LocalData/93217544/0000/95/95e4ce33,name_match_art_available,high,"CARD_Prop card ID at this row aligns with CARD_Name at the same CARD_Indx row; illustration AssetBundle path contains the same card ID; Sacred Cards name matches exactly after Unicode normalization, case-folding, and whitespace collapse."
675,Ultimate Dragon,17928958,,,,,,,unmatched,unmatched,No exact normalized English-name match found in the decoded Master Duel CARD_Name table.
676,Commencement Dance,43417563,4682,Commencement Dance,common,extracted/card_art/candidates/common/04/4682.png,assets/resources/card/images/illust/common/04/4682.bmp,LocalData/93217544/0000/7b/7beaaf1f,name_match_art_available,high,"CARD_Prop card ID at this row aligns with CARD_Name at the same CARD_Indx row; illustration AssetBundle path contains the same card ID; Sacred Cards name matches exactly after Unicode normalization, case-folding, and whitespace collapse."
677,Hamburger Recipe,80811661,4683,Hamburger Recipe,common,extracted/card_art/candidates/common/04/4683.png,assets/resources/card/images/illust/common/04/4683.bmp,LocalData/93217544/0000/0c/0ced9f89,name_match_art_available,high,"CARD_Prop card ID at this row aligns with CARD_Name at the same CARD_Indx row; illustration AssetBundle path contains the same card ID; Sacred Cards name matches exactly after Unicode normalization, case-folding, and whitespace collapse."
678,Revival of Sennen Genjin,16206366,,,,,,,unmatched,unmatched,No exact normalized English-name match found in the decoded Master Duel CARD_Name table.
679,Novox's Prayer,43694075,4685,Novox's Prayer,common,extracted/card_art/candidates/common/04/4685.png,assets/resources/card/images/illust/common/04/4685.bmp,LocalData/93217544/0000/e5/e58e3abc,name_match_art_available,high,"CARD_Prop card ID at this row aligns with CARD_Name at the same CARD_Indx row; illustration AssetBundle path contains the same card ID; Sacred Cards name matches exactly after Unicode normalization, case-folding, and whitespace collapse."
680,Curse of Tri-Horned Dragon,79699070,,,,,,,unmatched,unmatched,No exact normalized English-name match found in the decoded Master Duel CARD_Name table.
681,House of Adhesive Tape,15083728,4687,House of Adhesive Tape,common,extracted/card_art/candidates/common/04/4687.png,assets/resources/card/images/illust/common/04/4687.bmp,LocalData/93217544/0000/0b/0b805b90,name_match_art_available,high,"CARD_Prop card ID at this row aligns with CARD_Name at the same CARD_Indx row; illustration AssetBundle path contains the same card ID; Sacred Cards name matches exactly after Unicode normalization, case-folding, and whitespace collapse."
682,Eatgaboon,42578427,4688,Eatgaboon,common,extracted/card_art/candidates/common/04/4688.png,assets/resources/card/images/illust/common/04/4688.bmp,LocalData/93217544/0000/9b/9b3f4601,name_match_art_available,high,"CARD_Prop card ID at this row aligns with CARD_Name at the same CARD_Indx row; illustration AssetBundle path contains the same card ID; Sacred Cards name matches exactly after Unicode normalization, case-folding, and whitespace collapse."
683,Bear Trap,78977532,,,,,,,unmatched,unmatched,No exact normalized English-name match found in the decoded Master Duel CARD_Name table.
684,Invisible Wire,15361130,,,,,,,unmatched,unmatched,No exact normalized English-name match found in the decoded Master Duel CARD_Name table.
685,Acid Trap Hole,41356845,4691,Acid Trap Hole,common,extracted/card_art/candidates/common/04/4691.png,assets/resources/card/images/illust/common/04/4691.bmp,LocalData/93217544/0000/fb/fbf8cfe4,name_match_art_available,high,"CARD_Prop card ID at this row aligns with CARD_Name at the same CARD_Indx row; illustration AssetBundle path contains the same card ID; Sacred Cards name matches exactly after Unicode normalization, case-folding, and whitespace collapse."
686,Widespread Ruin,77754944,4692,Widespread Ruin,common,extracted/card_art/candidates/common/04/4692.png,assets/resources/card/images/illust/common/04/4692.bmp,LocalData/93217544/0000/62/62f19e5e,name_match_art_available,high,"CARD_Prop card ID at this row aligns with CARD_Name at the same CARD_Indx row; illustration AssetBundle path contains the same card ID; Sacred Cards name matches exactly after Unicode normalization, case-folding, and whitespace collapse."
687,Goblin Fan,4149689,4693,Goblin Fan,common,extracted/card_art/candidates/common/04/4693.png,assets/resources/card/images/illust/common/04/4693.bmp,LocalData/93217544/0000/15/15f6aec8,name_match_art_available,high,"CARD_Prop card ID at this row aligns with CARD_Name at the same CARD_Indx row; illustration AssetBundle path contains the same card ID; Sacred Cards name matches exactly after Unicode normalization, case-folding, and whitespace collapse."
688,Bad Reaction to Simochi,40633297,4694,Bad Reaction to Simochi,common,extracted/card_art/candidates/common/04/4694.png,assets/resources/card/images/illust/common/04/4694.bmp,LocalData/93217544/0000/8b/8b923b6b,name_match_art_available,high,"CARD_Prop card ID at this row aligns with CARD_Name at the same CARD_Indx row; illustration AssetBundle path contains the same card ID; Sacred Cards name matches exactly after Unicode normalization, case-folding, and whitespace collapse."
689,Reverse Trap,77622396,4695,Reverse Trap,common,extracted/card_art/candidates/common/04/4695.png,assets/resources/card/images/illust/common/04/4695.bmp,LocalData/93217544/0000/fc/fc950bfd,name_match_art_available,high,"CARD_Prop card ID at this row aligns with CARD_Name at the same CARD_Indx row; illustration AssetBundle path contains the same card ID; Sacred Cards name matches exactly after Unicode normalization, case-folding, and whitespace collapse."
690,Fake Trap,3027001,4696,Fake Trap,tcg,extracted/card_art/candidates/tcg/04/4696.png,assets/resources/card/images/illust/tcg/04/4696.bmp,LocalData/93217544/0000/65/659c5a47,name_match_art_available,high,"CARD_Prop card ID at this row aligns with CARD_Name at the same CARD_Indx row; illustration AssetBundle path contains the same card ID; Sacred Cards name matches exactly after Unicode normalization, case-folding, and whitespace collapse."
691,Revived Serpent Night Dragon,39411600,,,,,,,unmatched,unmatched,No exact normalized English-name match found in the decoded Master Duel CARD_Name table.
692,Turtle Oath,76806714,4698,Turtle Oath,common,extracted/card_art/candidates/common/04/4698.png,assets/resources/card/images/illust/common/04/4698.bmp,LocalData/93217544/0000/82/82247740,name_match_art_available,high,"CARD_Prop card ID at this row aligns with CARD_Name at the same CARD_Indx row; illustration AssetBundle path contains the same card ID; Sacred Cards name matches exactly after Unicode normalization, case-folding, and whitespace collapse."
693,Contract of Mask,2304453,,,,,,,unmatched,unmatched,No exact normalized English-name match found in the decoded Master Duel CARD_Name table.
694,Resurrection of Chakra,39399168,4700,Resurrection of Chakra,tcg,extracted/card_art/candidates/tcg/04/4700.png,assets/resources/card/images/illust/tcg/04/4700.bmp,LocalData/93217544/0000/5c/5cff2e0c,name_match_art_available,high,"CARD_Prop card ID at this row aligns with CARD_Name at the same CARD_Indx row; illustration AssetBundle path contains the same card ID; Sacred Cards name matches exactly after Unicode normalization, case-folding, and whitespace collapse."
695,Puppet Ritual,5783166,10724,Puppet Ritual,common,extracted/card_art/candidates/common/10/10724.png,assets/resources/card/images/illust/common/10/10724.bmp,LocalData/93217544/0000/98/98126bf3,name_match_art_available,high,"CARD_Prop card ID at this row aligns with CARD_Name at the same CARD_Indx row; illustration AssetBundle path contains the same card ID; Sacred Cards name matches exactly after Unicode normalization, case-folding, and whitespace collapse."
696,Javelin Beetle Pact,41182875,4702,Javelin Beetle Pact,common,extracted/card_art/candidates/common/04/4702.png,assets/resources/card/images/illust/common/04/4702.bmp,LocalData/93217544/0000/b2/b2f14f20,name_match_art_available,high,"CARD_Prop card ID at this row aligns with CARD_Name at the same CARD_Indx row; illustration AssetBundle path contains the same card ID; Sacred Cards name matches exactly after Unicode normalization, case-folding, and whitespace collapse."
697,Garma Sword Oath,78577570,4703,Garma Sword Oath,common,extracted/card_art/candidates/common/04/4703.png,assets/resources/card/images/illust/common/04/4703.bmp,LocalData/93217544/0000/c5/c5f67fb6,name_match_art_available,high,"CARD_Prop card ID at this row aligns with CARD_Name at the same CARD_Indx row; illustration AssetBundle path contains the same card ID; Sacred Cards name matches exactly after Unicode normalization, case-folding, and whitespace collapse."
698,Cosmo Queen's Prayer,4561679,,,,,,,unmatched,unmatched,No exact normalized English-name match found in the decoded Master Duel CARD_Name table.
699,Revival of Dokurorider,31066283,4705,Revival of Dokurorider,common,extracted/card_art/candidates/common/04/4705.png,assets/resources/card/images/illust/common/04/4705.bmp,LocalData/93217544/0000/2c/2c95da83,name_match_art_available,high,"CARD_Prop card ID at this row aligns with CARD_Name at the same CARD_Indx row; illustration AssetBundle path contains the same card ID; Sacred Cards name matches exactly after Unicode normalization, case-folding, and whitespace collapse."
700,Fortress Whale's Oath,77454922,4706,Fortress Whale's Oath,common,extracted/card_art/candidates/common/04/4706.png,assets/resources/card/images/illust/common/04/4706.bmp,LocalData/93217544/0000/b5/b59c8b39,name_match_art_available,high,"CARD_Prop card ID at this row aligns with CARD_Name at the same CARD_Indx row; illustration AssetBundle path contains the same card ID; Sacred Cards name matches exactly after Unicode normalization, case-folding, and whitespace collapse."
701,Performance of Sword,4849037,4707,Performance of Sword,tcg,extracted/card_art/candidates/tcg/04/4707.png,assets/resources/card/images/illust/tcg/04/4707.bmp,LocalData/93217544/0000/c2/c29bbbaf,name_match_art_available,high,"CARD_Prop card ID at this row aligns with CARD_Name at the same CARD_Indx row; illustration AssetBundle path contains the same card ID; Sacred Cards name matches exactly after Unicode normalization, case-folding, and whitespace collapse."
702,Hungry Burger,30243636,4708,Hungry Burger,common,extracted/card_art/candidates/common/04/4708.png,assets/resources/card/images/illust/common/04/4708.bmp,LocalData/93217544/0000/52/5224a63e,name_match_art_available,high,"CARD_Prop card ID at this row aligns with CARD_Name at the same CARD_Indx row; illustration AssetBundle path contains the same card ID; Sacred Cards name matches exactly after Unicode normalization, case-folding, and whitespace collapse."
703,Sengenjin,76232340,4709,Sengenjin,common,extracted/card_art/candidates/common/04/4709.png,assets/resources/card/images/illust/common/04/4709.bmp,LocalData/93217544/0000/25/252396a8,name_match_art_available,high,"CARD_Prop card ID at this row aligns with CARD_Name at the same CARD_Indx row; illustration AssetBundle path contains the same card ID; Sacred Cards name matches exactly after Unicode normalization, case-folding, and whitespace collapse."
704,Skull Guardian,3627449,4710,Skull Guardian,common,extracted/card_art/candidates/common/04/4710.png,assets/resources/card/images/illust/common/04/4710.bmp,LocalData/93217544/0000/45/45e41f4d,name_match_art_available,high,"CARD_Prop card ID at this row aligns with CARD_Name at the same CARD_Indx row; illustration AssetBundle path contains the same card ID; Sacred Cards name matches exactly after Unicode normalization, case-folding, and whitespace collapse."
705,Tri-Horned Dragon,39111158,4711,Tri-Horned Dragon,common,extracted/card_art/candidates/common/04/4711.png,assets/resources/card/images/illust/common/04/4711.bmp,LocalData/93217544/0000/32/32e32fdb,name_match_art_available,high,"CARD_Prop card ID at this row aligns with CARD_Name at the same CARD_Indx row; illustration AssetBundle path contains the same card ID; Sacred Cards name matches exactly after Unicode normalization, case-folding, and whitespace collapse."
706,Serpent Night Dragon,66516792,4712,Serpent Night Dragon,common,extracted/card_art/candidates/common/04/4712.png,assets/resources/card/images/illust/common/04/4712.bmp,LocalData/93217544/0000/ab/abea7e61,name_match_art_available,high,"CARD_Prop card ID at this row aligns with CARD_Name at the same CARD_Indx row; illustration AssetBundle path contains the same card ID; Sacred Cards name matches exactly after Unicode normalization, case-folding, and whitespace collapse."
707,Skull Knight,2504891,4713,Skull Knight,common,extracted/card_art/candidates/common/04/4713.png,assets/resources/card/images/illust/common/04/4713.bmp,LocalData/93217544/0000/dc/dced4ef7,name_match_art_available,high,"CARD_Prop card ID at this row aligns with CARD_Name at the same CARD_Indx row; illustration AssetBundle path contains the same card ID; Sacred Cards name matches exactly after Unicode normalization, case-folding, and whitespace collapse."
708,Cosmo Queen,38999506,4714,Cosmo Queen,common,extracted/card_art/candidates/common/04/4714.png,assets/resources/card/images/illust/common/04/4714.bmp,LocalData/93217544/0000/42/4289db54,name_match_art_available,high,"CARD_Prop card ID at this row aligns with CARD_Name at the same CARD_Indx row; illustration AssetBundle path contains the same card ID; Sacred Cards name matches exactly after Unicode normalization, case-folding, and whitespace collapse."
709,Chakra,65393205,4715,Chakra,common,extracted/card_art/candidates/common/04/4715.png,assets/resources/card/images/illust/common/04/4715.bmp,LocalData/93217544/0000/35/358eebc2,name_match_art_available,high,"CARD_Prop card ID at this row aligns with CARD_Name at the same CARD_Indx row; illustration AssetBundle path contains the same card ID; Sacred Cards name matches exactly after Unicode normalization, case-folding, and whitespace collapse."
710,Crab Turtle,91782219,4716,Crab Turtle,common,extracted/card_art/candidates/common/04/4716.png,assets/resources/card/images/illust/common/04/4716.bmp,LocalData/93217544/0000/ac/ac87ba78,name_match_art_available,high,"CARD_Prop card ID at this row aligns with CARD_Name at the same CARD_Indx row; illustration AssetBundle path contains the same card ID; Sacred Cards name matches exactly after Unicode normalization, case-folding, and whitespace collapse."
711,Mikazukinoyaiba,38277918,4717,Mikazukinoyaiba,common,extracted/card_art/candidates/common/04/4717.png,assets/resources/card/images/illust/common/04/4717.bmp,LocalData/93217544/0000/db/db808aee,name_match_art_available,high,"CARD_Prop card ID at this row aligns with CARD_Name at the same CARD_Indx row; illustration AssetBundle path contains the same card ID; Sacred Cards name matches exactly after Unicode normalization, case-folding, and whitespace collapse."
712,Meteor Dragon,64271667,4718,Meteor Dragon,common,extracted/card_art/candidates/common/04/4718.png,assets/resources/card/images/illust/common/04/4718.bmp,LocalData/93217544/0000/4b/4b3f977f,name_match_art_available,high,"CARD_Prop card ID at this row aligns with CARD_Name at the same CARD_Indx row; illustration AssetBundle path contains the same card ID; Sacred Cards name matches exactly after Unicode normalization, case-folding, and whitespace collapse."
713,Meteor B. Dragon,90660762,,,,,,,unmatched,unmatched,No exact normalized English-name match found in the decoded Master Duel CARD_Name table.
714,Firewing Pegasus,27054370,4720,Firewing Pegasus,common,extracted/card_art/candidates/common/04/4720.png,assets/resources/card/images/illust/common/04/4720.bmp,LocalData/93217544/0000/6e/6ec94c8e,name_match_art_available,high,"CARD_Prop card ID at this row aligns with CARD_Name at the same CARD_Indx row; illustration AssetBundle path contains the same card ID; Sacred Cards name matches exactly after Unicode normalization, case-folding, and whitespace collapse."
715,Psycho-Puppet,63459075,,,,,,,unmatched,unmatched,No exact normalized English-name match found in the decoded Master Duel CARD_Name table.
716,Garma Sword,90844184,4722,Garma Sword,common,extracted/card_art/candidates/common/04/4722.png,assets/resources/card/images/illust/common/04/4722.bmp,LocalData/93217544/0000/80/80c72da2,name_match_art_available,high,"CARD_Prop card ID at this row aligns with CARD_Name at the same CARD_Indx row; illustration AssetBundle path contains the same card ID; Sacred Cards name matches exactly after Unicode normalization, case-folding, and whitespace collapse."
717,Javelin Beetle,26932788,4723,Javelin Beetle,common,extracted/card_art/candidates/common/04/4723.png,assets/resources/card/images/illust/common/04/4723.bmp,LocalData/93217544/0000/f7/f7c01d34,name_match_art_available,high,"CARD_Prop card ID at this row aligns with CARD_Name at the same CARD_Indx row; illustration AssetBundle path contains the same card ID; Sacred Cards name matches exactly after Unicode normalization, case-folding, and whitespace collapse."
718,Fortress Whale,62337487,4724,Fortress Whale,tcg,extracted/card_art/candidates/tcg/04/4724.png,assets/resources/card/images/illust/tcg/04/4724.bmp,LocalData/93217544/0000/69/69a48897,name_match_art_available,high,"CARD_Prop card ID at this row aligns with CARD_Name at the same CARD_Indx row; illustration AssetBundle path contains the same card ID; Sacred Cards name matches exactly after Unicode normalization, case-folding, and whitespace collapse."
719,Dokurorider,99721536,4725,Dokurorider,common,extracted/card_art/candidates/common/04/4725.png,assets/resources/card/images/illust/common/04/4725.bmp,LocalData/93217544/0000/1e/1ea3b801,name_match_art_available,high,"CARD_Prop card ID at this row aligns with CARD_Name at the same CARD_Indx row; illustration AssetBundle path contains the same card ID; Sacred Cards name matches exactly after Unicode normalization, case-folding, and whitespace collapse."
720,Mask of Shine & Dark,25110231,,,,,,,unmatched,unmatched,No exact normalized English-name match found in the decoded Master Duel CARD_Name table.
721,Magician of Black Chaos,30208479,4728,Magician of Black Chaos,tcg,extracted/card_art/candidates/tcg/04/4728.png,assets/resources/card/images/illust/tcg/04/4728.bmp,LocalData/93217544/0000/60/6012c4bc,name_match_art_available,high,"CARD_Prop card ID at this row aligns with CARD_Name at the same CARD_Indx row; illustration AssetBundle path contains the same card ID; Sacred Cards name matches exactly after Unicode normalization, case-folding, and whitespace collapse."
722,Dark Magic Ritual,76792184,,,,,,,unmatched,unmatched,No exact normalized English-name match found in the decoded Master Duel CARD_Name table.
723,Slot Machine,3797883,4729,Slot Machine,common,extracted/card_art/candidates/common/04/4729.png,assets/resources/card/images/illust/common/04/4729.bmp,LocalData/93217544/0000/17/1715f42a,name_match_art_available,high,"CARD_Prop card ID at this row aligns with CARD_Name at the same CARD_Indx row; illustration AssetBundle path contains the same card ID; Sacred Cards name matches exactly after Unicode normalization, case-folding, and whitespace collapse."
724,Space Megatron,39181897,,,,,,,unmatched,unmatched,No exact normalized English-name match found in the decoded Master Duel CARD_Name table.
725,Red Archery Girl,65570596,4731,Red Archery Girl,tcg,extracted/card_art/candidates/tcg/04/4731.png,assets/resources/card/images/illust/tcg/04/4731.bmp,LocalData/93217544/0000/00/00d54d59,name_match_art_available,high,"CARD_Prop card ID at this row aligns with CARD_Name at the same CARD_Indx row; illustration AssetBundle path contains the same card ID; Sacred Cards name matches exactly after Unicode normalization, case-folding, and whitespace collapse."
726,Ryu-Ran,2964201,4732,Ryu-Ran,common,extracted/card_art/candidates/common/04/4732.png,assets/resources/card/images/illust/common/04/4732.bmp,LocalData/93217544/0000/99/99dc1ce3,name_match_art_available,high,"CARD_Prop card ID at this row aligns with CARD_Name at the same CARD_Indx row; illustration AssetBundle path contains the same card ID; Sacred Cards name matches exactly after Unicode normalization, case-folding, and whitespace collapse."
727,Manga Ryu-Ran,38369349,4733,Manga Ryu-Ran,common,extracted/card_art/candidates/common/04/4733.png,assets/resources/card/images/illust/common/04/4733.bmp,LocalData/93217544/0000/ee/eedb2c75,name_match_art_available,high,"CARD_Prop card ID at this row aligns with CARD_Name at the same CARD_Indx row; illustration AssetBundle path contains the same card ID; Sacred Cards name matches exactly after Unicode normalization, case-folding, and whitespace collapse."
728,Toon Mermaid,65458948,4734,Toon Mermaid,common,extracted/card_art/candidates/common/04/4734.png,assets/resources/card/images/illust/common/04/4734.bmp,LocalData/93217544/0000/70/70bfb9d6,name_match_art_available,high,"CARD_Prop card ID at this row aligns with CARD_Name at the same CARD_Indx row; illustration AssetBundle path contains the same card ID; Sacred Cards name matches exactly after Unicode normalization, case-folding, and whitespace collapse."
729,Toon Summoned Skull,91842653,4735,Toon Summoned Skull,common,extracted/card_art/candidates/common/04/4735.png,assets/resources/card/images/illust/common/04/4735.bmp,LocalData/93217544/0000/07/07b88940,name_match_art_available,high,"CARD_Prop card ID at this row aligns with CARD_Name at the same CARD_Indx row; illustration AssetBundle path contains the same card ID; Sacred Cards name matches exactly after Unicode normalization, case-folding, and whitespace collapse."
730,Dark-Eyes Illusionist,38247752,4736,Dark-Eyes Illusionist,common,extracted/card_art/candidates/common/04/4736.png,assets/resources/card/images/illust/common/04/4736.bmp,LocalData/93217544/0000/9e/9eb1d8fa,name_match_art_available,high,"CARD_Prop card ID at this row aligns with CARD_Name at the same CARD_Indx row; illustration AssetBundle path contains the same card ID; Sacred Cards name matches exactly after Unicode normalization, case-folding, and whitespace collapse."
731,Relinquished,64631466,4737,Relinquished,common,extracted/card_art/candidates/common/04/4737.png,assets/resources/card/images/illust/common/04/4737.bmp,LocalData/93217544/0000/e9/e9b6e86c,name_match_art_available,high,"CARD_Prop card ID at this row aligns with CARD_Name at the same CARD_Indx row; illustration AssetBundle path contains the same card ID; Sacred Cards name matches exactly after Unicode normalization, case-folding, and whitespace collapse."
732,Jigen Bakudan,90020065,4738,Jigen Bakudan,common,extracted/card_art/candidates/common/04/4738.png,assets/resources/card/images/illust/common/04/4738.bmp,LocalData/93217544/0000/79/7909f5fd,name_match_art_available,high,"CARD_Prop card ID at this row aligns with CARD_Name at the same CARD_Indx row; illustration AssetBundle path contains the same card ID; Sacred Cards name matches exactly after Unicode normalization, case-folding, and whitespace collapse."
733,Thousand-Eyes Idol,27125110,4739,Thousand-Eyes Idol,common,extracted/card_art/candidates/common/04/4739.png,assets/resources/card/images/illust/common/04/4739.bmp,LocalData/93217544/0000/0e/0e0ec56b,name_match_art_available,high,"CARD_Prop card ID at this row aligns with CARD_Name at the same CARD_Indx row; illustration AssetBundle path contains the same card ID; Sacred Cards name matches exactly after Unicode normalization, case-folding, and whitespace collapse."
734,Thousand-Eyes Restrict,63519819,4740,Thousand-Eyes Restrict,common,extracted/card_art/candidates/common/04/4740.png,assets/resources/card/images/illust/common/04/4740.bmp,LocalData/93217544/0000/38/3893eb08,name_match_art_available,high,"CARD_Prop card ID at this row aligns with CARD_Name at the same CARD_Indx row; illustration AssetBundle path contains the same card ID; Sacred Cards name matches exactly after Unicode normalization, case-folding, and whitespace collapse."
735,Steel Ogre Grotto #2,90908427,4741,Steel Ogre Grotto #2,common,extracted/card_art/candidates/common/04/4741.png,assets/resources/card/images/illust/common/04/4741.bmp,LocalData/93217544/0000/4f/4f94db9e,name_match_art_available,high,"CARD_Prop card ID at this row aligns with CARD_Name at the same CARD_Indx row; illustration AssetBundle path contains the same card ID; Sacred Cards name matches exactly after Unicode normalization, case-folding, and whitespace collapse."
736,Blast Sphere,26302522,4742,Blast Sphere,common,extracted/card_art/candidates/common/04/4742.png,assets/resources/card/images/illust/common/04/4742.bmp,LocalData/93217544/0000/d6/d69d8a24,name_match_art_available,high,"CARD_Prop card ID at this row aligns with CARD_Name at the same CARD_Indx row; illustration AssetBundle path contains the same card ID; Sacred Cards name matches exactly after Unicode normalization, case-folding, and whitespace collapse."
737,Hyozanryu,62397231,4743,Hyozanryu,common,extracted/card_art/candidates/common/04/4743.png,assets/resources/card/images/illust/common/04/4743.bmp,LocalData/93217544/0000/a1/a19abab2,name_match_art_available,high,"CARD_Prop card ID at this row aligns with CARD_Name at the same CARD_Indx row; illustration AssetBundle path contains the same card ID; Sacred Cards name matches exactly after Unicode normalization, case-folding, and whitespace collapse."
738,Alpha The Magnet Warrior,99785935,4744,Alpha The Magnet Warrior,common,extracted/card_art/candidates/common/04/4744.png,assets/resources/card/images/illust/common/04/4744.bmp,LocalData/93217544/0000/3f/3ffe2f11,name_match_art_available,high,"CARD_Prop card ID at this row aligns with CARD_Name at the same CARD_Indx row; illustration AssetBundle path contains the same card ID; Sacred Cards name matches exactly after Unicode normalization, case-folding, and whitespace collapse."
739,Legion the Fiend Jester,25280974,4745,Legion the Fiend Jester,common,extracted/card_art/candidates/common/04/4745.png,assets/resources/card/images/illust/common/04/4745.bmp,LocalData/93217544/0000/48/48f91f87,name_match_art_available,high,"CARD_Prop card ID at this row aligns with CARD_Name at the same CARD_Indx row; illustration AssetBundle path contains the same card ID; Sacred Cards name matches exactly after Unicode normalization, case-folding, and whitespace collapse."
740,Invitation to a Dark Sleep,52675689,4746,Invitation to a Dark Sleep,common,extracted/card_art/candidates/common/04/4746.png,assets/resources/card/images/illust/common/04/4746.bmp,LocalData/93217544/0000/d1/d1f04e3d,name_match_art_available,high,"CARD_Prop card ID at this row aligns with CARD_Name at the same CARD_Indx row; illustration AssetBundle path contains the same card ID; Sacred Cards name matches exactly after Unicode normalization, case-folding, and whitespace collapse."
741,Lord of D.,17985575,4747,Lord of D.,common,extracted/card_art/candidates/common/04/4747.png,assets/resources/card/images/illust/common/04/4747.bmp,masterduel_Data/StreamingAssets/AssetBundle/a6/a6f77eab,name_match_art_available,high,"CARD_Prop card ID at this row aligns with CARD_Name at the same CARD_Indx row; illustration AssetBundle path contains the same card ID; Sacred Cards name matches exactly after Unicode normalization, case-folding, and whitespace collapse."
742,Red-Eyes Black Metal Dragon,64335804,4748,Red-Eyes Black Metal Dragon,common,extracted/card_art/candidates/common/04/4748.png,assets/resources/card/images/illust/common/04/4748.bmp,LocalData/93217544/0000/36/3648633a,name_match_art_available,medium,"CARD_Prop card ID at this row aligns with CARD_Name at the same CARD_Indx row; illustration AssetBundle path contains the same card ID; Sacred Cards name matches exactly after Unicode normalization, case-folding, and whitespace collapse."
743,Barrel Dragon,81480460,4749,Barrel Dragon,tcg,extracted/card_art/candidates/tcg/04/4749.png,assets/resources/card/images/illust/tcg/04/4749.bmp,LocalData/93217544/0000/41/414f53ac,name_match_art_available,high,"CARD_Prop card ID at this row aligns with CARD_Name at the same CARD_Indx row; illustration AssetBundle path contains the same card ID; Sacred Cards name matches exactly after Unicode normalization, case-folding, and whitespace collapse."
744,Hannibal Necromancer,5640330,4750,Hannibal Necromancer,common,extracted/card_art/candidates/common/04/4750.png,assets/resources/card/images/illust/common/04/4750.bmp,LocalData/93217544/0000/21/2188da49,name_match_art_available,high,"CARD_Prop card ID at this row aligns with CARD_Name at the same CARD_Indx row; illustration AssetBundle path contains the same card ID; Sacred Cards name matches exactly after Unicode normalization, case-folding, and whitespace collapse."
745,Panther Warrior,42035044,4751,Panther Warrior,common,extracted/card_art/candidates/common/04/4751.png,assets/resources/card/images/illust/common/04/4751.bmp,LocalData/93217544/0000/56/568feadf,name_match_art_available,high,"CARD_Prop card ID at this row aligns with CARD_Name at the same CARD_Indx row; illustration AssetBundle path contains the same card ID; Sacred Cards name matches exactly after Unicode normalization, case-folding, and whitespace collapse."
746,Three-Headed Geedo,78423643,4752,Three-Headed Geedo,common,extracted/card_art/candidates/common/04/4752.png,assets/resources/card/images/illust/common/04/4752.bmp,LocalData/93217544/0000/cf/cf86bb65,name_match_art_available,high,"CARD_Prop card ID at this row aligns with CARD_Name at the same CARD_Indx row; illustration AssetBundle path contains the same card ID; Sacred Cards name matches exactly after Unicode normalization, case-folding, and whitespace collapse."
747,Gazelle the King of Mythical Beasts,5818798,4753,Gazelle the King of Mythical Beasts,common,extracted/card_art/candidates/common/04/4753.png,assets/resources/card/images/illust/common/04/4753.bmp,LocalData/93217544/0000/b8/b8818bf3,name_match_art_available,high,"CARD_Prop card ID at this row aligns with CARD_Name at the same CARD_Indx row; illustration AssetBundle path contains the same card ID; Sacred Cards name matches exactly after Unicode normalization, case-folding, and whitespace collapse."
748,Stone Statue of the Aztecs,31812496,4754,Stone Statue of the Aztecs,common,extracted/card_art/candidates/common/04/4754.png,assets/resources/card/images/illust/common/04/4754.bmp,LocalData/93217544/0000/26/26e51e50,name_match_art_available,high,"CARD_Prop card ID at this row aligns with CARD_Name at the same CARD_Indx row; illustration AssetBundle path contains the same card ID; Sacred Cards name matches exactly after Unicode normalization, case-folding, and whitespace collapse."
749,Berfomet,77207191,4755,Berfomet,common,extracted/card_art/candidates/common/04/4755.png,assets/resources/card/images/illust/common/04/4755.bmp,LocalData/93217544/0000/51/51e22ec6,name_match_art_available,high,"CARD_Prop card ID at this row aligns with CARD_Name at the same CARD_Indx row; illustration AssetBundle path contains the same card ID; Sacred Cards name matches exactly after Unicode normalization, case-folding, and whitespace collapse."
750,Chimera the Flying Mythical Beast,4796100,4756,Chimera the Flying Mythical Beast,common,extracted/card_art/candidates/common/04/4756.png,assets/resources/card/images/illust/common/04/4756.bmp,LocalData/93217544/0000/c8/c8eb7f7c,name_match_art_available,high,"CARD_Prop card ID at this row aligns with CARD_Name at the same CARD_Indx row; illustration AssetBundle path contains the same card ID; Sacred Cards name matches exactly after Unicode normalization, case-folding, and whitespace collapse."
751,Gear Golem the Moving Fortress,30190809,4757,Gear Golem the Moving Fortress,common,extracted/card_art/candidates/common/04/4757.png,assets/resources/card/images/illust/common/04/4757.bmp,LocalData/93217544/0000/bf/bfec4fea,name_match_art_available,high,"CARD_Prop card ID at this row aligns with CARD_Name at the same CARD_Indx row; illustration AssetBundle path contains the same card ID; Sacred Cards name matches exactly after Unicode normalization, case-folding, and whitespace collapse."
752,Jinzo,77585513,4758,Jinzo,common,extracted/card_art/candidates/common/04/4758.png,assets/resources/card/images/illust/common/04/4758.bmp,LocalData/93217544/0000/2f/2f53527b,name_match_art_available,high,"CARD_Prop card ID at this row aligns with CARD_Name at the same CARD_Indx row; illustration AssetBundle path contains the same card ID; Sacred Cards name matches exactly after Unicode normalization, case-folding, and whitespace collapse."
753,Swordsman of Landstar,3573512,4759,Swordsman of Landstar,common,extracted/card_art/candidates/common/04/4759.png,assets/resources/card/images/illust/common/04/4759.bmp,LocalData/93217544/0000/58/585462ed,name_match_art_available,high,"CARD_Prop card ID at this row aligns with CARD_Name at the same CARD_Indx row; illustration AssetBundle path contains the same card ID; Sacred Cards name matches exactly after Unicode normalization, case-folding, and whitespace collapse."
754,Cyber Raider,39978267,4760,Cyber Raider,common,extracted/card_art/candidates/common/04/4760.png,assets/resources/card/images/illust/common/04/4760.bmp,LocalData/93217544/0000/0a/0aa5898a,name_match_art_available,high,"CARD_Prop card ID at this row aligns with CARD_Name at the same CARD_Indx row; illustration AssetBundle path contains the same card ID; Sacred Cards name matches exactly after Unicode normalization, case-folding, and whitespace collapse."
755,The Fiend Megacyber,66362965,4761,The Fiend Megacyber,common,extracted/card_art/candidates/common/04/4761.png,assets/resources/card/images/illust/common/04/4761.bmp,LocalData/93217544/0000/7d/7da2b91c,name_match_art_available,high,"CARD_Prop card ID at this row aligns with CARD_Name at the same CARD_Indx row; illustration AssetBundle path contains the same card ID; Sacred Cards name matches exactly after Unicode normalization, case-folding, and whitespace collapse."
756,Reflect Bounder,2851070,4762,Reflect Bounder,common,extracted/card_art/candidates/common/04/4762.png,assets/resources/card/images/illust/common/04/4762.bmp,LocalData/93217544/0000/e4/e4abe8a6,name_match_art_available,high,"CARD_Prop card ID at this row aligns with CARD_Name at the same CARD_Indx row; illustration AssetBundle path contains the same card ID; Sacred Cards name matches exactly after Unicode normalization, case-folding, and whitespace collapse."
757,Beta The Magnet Warrior,39256679,4763,Beta The Magnet Warrior,common,extracted/card_art/candidates/common/04/4763.png,assets/resources/card/images/illust/common/04/4763.bmp,LocalData/93217544/0000/93/93acd830,name_match_art_available,high,"CARD_Prop card ID at this row aligns with CARD_Name at the same CARD_Indx row; illustration AssetBundle path contains the same card ID; Sacred Cards name matches exactly after Unicode normalization, case-folding, and whitespace collapse."
758,Big Shield Gardna,65240384,4764,Big Shield Gardna,common,extracted/card_art/candidates/common/04/4764.png,assets/resources/card/images/illust/common/04/4764.bmp,LocalData/93217544/0000/0d/0dc84d93,name_match_art_available,high,"CARD_Prop card ID at this row aligns with CARD_Name at the same CARD_Indx row; illustration AssetBundle path contains the same card ID; Sacred Cards name matches exactly after Unicode normalization, case-folding, and whitespace collapse."
759,Doll of Demise,91635482,,,,,,,unmatched,unmatched,No exact normalized English-name match found in the decoded Master Duel CARD_Name table.
760,Dark Magician Girl,38033121,4766,Dark Magician Girl,tcg,extracted/card_art/candidates/tcg/04/4766.png,assets/resources/card/images/illust/tcg/04/4766.bmp,LocalData/93217544/0000/e3/e3c62cbf,name_match_art_available,medium,"CARD_Prop card ID at this row aligns with CARD_Name at the same CARD_Indx row; illustration AssetBundle path contains the same card ID; Sacred Cards name matches exactly after Unicode normalization, case-folding, and whitespace collapse."
760,Dark Magician Girl,38033121,23488,Dark Magician Girl,,,,,name_match_art_not_in_candidate_dump,medium,"CARD_Prop card ID at this row aligns with CARD_Name at the same CARD_Indx row; illustration AssetBundle path contains the same card ID; Sacred Cards name matches exactly after Unicode normalization, case-folding, and whitespace collapse."
761,Alligator's Sword,64428736,4767,Alligator's Sword,common,extracted/card_art/candidates/common/04/4767.png,assets/resources/card/images/illust/common/04/4767.bmp,LocalData/93217544/0000/94/94c11c29,name_match_art_available,high,"CARD_Prop card ID at this row aligns with CARD_Name at the same CARD_Indx row; illustration AssetBundle path contains the same card ID; Sacred Cards name matches exactly after Unicode normalization, case-folding, and whitespace collapse."
762,Insect Queen,91512835,4768,Insect Queen,common,extracted/card_art/candidates/common/04/4768.png,assets/resources/card/images/illust/common/04/4768.bmp,LocalData/93217544/0000/04/047e01b8,name_match_art_available,high,"CARD_Prop card ID at this row aligns with CARD_Name at the same CARD_Indx row; illustration AssetBundle path contains the same card ID; Sacred Cards name matches exactly after Unicode normalization, case-folding, and whitespace collapse."
763,Parasite Paracide,27911549,4769,Parasite Paracide,tcg,extracted/card_art/candidates/tcg/04/4769.png,assets/resources/card/images/illust/tcg/04/4769.bmp,LocalData/93217544/0000/73/7379312e,name_match_art_available,high,"CARD_Prop card ID at this row aligns with CARD_Name at the same CARD_Indx row; illustration AssetBundle path contains the same card ID; Sacred Cards name matches exactly after Unicode normalization, case-folding, and whitespace collapse."
764,Skull-Mark Lady Bug,64306248,,,,,,,unmatched,unmatched,No exact normalized English-name match found in the decoded Master Duel CARD_Name table.
765,Tiny Guardian,90790253,,,,,,,unmatched,unmatched,No exact normalized English-name match found in the decoded Master Duel CARD_Name table.
766,Pinch Hopper,26185991,4772,Pinch Hopper,common,extracted/card_art/candidates/common/04/4772.png,assets/resources/card/images/illust/common/04/4772.bmp,LocalData/93217544/0000/fd/fdb0d9e7,name_match_art_available,high,"CARD_Prop card ID at this row aligns with CARD_Name at the same CARD_Indx row; illustration AssetBundle path contains the same card ID; Sacred Cards name matches exactly after Unicode normalization, case-folding, and whitespace collapse."
767,Blue-Eyes Toon Dragon,53183600,4773,Blue-Eyes Toon Dragon,common,extracted/card_art/candidates/common/04/4773.png,assets/resources/card/images/illust/common/04/4773.bmp,LocalData/93217544/0000/8a/8ab7e971,name_match_art_available,high,"CARD_Prop card ID at this row aligns with CARD_Name at the same CARD_Indx row; illustration AssetBundle path contains the same card ID; Sacred Cards name matches exactly after Unicode normalization, case-folding, and whitespace collapse."
768,The Unhappy Maiden,51275027,4875,The Unhappy Maiden,common,extracted/card_art/candidates/common/04/4875.png,assets/resources/card/images/illust/common/04/4875.bmp,LocalData/93217544/0000/68/68880b79,name_match_art_available,high,"CARD_Prop card ID at this row aligns with CARD_Name at the same CARD_Indx row; illustration AssetBundle path contains the same card ID; Sacred Cards name matches exactly after Unicode normalization, case-folding, and whitespace collapse."
769,Wall of Illusion,13945283,4880,Wall of Illusion,common,extracted/card_art/candidates/common/04/4880.png,assets/resources/card/images/illust/common/04/4880.bmp,LocalData/93217544/0000/9f/9f7ae339,name_match_art_available,high,"CARD_Prop card ID at this row aligns with CARD_Name at the same CARD_Indx row; illustration AssetBundle path contains the same card ID; Sacred Cards name matches exactly after Unicode normalization, case-folding, and whitespace collapse."
770,Neo the Magic Swordsman,50930991,4881,Neo the Magic Swordsman,common,extracted/card_art/candidates/common/04/4881.png,assets/resources/card/images/illust/common/04/4881.bmp,LocalData/93217544/0000/e8/e87dd3af,name_match_art_available,high,"CARD_Prop card ID at this row aligns with CARD_Name at the same CARD_Indx row; illustration AssetBundle path contains the same card ID; Sacred Cards name matches exactly after Unicode normalization, case-folding, and whitespace collapse."
771,Man-Eating Treasure Chest,13723605,4883,Man-Eating Treasure Chest,common,extracted/card_art/candidates/common/04/4883.png,assets/resources/card/images/illust/common/04/4883.bmp,LocalData/93217544/0000/06/0673b283,name_match_art_available,high,"CARD_Prop card ID at this row aligns with CARD_Name at the same CARD_Indx row; illustration AssetBundle path contains the same card ID; Sacred Cards name matches exactly after Unicode normalization, case-folding, and whitespace collapse."
772,Sorcerer of the Doomed,49218300,4884,Sorcerer of the Doomed,tcg,extracted/card_art/candidates/tcg/04/4884.png,assets/resources/card/images/illust/tcg/04/4884.bmp,LocalData/93217544/0000/98/98172720,name_match_art_available,high,"CARD_Prop card ID at this row aligns with CARD_Name at the same CARD_Indx row; illustration AssetBundle path contains the same card ID; Sacred Cards name matches exactly after Unicode normalization, case-folding, and whitespace collapse."
773,Sword Hunter,51345461,4774,Sword Hunter,common,extracted/card_art/candidates/common/04/4774.png,assets/resources/card/images/illust/common/04/4774.bmp,LocalData/93217544/0000/14/14d37cd2,name_match_art_available,high,"CARD_Prop card ID at this row aligns with CARD_Name at the same CARD_Indx row; illustration AssetBundle path contains the same card ID; Sacred Cards name matches exactly after Unicode normalization, case-folding, and whitespace collapse."
774,Drill Bug,88733579,4775,Drill Bug,common,extracted/card_art/candidates/common/04/4775.png,assets/resources/card/images/illust/common/04/4775.bmp,LocalData/93217544/0000/63/63d44c44,name_match_art_available,high,"CARD_Prop card ID at this row aligns with CARD_Name at the same CARD_Indx row; illustration AssetBundle path contains the same card ID; Sacred Cards name matches exactly after Unicode normalization, case-folding, and whitespace collapse."
775,Deepsea Warrior,24128274,4776,Deepsea Warrior,common,extracted/card_art/candidates/common/04/4776.png,assets/resources/card/images/illust/common/04/4776.bmp,LocalData/93217544/0000/fa/fadd1dfe,name_match_art_available,high,"CARD_Prop card ID at this row aligns with CARD_Name at the same CARD_Indx row; illustration AssetBundle path contains the same card ID; Sacred Cards name matches exactly after Unicode normalization, case-folding, and whitespace collapse."
776,Bite Shoes,50122883,4777,Bite Shoes,common,extracted/card_art/candidates/common/04/4777.png,assets/resources/card/images/illust/common/04/4777.bmp,LocalData/93217544/0000/8d/8dda2d68,name_match_art_available,high,"CARD_Prop card ID at this row aligns with CARD_Name at the same CARD_Indx row; illustration AssetBundle path contains the same card ID; Sacred Cards name matches exactly after Unicode normalization, case-folding, and whitespace collapse."
777,Spikebot,87511987,4778,Spikebot,common,extracted/card_art/candidates/common/04/4778.png,assets/resources/card/images/illust/common/04/4778.bmp,LocalData/93217544/0000/1d/1d6530f9,name_match_art_available,high,"CARD_Prop card ID at this row aligns with CARD_Name at the same CARD_Indx row; illustration AssetBundle path contains the same card ID; Sacred Cards name matches exactly after Unicode normalization, case-folding, and whitespace collapse."
778,Beast of Gilfer,50287060,,,,,,,unmatched,unmatched,No exact normalized English-name match found in the decoded Master Duel CARD_Name table.
779,The Portrait's Secret,32541773,5219,The Portrait's Secret,common,extracted/card_art/candidates/common/05/5219.png,assets/resources/card/images/illust/common/05/5219.bmp,LocalData/93217544/0000/82/824f0267,name_match_art_available,high,"CARD_Prop card ID at this row aligns with CARD_Name at the same CARD_Indx row; illustration AssetBundle path contains the same card ID; Sacred Cards name matches exactly after Unicode normalization, case-folding, and whitespace collapse."
780,The Gross Ghost of Fled Dreams,68049471,5220,The Gross Ghost of Fled Dreams,common,extracted/card_art/candidates/common/05/5220.png,assets/resources/card/images/illust/common/05/5220.bmp,LocalData/93217544/0000/d0/d0bee900,name_match_art_available,high,"CARD_Prop card ID at this row aligns with CARD_Name at the same CARD_Indx row; illustration AssetBundle path contains the same card ID; Sacred Cards name matches exactly after Unicode normalization, case-folding, and whitespace collapse."
781,Brain Control,87910978,4803,Brain Control,common,extracted/card_art/candidates/common/04/4803.png,assets/resources/card/images/illust/common/04/4803.bmp,LocalData/93217544/0000/ce/ceaa388b,name_match_art_available,high,"CARD_Prop card ID at this row aligns with CARD_Name at the same CARD_Indx row; illustration AssetBundle path contains the same card ID; Sacred Cards name matches exactly after Unicode normalization, case-folding, and whitespace collapse."
782,Anti Raigeki,42364257,4855,Anti Raigeki,common,extracted/card_art/candidates/common/04/4855.png,assets/resources/card/images/illust/common/04/4855.bmp,LocalData/93217544/0000/5a/5abe69fb,name_match_art_available,high,"CARD_Prop card ID at this row aligns with CARD_Name at the same CARD_Indx row; illustration AssetBundle path contains the same card ID; Sacred Cards name matches exactly after Unicode normalization, case-folding, and whitespace collapse."
783,Black Illusion Ritual,41426869,4802,Black Illusion Ritual,common,extracted/card_art/candidates/common/04/4802.png,assets/resources/card/images/illust/common/04/4802.bmp,LocalData/93217544/0000/b9/b9ad081d,name_match_art_available,high,"CARD_Prop card ID at this row aligns with CARD_Name at the same CARD_Indx row; illustration AssetBundle path contains the same card ID; Sacred Cards name matches exactly after Unicode normalization, case-folding, and whitespace collapse."
784,Change of Heart,4031928,4860,Change of Heart,common,extracted/card_art/candidates/common/04/4860.png,assets/resources/card/images/illust/common/04/4860.bmp,LocalData/93217544/0000/01/01f9ceb7,name_match_art_available,high,"CARD_Prop card ID at this row aligns with CARD_Name at the same CARD_Indx row; illustration AssetBundle path contains the same card ID; Sacred Cards name matches exactly after Unicode normalization, case-folding, and whitespace collapse."
785,Multiply,40703222,4805,Multiply,common,extracted/card_art/candidates/common/04/4805.png,assets/resources/card/images/illust/common/04/4805.bmp,LocalData/93217544/0000/27/27c99dbe,name_match_art_available,high,"CARD_Prop card ID at this row aligns with CARD_Name at the same CARD_Indx row; illustration AssetBundle path contains the same card ID; Sacred Cards name matches exactly after Unicode normalization, case-folding, and whitespace collapse."
786,Exile of the Wicked,26725158,4869,Exile of the Wicked,tcg,extracted/card_art/candidates/tcg/04/4869.png,assets/resources/card/images/illust/tcg/04/4869.bmp,LocalData/93217544/0000/78/78257613,name_match_art_available,high,"CARD_Prop card ID at this row aligns with CARD_Name at the same CARD_Indx row; illustration AssetBundle path contains the same card ID; Sacred Cards name matches exactly after Unicode normalization, case-folding, and whitespace collapse."
787,Last Day of Witch,90330453,4868,Last Day of Witch,tcg,extracted/card_art/candidates/tcg/04/4868.png,assets/resources/card/images/illust/tcg/04/4868.bmp,LocalData/93217544/0000/0f/0f224685,name_match_art_available,high,"CARD_Prop card ID at this row aligns with CARD_Name at the same CARD_Indx row; illustration AssetBundle path contains the same card ID; Sacred Cards name matches exactly after Unicode normalization, case-folding, and whitespace collapse."
788,Restructer Revolution,99518961,4871,Restructer Revolution,common,extracted/card_art/candidates/common/04/4871.png,assets/resources/card/images/illust/common/04/4871.bmp,LocalData/93217544/0000/6f/6fe5cf60,name_match_art_available,high,"CARD_Prop card ID at this row aligns with CARD_Name at the same CARD_Indx row; illustration AssetBundle path contains the same card ID; Sacred Cards name matches exactly after Unicode normalization, case-folding, and whitespace collapse."
789,Pot of Greed,55144522,4844,Pot of Greed,common,extracted/card_art/candidates/common/04/4844.png,assets/resources/card/images/illust/common/04/4844.bmp,LocalData/93217544/0000/34/34a2682c,name_match_art_available,high,"CARD_Prop card ID at this row aligns with CARD_Name at the same CARD_Indx row; illustration AssetBundle path contains the same card ID; Sacred Cards name matches exactly after Unicode normalization, case-folding, and whitespace collapse."
790,The Inexperienced Spy,81820689,4848,The Inexperienced Spy,common,extracted/card_art/candidates/common/04/4848.png,assets/resources/card/images/illust/common/04/4848.bmp,LocalData/93217544/0000/3d/3d142407,name_match_art_available,high,"CARD_Prop card ID at this row aligns with CARD_Name at the same CARD_Indx row; illustration AssetBundle path contains the same card ID; Sacred Cards name matches exactly after Unicode normalization, case-folding, and whitespace collapse."
791,Gate Sword,46211326,,,,,,,unmatched,unmatched,No exact normalized English-name match found in the decoded Master Duel CARD_Name table.
792,Steel Fan Fighter,13616074,,,,,,,unmatched,unmatched,No exact normalized English-name match found in the decoded Master Duel CARD_Name table.
793,Leopard Girl,49000779,,,,,,,unmatched,unmatched,No exact normalized English-name match found in the decoded Master Duel CARD_Name table.
794,The Last Warrior from Another Planet,86099788,4785,The Last Warrior from Another Planet,common,extracted/card_art/candidates/common/04/4785.png,assets/resources/card/images/illust/common/04/4785.bmp,LocalData/93217544/0000/e4/e44c508b,name_match_art_available,high,"CARD_Prop card ID at this row aligns with CARD_Name at the same CARD_Indx row; illustration AssetBundle path contains the same card ID; Sacred Cards name matches exactly after Unicode normalization, case-folding, and whitespace collapse."
795,Dunames Dark Witch,12493482,4786,Dunames Dark Witch,tcg,extracted/card_art/candidates/tcg/04/4786.png,assets/resources/card/images/illust/tcg/04/4786.bmp,LocalData/93217544/0000/7d/7d450131,name_match_art_available,high,"CARD_Prop card ID at this row aligns with CARD_Name at the same CARD_Indx row; illustration AssetBundle path contains the same card ID; Sacred Cards name matches exactly after Unicode normalization, case-folding, and whitespace collapse."
796,Garnecia Elefantis,49888191,4787,Garnecia Elefantis,common,extracted/card_art/candidates/common/04/4787.png,assets/resources/card/images/illust/common/04/4787.bmp,LocalData/93217544/0000/0a/0a4231a7,name_match_art_available,high,"CARD_Prop card ID at this row aligns with CARD_Name at the same CARD_Indx row; illustration AssetBundle path contains the same card ID; Sacred Cards name matches exactly after Unicode normalization, case-folding, and whitespace collapse."
797,Total Defense Shogun,75372290,4788,Total Defense Shogun,common,extracted/card_art/candidates/common/04/4788.png,assets/resources/card/images/illust/common/04/4788.bmp,LocalData/93217544/0000/9a/9afd2c36,name_match_art_available,high,"CARD_Prop card ID at this row aligns with CARD_Name at the same CARD_Indx row; illustration AssetBundle path contains the same card ID; Sacred Cards name matches exactly after Unicode normalization, case-folding, and whitespace collapse."
798,Beast of Talwar,11761845,4789,Beast of Talwar,common,extracted/card_art/candidates/common/04/4789.png,assets/resources/card/images/illust/common/04/4789.bmp,LocalData/93217544/0000/ed/edfa1ca0,name_match_art_available,high,"CARD_Prop card ID at this row aligns with CARD_Name at the same CARD_Indx row; illustration AssetBundle path contains the same card ID; Sacred Cards name matches exactly after Unicode normalization, case-folding, and whitespace collapse."
799,Cyber-Tech Alligator,48766543,4790,Cyber-Tech Alligator,common,extracted/card_art/candidates/common/04/4790.png,assets/resources/card/images/illust/common/04/4790.bmp,LocalData/93217544/0000/8d/8d3d9545,name_match_art_available,high,"CARD_Prop card ID at this row aligns with CARD_Name at the same CARD_Indx row; illustration AssetBundle path contains the same card ID; Sacred Cards name matches exactly after Unicode normalization, case-folding, and whitespace collapse."
800,Talons of Shurilane,74150658,4791,Talons of Shurilane,tcg,extracted/card_art/candidates/tcg/04/4791.png,assets/resources/card/images/illust/tcg/04/4791.bmp,LocalData/93217544/0000/fa/fa3aa5d3,name_match_art_available,high,"CARD_Prop card ID at this row aligns with CARD_Name at the same CARD_Indx row; illustration AssetBundle path contains the same card ID; Sacred Cards name matches exactly after Unicode normalization, case-folding, and whitespace collapse."
801,The Stern Mystic,87557188,4879,The Stern Mystic,common,extracted/card_art/candidates/common/04/4879.png,assets/resources/card/images/illust/common/04/4879.bmp,LocalData/93217544/0000/61/613e4752,name_match_art_available,high,"CARD_Prop card ID at this row aligns with CARD_Name at the same CARD_Indx row; illustration AssetBundle path contains the same card ID; Sacred Cards name matches exactly after Unicode normalization, case-folding, and whitespace collapse."
802,Baron of the Fiend Sword,86325596,4882,Baron of the Fiend Sword,common,extracted/card_art/candidates/common/04/4882.png,assets/resources/card/images/illust/common/04/4882.bmp,LocalData/93217544/0000/71/71748215,name_match_art_available,high,"CARD_Prop card ID at this row aligns with CARD_Name at the same CARD_Indx row; illustration AssetBundle path contains the same card ID; Sacred Cards name matches exactly after Unicode normalization, case-folding, and whitespace collapse."
803,Shining Abyss,87303357,5090,Shining Abyss,common,extracted/card_art/candidates/common/05/5090.png,assets/resources/card/images/illust/common/05/5090.bmp,LocalData/93217544/0000/30/30cee4a5,name_match_art_available,high,"CARD_Prop card ID at this row aligns with CARD_Name at the same CARD_Indx row; illustration AssetBundle path contains the same card ID; Sacred Cards name matches exactly after Unicode normalization, case-folding, and whitespace collapse."
804,Headless Knight,5434080,5221,Headless Knight,common,extracted/card_art/candidates/common/05/5221.png,assets/resources/card/images/illust/common/05/5221.bmp,LocalData/93217544/0000/a7/a7b9d996,name_match_art_available,high,"CARD_Prop card ID at this row aligns with CARD_Name at the same CARD_Indx row; illustration AssetBundle path contains the same card ID; Sacred Cards name matches exactly after Unicode normalization, case-folding, and whitespace collapse."
805,Soldier Ari,73038060,,,,,,,unmatched,unmatched,No exact normalized English-name match found in the decoded Master Duel CARD_Name table.
806,Gearfried the Iron Knight,423705,5059,Gearfried the Iron Knight,common,extracted/card_art/candidates/common/05/5059.png,assets/resources/card/images/illust/common/05/5059.bmp,LocalData/93217544/0000/e5/e5a7130d,name_match_art_available,high,"CARD_Prop card ID at this row aligns with CARD_Name at the same CARD_Indx row; illustration AssetBundle path contains the same card ID; Sacred Cards name matches exactly after Unicode normalization, case-folding, and whitespace collapse."
807,Humanoid Slime,46821314,5060,Humanoid Slime,common,extracted/card_art/candidates/common/05/5060.png,assets/resources/card/images/illust/common/05/5060.bmp,LocalData/93217544/0000/b7/b756f86a,name_match_art_available,high,"CARD_Prop card ID at this row aligns with CARD_Name at the same CARD_Indx row; illustration AssetBundle path contains the same card ID; Sacred Cards name matches exactly after Unicode normalization, case-folding, and whitespace collapse."
808,Worm Drake,73216412,5061,Worm Drake,common,extracted/card_art/candidates/common/05/5061.png,assets/resources/card/images/illust/common/05/5061.bmp,LocalData/93217544/0000/c0/c051c8fc,name_match_art_available,high,"CARD_Prop card ID at this row aligns with CARD_Name at the same CARD_Indx row; illustration AssetBundle path contains the same card ID; Sacred Cards name matches exactly after Unicode normalization, case-folding, and whitespace collapse."
809,Humanoid Worm Drake,5600127,5062,Humanoid Worm Drake,common,extracted/card_art/candidates/common/05/5062.png,assets/resources/card/images/illust/common/05/5062.bmp,LocalData/93217544/0000/59/59589946,name_match_art_available,high,"CARD_Prop card ID at this row aligns with CARD_Name at the same CARD_Indx row; illustration AssetBundle path contains the same card ID; Sacred Cards name matches exactly after Unicode normalization, case-folding, and whitespace collapse."
810,Revival Jam,31709826,5063,Revival Jam,common,extracted/card_art/candidates/common/05/5063.png,assets/resources/card/images/illust/common/05/5063.bmp,LocalData/93217544/0000/2e/2e5fa9d0,name_match_art_available,high,"CARD_Prop card ID at this row aligns with CARD_Name at the same CARD_Indx row; illustration AssetBundle path contains the same card ID; Sacred Cards name matches exactly after Unicode normalization, case-folding, and whitespace collapse."
811,Buster Blader,78193831,4983,Buster Blader,common,extracted/card_art/candidates/common/04/4983.png,assets/resources/card/images/illust/common/04/4983.bmp,LocalData/93217544/0000/07/07b1d8b4,name_match_art_available,high,"CARD_Prop card ID at this row aligns with CARD_Name at the same CARD_Indx row; illustration AssetBundle path contains the same card ID; Sacred Cards name matches exactly after Unicode normalization, case-folding, and whitespace collapse."
812,Dark Necrofear,31829185,5222,Dark Necrofear,common,extracted/card_art/candidates/common/05/5222.png,assets/resources/card/images/illust/common/05/5222.bmp,LocalData/93217544/0000/3e/3eb0882c,name_match_art_available,high,"CARD_Prop card ID at this row aligns with CARD_Name at the same CARD_Indx row; illustration AssetBundle path contains the same card ID; Sacred Cards name matches exactly after Unicode normalization, case-folding, and whitespace collapse."
813,Cyber Jar,34124316,4913,Cyber Jar,common,extracted/card_art/candidates/common/04/4913.png,assets/resources/card/images/illust/common/04/4913.bmp,LocalData/93217544/0000/d6/d67363fd,name_match_art_available,high,"CARD_Prop card ID at this row aligns with CARD_Name at the same CARD_Indx row; illustration AssetBundle path contains the same card ID; Sacred Cards name matches exactly after Unicode normalization, case-folding, and whitespace collapse."
814,Banisher of the Light,61528025,4914,Banisher of the Light,common,extracted/card_art/candidates/common/04/4914.png,assets/resources/card/images/illust/common/04/4914.bmp,LocalData/93217544/0000/48/4817f65e,name_match_art_available,high,"CARD_Prop card ID at this row aligns with CARD_Name at the same CARD_Indx row; illustration AssetBundle path contains the same card ID; Sacred Cards name matches exactly after Unicode normalization, case-folding, and whitespace collapse."
815,Giant Rat,97017120,4915,Giant Rat,common,extracted/card_art/candidates/common/04/4915.png,assets/resources/card/images/illust/common/04/4915.bmp,LocalData/93217544/0000/3f/3f10c6c8,name_match_art_available,high,"CARD_Prop card ID at this row aligns with CARD_Name at the same CARD_Indx row; illustration AssetBundle path contains the same card ID; Sacred Cards name matches exactly after Unicode normalization, case-folding, and whitespace collapse."
816,Senju of the Thousand Hands,23401839,4916,Senju of the Thousand Hands,tcg,extracted/card_art/candidates/tcg/04/4916.png,assets/resources/card/images/illust/tcg/04/4916.bmp,LocalData/93217544/0000/a6/a6199772,name_match_art_available,high,"CARD_Prop card ID at this row aligns with CARD_Name at the same CARD_Indx row; illustration AssetBundle path contains the same card ID; Sacred Cards name matches exactly after Unicode normalization, case-folding, and whitespace collapse."
817,UFO Turtle,60806437,4917,UFO Turtle,common,extracted/card_art/candidates/common/04/4917.png,assets/resources/card/images/illust/common/04/4917.bmp,LocalData/93217544/0000/d1/d11ea7e4,name_match_art_available,high,"CARD_Prop card ID at this row aligns with CARD_Name at the same CARD_Indx row; illustration AssetBundle path contains the same card ID; Sacred Cards name matches exactly after Unicode normalization, case-folding, and whitespace collapse."
818,Flash Assailant,96890582,4918,Flash Assailant,common,extracted/card_art/candidates/common/04/4918.png,assets/resources/card/images/illust/common/04/4918.bmp,LocalData/93217544/0000/41/41a1ba75,name_match_art_available,high,"CARD_Prop card ID at this row aligns with CARD_Name at the same CARD_Indx row; illustration AssetBundle path contains the same card ID; Sacred Cards name matches exactly after Unicode normalization, case-folding, and whitespace collapse."
819,Karate Man,23289281,4919,Karate Man,common,extracted/card_art/candidates/common/04/4919.png,assets/resources/card/images/illust/common/04/4919.bmp,LocalData/93217544/0000/36/36a68ae3,name_match_art_available,high,"CARD_Prop card ID at this row aligns with CARD_Name at the same CARD_Indx row; illustration AssetBundle path contains the same card ID; Sacred Cards name matches exactly after Unicode normalization, case-folding, and whitespace collapse."
820,Dark Zebra,59784896,4920,Dark Zebra,common,extracted/card_art/candidates/common/04/4920.png,assets/resources/card/images/illust/common/04/4920.bmp,LocalData/93217544/0000/64/64576184,name_match_art_available,high,"CARD_Prop card ID at this row aligns with CARD_Name at the same CARD_Indx row; illustration AssetBundle path contains the same card ID; Sacred Cards name matches exactly after Unicode normalization, case-folding, and whitespace collapse."
821,Giant Germ,95178994,4921,Giant Germ,common,extracted/card_art/candidates/common/04/4921.png,assets/resources/card/images/illust/common/04/4921.bmp,LocalData/93217544/0000/13/13505112,name_match_art_available,high,"CARD_Prop card ID at this row aligns with CARD_Name at the same CARD_Indx row; illustration AssetBundle path contains the same card ID; Sacred Cards name matches exactly after Unicode normalization, case-folding, and whitespace collapse."
822,Nimble Momonga,22567609,4922,Nimble Momonga,common,extracted/card_art/candidates/common/04/4922.png,assets/resources/card/images/illust/common/04/4922.bmp,LocalData/93217544/0000/8a/8a5900a8,name_match_art_available,high,"CARD_Prop card ID at this row aligns with CARD_Name at the same CARD_Indx row; illustration AssetBundle path contains the same card ID; Sacred Cards name matches exactly after Unicode normalization, case-folding, and whitespace collapse."
823,Spear Cretin,58551308,4923,Spear Cretin,tcg,extracted/card_art/candidates/tcg/04/4923.png,assets/resources/card/images/illust/tcg/04/4923.bmp,LocalData/93217544/0000/fd/fd5e303e,name_match_art_available,high,"CARD_Prop card ID at this row aligns with CARD_Name at the same CARD_Indx row; illustration AssetBundle path contains the same card ID; Sacred Cards name matches exactly after Unicode normalization, case-folding, and whitespace collapse."
824,Shining Angel,95956346,4924,Shining Angel,tcg,extracted/card_art/candidates/tcg/04/4924.png,assets/resources/card/images/illust/tcg/04/4924.bmp,LocalData/93217544/0000/63/633aa59d,name_match_art_available,high,"CARD_Prop card ID at this row aligns with CARD_Name at the same CARD_Indx row; illustration AssetBundle path contains the same card ID; Sacred Cards name matches exactly after Unicode normalization, case-folding, and whitespace collapse."
825,Boar Soldier,21340051,4925,Boar Soldier,common,extracted/card_art/candidates/common/04/4925.png,assets/resources/card/images/illust/common/04/4925.bmp,LocalData/93217544/0000/14/143d950b,name_match_art_available,high,"CARD_Prop card ID at this row aligns with CARD_Name at the same CARD_Indx row; illustration AssetBundle path contains the same card ID; Sacred Cards name matches exactly after Unicode normalization, case-folding, and whitespace collapse."
826,Mother Grizzly,57839750,4926,Mother Grizzly,common,extracted/card_art/candidates/common/04/4926.png,assets/resources/card/images/illust/common/04/4926.bmp,LocalData/93217544/0000/8d/8d34c4b1,name_match_art_available,high,"CARD_Prop card ID at this row aligns with CARD_Name at the same CARD_Indx row; illustration AssetBundle path contains the same card ID; Sacred Cards name matches exactly after Unicode normalization, case-folding, and whitespace collapse."
827,Flying Kamakiri #1,84834865,4927,Flying Kamakiri #1,common,extracted/card_art/candidates/common/04/4927.png,assets/resources/card/images/illust/common/04/4927.bmp,LocalData/93217544/0000/fa/fa33f427,name_match_art_available,high,"CARD_Prop card ID at this row aligns with CARD_Name at the same CARD_Indx row; illustration AssetBundle path contains the same card ID; Sacred Cards name matches exactly after Unicode normalization, case-folding, and whitespace collapse."
828,Ceremonial Bell,20228463,4928,Ceremonial Bell,common,extracted/card_art/candidates/common/04/4928.png,assets/resources/card/images/illust/common/04/4928.bmp,LocalData/93217544/0000/6a/6a8ce9b6,name_match_art_available,high,"CARD_Prop card ID at this row aligns with CARD_Name at the same CARD_Indx row; illustration AssetBundle path contains the same card ID; Sacred Cards name matches exactly after Unicode normalization, case-folding, and whitespace collapse."
829,Sonic Bird,57617178,4929,Sonic Bird,common,extracted/card_art/candidates/common/04/4929.png,assets/resources/card/images/illust/common/04/4929.bmp,LocalData/93217544/0000/1d/1d8bd920,name_match_art_available,high,"CARD_Prop card ID at this row aligns with CARD_Name at the same CARD_Indx row; illustration AssetBundle path contains the same card ID; Sacred Cards name matches exactly after Unicode normalization, case-folding, and whitespace collapse."
830,Mystic Tomato,83011277,4930,Mystic Tomato,tcg,extracted/card_art/candidates/tcg/04/4930.png,assets/resources/card/images/illust/tcg/04/4930.bmp,LocalData/93217544/0000/7d/7d4c50c5,name_match_art_available,high,"CARD_Prop card ID at this row aligns with CARD_Name at the same CARD_Indx row; illustration AssetBundle path contains the same card ID; Sacred Cards name matches exactly after Unicode normalization, case-folding, and whitespace collapse."
831,Kotodama,19406822,4931,Kotodama,common,extracted/card_art/candidates/common/04/4931.png,assets/resources/card/images/illust/common/04/4931.bmp,LocalData/93217544/0000/0a/0a4b6053,name_match_art_available,high,"CARD_Prop card ID at this row aligns with CARD_Name at the same CARD_Indx row; illustration AssetBundle path contains the same card ID; Sacred Cards name matches exactly after Unicode normalization, case-folding, and whitespace collapse."
832,Obelisk the Tormentor,,3868,Obelisk the Tormentor,common,extracted/card_art/candidates/common/03/3868.png,assets/resources/card/images/illust/common/03/3868.bmp,LocalData/93217544/0000/92/92f57e3c,name_match_art_available,medium,"CARD_Prop card ID at this row aligns with CARD_Name at the same CARD_Indx row; illustration AssetBundle path contains the same card ID; Sacred Cards name matches exactly after Unicode normalization, case-folding, and whitespace collapse."
832,Obelisk the Tormentor,,4998,Obelisk the Tormentor,common,extracted/card_art/candidates/common/04/4998.png,assets/resources/card/images/illust/common/04/4998.bmp,LocalData/93217544/0000/89/8978307d,name_match_art_available,medium,"CARD_Prop card ID at this row aligns with CARD_Name at the same CARD_Indx row; illustration AssetBundle path contains the same card ID; Sacred Cards name matches exactly after Unicode normalization, case-folding, and whitespace collapse."
833,Slifer the Sky Dragon,,3869,Slifer the Sky Dragon,common,extracted/card_art/candidates/common/03/3869.png,assets/resources/card/images/illust/common/03/3869.bmp,LocalData/93217544/0000/e5/e5f24eaa,name_match_art_available,medium,"CARD_Prop card ID at this row aligns with CARD_Name at the same CARD_Indx row; illustration AssetBundle path contains the same card ID; Sacred Cards name matches exactly after Unicode normalization, case-folding, and whitespace collapse."
833,Slifer the Sky Dragon,,4999,Slifer the Sky Dragon,common,extracted/card_art/candidates/common/04/4999.png,assets/resources/card/images/illust/common/04/4999.bmp,LocalData/93217544/0000/fe/fe7f00eb,name_match_art_available,medium,"CARD_Prop card ID at this row aligns with CARD_Name at the same CARD_Indx row; illustration AssetBundle path contains the same card ID; Sacred Cards name matches exactly after Unicode normalization, case-folding, and whitespace collapse."
834,The Winged Dragon of Ra,,3401,The Winged Dragon of Ra,common,extracted/card_art/candidates/common/03/3401.png,assets/resources/card/images/illust/common/03/3401.bmp,LocalData/93217544/0000/b4/b469987a,name_match_art_available,medium,"CARD_Prop card ID at this row aligns with CARD_Name at the same CARD_Indx row; illustration AssetBundle path contains the same card ID; Sacred Cards name matches exactly after Unicode normalization, case-folding, and whitespace collapse."
834,The Winged Dragon of Ra,,5000,The Winged Dragon of Ra,common,extracted/card_art/candidates/common/05/5000.png,assets/resources/card/images/illust/common/05/5000.bmp,LocalData/93217544/0000/e1/e10c5fec,name_match_art_available,medium,"CARD_Prop card ID at this row aligns with CARD_Name at the same CARD_Indx row; illustration AssetBundle path contains the same card ID; Sacred Cards name matches exactly after Unicode normalization, case-folding, and whitespace collapse."
835,Flying Fish,31987274,5065,Flying Fish,common,extracted/card_art/candidates/common/05/5065.png,assets/resources/card/images/illust/common/05/5065.bmp,LocalData/93217544/0000/c7/c73c0ce5,name_match_art_available,high,"CARD_Prop card ID at this row aligns with CARD_Name at the same CARD_Indx row; illustration AssetBundle path contains the same card ID; Sacred Cards name matches exactly after Unicode normalization, case-folding, and whitespace collapse."
836,Amphibian Beast,67371383,5066,Amphibian Beast,common,extracted/card_art/candidates/common/05/5066.png,assets/resources/card/images/illust/common/05/5066.bmp,LocalData/93217544/0000/5e/5e355d5f,name_match_art_available,high,"CARD_Prop card ID at this row aligns with CARD_Name at the same CARD_Indx row; illustration AssetBundle path contains the same card ID; Sacred Cards name matches exactly after Unicode normalization, case-folding, and whitespace collapse."
837,Alligator's Sword Dragon,3366982,5003,Alligator's Sword Dragon,common,extracted/card_art/candidates/common/05/5003.png,assets/resources/card/images/illust/common/05/5003.bmp,LocalData/93217544/0000/78/78050e56,name_match_art_available,high,"CARD_Prop card ID at this row aligns with CARD_Name at the same CARD_Indx row; illustration AssetBundle path contains the same card ID; Sacred Cards name matches exactly after Unicode normalization, case-folding, and whitespace collapse."
838,Rocket Warrior,30860696,5067,Rocket Warrior,common,extracted/card_art/candidates/common/05/5067.png,assets/resources/card/images/illust/common/05/5067.bmp,LocalData/93217544/0000/29/29326dc9,name_match_art_available,high,"CARD_Prop card ID at this row aligns with CARD_Name at the same CARD_Indx row; illustration AssetBundle path contains the same card ID; Sacred Cards name matches exactly after Unicode normalization, case-folding, and whitespace collapse."
839,Aqua Serpent,66259795,,,,,,,unmatched,unmatched,No exact normalized English-name match found in the decoded Master Duel CARD_Name table.
840,The Legendary Fisherman,3643300,5069,The Legendary Fisherman,tcg,extracted/card_art/candidates/tcg/05/5069.png,assets/resources/card/images/illust/tcg/05/5069.bmp,LocalData/93217544/0000/ce/ce8a40ce,name_match_art_available,high,"CARD_Prop card ID at this row aligns with CARD_Name at the same CARD_Indx row; illustration AssetBundle path contains the same card ID; Sacred Cards name matches exactly after Unicode normalization, case-folding, and whitespace collapse."
841,Morphing Jar #2,79106360,4969,Morphing Jar #2,common,extracted/card_art/candidates/common/04/4969.png,assets/resources/card/images/illust/common/04/4969.bmp,LocalData/93217544/0000/79/79e71c24,name_match_art_available,high,"CARD_Prop card ID at this row aligns with CARD_Name at the same CARD_Indx row; illustration AssetBundle path contains the same card ID; Sacred Cards name matches exactly after Unicode normalization, case-folding, and whitespace collapse."
842,Vorse Raider,14898066,5004,Vorse Raider,common,extracted/card_art/candidates/common/05/5004.png,assets/resources/card/images/illust/common/05/5004.bmp,LocalData/93217544/0000/e6/e6619bf5,name_match_art_available,high,"CARD_Prop card ID at this row aligns with CARD_Name at the same CARD_Indx row; illustration AssetBundle path contains the same card ID; Sacred Cards name matches exactly after Unicode normalization, case-folding, and whitespace collapse."
843,Flame Champion,42599677,4971,Flame Champion,common,extracted/card_art/candidates/common/04/4971.png,assets/resources/card/images/illust/common/04/4971.bmp,LocalData/93217544/0000/6e/6e27a557,name_match_art_available,high,"CARD_Prop card ID at this row aligns with CARD_Name at the same CARD_Indx row; illustration AssetBundle path contains the same card ID; Sacred Cards name matches exactly after Unicode normalization, case-folding, and whitespace collapse."
844,Twin-Headed Fire Dragon,78984772,4972,Twin-Headed Fire Dragon,common,extracted/card_art/candidates/common/04/4972.png,assets/resources/card/images/illust/common/04/4972.bmp,LocalData/93217544/0000/f7/f72ef4ed,name_match_art_available,high,"CARD_Prop card ID at this row aligns with CARD_Name at the same CARD_Indx row; illustration AssetBundle path contains the same card ID; Sacred Cards name matches exactly after Unicode normalization, case-folding, and whitespace collapse."
845,Darkfire Soldier #1,5388481,4973,Darkfire Soldier #1,common,extracted/card_art/candidates/common/04/4973.png,assets/resources/card/images/illust/common/04/4973.bmp,LocalData/93217544/0000/80/8029c47b,name_match_art_available,high,"CARD_Prop card ID at this row aligns with CARD_Name at the same CARD_Indx row; illustration AssetBundle path contains the same card ID; Sacred Cards name matches exactly after Unicode normalization, case-folding, and whitespace collapse."
846,Mr. Volcano,31477025,4974,Mr. Volcano,common,extracted/card_art/candidates/common/04/4974.png,assets/resources/card/images/illust/common/04/4974.bmp,LocalData/93217544/0000/1e/1e4d51d8,name_match_art_available,high,"CARD_Prop card ID at this row aligns with CARD_Name at the same CARD_Indx row; illustration AssetBundle path contains the same card ID; Sacred Cards name matches exactly after Unicode normalization, case-folding, and whitespace collapse."
847,Darkfire Soldier #2,78861134,4975,Darkfire Soldier #2,common,extracted/card_art/candidates/common/04/4975.png,assets/resources/card/images/illust/common/04/4975.bmp,LocalData/93217544/0000/69/694a614e,name_match_art_available,high,"CARD_Prop card ID at this row aligns with CARD_Name at the same CARD_Indx row; illustration AssetBundle path contains the same card ID; Sacred Cards name matches exactly after Unicode normalization, case-folding, and whitespace collapse."
848,Kiseitai,4266839,4976,Kiseitai,common,extracted/card_art/candidates/common/04/4976.png,assets/resources/card/images/illust/common/04/4976.bmp,LocalData/93217544/0000/f0/f04330f4,name_match_art_available,high,"CARD_Prop card ID at this row aligns with CARD_Name at the same CARD_Indx row; illustration AssetBundle path contains the same card ID; Sacred Cards name matches exactly after Unicode normalization, case-folding, and whitespace collapse."
849,Cyber Falcon,30655537,4977,Cyber Falcon,common,extracted/card_art/candidates/common/04/4977.png,assets/resources/card/images/illust/common/04/4977.bmp,LocalData/93217544/0000/87/87440062,name_match_art_available,high,"CARD_Prop card ID at this row aligns with CARD_Name at the same CARD_Indx row; illustration AssetBundle path contains the same card ID; Sacred Cards name matches exactly after Unicode normalization, case-folding, and whitespace collapse."
850,Gamma The Magnet Warrior,11549357,4792,Gamma The Magnet Warrior,common,extracted/card_art/candidates/common/04/4792.png,assets/resources/card/images/illust/common/04/4792.bmp,LocalData/93217544/0000/63/6333f469,name_match_art_available,high,"CARD_Prop card ID at this row aligns with CARD_Name at the same CARD_Indx row; illustration AssetBundle path contains the same card ID; Sacred Cards name matches exactly after Unicode normalization, case-folding, and whitespace collapse."
851,Flying Kamakiri #2,3134241,4979,Flying Kamakiri #2,common,extracted/card_art/candidates/common/04/4979.png,assets/resources/card/images/illust/common/04/4979.bmp,LocalData/93217544/0000/60/60fc2d65,name_match_art_available,high,"CARD_Prop card ID at this row aligns with CARD_Name at the same CARD_Indx row; illustration AssetBundle path contains the same card ID; Sacred Cards name matches exactly after Unicode normalization, case-folding, and whitespace collapse."
852,Harpie's Brother,30532390,,,,,,,unmatched,unmatched,No exact normalized English-name match found in the decoded Master Duel CARD_Name table.
853,Grand Tiki Elder,13676474,5093,Grand Tiki Elder,common,extracted/card_art/candidates/common/05/5093.png,assets/resources/card/images/illust/common/05/5093.bmp,LocalData/93217544/0000/a9/a9c7b51f,name_match_art_available,high,"CARD_Prop card ID at this row aligns with CARD_Name at the same CARD_Indx row; illustration AssetBundle path contains the same card ID; Sacred Cards name matches exactly after Unicode normalization, case-folding, and whitespace collapse."
854,The Masked Beast,49064413,5094,The Masked Beast,common,extracted/card_art/candidates/common/05/5094.png,assets/resources/card/images/illust/common/05/5094.bmp,LocalData/93217544/0000/37/37a320bc,name_match_art_available,high,"CARD_Prop card ID at this row aligns with CARD_Name at the same CARD_Indx row; illustration AssetBundle path contains the same card ID; Sacred Cards name matches exactly after Unicode normalization, case-folding, and whitespace collapse."
855,The Earl of Demise,66989694,5229,The Earl of Demise,common,extracted/card_art/candidates/common/05/5229.png,assets/resources/card/images/illust/common/05/5229.bmp,LocalData/93217544/0000/a9/a96251a4,name_match_art_available,high,"CARD_Prop card ID at this row aligns with CARD_Name at the same CARD_Indx row; illustration AssetBundle path contains the same card ID; Sacred Cards name matches exactly after Unicode normalization, case-folding, and whitespace collapse."
856,Boneheimer,98456117,5046,Boneheimer,common,extracted/card_art/candidates/common/05/5046.png,assets/resources/card/images/illust/common/05/5046.bmp,LocalData/93217544/0000/6c/6c033fdd,name_match_art_available,high,"CARD_Prop card ID at this row aligns with CARD_Name at the same CARD_Indx row; illustration AssetBundle path contains the same card ID; Sacred Cards name matches exactly after Unicode normalization, case-folding, and whitespace collapse."
857,Flame Dancer,12883044,5048,Flame Dancer,common,extracted/card_art/candidates/common/05/5048.png,assets/resources/card/images/illust/common/05/5048.bmp,LocalData/93217544/0000/8b/8bbb12da,name_match_art_available,high,"CARD_Prop card ID at this row aligns with CARD_Name at the same CARD_Indx row; illustration AssetBundle path contains the same card ID; Sacred Cards name matches exactly after Unicode normalization, case-folding, and whitespace collapse."
858,Zombyra the Dark,88472456,5245,Zombyra the Dark,tcg,extracted/card_art/candidates/tcg/05/5245.png,assets/resources/card/images/illust/tcg/05/5245.bmp,LocalData/93217544/0000/f6/f68eba09,name_match_art_available,high,"CARD_Prop card ID at this row aligns with CARD_Name at the same CARD_Indx row; illustration AssetBundle path contains the same card ID; Sacred Cards name matches exactly after Unicode normalization, case-folding, and whitespace collapse."
859,Earthbound Spirit,67105242,5226,Earthbound Spirit,common,extracted/card_art/candidates/common/05/5226.png,assets/resources/card/images/illust/common/05/5226.bmp,LocalData/93217544/0000/39/39dd4c35,name_match_art_available,high,"CARD_Prop card ID at this row aligns with CARD_Name at the same CARD_Indx row; illustration AssetBundle path contains the same card ID; Sacred Cards name matches exactly after Unicode normalization, case-folding, and whitespace collapse."
860,Embodiment of Apophis,28649820,5234,Embodiment of Apophis,common,extracted/card_art/candidates/common/05/5234.png,assets/resources/card/images/illust/common/05/5234.bmp,LocalData/93217544/0000/ce/cec81c58,name_match_art_available,high,"CARD_Prop card ID at this row aligns with CARD_Name at the same CARD_Indx row; illustration AssetBundle path contains the same card ID; Sacred Cards name matches exactly after Unicode normalization, case-folding, and whitespace collapse."
861,Ancient Lamp,54912977,5238,Ancient Lamp,common,extracted/card_art/candidates/common/05/5238.png,assets/resources/card/images/illust/common/05/5238.bmp,LocalData/93217544/0000/c7/c77e5073,name_match_art_available,high,"CARD_Prop card ID at this row aligns with CARD_Name at the same CARD_Indx row; illustration AssetBundle path contains the same card ID; Sacred Cards name matches exactly after Unicode normalization, case-folding, and whitespace collapse."
862,Amazon Chain Master,29654737,,,,,,,unmatched,unmatched,No exact normalized English-name match found in the decoded Master Duel CARD_Name table.
863,Thunder Nyan Nyan,70797118,5028,Thunder Nyan Nyan,tcg,extracted/card_art/candidates/tcg/05/5028.png,assets/resources/card/images/illust/tcg/05/5028.bmp,LocalData/93217544/0000/dd/dde1b55c,name_match_art_available,high,"CARD_Prop card ID at this row aligns with CARD_Name at the same CARD_Indx row; illustration AssetBundle path contains the same card ID; Sacred Cards name matches exactly after Unicode normalization, case-folding, and whitespace collapse."
864,Injection Fairy Lily,79575620,5031,Injection Fairy Lily,common,extracted/card_art/candidates/common/05/5031.png,assets/resources/card/images/illust/common/05/5031.bmp,LocalData/93217544/0000/bd/bd263cb9,name_match_art_available,high,"CARD_Prop card ID at this row aligns with CARD_Name at the same CARD_Indx row; illustration AssetBundle path contains the same card ID; Sacred Cards name matches exactly after Unicode normalization, case-folding, and whitespace collapse."
865,Dark Magician,36996508,3863,Dark Magician,common,extracted/card_art/candidates/common/03/3863.png,assets/resources/card/images/illust/common/03/3863.bmp,LocalData/93217544/0000/05/0527a7b4,name_match_art_available,medium,"CARD_Prop card ID at this row aligns with CARD_Name at the same CARD_Indx row; illustration AssetBundle path contains the same card ID; Sacred Cards name matches exactly after Unicode normalization, case-folding, and whitespace collapse."
865,Dark Magician,36996508,3880,Dark Magician,common,extracted/card_art/candidates/common/03/3880.png,assets/resources/card/images/illust/common/03/3880.bmp,LocalData/93217544/0000/02/02addb80,name_match_art_available,medium,"CARD_Prop card ID at this row aligns with CARD_Name at the same CARD_Indx row; illustration AssetBundle path contains the same card ID; Sacred Cards name matches exactly after Unicode normalization, case-folding, and whitespace collapse."
865,Dark Magician,36996508,4041,Dark Magician,common,extracted/card_art/candidates/common/04/4041.png,assets/resources/card/images/illust/common/04/4041.bmp,LocalData/93217544/0000/4a/4adbcd1b,name_match_art_available,medium,"CARD_Prop card ID at this row aligns with CARD_Name at the same CARD_Indx row; illustration AssetBundle path contains the same card ID; Sacred Cards name matches exactly after Unicode normalization, case-folding, and whitespace collapse."
865,Dark Magician,36996508,5165,Dark Magician,,,,,name_match_art_not_in_candidate_dump,medium,"CARD_Prop card ID at this row aligns with CARD_Name at the same CARD_Indx row; illustration AssetBundle path contains the same card ID; Sacred Cards name matches exactly after Unicode normalization, case-folding, and whitespace collapse."
865,Dark Magician,36996508,23487,Dark Magician,,,,,name_match_art_not_in_candidate_dump,medium,"CARD_Prop card ID at this row aligns with CARD_Name at the same CARD_Indx row; illustration AssetBundle path contains the same card ID; Sacred Cards name matches exactly after Unicode normalization, case-folding, and whitespace collapse."
866,Blue-Eyes Ultimate Dragon,,4386,Blue-Eyes Ultimate Dragon,common,extracted/card_art/candidates/common/04/4386.png,assets/resources/card/images/illust/common/04/4386.bmp,LocalData/93217544/0000/7a/7a4ca9ed,name_match_art_available,medium,"CARD_Prop card ID at this row aligns with CARD_Name at the same CARD_Indx row; illustration AssetBundle path contains the same card ID; Sacred Cards name matches exactly after Unicode normalization, case-folding, and whitespace collapse."
866,Blue-Eyes Ultimate Dragon,,23489,Blue-Eyes Ultimate Dragon,,,,,name_match_art_not_in_candidate_dump,medium,"CARD_Prop card ID at this row aligns with CARD_Name at the same CARD_Indx row; illustration AssetBundle path contains the same card ID; Sacred Cards name matches exactly after Unicode normalization, case-folding, and whitespace collapse."
867,Executor - Makyura,21593977,,,,,,,unmatched,unmatched,No exact normalized English-name match found in the decoded Master Duel CARD_Name table.
868,Viser Des,56043446,5292,Viser Des,common,extracted/card_art/candidates/common/05/5292.png,assets/resources/card/images/illust/common/05/5292.bmp,LocalData/93217544/0000/dd/dd4451e7,name_match_art_available,high,"CARD_Prop card ID at this row aligns with CARD_Name at the same CARD_Indx row; illustration AssetBundle path contains the same card ID; Sacred Cards name matches exactly after Unicode normalization, case-folding, and whitespace collapse."
869,Amazon Sword Woman,94004268,,,,,,,unmatched,unmatched,No exact normalized English-name match found in the decoded Master Duel CARD_Name table.
870,Amazon Archers,67987611,,,,,,,unmatched,unmatched,No exact normalized English-name match found in the decoded Master Duel CARD_Name table.
871,Des Volstgalph,81059524,5408,Des Volstgalph,common,extracted/card_art/candidates/common/05/5408.png,assets/resources/card/images/illust/common/05/5408.bmp,LocalData/93217544/0000/e8/e8de7f02,name_match_art_available,high,"CARD_Prop card ID at this row aligns with CARD_Name at the same CARD_Indx row; illustration AssetBundle path contains the same card ID; Sacred Cards name matches exactly after Unicode normalization, case-folding, and whitespace collapse."
872,Toon Dark Magician Girl,90960358,5450,Toon Dark Magician Girl,tcg,extracted/card_art/candidates/tcg/05/5450.png,assets/resources/card/images/illust/tcg/05/5450.bmp,LocalData/93217544/0000/9b/9b720375,name_match_art_available,high,"CARD_Prop card ID at this row aligns with CARD_Name at the same CARD_Indx row; illustration AssetBundle path contains the same card ID; Sacred Cards name matches exactly after Unicode normalization, case-folding, and whitespace collapse."
873,Gilford the Lightning,36354007,5451,Gilford the Lightning,common,extracted/card_art/candidates/common/05/5451.png,assets/resources/card/images/illust/common/05/5451.bmp,LocalData/93217544/0000/ec/ec7533e3,name_match_art_available,high,"CARD_Prop card ID at this row aligns with CARD_Name at the same CARD_Indx row; illustration AssetBundle path contains the same card ID; Sacred Cards name matches exactly after Unicode normalization, case-folding, and whitespace collapse."
874,Mystical Beast Serket,89194033,,,,,,,unmatched,unmatched,No exact normalized English-name match found in the decoded Master Duel CARD_Name table.
875,Cyber Harpie,80316585,,,,,,,unmatched,unmatched,No exact normalized English-name match found in the decoded Master Duel CARD_Name table.
876,Lightning Conger,27671321,5079,Lightning Conger,common,extracted/card_art/candidates/common/05/5079.png,assets/resources/card/images/illust/common/05/5079.bmp,LocalData/93217544/0000/d7/d791718f,name_match_art_available,high,"CARD_Prop card ID at this row aligns with CARD_Name at the same CARD_Indx row; illustration AssetBundle path contains the same card ID; Sacred Cards name matches exactly after Unicode normalization, case-folding, and whitespace collapse."
877,Exarion Universe,63749102,5452,Exarion Universe,common,extracted/card_art/candidates/common/05/5452.png,assets/resources/card/images/illust/common/05/5452.bmp,LocalData/93217544/0000/75/757c6259,name_match_art_available,high,"CARD_Prop card ID at this row aligns with CARD_Name at the same CARD_Indx row; illustration AssetBundle path contains the same card ID; Sacred Cards name matches exactly after Unicode normalization, case-folding, and whitespace collapse."
878,Legendary Fiend,99747800,5453,Legendary Fiend,common,extracted/card_art/candidates/common/05/5453.png,assets/resources/card/images/illust/common/05/5453.bmp,LocalData/93217544/0000/02/027b52cf,name_match_art_available,high,"CARD_Prop card ID at this row aligns with CARD_Name at the same CARD_Indx row; illustration AssetBundle path contains the same card ID; Sacred Cards name matches exactly after Unicode normalization, case-folding, and whitespace collapse."
879,Gadget Soldier,86281779,5092,Gadget Soldier,common,extracted/card_art/candidates/common/05/5092.png,assets/resources/card/images/illust/common/05/5092.bmp,LocalData/93217544/0000/de/dec08589,name_match_art_available,high,"CARD_Prop card ID at this row aligns with CARD_Name at the same CARD_Indx row; illustration AssetBundle path contains the same card ID; Sacred Cards name matches exactly after Unicode normalization, case-folding, and whitespace collapse."
880,Melchid the Four-Face Beast,86569121,5095,Melchid the Four-Face Beast,common,extracted/card_art/candidates/common/05/5095.png,assets/resources/card/images/illust/common/05/5095.bmp,LocalData/93217544/0000/40/40a4102a,name_match_art_available,high,"CARD_Prop card ID at this row aligns with CARD_Name at the same CARD_Indx row; illustration AssetBundle path contains the same card ID; Sacred Cards name matches exactly after Unicode normalization, case-folding, and whitespace collapse."
881,Nuvia the Wicked,12953226,5096,Nuvia the Wicked,common,extracted/card_art/candidates/common/05/5096.png,assets/resources/card/images/illust/common/05/5096.bmp,LocalData/93217544/0000/d9/d9ad4190,name_match_art_available,high,"CARD_Prop card ID at this row aligns with CARD_Name at the same CARD_Indx row; illustration AssetBundle path contains the same card ID; Sacred Cards name matches exactly after Unicode normalization, case-folding, and whitespace collapse."
882,Masked Beast Des Gardius,48948935,5097,Masked Beast Des Gardius,common,extracted/card_art/candidates/common/05/5097.png,assets/resources/card/images/illust/common/05/5097.bmp,LocalData/93217544/0000/ae/aeaa7106,name_match_art_available,high,"CARD_Prop card ID at this row aligns with CARD_Name at the same CARD_Indx row; illustration AssetBundle path contains the same card ID; Sacred Cards name matches exactly after Unicode normalization, case-folding, and whitespace collapse."
883,Valkyrion the Magna Warrior,75347539,5002,Valkyrion the Magna Warrior,common,extracted/card_art/candidates/common/05/5002.png,assets/resources/card/images/illust/common/05/5002.bmp,LocalData/93217544/0000/0f/0f023ec0,name_match_art_available,high,"CARD_Prop card ID at this row aligns with CARD_Name at the same CARD_Indx row; illustration AssetBundle path contains the same card ID; Sacred Cards name matches exactly after Unicode normalization, case-folding, and whitespace collapse."
884,Red-Eyes Black Metal Dragon,,4748,Red-Eyes Black Metal Dragon,common,extracted/card_art/candidates/common/04/4748.png,assets/resources/card/images/illust/common/04/4748.bmp,LocalData/93217544/0000/36/3648633a,name_match_art_available,medium,"CARD_Prop card ID at this row aligns with CARD_Name at the same CARD_Indx row; illustration AssetBundle path contains the same card ID; Sacred Cards name matches exactly after Unicode normalization, case-folding, and whitespace collapse."
885,Red-Eyes B. Dragon,,,,,,,,unmatched,unmatched,No exact normalized English-name match found in the decoded Master Duel CARD_Name table.
886,Spherous Lady,52121290,5086,Spherous Lady,common,extracted/card_art/candidates/common/05/5086.png,assets/resources/card/images/illust/common/05/5086.bmp,LocalData/93217544/0000/c0/c0b670d1,name_match_art_available,high,"CARD_Prop card ID at this row aligns with CARD_Name at the same CARD_Indx row; illustration AssetBundle path contains the same card ID; Sacred Cards name matches exactly after Unicode normalization, case-folding, and whitespace collapse."
887,Blue-Eyes White Dragon,,3801,Blue-Eyes White Dragon,common,extracted/card_art/candidates/common/03/3801.png,assets/resources/card/images/illust/common/03/3801.bmp,LocalData/93217544/0000/bd/bd73611e,name_match_art_available,medium,"CARD_Prop card ID at this row aligns with CARD_Name at the same CARD_Indx row; illustration AssetBundle path contains the same card ID; Sacred Cards name matches exactly after Unicode normalization, case-folding, and whitespace collapse."
887,Blue-Eyes White Dragon,,4007,Blue-Eyes White Dragon,common,extracted/card_art/candidates/common/04/4007.png,assets/resources/card/images/illust/common/04/4007.bmp,masterduel_Data/StreamingAssets/AssetBundle/c7/c7d4ad2a,name_match_art_available,medium,"CARD_Prop card ID at this row aligns with CARD_Name at the same CARD_Indx row; illustration AssetBundle path contains the same card ID; Sacred Cards name matches exactly after Unicode normalization, case-folding, and whitespace collapse."
888,Dark Sage,92377303,5230,Dark Sage,common,extracted/card_art/candidates/common/05/5230.png,assets/resources/card/images/illust/common/05/5230.bmp,LocalData/93217544/0000/c9/c9a5d841,name_match_art_available,high,"CARD_Prop card ID at this row aligns with CARD_Name at the same CARD_Indx row; illustration AssetBundle path contains the same card ID; Sacred Cards name matches exactly after Unicode normalization, case-folding, and whitespace collapse."
889,F.G.D.,99267150,,,,,,,unmatched,unmatched,No exact normalized English-name match found in the decoded Master Duel CARD_Name table.
890,Master of Dragon Soldier,62873545,,,,,,,unmatched,unmatched,No exact normalized English-name match found in the decoded Master Duel CARD_Name table.
891,Messenger of Peace,44656491,4938,Messenger of Peace,common,extracted/card_art/candidates/common/04/4938.png,assets/resources/card/images/illust/common/04/4938.bmp,LocalData/93217544/0000/73/7397d8f7,name_match_art_available,high,"CARD_Prop card ID at this row aligns with CARD_Name at the same CARD_Indx row; illustration AssetBundle path contains the same card ID; Sacred Cards name matches exactly after Unicode normalization, case-folding, and whitespace collapse."
892,Darkness Approaches,80168720,4902,Darkness Approaches,common,extracted/card_art/candidates/common/04/4902.png,assets/resources/card/images/illust/common/04/4902.bmp,LocalData/93217544/0000/b8/b86f622a,name_match_art_available,high,"CARD_Prop card ID at this row aligns with CARD_Name at the same CARD_Indx row; illustration AssetBundle path contains the same card ID; Sacred Cards name matches exactly after Unicode normalization, case-folding, and whitespace collapse."
893,Final Destiny,18591904,4897,Final Destiny,common,extracted/card_art/candidates/common/04/4897.png,assets/resources/card/images/illust/common/04/4897.bmp,LocalData/93217544/0000/18/180547db,name_match_art_available,high,"CARD_Prop card ID at this row aligns with CARD_Name at the same CARD_Indx row; illustration AssetBundle path contains the same card ID; Sacred Cards name matches exactly after Unicode normalization, case-folding, and whitespace collapse."
894,Heavy Storm,19613556,4891,Heavy Storm,common,extracted/card_art/candidates/common/04/4891.png,assets/resources/card/images/illust/common/04/4891.bmp,LocalData/93217544/0000/f1/f166e2ee,name_match_art_available,high,"CARD_Prop card ID at this row aligns with CARD_Name at the same CARD_Indx row; illustration AssetBundle path contains the same card ID; Sacred Cards name matches exactly after Unicode normalization, case-folding, and whitespace collapse."
895,Monster Reborn,83764718,4842,Monster Reborn,tcg,extracted/card_art/candidates/tcg/04/4842.png,assets/resources/card/images/illust/tcg/04/4842.bmp,LocalData/93217544/0000/dd/ddc1cd19,name_match_art_available,medium,"CARD_Prop card ID at this row aligns with CARD_Name at the same CARD_Indx row; illustration AssetBundle path contains the same card ID; Sacred Cards name matches exactly after Unicode normalization, case-folding, and whitespace collapse."
895,Monster Reborn,83764718,23491,Monster Reborn,,,,,name_match_art_not_in_candidate_dump,medium,"CARD_Prop card ID at this row aligns with CARD_Name at the same CARD_Indx row; illustration AssetBundle path contains the same card ID; Sacred Cards name matches exactly after Unicode normalization, case-folding, and whitespace collapse."
896,Gravedigger Ghoul,82542267,4845,Gravedigger Ghoul,common,extracted/card_art/candidates/common/04/4845.png,assets/resources/card/images/illust/common/04/4845.bmp,LocalData/93217544/0000/43/43a558ba,name_match_art_available,high,"CARD_Prop card ID at this row aligns with CARD_Name at the same CARD_Indx row; illustration AssetBundle path contains the same card ID; Sacred Cards name matches exactly after Unicode normalization, case-folding, and whitespace collapse."
897,Torrential Tribute,53582587,5114,Torrential Tribute,common,extracted/card_art/candidates/common/05/5114.png,assets/resources/card/images/illust/common/05/5114.bmp,LocalData/93217544/0000/fe/feb8c083,name_match_art_available,high,"CARD_Prop card ID at this row aligns with CARD_Name at the same CARD_Indx row; illustration AssetBundle path contains the same card ID; Sacred Cards name matches exactly after Unicode normalization, case-folding, and whitespace collapse."
898,Beckon to Darkness,8065530,,,,,,,unmatched,unmatched,No exact normalized English-name match found in the decoded Master Duel CARD_Name table.
899,Infinite Dismissal,54109233,5112,Infinite Dismissal,common,extracted/card_art/candidates/common/05/5112.png,assets/resources/card/images/illust/common/05/5112.bmp,LocalData/93217544/0000/17/17db65b6,name_match_art_available,high,"CARD_Prop card ID at this row aligns with CARD_Name at the same CARD_Indx row; illustration AssetBundle path contains the same card ID; Sacred Cards name matches exactly after Unicode normalization, case-folding, and whitespace collapse."
900,7 Completed,86198326,4806,7 Completed,tcg,extracted/card_art/candidates/tcg/04/4806.png,assets/resources/card/images/illust/tcg/04/4806.bmp,LocalData/93217544/0000/be/bec0cc04,name_match_art_available,high,"CARD_Prop card ID at this row aligns with CARD_Name at the same CARD_Indx row; illustration AssetBundle path contains the same card ID; Sacred Cards name matches exactly after Unicode normalization, case-folding, and whitespace collapse."
