sacred_cards_id,sacred_cards_name,master_duel_card_id,master_duel_name,confidence,status,curated_path,candidate_path,sha256,source_asset_path,source_bundle
1,Blue-Eyes White Dragon,3801,Blue-Eyes White Dragon,medium,multiple_card_or_art_candidates,,,,assets/resources/card/images/illust/common/03/3801.bmp,LocalData/93217544/0000/bd/bd73611e
2,Mystical Elf,4008,Mystical Elf,high,curated,local_assets/card_art/cards/002/illustration.png,local_assets/card_art/candidates/common/04/4008.png,d223ec4e97a8ac31eccaf8d02a084ad3a3e91b52f55d55ee27fbaff9893765da,assets/resources/card/images/illust/common/04/4008.bmp,LocalData/93217544/0000/57/576bb0bb
3,Hitotsu-Me Giant,4009,Hitotsu-Me Giant,high,curated,local_assets/card_art/cards/003/illustration.png,local_assets/card_art/candidates/common/04/4009.png,585338c79eb6b146b3a14b0dadfbce8107d79439ca479e3b87ab79fb9c58f135,assets/resources/card/images/illust/common/04/4009.bmp,LocalData/93217544/0000/20/206c802d
4,Baby Dragon,4010,Baby Dragon,high,curated,local_assets/card_art/cards/004/illustration.png,local_assets/card_art/candidates/common/04/4010.png,798edc005fb780e845c0d0e2acfe967f65049ef10bcb1ca60ec997101b052c72,assets/resources/card/images/illust/common/04/4010.bmp,LocalData/93217544/0000/40/40ab09c8
5,Ryu-Kishin,4011,Ryu-Kishin,high,curated,local_assets/card_art/cards/005/illustration.png,local_assets/card_art/candidates/common/04/4011.png,78297e7ada95600996bd84908b5059adc76b1badc499bf96f872f67a30d3d77e,assets/resources/card/images/illust/common/04/4011.bmp,LocalData/93217544/0000/37/37ac395e
6,Feral Imp,4012,Feral Imp,high,curated,local_assets/card_art/cards/006/illustration.png,local_assets/card_art/candidates/common/04/4012.png,c1cd53bec08b562414bbf96595cf318479b468d2d57b7a3b66fe58ac33218c17,assets/resources/card/images/illust/common/04/4012.bmp,LocalData/93217544/0000/ae/aea568e4
7,"Winged Dragon, Guardian of the Fortress #1",4013,"Winged Dragon, Guardian of the Fortress #1",high,curated,local_assets/card_art/cards/007/illustration.png,local_assets/card_art/candidates/common/04/4013.png,1e863cb7acefd7c2d4779e9dfca326b2c0e87b3c36bd8e54a8727d598ec9a938,assets/resources/card/images/illust/common/04/4013.bmp,LocalData/93217544/0000/d9/d9a25872
8,Mushroom Man,4014,Mushroom Man,high,curated,local_assets/card_art/cards/008/illustration.png,local_assets/card_art/candidates/common/04/4014.png,8cf731c338ddd3b1cda16b51281e7ba5a2bd8a0083698e6bb32b2664d6afd994,assets/resources/card/images/illust/common/04/4014.bmp,LocalData/93217544/0000/47/47c6cdd1
9,Shadow Specter,4015,Shadow Specter,high,curated,local_assets/card_art/cards/009/illustration.png,local_assets/card_art/candidates/common/04/4015.png,2985692ba6ed1ecd16fe9ff9dca214e17ae127d0dfc92c8a85b28c9bb6510b9e,assets/resources/card/images/illust/common/04/4015.bmp,LocalData/93217544/0000/30/30c1fd47
10,Blackland Fire Dragon,4016,Blackland Fire Dragon,high,curated,local_assets/card_art/cards/010/illustration.png,local_assets/card_art/candidates/common/04/4016.png,ed4f74c5de69256ddd780feb8857afadf04f40314b00375d30b659e67f72a305,assets/resources/card/images/illust/common/04/4016.bmp,LocalData/93217544/0000/a9/a9c8acfd
11,Sword Arm of Dragon,4017,Sword Arm of Dragon,high,curated,local_assets/card_art/cards/011/illustration.png,local_assets/card_art/candidates/common/04/4017.png,572adb95feb9ca185238513d88a62a4d49b7aff82406a239b601d5a3424fcdbe,assets/resources/card/images/illust/common/04/4017.bmp,LocalData/93217544/0000/de/decf9c6b
12,Swamp Battleguard,4018,Swamp Battleguard,high,curated,local_assets/card_art/cards/012/illustration.png,local_assets/card_art/candidates/common/04/4018.png,b8724386e10ea39afe701625ac9ebbcc8f9d71c9c97b6bcc0cfc16284ab69935,assets/resources/card/images/illust/common/04/4018.bmp,LocalData/93217544/0000/4e/4e7081fa
13,Tyhone,4019,Tyhone,high,curated,local_assets/card_art/cards/013/illustration.png,local_assets/card_art/candidates/common/04/4019.png,2ede9010d4fc1b0aff2052bb796e12be188da0f1dc0d444b1093d0325e97bb7f,assets/resources/card/images/illust/common/04/4019.bmp,LocalData/93217544/0000/39/3977b16c
14,Battle Steer,4020,Battle Steer,high,curated,local_assets/card_art/cards/014/illustration.png,local_assets/card_art/candidates/common/04/4020.png,ca2695df9c524a41cc1400de7ca6b0aa9664819d9ba3ac9de1b8913adade0487,assets/resources/card/images/illust/common/04/4020.bmp,LocalData/93217544/0000/6b/6b865a0b
15,Flame Swordsman,4021,Flame Swordsman,high,curated,local_assets/card_art/cards/015/illustration.png,local_assets/card_art/candidates/common/04/4021.png,ef6343f3bd12d13a491669b52259cd026837a7739c198d1631d660087475d8b4,assets/resources/card/images/illust/common/04/4021.bmp,LocalData/93217544/0000/1c/1c816a9d
16,Time Wizard,4022,Time Wizard,high,curated,local_assets/card_art/cards/016/illustration.png,local_assets/card_art/candidates/common/04/4022.png,eeb1377aca9d8aa91a146200ea8008a03cf192baa97858a1a8ef4068eec22b91,assets/resources/card/images/illust/common/04/4022.bmp,LocalData/93217544/0000/85/85883b27
17,Right Leg of the Forbidden One,4023,Right Leg of the Forbidden One,high,curated,local_assets/card_art/cards/017/illustration.png,local_assets/card_art/candidates/tcg/04/4023.png,5fb2d5e0399e9758fb0c32d7627b83ea891b01907334e4e84613fa69829e6c8b,assets/resources/card/images/illust/tcg/04/4023.bmp,LocalData/93217544/0000/f2/f28f0bb1
18,Left Leg of the Forbidden One,4024,Left Leg of the Forbidden One,high,curated,local_assets/card_art/cards/018/illustration.png,local_assets/card_art/candidates/tcg/04/4024.png,42804a85c649aefba4fde84ee3ce963b041ee5da0c733cec68e9f6de582a5aa5,assets/resources/card/images/illust/tcg/04/4024.bmp,LocalData/93217544/0000/6c/6ceb9e12
19,Right Arm of the Forbidden One,4025,Right Arm of the Forbidden One,high,curated,local_assets/card_art/cards/019/illustration.png,local_assets/card_art/candidates/tcg/04/4025.png,8c3c3f67158d62c23295cb37cb0c5952ecf6c40b67972b16ed749c930537c37c,assets/resources/card/images/illust/tcg/04/4025.bmp,LocalData/93217544/0000/1b/1becae84
20,Left Arm of the Forbidden One,4026,Left Arm of the Forbidden One,high,curated,local_assets/card_art/cards/020/illustration.png,local_assets/card_art/candidates/tcg/04/4026.png,f27da3a44a0d9ca533173a0126e504542fe108e94628a4585974bc7247f11b91,assets/resources/card/images/illust/tcg/04/4026.bmp,LocalData/93217544/0000/82/82e5ff3e
21,Exodia the Forbidden One,4027,Exodia the Forbidden One,high,curated,local_assets/card_art/cards/021/illustration.png,local_assets/card_art/candidates/tcg/04/4027.png,1a2cea8caa69704d58dfb8811e149dd57172167b91fadb6782df8a92a90c95d3,assets/resources/card/images/illust/tcg/04/4027.bmp,LocalData/93217544/0000/f5/f5e2cfa8
22,Summoned Skull,4028,Summoned Skull,high,curated,local_assets/card_art/cards/022/illustration.png,local_assets/card_art/candidates/common/04/4028.png,b1c3e056f51f8f04fb906dbedee51dffb009d72a06ab628f6323ea804dcca0db,assets/resources/card/images/illust/common/04/4028.bmp,LocalData/93217544/0000/65/655dd239
23,The Wicked Worm Beast,4029,The Wicked Worm Beast,high,curated,local_assets/card_art/cards/023/illustration.png,local_assets/card_art/candidates/common/04/4029.png,5e758c666233336bdc7d8301345d43fd39dec01673eaafe91072711488af8117,assets/resources/card/images/illust/common/04/4029.bmp,LocalData/93217544/0000/12/125ae2af
24,Skull Servant,4030,Skull Servant,high,curated,local_assets/card_art/cards/024/illustration.png,local_assets/card_art/candidates/common/04/4030.png,4d5d06deea46ef7092ec6cf510862fd6acf55ba50dfafc3069cc212ed1e00d38,assets/resources/card/images/illust/common/04/4030.bmp,LocalData/93217544/0000/72/729d6b4a
25,Horn Imp,4031,Horn Imp,high,curated,local_assets/card_art/cards/025/illustration.png,local_assets/card_art/candidates/common/04/4031.png,5292b74dc01389521d205650d9ba49f5f94fca820276742472e79b99882508d7,assets/resources/card/images/illust/common/04/4031.bmp,LocalData/93217544/0000/05/059a5bdc
26,Battle Ox,4032,Battle Ox,high,curated,local_assets/card_art/cards/026/illustration.png,local_assets/card_art/candidates/common/04/4032.png,306a1307f1f442f9fa4b8e272602c05a7e8fa4d92818d97a021318ae79cd465f,assets/resources/card/images/illust/common/04/4032.bmp,LocalData/93217544/0000/9c/9c930a66
27,Beaver Warrior,4033,Beaver Warrior,high,curated,local_assets/card_art/cards/027/illustration.png,local_assets/card_art/candidates/common/04/4033.png,42feec73ad7c1afbfb9161c131f62e9a1fee57ba652e72c4e3ea23971ba46bfe,assets/resources/card/images/illust/common/04/4033.bmp,LocalData/93217544/0000/eb/eb943af0
28,Rock Ogre Grotto #1,4034,Rock Ogre Grotto #1,high,curated,local_assets/card_art/cards/028/illustration.png,local_assets/card_art/candidates/common/04/4034.png,bba84a2541a157636cf666d85ea3cb00849e1904fc162f3efc3dea10986d2647,assets/resources/card/images/illust/common/04/4034.bmp,LocalData/93217544/0000/75/75f0af53
29,Mountain Warrior,4035,Mountain Warrior,high,curated,local_assets/card_art/cards/029/illustration.png,local_assets/card_art/candidates/common/04/4035.png,d5a071b5a2809eb22ea13aba2004c354ce7a3045edaa1f60f2db07556e1e5101,assets/resources/card/images/illust/common/04/4035.bmp,LocalData/93217544/0000/02/02f79fc5
30,Zombie Warrior,4036,Zombie Warrior,high,curated,local_assets/card_art/cards/030/illustration.png,local_assets/card_art/candidates/common/04/4036.png,2f25c84eef3c8e309b914b60310e0b01482d0b33e611a92474739a7d65b0e7fd,assets/resources/card/images/illust/common/04/4036.bmp,LocalData/93217544/0000/9b/9bfece7f
31,Koumori Dragon,4037,Koumori Dragon,high,curated,local_assets/card_art/cards/031/illustration.png,local_assets/card_art/candidates/common/04/4037.png,35d9fcf10b831f541a35cd60f9b13799b6eb8b1bca8f411b72b5b48d91624e02,assets/resources/card/images/illust/common/04/4037.bmp,LocalData/93217544/0000/ec/ecf9fee9
32,Two-Headed King Rex,4038,Two-Headed King Rex,high,curated,local_assets/card_art/cards/032/illustration.png,local_assets/card_art/candidates/common/04/4038.png,18bcb1737661fe7592bf3886aa87030d4b475d99481d3e659cc9a22e39726a97,assets/resources/card/images/illust/common/04/4038.bmp,LocalData/93217544/0000/7c/7c46e378
33,Judge Man,4039,Judge Man,high,curated,local_assets/card_art/cards/033/illustration.png,local_assets/card_art/candidates/common/04/4039.png,22beaaa34e5504428b78d7497290f4eefd29816240b0088e82e71e85fc1bdc18,assets/resources/card/images/illust/common/04/4039.bmp,LocalData/93217544/0000/0b/0b41d3ee
34,Saggi the Dark Clown,4040,Saggi the Dark Clown,high,curated,local_assets/card_art/cards/034/illustration.png,local_assets/card_art/candidates/common/04/4040.png,bb70a57d29525638c292aa04df66af0a4ff3c37e2f16889c7b6d47116f3da054,assets/resources/card/images/illust/common/04/4040.bmp,LocalData/93217544/0000/3d/3ddcfd8d
35,Dark Magician,3863,Dark Magician,medium,multiple_card_or_art_candidates,,,,assets/resources/card/images/illust/common/03/3863.bmp,LocalData/93217544/0000/05/0527a7b4
36,The Snake Hair,4042,The Snake Hair,high,curated,local_assets/card_art/cards/036/illustration.png,local_assets/card_art/candidates/common/04/4042.png,8b89c888f1ca510d3ce106748c582f75ad3734bbc4c643da7c16adf276c56e1a,assets/resources/card/images/illust/common/04/4042.bmp,LocalData/93217544/0000/d3/d3d29ca1
37,Gaia the Dragon Champion,4043,Gaia the Dragon Champion,high,curated,local_assets/card_art/cards/037/illustration.png,local_assets/card_art/candidates/common/04/4043.png,ff7530bb5a5d1b43ddb911ce22eeb15ffaa885e2827901534b20ff494c544a79,assets/resources/card/images/illust/common/04/4043.bmp,LocalData/93217544/0000/a4/a4d5ac37
38,Gaia The Fierce Knight,4044,Gaia The Fierce Knight,high,curated,local_assets/card_art/cards/038/illustration.png,local_assets/card_art/candidates/common/04/4044.png,d0b92f618f3112843a82420008a92fbcd602af151c1b106713bfe38c7798a8c6,assets/resources/card/images/illust/common/04/4044.bmp,LocalData/93217544/0000/3a/3ab13994
39,Curse of Dragon,4045,Curse of Dragon,high,curated,local_assets/card_art/cards/039/illustration.png,local_assets/card_art/candidates/common/04/4045.png,e164387fec917bf4170f36c634f8137170e22032700dfc30ea170a45c62db0a0,assets/resources/card/images/illust/common/04/4045.bmp,LocalData/93217544/0000/4d/4db60902
40,Dragon Piper,4046,Dragon Piper,high,curated,local_assets/card_art/cards/040/illustration.png,local_assets/card_art/candidates/common/04/4046.png,dd8ed4dc370d8e0e538221704daf3b9935856a1ce1c6e20c98072ac36b2cc090,assets/resources/card/images/illust/common/04/4046.bmp,LocalData/93217544/0000/d4/d4bf58b8
41,Celtic Guardian,4047,Celtic Guardian,high,curated,local_assets/card_art/cards/041/illustration.png,local_assets/card_art/candidates/common/04/4047.png,87db90a802959274346932acfdfb46a2cf009f42e365b8a14adcf5a1a6ff18c0,assets/resources/card/images/illust/common/04/4047.bmp,LocalData/93217544/0000/a3/a3b8682e
42,Illusionist Faceless Mage,4048,Illusionist Faceless Mage,high,curated,local_assets/card_art/cards/042/illustration.png,local_assets/card_art/candidates/common/04/4048.png,5ddc0cf38cd18a5cbf3552243cfecc49cf209e10562f6000abb371ca2cb082b3,assets/resources/card/images/illust/common/04/4048.bmp,LocalData/93217544/0000/33/330775bf
43,Karbonala Warrior,4049,Karbonala Warrior,high,curated,local_assets/card_art/cards/043/illustration.png,local_assets/card_art/candidates/common/04/4049.png,582f9b174501f5d768e826bd4d01555ec0024eb0eaacf3615befb8d56392b79d,assets/resources/card/images/illust/common/04/4049.bmp,LocalData/93217544/0000/44/44004529
44,Rogue Doll,4050,Rogue Doll,high,curated,local_assets/card_art/cards/044/illustration.png,local_assets/card_art/candidates/common/04/4050.png,affb266fa28d88a62504e0db2a92bfca411a8072f79be3bf0717a2252000251c,assets/resources/card/images/illust/common/04/4050.bmp,LocalData/93217544/0000/24/24c7cccc
45,Oscillo Hero #2,,,unmatched,unmatched_name,,,,,
46,Griffore,4052,Griffore,high,curated,local_assets/card_art/cards/046/illustration.png,local_assets/card_art/candidates/common/04/4052.png,6fc1f2bf1a06c231f06d017dd0b373d55c92e6bf9a61a68130f8a9a9498bdf07,assets/resources/card/images/illust/common/04/4052.bmp,LocalData/93217544/0000/ca/cac9ade0
47,Torike,4053,Torike,high,curated,local_assets/card_art/cards/047/illustration.png,local_assets/card_art/candidates/common/04/4053.png,781d73d9f64aeddb1a631254f02e25fa8022151ed93f51a6ff291f21a9fb102c,assets/resources/card/images/illust/common/04/4053.bmp,LocalData/93217544/0000/bd/bdce9d76
48,Sangan,4054,Sangan,high,curated,local_assets/card_art/cards/048/illustration.png,local_assets/card_art/candidates/common/04/4054.png,3f0ce0c0cd2c8c8fe1abdc5c0dc2094b686681915e30962f0a7df9c06c75c327,assets/resources/card/images/illust/common/04/4054.bmp,LocalData/93217544/0000/23/23aa08d5
49,Big Insect,4055,Big Insect,high,curated,local_assets/card_art/cards/049/illustration.png,local_assets/card_art/candidates/common/04/4055.png,e6faecf336e34312325563b007be82c32f77b2b5aeac092779cc8c92106abffe,assets/resources/card/images/illust/common/04/4055.bmp,LocalData/93217544/0000/54/54ad3843
50,Basic Insect,4056,Basic Insect,high,curated,local_assets/card_art/cards/050/illustration.png,local_assets/card_art/candidates/common/04/4056.png,7cb162f44b880147ab8b340853b2ccef9a3eda68f468495b3acd8d978742c72d,assets/resources/card/images/illust/common/04/4056.bmp,LocalData/93217544/0000/cd/cda469f9
51,Armored Lizard,4057,Armored Lizard,high,curated,local_assets/card_art/cards/051/illustration.png,local_assets/card_art/candidates/common/04/4057.png,eca6fefd37de5798e1f55a8f3963078be8f1364df02877b8ca6a095832ac93b5,assets/resources/card/images/illust/common/04/4057.bmp,LocalData/93217544/0000/ba/baa3596f
52,Hercules Beetle,4058,Hercules Beetle,high,curated,local_assets/card_art/cards/052/illustration.png,local_assets/card_art/candidates/common/04/4058.png,2827a0245b8b3d479db2b16fb828ffaf4d148c5a660dff4b05e3086bc42d0a99,assets/resources/card/images/illust/common/04/4058.bmp,LocalData/93217544/0000/2a/2a1c44fe
53,Killer Needle,4059,Killer Needle,high,curated,local_assets/card_art/cards/053/illustration.png,local_assets/card_art/candidates/common/04/4059.png,11a97f9ded103cccaae01e33ad63b7458c1800606ecec4c60c1ea29f781e0780,assets/resources/card/images/illust/common/04/4059.bmp,LocalData/93217544/0000/5d/5d1b7468
54,Gokibore,4060,Gokibore,high,curated,local_assets/card_art/cards/054/illustration.png,local_assets/card_art/candidates/common/04/4060.png,2d894d7170f18b9e62d16609ed576cfa0963c708b1420594f830f72646e72dca,assets/resources/card/images/illust/common/04/4060.bmp,LocalData/93217544/0000/0f/0fea9f0f
55,Giant Flea,4061,Giant Flea,high,curated,local_assets/card_art/cards/055/illustration.png,local_assets/card_art/candidates/common/04/4061.png,2108177452338e12419725c18f8a5b7133f2b9d1b9712f9c445d7f7a584cd5a8,assets/resources/card/images/illust/common/04/4061.bmp,LocalData/93217544/0000/78/78edaf99
56,Larvae Moth,4062,Larvae Moth,high,curated,local_assets/card_art/cards/056/illustration.png,local_assets/card_art/candidates/common/04/4062.png,a69b07a5fd52ad2b22ef1031dca6664af7290fbb5613806717cbbe28bc4f59b5,assets/resources/card/images/illust/common/04/4062.bmp,LocalData/93217544/0000/e1/e1e4fe23
57,Great Moth,4063,Great Moth,high,curated,local_assets/card_art/cards/057/illustration.png,local_assets/card_art/candidates/common/04/4063.png,41860bd66bdd530fabba9670c1368a6c69316a2f4d024b39a99b719cdcb95a06,assets/resources/card/images/illust/common/04/4063.bmp,LocalData/93217544/0000/96/96e3ceb5
58,Kuriboh,4064,Kuriboh,high,curated,local_assets/card_art/cards/058/illustration.png,local_assets/card_art/candidates/common/04/4064.png,8895218990b3896eded27647a8ba750b07709fbe0039e0cdd05e451119b7768c,assets/resources/card/images/illust/common/04/4064.bmp,LocalData/93217544/0000/08/08875b16
59,Mammoth Graveyard,4065,Mammoth Graveyard,high,curated,local_assets/card_art/cards/059/illustration.png,local_assets/card_art/candidates/common/04/4065.png,4cf56a9a1d13234d10c42312295b6b1bfaa0258ce18f0f1c0ed10c7998b41b0f,assets/resources/card/images/illust/common/04/4065.bmp,LocalData/93217544/0000/7f/7f806b80
60,Great White,4066,Great White,high,curated,local_assets/card_art/cards/060/illustration.png,local_assets/card_art/candidates/common/04/4066.png,d01251e834227bf11afa5b3a32763f5f4b148924c5cae7bd00ece4c9cfed8211,assets/resources/card/images/illust/common/04/4066.bmp,LocalData/93217544/0000/e6/e6893a3a
61,Wolf,4067,Wolf,high,curated,local_assets/card_art/cards/061/illustration.png,local_assets/card_art/candidates/common/04/4067.png,c5ab006db3e4263eb84820c2ab36c4763a47cfb94d357d83b9a560e34744fba5,assets/resources/card/images/illust/common/04/4067.bmp,LocalData/93217544/0000/91/918e0aac
62,Harpie Lady,4068,Harpie Lady,high,curated,local_assets/card_art/cards/062/illustration.png,local_assets/card_art/candidates/tcg/04/4068.png,227c4eb33f65ea11e064a3bbb95d02ab1fafc34264971f558404da67d2e4c8c4,assets/resources/card/images/illust/tcg/04/4068.bmp,LocalData/93217544/0000/01/0131173d
63,Harpie Lady Sisters,4069,Harpie Lady Sisters,high,curated,local_assets/card_art/cards/063/illustration.png,local_assets/card_art/candidates/tcg/04/4069.png,271fcbc196b3bc7f2d0d853768a9cc3a7f6ffb26f8123aa30add492fb8ca2fba,assets/resources/card/images/illust/tcg/04/4069.bmp,LocalData/93217544/0000/76/763627ab
64,Tiger Axe,4070,Tiger Axe,high,curated,local_assets/card_art/cards/064/illustration.png,local_assets/card_art/candidates/common/04/4070.png,f7e52e891568f9c390deb1360e428214ee525bca54854b9190cd87f7940be34b,assets/resources/card/images/illust/common/04/4070.bmp,LocalData/93217544/0000/16/16f1ae4e
65,Silver Fang,4071,Silver Fang,high,curated,local_assets/card_art/cards/065/illustration.png,local_assets/card_art/candidates/common/04/4071.png,5fe7d53f02bfebf9340eb6cac7dc13227ed2ae290eed44555c9923b67f9d4762,assets/resources/card/images/illust/common/04/4071.bmp,LocalData/93217544/0000/61/61f69ed8
66,Kojikocy,4072,Kojikocy,high,curated,local_assets/card_art/cards/066/illustration.png,local_assets/card_art/candidates/common/04/4072.png,ef3de9bf792dcb83bdb72b7f0ef844833ee796ae4cbc74f038dc7519ee8beab5,assets/resources/card/images/illust/common/04/4072.bmp,LocalData/93217544/0000/f8/f8ffcf62
67,Perfectly Ultimate Great Moth,4073,Perfectly Ultimate Great Moth,high,curated,local_assets/card_art/cards/067/illustration.png,local_assets/card_art/candidates/common/04/4073.png,803b565e3f514b80f15865d42be4b8a407ea26bfc5db53cebb97de3559c76268,assets/resources/card/images/illust/common/04/4073.bmp,LocalData/93217544/0000/8f/8ff8fff4
68,Garoozis,4074,Garoozis,high,curated,local_assets/card_art/cards/068/illustration.png,local_assets/card_art/candidates/common/04/4074.png,08f852b7af44fa8b8d856e81a2fe4f67e0e9036b49c30e147d30350cc4464ffd,assets/resources/card/images/illust/common/04/4074.bmp,LocalData/93217544/0000/11/119c6a57
69,Thousand Dragon,4075,Thousand Dragon,high,curated,local_assets/card_art/cards/069/illustration.png,local_assets/card_art/candidates/common/04/4075.png,e2ed2cbae0eb99acf8307de40e49976ba374750b466f3bd5c7d1215a997373cd,assets/resources/card/images/illust/common/04/4075.bmp,LocalData/93217544/0000/66/669b5ac1
70,Fiend Kraken,4076,Fiend Kraken,high,curated,local_assets/card_art/cards/070/illustration.png,local_assets/card_art/candidates/common/04/4076.png,34e7ad1bf45c79ccfc1864070bf9a2e216d44dc7870357a86c13855fec98c400,assets/resources/card/images/illust/common/04/4076.bmp,LocalData/93217544/0000/ff/ff920b7b
71,Jellyfish,4077,Jellyfish,high,curated,local_assets/card_art/cards/071/illustration.png,local_assets/card_art/candidates/common/04/4077.png,75bb774ef3ab752ce7e685c46eb693a11c3f2d966adf679521d6e83bb9ccf1e2,assets/resources/card/images/illust/common/04/4077.bmp,LocalData/93217544/0000/88/88953bed
72,Cocoon of Evolution,4078,Cocoon of Evolution,high,curated,local_assets/card_art/cards/072/illustration.png,local_assets/card_art/candidates/common/04/4078.png,9366fc01026ffabdf71408ee2103ad5c59e6d5a90d62e25a3ac114828b7acdf8,assets/resources/card/images/illust/common/04/4078.bmp,LocalData/93217544/0000/18/182a267c
73,Kairyu-Shin,4079,Kairyu-Shin,high,curated,local_assets/card_art/cards/073/illustration.png,local_assets/card_art/candidates/common/04/4079.png,1de40b6c497b7ca73cbc090002e73502b563b24277c75adf5ff3b071778f1c63,assets/resources/card/images/illust/common/04/4079.bmp,LocalData/93217544/0000/6f/6f2d16ea
74,Giant Soldier of Stone,4080,Giant Soldier of Stone,high,curated,local_assets/card_art/cards/074/illustration.png,local_assets/card_art/candidates/common/04/4080.png,a1618e75698c128908ad2555ab52c2204aaa3bee9b98df4a3b4843c56eaf1ac4,assets/resources/card/images/illust/common/04/4080.bmp,masterduel_Data/StreamingAssets/AssetBundle/91/9169b281
75,Man-Eating Plant,4081,Man-Eating Plant,high,curated,local_assets/card_art/cards/075/illustration.png,local_assets/card_art/candidates/common/04/4081.png,cf96b0447af88d5dbe38c2a0b93f94f106aec3f2346a7c7748bd4eba37e682d7,assets/resources/card/images/illust/common/04/4081.bmp,LocalData/93217544/0000/e6/e66e8217
76,Krokodilus,4082,Krokodilus,high,curated,local_assets/card_art/cards/076/illustration.png,local_assets/card_art/candidates/common/04/4082.png,6070b9a634fefb866ffc3cf9ead24203076207ebb5002ff8426119167e06fd4b,assets/resources/card/images/illust/common/04/4082.bmp,LocalData/93217544/0000/7f/7f67d3ad
77,Grappler,4083,Grappler,high,curated,local_assets/card_art/cards/077/illustration.png,local_assets/card_art/candidates/common/04/4083.png,f8af8d77e907da8d47d7cb4a0ea5a76f97c5fb7a119f695377fbd48e015a29c3,assets/resources/card/images/illust/common/04/4083.bmp,LocalData/93217544/0000/08/0860e33b
78,Axe Raider,4084,Axe Raider,high,curated,local_assets/card_art/cards/078/illustration.png,local_assets/card_art/candidates/common/04/4084.png,396dd2606c2cd67e6eb4624bd2265735b0333898e0418fa6b07e2345f056ed43,assets/resources/card/images/illust/common/04/4084.bmp,LocalData/93217544/0000/96/96047698
79,Megazowler,4085,Megazowler,high,curated,local_assets/card_art/cards/079/illustration.png,local_assets/card_art/candidates/common/04/4085.png,427b6ac9cbf42b9a055b7ee3a9ce8bb90dc6eea8446150621447710a38053687,assets/resources/card/images/illust/common/04/4085.bmp,LocalData/93217544/0000/e1/e103460e
80,Uraby,4086,Uraby,high,curated,local_assets/card_art/cards/080/illustration.png,local_assets/card_art/candidates/common/04/4086.png,3095b3479cbc7629ccb0c4bc73872a78be5f9ace6f08ce03f71f901798a374a8,assets/resources/card/images/illust/common/04/4086.bmp,LocalData/93217544/0000/78/780a17b4
81,Crawling Dragon #2,4087,Crawling Dragon #2,high,curated,local_assets/card_art/cards/081/illustration.png,local_assets/card_art/candidates/common/04/4087.png,2717628284427be072a30fcd9e1dac601d6b83965f9ce3f1eb2ed5be3a7c2ef4,assets/resources/card/images/illust/common/04/4087.bmp,LocalData/93217544/0000/0f/0f0d2722
82,Red-Eyes B. Dragon,,,unmatched,unmatched_name,,,,,
83,Castle of Dark Illusions,4089,Castle of Dark Illusions,high,curated,local_assets/card_art/cards/083/illustration.png,local_assets/card_art/candidates/common/04/4089.png,b4da4ff6a5c9e247e11254d492caa65a388ed182e2e112f0298a38718879fdd4,assets/resources/card/images/illust/common/04/4089.bmp,LocalData/93217544/0000/e8/e8b50a25
84,Reaper of the Cards,4090,Reaper of the Cards,high,curated,local_assets/card_art/cards/084/illustration.png,local_assets/card_art/candidates/common/04/4090.png,1cea95d6fc9e7db63a6f67126925d5965479d8b388f0570e9fe2449dc1b9510f,assets/resources/card/images/illust/common/04/4090.bmp,LocalData/93217544/0000/88/887283c0
85,King of Yamimakai,4091,King of Yamimakai,high,curated,local_assets/card_art/cards/085/illustration.png,local_assets/card_art/candidates/common/04/4091.png,6ea391eec41e5c6efdf06c541f4feb43c08f2450966cd5d155b2143c882ef21f,assets/resources/card/images/illust/common/04/4091.bmp,LocalData/93217544/0000/ff/ff75b356
86,Barox,4092,Barox,high,curated,local_assets/card_art/cards/086/illustration.png,local_assets/card_art/candidates/common/04/4092.png,5cf4849725de0010fd5019f7abc3277a0ce1c53af80d541394b4e505e1652943,assets/resources/card/images/illust/common/04/4092.bmp,LocalData/93217544/0000/66/667ce2ec
87,Dark Chimera,4093,Dark Chimera,high,curated,local_assets/card_art/cards/087/illustration.png,local_assets/card_art/candidates/common/04/4093.png,6c84f995698bc7a14439c1c74fedec330fc7f4ae7e51b49f0da02507b9a371f1,assets/resources/card/images/illust/common/04/4093.bmp,LocalData/93217544/0000/11/117bd27a
88,Metal Guardian,4094,Metal Guardian,high,curated,local_assets/card_art/cards/088/illustration.png,local_assets/card_art/candidates/common/04/4094.png,30b5fc20fb30c5682c8a231bcfa1abcf7a1d055e394abb8735154fa13b8367ba,assets/resources/card/images/illust/common/04/4094.bmp,LocalData/93217544/0000/8f/8f1f47d9
89,Catapult Turtle,4095,Catapult Turtle,high,curated,local_assets/card_art/cards/089/illustration.png,local_assets/card_art/candidates/common/04/4095.png,ab82b2c1c6b5b588687745ffe17f372fd6f79d6caff8249f1cbc7e18469b9a7b,assets/resources/card/images/illust/common/04/4095.bmp,LocalData/93217544/0000/f8/f818774f
90,Gyakutenno Megami,4096,Gyakutenno Megami,high,curated,local_assets/card_art/cards/090/illustration.png,local_assets/card_art/candidates/common/04/4096.png,c684b1a630b9ff62eb1a11ec07cfe55fecc4f520945605eb7f97944bf58b5b00,assets/resources/card/images/illust/common/04/4096.bmp,LocalData/93217544/0000/61/611126f5
91,Mystic Horseman,4097,Mystic Horseman,high,curated,local_assets/card_art/cards/091/illustration.png,local_assets/card_art/candidates/common/04/4097.png,3928186cb774f3f3108a69323210fd223b037699df83aa61197e995e1ee22731,assets/resources/card/images/illust/common/04/4097.bmp,LocalData/93217544/0000/16/16161663
92,Rabid Horseman,4098,Rabid Horseman,high,curated,local_assets/card_art/cards/092/illustration.png,local_assets/card_art/candidates/common/04/4098.png,ded04fd36eb5f3ea60f08dd47138bdc6ed1d287bdde998745d4925e7fc506e0f,assets/resources/card/images/illust/common/04/4098.bmp,LocalData/93217544/0000/86/86a90bf2
93,Zanki,4099,Zanki,high,curated,local_assets/card_art/cards/093/illustration.png,local_assets/card_art/candidates/common/04/4099.png,1b4a43fabf3272b4a6798492d058b37fc5ba147e766dedc99503ed9616f1b6e5,assets/resources/card/images/illust/common/04/4099.bmp,LocalData/93217544/0000/f1/f1ae3b64
94,Crawling Dragon,4100,Crawling Dragon,high,curated,local_assets/card_art/cards/094/illustration.png,local_assets/card_art/candidates/common/04/4100.png,5638cfc7c59bec7d0dcf1d45821ed27703871ca33b463a54fee5c333b58c78b0,assets/resources/card/images/illust/common/04/4100.bmp,LocalData/93217544/0000/58/587252be
95,Crass Clown,4101,Crass Clown,high,curated,local_assets/card_art/cards/095/illustration.png,local_assets/card_art/candidates/common/04/4101.png,d92a499aedc51c5a22f23e964f8dbc23312ebfae0d0adc7da077a2a852eb5cf2,assets/resources/card/images/illust/common/04/4101.bmp,LocalData/93217544/0000/2f/2f756228
96,Armored Zombie,4102,Armored Zombie,high,curated,local_assets/card_art/cards/096/illustration.png,local_assets/card_art/candidates/common/04/4102.png,a821ee4e02a2052a5052fc21a828e9d7f0d11c226711fd30c74aac1c41eb41ec,assets/resources/card/images/illust/common/04/4102.bmp,LocalData/93217544/0000/b6/b67c3392
97,Dragon Zombie,4103,Dragon Zombie,high,curated,local_assets/card_art/cards/097/illustration.png,local_assets/card_art/candidates/common/04/4103.png,51efb5b0c67481ad6f119b11058b8a768fce1ae91b6855e5f5e8d01daf330e2c,assets/resources/card/images/illust/common/04/4103.bmp,LocalData/93217544/0000/c1/c17b0304
98,Clown Zombie,4104,Clown Zombie,high,curated,local_assets/card_art/cards/098/illustration.png,local_assets/card_art/candidates/common/04/4104.png,fbb62db8030aa328cc1d7ab9d9f776651551b089dcb31965df9d383b8d5b7834,assets/resources/card/images/illust/common/04/4104.bmp,LocalData/93217544/0000/5f/5f1f96a7
99,Pumpking the King of Ghosts,4105,Pumpking the King of Ghosts,high,curated,local_assets/card_art/cards/099/illustration.png,local_assets/card_art/candidates/common/04/4105.png,7dd9871647a6df9498b619c13d737c256e77452662045effed2086caadb18383,assets/resources/card/images/illust/common/04/4105.bmp,LocalData/93217544/0000/28/2818a631
100,Battle Warrior,4106,Battle Warrior,high,curated,local_assets/card_art/cards/100/illustration.png,local_assets/card_art/candidates/common/04/4106.png,5243a8ca2cd0d4cde3089bd54e0bf5b4c3074616c263b054de1dcd4765a5e268,assets/resources/card/images/illust/common/04/4106.bmp,LocalData/93217544/0000/b1/b111f78b
101,Wings of Wicked Flame,4107,Wings of Wicked Flame,high,curated,local_assets/card_art/cards/101/illustration.png,local_assets/card_art/candidates/common/04/4107.png,d8639a9d055160835420ca79476ff5fd15d225c796640f070f0a5b73956b78a8,assets/resources/card/images/illust/common/04/4107.bmp,LocalData/93217544/0000/c6/c616c71d
102,Mask of Darkness,4108,Mask of Darkness,high,curated,local_assets/card_art/cards/102/illustration.png,local_assets/card_art/candidates/common/04/4108.png,908d31e71d91e73e662707a464fd952895d1973f9d240781e3133a0a07178b3b,assets/resources/card/images/illust/common/04/4108.bmp,LocalData/93217544/0000/56/56a9da8c
103,Job-Change Mirror,4109,Job-Change Mirror,high,curated,local_assets/card_art/cards/103/illustration.png,local_assets/card_art/candidates/common/04/4109.png,d137b36573cf4aa7bf6f3464cf46dd5771c71116a08c7e1d8096febdb3bd0908,assets/resources/card/images/illust/common/04/4109.bmp,LocalData/93217544/0000/21/21aeea1a
104,Curtain of the Dark Ones,4110,Curtain of the Dark Ones,high,curated,local_assets/card_art/cards/104/illustration.png,local_assets/card_art/candidates/common/04/4110.png,5cf218719394393bd198fa6354409aac4d4cfae8460b19886568a61700cc0667,assets/resources/card/images/illust/common/04/4110.bmp,LocalData/93217544/0000/41/416963ff
105,Tomozaurus,4111,Tomozaurus,high,curated,local_assets/card_art/cards/105/illustration.png,local_assets/card_art/candidates/tcg/04/4111.png,12a8513253a8cd8619c9074296bba94c0f04674b9e6a9ee3d4d571d8bbf24e35,assets/resources/card/images/illust/tcg/04/4111.bmp,LocalData/93217544/0000/36/366e5369
106,Spirit of the Winds,4112,Spirit of the Winds,high,curated,local_assets/card_art/cards/106/illustration.png,local_assets/card_art/candidates/tcg/04/4112.png,101ba1540735ca396b5b1e23b3328b0620f823b774aa445ded8eb1b81c22ddd8,assets/resources/card/images/illust/tcg/04/4112.bmp,LocalData/93217544/0000/af/af6702d3
107,Kageningen,4113,Kageningen,high,curated,local_assets/card_art/cards/107/illustration.png,local_assets/card_art/candidates/common/04/4113.png,bb791cfda6c84cde5dd49be0b7b9f9c18223e6e0ab911cd42117e2834ba4fc86,assets/resources/card/images/illust/common/04/4113.bmp,LocalData/93217544/0000/d8/d8603245
108,Graveyard and the Hand of Invitation,4114,Graveyard and the Hand of Invitation,high,curated,local_assets/card_art/cards/108/illustration.png,local_assets/card_art/candidates/common/04/4114.png,535b0d1d0d0d98f2f934d398ba6f89c7c8fb7d535be3d8587e90d1f19b193021,assets/resources/card/images/illust/common/04/4114.bmp,LocalData/93217544/0000/46/4604a7e6
109,Goddess with the Third Eye,4115,Goddess with the Third Eye,high,curated,local_assets/card_art/cards/109/illustration.png,local_assets/card_art/candidates/common/04/4115.png,8b69f7992f5836cd3655f054463fad91a9fd58819ae7331e5100c2a6e2fbb6a0,assets/resources/card/images/illust/common/04/4115.bmp,LocalData/93217544/0000/31/31039770
110,Hero of the East,4116,Hero of the East,high,curated,local_assets/card_art/cards/110/illustration.png,local_assets/card_art/candidates/common/04/4116.png,dcaeec88410e0a5075bcc36d964ae172810d3e01321e4483d5d12f11ecc781bc,assets/resources/card/images/illust/common/04/4116.bmp,LocalData/93217544/0000/a8/a80ac6ca
111,Doma The Angel of Silence,4117,Doma The Angel of Silence,high,curated,local_assets/card_art/cards/111/illustration.png,local_assets/card_art/candidates/common/04/4117.png,ec970cb34ebb8f104e3d3827e33800cae13fa49d27553aff9f9439ec50b30f61,assets/resources/card/images/illust/common/04/4117.bmp,LocalData/93217544/0000/df/df0df65c
112,That Which Feeds on Life,4118,That Which Feeds on Life,high,curated,local_assets/card_art/cards/112/illustration.png,local_assets/card_art/candidates/common/04/4118.png,810096636b6801af8ef79b78e99755c6629d130400b62d5b0acb94eebbf16c6d,assets/resources/card/images/illust/common/04/4118.bmp,LocalData/93217544/0000/4f/4fb2ebcd
113,Dark Gray,4119,Dark Gray,high,curated,local_assets/card_art/cards/113/illustration.png,local_assets/card_art/candidates/common/04/4119.png,2cde3b0e098e8c7592b41aa32cb89c76c5c6eb10bab67177fcb55e6fb08cc9f1,assets/resources/card/images/illust/common/04/4119.bmp,LocalData/93217544/0000/38/38b5db5b
114,White Magical Hat,4120,White Magical Hat,high,curated,local_assets/card_art/cards/114/illustration.png,local_assets/card_art/candidates/common/04/4120.png,2df9fe69e1d3227e97bcaa7a9b135c32817a8dc579298bcd203a9051bab2956e,assets/resources/card/images/illust/common/04/4120.bmp,LocalData/93217544/0000/6a/6a44303c
115,Kamionwizard,4121,Kamionwizard,high,curated,local_assets/card_art/cards/115/illustration.png,local_assets/card_art/candidates/common/04/4121.png,1e78be239f7b4fa315adec72f20eb373d4eb8157d24e71bb317dc6cddc5d8e9c,assets/resources/card/images/illust/common/04/4121.bmp,LocalData/93217544/0000/1d/1d4300aa
116,Nightmare Scorpion,4122,Nightmare Scorpion,high,curated,local_assets/card_art/cards/116/illustration.png,local_assets/card_art/candidates/common/04/4122.png,29fbf71a50898d40dedd7808336cc5b93f691c57ac174e6306b511813252879e,assets/resources/card/images/illust/common/04/4122.bmp,LocalData/93217544/0000/84/844a5110
117,Spirit of the Books,4123,Spirit of the Books,high,curated,local_assets/card_art/cards/117/illustration.png,local_assets/card_art/candidates/common/04/4123.png,06bff89eafa1044436149e107a54a2242e4e9ecf15a1f019dfe87b956402117d,assets/resources/card/images/illust/common/04/4123.bmp,LocalData/93217544/0000/f3/f34d6186
118,Supporter in the Shadows,4124,Supporter in the Shadows,high,curated,local_assets/card_art/cards/118/illustration.png,local_assets/card_art/candidates/common/04/4124.png,dba0f10fd415928a793bb5bd68b1d9a13d1060ff0e24bbdb6a27d5a6b7608182,assets/resources/card/images/illust/common/04/4124.bmp,LocalData/93217544/0000/6d/6d29f425
119,Trial of Nightmare,4125,Trial of Nightmare,high,curated,local_assets/card_art/cards/119/illustration.png,local_assets/card_art/candidates/tcg/04/4125.png,4f19db512b6e96dc4a44db96a50db9980cf7b2289e7ec504c28ed839df5bd330,assets/resources/card/images/illust/tcg/04/4125.bmp,LocalData/93217544/0000/1a/1a2ec4b3
120,Dream Clown,4126,Dream Clown,high,curated,local_assets/card_art/cards/120/illustration.png,local_assets/card_art/candidates/common/04/4126.png,8f260ce7b7079cf342d562409a7463f9d558522f9a0c725b297bd56ee58cd352,assets/resources/card/images/illust/common/04/4126.bmp,LocalData/93217544/0000/83/83279509
121,Sleeping Lion,4127,Sleeping Lion,high,curated,local_assets/card_art/cards/121/illustration.png,local_assets/card_art/candidates/common/04/4127.png,04dad6cc2a88b72836ab446eee0eb36c9165536dc359e7565264c668adc20630,assets/resources/card/images/illust/common/04/4127.bmp,LocalData/93217544/0000/f4/f420a59f
122,Yamatano Dragon Scroll,4128,Yamatano Dragon Scroll,high,curated,local_assets/card_art/cards/122/illustration.png,local_assets/card_art/candidates/common/04/4128.png,8915e7e889c4c08859dd9307569c35620a3af38538c5b858577c374b953199de,assets/resources/card/images/illust/common/04/4128.bmp,LocalData/93217544/0000/64/649fb80e
123,Dark Plant,4129,Dark Plant,high,curated,local_assets/card_art/cards/123/illustration.png,local_assets/card_art/candidates/common/04/4129.png,18f17d0a87bee8037d32e1ec22e9ad24289d5a1373c71ef24ae906e1befb01ed,assets/resources/card/images/illust/common/04/4129.bmp,LocalData/93217544/0000/13/13988898
124,Ancient Tool,4130,Ancient Tool,high,curated,local_assets/card_art/cards/124/illustration.png,local_assets/card_art/candidates/common/04/4130.png,bec42058ec02a643873802f150e4ca11ce7c13c0abd5c8e555a1d3c4b4ff8643,assets/resources/card/images/illust/common/04/4130.bmp,LocalData/93217544/0000/73/735f017d
125,Faith Bird,4131,Faith Bird,high,curated,local_assets/card_art/cards/125/illustration.png,local_assets/card_art/candidates/common/04/4131.png,302d14730bedefb30c825960b214ec2ac49aafb3f5a1ec02c4f4e2bc4cc64823,assets/resources/card/images/illust/common/04/4131.bmp,LocalData/93217544/0000/04/045831eb
126,Orion the Battle King,4132,Orion the Battle King,high,curated,local_assets/card_art/cards/126/illustration.png,local_assets/card_art/candidates/common/04/4132.png,9ab3661d8292cee3a2c8381f87d640a9e786ba8318347c829508eec8364d7ef7,assets/resources/card/images/illust/common/04/4132.bmp,LocalData/93217544/0000/9d/9d516051
127,Ansatsu,4133,Ansatsu,high,curated,local_assets/card_art/cards/127/illustration.png,local_assets/card_art/candidates/common/04/4133.png,4a46aff8beccaf64e1460cdde799d73721a0cd3b3086d2f05f8846a54cea30a8,assets/resources/card/images/illust/common/04/4133.bmp,LocalData/93217544/0000/ea/ea5650c7
128,LaMoon,4134,LaMoon,high,curated,local_assets/card_art/cards/128/illustration.png,local_assets/card_art/candidates/tcg/04/4134.png,7f980e7a8791ccb96e201a6361ee71d745d0f130cb9b046f0e7d6e48f88d63ef,assets/resources/card/images/illust/tcg/04/4134.bmp,LocalData/93217544/0000/74/7432c564
129,Nemuriko,4135,Nemuriko,high,curated,local_assets/card_art/cards/129/illustration.png,local_assets/card_art/candidates/common/04/4135.png,7e8bb4d71eacb6a5845d5ababbc7569616603eb6097e2ea7d162d55a272cfa8d,assets/resources/card/images/illust/common/04/4135.bmp,LocalData/93217544/0000/03/0335f5f2
130,Weather Control,4136,Weather Control,high,curated,local_assets/card_art/cards/130/illustration.png,local_assets/card_art/candidates/common/04/4136.png,a917bf1143390cd006f03060a5d7c725ee59dbe5dfd74985d897ecb89d589e3d,assets/resources/card/images/illust/common/04/4136.bmp,LocalData/93217544/0000/9a/9a3ca448
131,Octoberser,4137,Octoberser,high,curated,local_assets/card_art/cards/131/illustration.png,local_assets/card_art/candidates/common/04/4137.png,5b2b52abcd89beb0642cf4dce9083f41047fc435958c43aebbc37340898861f8,assets/resources/card/images/illust/common/04/4137.bmp,LocalData/93217544/0000/ed/ed3b94de
132,The 13th Grave,4138,The 13th Grave,high,curated,local_assets/card_art/cards/132/illustration.png,local_assets/card_art/candidates/common/04/4138.png,18038a8f8eaa68d8dff479e0c713dc50a5247d567fc88055588009dc5348e68a,assets/resources/card/images/illust/common/04/4138.bmp,LocalData/93217544/0000/7d/7d84894f
133,Charubin the Fire Knight,4139,Charubin the Fire Knight,high,curated,local_assets/card_art/cards/133/illustration.png,local_assets/card_art/candidates/common/04/4139.png,c5ba543d9d21bf543e9a39dcf1dc13926c5f4e759c6fafafec09ad0df9a15f80,assets/resources/card/images/illust/common/04/4139.bmp,LocalData/93217544/0000/0a/0a83b9d9
134,Mystical Capture Chain,4140,Mystical Capture Chain,high,curated,local_assets/card_art/cards/134/illustration.png,local_assets/card_art/candidates/common/04/4140.png,f1e7a415e0a028e0afe4ecd7ddf74990bb29f4721419a8e695b901372f7b1e3e,assets/resources/card/images/illust/common/04/4140.bmp,LocalData/93217544/0000/3c/3c1e97ba
135,Fiend's Hand,4141,Fiend's Hand,high,curated,local_assets/card_art/cards/135/illustration.png,local_assets/card_art/candidates/tcg/04/4141.png,8f4350f62df66d812bf086c1c7c8c97c7e40a67aedc8259573fa134026d01d2d,assets/resources/card/images/illust/tcg/04/4141.bmp,LocalData/93217544/0000/4b/4b19a72c
136,Witty Phantom,4142,Witty Phantom,high,curated,local_assets/card_art/cards/136/illustration.png,local_assets/card_art/candidates/common/04/4142.png,a126290f58f665a5fc686be3c2740e8cf15a27057d76ead876e34a9bb9864683,assets/resources/card/images/illust/common/04/4142.bmp,LocalData/93217544/0000/d2/d210f696
137,Mystery Hand,4143,Mystery Hand,high,curated,local_assets/card_art/cards/137/illustration.png,local_assets/card_art/candidates/common/04/4143.png,7cadbfa8b15fae7cbf67d828585877568cc2f439241d9e649befc4e8d10085a2,assets/resources/card/images/illust/common/04/4143.bmp,LocalData/93217544/0000/a5/a517c600
138,Dragon Statue,4144,Dragon Statue,high,curated,local_assets/card_art/cards/138/illustration.png,local_assets/card_art/candidates/common/04/4144.png,4027216bb3d96e06f5950c2e92edd3ed1752980b22d5532dc102c5490bfb6f5a,assets/resources/card/images/illust/common/04/4144.bmp,LocalData/93217544/0000/3b/3b7353a3
139,Blue-Eyed Silver Zombie,4145,Blue-Eyed Silver Zombie,high,curated,local_assets/card_art/cards/139/illustration.png,local_assets/card_art/candidates/common/04/4145.png,5cd6c5335a13154e61a5a83ced0dd2e0f92564078c5cabba01fa36a8b8df5f79,assets/resources/card/images/illust/common/04/4145.bmp,LocalData/93217544/0000/4c/4c746335
140,Toad Master,4146,Toad Master,high,curated,local_assets/card_art/cards/140/illustration.png,local_assets/card_art/candidates/common/04/4146.png,85f1ebe3ebf53f0eeb349b905b0c26612ddc851afbb0fe261421100d141a7cce,assets/resources/card/images/illust/common/04/4146.bmp,LocalData/93217544/0000/d5/d57d328f
141,Spiked Snail,4147,Spiked Snail,high,curated,local_assets/card_art/cards/141/illustration.png,local_assets/card_art/candidates/common/04/4147.png,3126f0d14f4458c2f2e2faed50aba6f7108f266074c2783862c5af47996d95b1,assets/resources/card/images/illust/common/04/4147.bmp,LocalData/93217544/0000/a2/a27a0219
142,Flame Manipulator,4148,Flame Manipulator,high,curated,local_assets/card_art/cards/142/illustration.png,local_assets/card_art/candidates/common/04/4148.png,5ab4b8c628932283fb10efcb04e3cd60a83ddf4f6631041ff2a252bef05926a5,assets/resources/card/images/illust/common/04/4148.bmp,LocalData/93217544/0000/32/32c51f88
143,Necrolancer the Timelord,,,unmatched,unmatched_name,,,,,
144,Djinn the Watcher of the Wind,4150,Djinn the Watcher of the Wind,high,curated,local_assets/card_art/cards/144/illustration.png,local_assets/card_art/candidates/common/04/4150.png,3cd68b92c3bb6e7c3b8884ce093d614315948eb63c1d1bb6336c55081963e90c,assets/resources/card/images/illust/common/04/4150.bmp,LocalData/93217544/0000/25/2505a6fb
145,The Bewitching Phantom Thief,4151,The Bewitching Phantom Thief,high,curated,local_assets/card_art/cards/145/illustration.png,local_assets/card_art/candidates/common/04/4151.png,bd97388824047d449b7a5f81cc18c0e3732fa57496d1cf9bda0a4bf563ab50f0,assets/resources/card/images/illust/common/04/4151.bmp,LocalData/93217544/0000/52/5202966d
146,Temple of Skulls,4152,Temple of Skulls,high,curated,local_assets/card_art/cards/146/illustration.png,local_assets/card_art/candidates/common/04/4152.png,2ee1b0297631994a5487a2e9760f716c8e7f7fcbcc4e215a9658ece895525b4c,assets/resources/card/images/illust/common/04/4152.bmp,LocalData/93217544/0000/cb/cb0bc7d7
147,Monster Egg,4153,Monster Egg,high,curated,local_assets/card_art/cards/147/illustration.png,local_assets/card_art/candidates/common/04/4153.png,a35c72b15ee2e0d20aa9b9743b113f5dc6246c87b53b85f74c912a6560f1b5fd,assets/resources/card/images/illust/common/04/4153.bmp,LocalData/93217544/0000/bc/bc0cf741
148,The Shadow Who Controls the Dark,4154,The Shadow Who Controls the Dark,high,curated,local_assets/card_art/cards/148/illustration.png,local_assets/card_art/candidates/common/04/4154.png,50dac4b6ffe58fe914ea970bf5053077f9dfd0e1741fa94c71b5b9c358a66a63,assets/resources/card/images/illust/common/04/4154.bmp,LocalData/93217544/0000/22/226862e2
149,Lord of the Lamp,4155,Lord of the Lamp,high,curated,local_assets/card_art/cards/149/illustration.png,local_assets/card_art/candidates/common/04/4155.png,6a14acdea30d75aa9d58964b8af345534f8c2f6e20ac1525c487ff52f49048d2,assets/resources/card/images/illust/common/04/4155.bmp,LocalData/93217544/0000/55/556f5274
150,Akihiron,4156,Akihiron,high,curated,local_assets/card_art/cards/150/illustration.png,local_assets/card_art/candidates/common/04/4156.png,d131b220438640e26ad72785a73c9a654e9a3d0e227f01ba1145b10b3ffb592e,assets/resources/card/images/illust/common/04/4156.bmp,LocalData/93217544/0000/cc/cc6603ce
151,Rhaimundos of the Red Sword,4157,Rhaimundos of the Red Sword,high,curated,local_assets/card_art/cards/151/illustration.png,local_assets/card_art/candidates/common/04/4157.png,dbdcbfdb0858dfce42a2302c1aeb685d3e0edea5a6e7a6acc925c91cb7bbf9dc,assets/resources/card/images/illust/common/04/4157.bmp,LocalData/93217544/0000/bb/bb613358
152,The Melting Red Shadow,4158,The Melting Red Shadow,high,curated,local_assets/card_art/cards/152/illustration.png,local_assets/card_art/candidates/common/04/4158.png,1dda5cf9a92299362a46527e61300548b176ed60d0117f00d080276488174739,assets/resources/card/images/illust/common/04/4158.bmp,LocalData/93217544/0000/2b/2bde2ec9
153,Dokuroizo the Grim Reaper,4159,Dokuroizo the Grim Reaper,high,curated,local_assets/card_art/cards/153/illustration.png,local_assets/card_art/candidates/tcg/04/4159.png,32b27fff08a4006a4a77019d0f23f58ddeaeee67d85838f5160f132b3b25901f,assets/resources/card/images/illust/tcg/04/4159.bmp,LocalData/93217544/0000/5c/5cd91e5f
154,Fire Reaper,4160,Fire Reaper,high,curated,local_assets/card_art/cards/154/illustration.png,local_assets/card_art/candidates/common/04/4160.png,f1ef3aa98c1bea18119531a28bda32197227c13aa6d2d908fff371113ca5b299,assets/resources/card/images/illust/common/04/4160.bmp,LocalData/93217544/0000/0e/0e28f538
155,Larvas,4161,Larvas,high,curated,local_assets/card_art/cards/155/illustration.png,local_assets/card_art/candidates/common/04/4161.png,a0df4b73828bb17806166b537bce8b898bf569627db7a6aa75bb192976ddc5d8,assets/resources/card/images/illust/common/04/4161.bmp,LocalData/93217544/0000/79/792fc5ae
156,Hard Armor,4162,Hard Armor,high,curated,local_assets/card_art/cards/156/illustration.png,local_assets/card_art/candidates/common/04/4162.png,2a2103fd352d66153582661a3051e663574c89b1b821f9dc2d3205e875b2eb83,assets/resources/card/images/illust/common/04/4162.bmp,LocalData/93217544/0000/e0/e0269414
157,Firegrass,4163,Firegrass,high,curated,local_assets/card_art/cards/157/illustration.png,local_assets/card_art/candidates/common/04/4163.png,d365de8370ede9c8b532e9405bccef77bb831fa99eca2594a0b6aa14e4c53195,assets/resources/card/images/illust/common/04/4163.bmp,LocalData/93217544/0000/97/9721a482
158,Man Eater,4164,Man Eater,high,curated,local_assets/card_art/cards/158/illustration.png,local_assets/card_art/candidates/common/04/4164.png,a059775adc2cfd62f7f7b7f30ac274e75af4beb3a210ec5c563ef4d2ca8905f6,assets/resources/card/images/illust/common/04/4164.bmp,LocalData/93217544/0000/09/09453121
159,Dig Beak,4165,Dig Beak,high,curated,local_assets/card_art/cards/159/illustration.png,local_assets/card_art/candidates/common/04/4165.png,831d91ce9fcd6bdf0dc0a0c9875f854ac312e1f9765f81b5d6b9eaccfcf29b5b,assets/resources/card/images/illust/common/04/4165.bmp,LocalData/93217544/0000/7e/7e4201b7
160,M-Warrior #1,4166,M-Warrior #1,high,curated,local_assets/card_art/cards/160/illustration.png,local_assets/card_art/candidates/common/04/4166.png,adabe3c4f3c3117404271aca3f9c505e302ca6947091e5a50c6e938257c2af38,assets/resources/card/images/illust/common/04/4166.bmp,LocalData/93217544/0000/e7/e74b500d
161,M-Warrior #2,4167,M-Warrior #2,high,curated,local_assets/card_art/cards/161/illustration.png,local_assets/card_art/candidates/common/04/4167.png,afdabb636116e6154bd5e3e8619581bf6d0d68c123e1912582811ebb36e47fb3,assets/resources/card/images/illust/common/04/4167.bmp,LocalData/93217544/0000/90/904c609b
162,Tainted Wisdom,4168,Tainted Wisdom,high,curated,local_assets/card_art/cards/162/illustration.png,local_assets/card_art/candidates/common/04/4168.png,9287b1fd21281064628b84626727e41f5de2b6cb210751f726c430c8086bb1a2,assets/resources/card/images/illust/common/04/4168.bmp,LocalData/93217544/0000/00/00f37d0a
163,Lisark,4169,Lisark,high,curated,local_assets/card_art/cards/163/illustration.png,local_assets/card_art/candidates/common/04/4169.png,9129f30bd2d1dc8bd74de415d20861af7ab4d81634405de62f3bc560a2eec1e8,assets/resources/card/images/illust/common/04/4169.bmp,LocalData/93217544/0000/77/77f44d9c
164,Lord of Zemia,4170,Lord of Zemia,high,curated,local_assets/card_art/cards/164/illustration.png,local_assets/card_art/candidates/common/04/4170.png,1b7acbd4b3cb97c3b793ca74f3eaea794fceed7bea6ee3a459938870f796077b,assets/resources/card/images/illust/common/04/4170.bmp,LocalData/93217544/0000/17/1733c479
165,The Judgement Hand,4171,The Judgement Hand,high,curated,local_assets/card_art/cards/165/illustration.png,local_assets/card_art/candidates/common/04/4171.png,57ac46f34a2d02df169de97deeccc9484428925e94ee7759e893b3cefb77b1fb,assets/resources/card/images/illust/common/04/4171.bmp,LocalData/93217544/0000/60/6034f4ef
166,Mysterious Puppeteer,4172,Mysterious Puppeteer,high,curated,local_assets/card_art/cards/166/illustration.png,local_assets/card_art/candidates/common/04/4172.png,9d4670aa9cf9a733612eb9f8139550ddfcfe31f112a3fdf0aed5fb31b7a30cac,assets/resources/card/images/illust/common/04/4172.bmp,LocalData/93217544/0000/f9/f93da555
167,Ancient Jar,4173,Ancient Jar,high,curated,local_assets/card_art/cards/167/illustration.png,local_assets/card_art/candidates/common/04/4173.png,6783ee1161e8dd8ea1cd53fe3608639ec61c1cd208a1a22d33de164e1e65547a,assets/resources/card/images/illust/common/04/4173.bmp,LocalData/93217544/0000/8e/8e3a95c3
168,Darkfire Dragon,4174,Darkfire Dragon,high,curated,local_assets/card_art/cards/168/illustration.png,local_assets/card_art/candidates/common/04/4174.png,73912de23e751d4b95ce15efb2e45d5fcf2391243e0532c9b8bccd0927be0316,assets/resources/card/images/illust/common/04/4174.bmp,LocalData/93217544/0000/10/105e0060
169,Dark King of the Abyss,4175,Dark King of the Abyss,high,curated,local_assets/card_art/cards/169/illustration.png,local_assets/card_art/candidates/common/04/4175.png,0e1cb00837790adcc35081df2feb754f86f5a0a991c0875cb67ca390b8884b0c,assets/resources/card/images/illust/common/04/4175.bmp,LocalData/93217544/0000/67/675930f6
170,Spirit of the Harp,4176,Spirit of the Harp,high,curated,local_assets/card_art/cards/170/illustration.png,local_assets/card_art/candidates/common/04/4176.png,99349e706a23206a4331df1e134fe46a285547fa0a5fd81fc81466352352d1c8,assets/resources/card/images/illust/common/04/4176.bmp,LocalData/93217544/0000/fe/fe50614c
171,Big Eye,4177,Big Eye,high,curated,local_assets/card_art/cards/171/illustration.png,local_assets/card_art/candidates/common/04/4177.png,e26dbabbcefcaaa267f4244c18abc9b6e8ec21d9305eb288ce9470d530c514c2,assets/resources/card/images/illust/common/04/4177.bmp,LocalData/93217544/0000/89/895751da
172,Armaill,4178,Armaill,high,curated,local_assets/card_art/cards/172/illustration.png,local_assets/card_art/candidates/common/04/4178.png,2eda3f1854a1541bb2af58eeb0ab354d9ea567019a8d3da44596f0d2d893bc6b,assets/resources/card/images/illust/common/04/4178.bmp,LocalData/93217544/0000/19/19e84c4b
173,Dark Prisoner,4179,Dark Prisoner,high,curated,local_assets/card_art/cards/173/illustration.png,local_assets/card_art/candidates/common/04/4179.png,5f6c813d4b370c7e7a9466ce58871f8fd0fd38eaaaa4d03796c8c90350692ef8,assets/resources/card/images/illust/common/04/4179.bmp,LocalData/93217544/0000/6e/6eef7cdd
174,Hurricail,4180,Hurricail,high,curated,local_assets/card_art/cards/174/illustration.png,local_assets/card_art/candidates/common/04/4180.png,c361c2a1a71ea95346e83b1b6ad2dbdcb3f81cc69cfb024374f4b986695c9656,assets/resources/card/images/illust/common/04/4180.bmp,LocalData/93217544/0000/90/90abd8b6
175,Ancient Brain,4181,Ancient Brain,high,curated,local_assets/card_art/cards/175/illustration.png,local_assets/card_art/candidates/common/04/4181.png,b75015cdd7fa54584136ef05bddd45625b5299ae5aeaec1b2fc471cba39932ea,assets/resources/card/images/illust/common/04/4181.bmp,LocalData/93217544/0000/e7/e7ace820
176,Fire Eye,4182,Fire Eye,high,curated,local_assets/card_art/cards/176/illustration.png,local_assets/card_art/candidates/common/04/4182.png,dd675c8145ef6fefb32dd01672964802de155996893d6e2b8bae3d02ffa71c16,assets/resources/card/images/illust/common/04/4182.bmp,LocalData/93217544/0000/7e/7ea5b99a
177,Monsturtle,4183,Monsturtle,high,curated,local_assets/card_art/cards/177/illustration.png,local_assets/card_art/candidates/common/04/4183.png,3e65225cb911c00642aa2dc34f4fad5bd1e8f49f08fc85259471e17553b61263,assets/resources/card/images/illust/common/04/4183.bmp,LocalData/93217544/0000/09/09a2890c
178,Claw Reacher,4184,Claw Reacher,high,curated,local_assets/card_art/cards/178/illustration.png,local_assets/card_art/candidates/common/04/4184.png,98a883f1be5fb391a400ac3517dbf41691f3d6e32f1d700abb8be78227a5bdac,assets/resources/card/images/illust/common/04/4184.bmp,LocalData/93217544/0000/97/97c61caf
179,Phantom Dewan,4185,Phantom Dewan,high,curated,local_assets/card_art/cards/179/illustration.png,local_assets/card_art/candidates/common/04/4185.png,3f9f85be020c8e60ccdc53b8ef8447807e017eccd891fb3e86e735f5862e894b,assets/resources/card/images/illust/common/04/4185.bmp,LocalData/93217544/0000/e0/e0c12c39
180,Arlownay,4186,Arlownay,high,curated,local_assets/card_art/cards/180/illustration.png,local_assets/card_art/candidates/tcg/04/4186.png,090581438da833885cf9f453353b3b7abdca77de301ba2f77e476cab281bf8eb,assets/resources/card/images/illust/tcg/04/4186.bmp,LocalData/93217544/0000/79/79c87d83
181,Dark Shade,4187,Dark Shade,high,curated,local_assets/card_art/cards/181/illustration.png,local_assets/card_art/candidates/common/04/4187.png,51a1a4431abf6c66274d97ba1e0ea2886368880efccab8fdc7af33bcc371dd2c,assets/resources/card/images/illust/common/04/4187.bmp,LocalData/93217544/0000/0e/0ecf4d15
182,Masked Clown,4188,Masked Clown,high,curated,local_assets/card_art/cards/182/illustration.png,local_assets/card_art/candidates/common/04/4188.png,b9563bec1d062e873252c82d9bddb14921a5d23f1c86c507749a252e99b7aa08,assets/resources/card/images/illust/common/04/4188.bmp,LocalData/93217544/0000/9e/9e705084
183,Lucky Trinket,4189,Lucky Trinket,high,curated,local_assets/card_art/cards/183/illustration.png,local_assets/card_art/candidates/common/04/4189.png,b4c329bff038438484074a84bb5bf96bea34c1271cc1a44cd72792440153e58e,assets/resources/card/images/illust/common/04/4189.bmp,LocalData/93217544/0000/e9/e9776012
184,Genin,4190,Genin,high,curated,local_assets/card_art/cards/184/illustration.png,local_assets/card_art/candidates/common/04/4190.png,f5c1872ca9d9fc389b5bd6a36964d97833913ce41b0116195f1d84e72f998077,assets/resources/card/images/illust/common/04/4190.bmp,LocalData/93217544/0000/89/89b0e9f7
185,Eyearmor,4191,Eyearmor,high,curated,local_assets/card_art/cards/185/illustration.png,local_assets/card_art/candidates/common/04/4191.png,322e29ccf5840cfde528106afef4b33ea120353c4cdf1fcbb063e87f6d7aa735,assets/resources/card/images/illust/common/04/4191.bmp,LocalData/93217544/0000/fe/feb7d961
186,Fiend Reflection #2,4192,Fiend Reflection #2,high,curated,local_assets/card_art/cards/186/illustration.png,local_assets/card_art/candidates/common/04/4192.png,c29b246d29c568ac2613c0e6759f2d17092764afc1d62219849e83f85a48b5b4,assets/resources/card/images/illust/common/04/4192.bmp,LocalData/93217544/0000/67/67be88db
187,Gate Deeg,4193,Gate Deeg,high,curated,local_assets/card_art/cards/187/illustration.png,local_assets/card_art/candidates/common/04/4193.png,1fb2673986c55cecaf7cf4c3bd7f646f93bcc6698fcb3f6ff2497e66f8199a4e,assets/resources/card/images/illust/common/04/4193.bmp,LocalData/93217544/0000/10/10b9b84d
188,Synchar,4194,Synchar,high,curated,local_assets/card_art/cards/188/illustration.png,local_assets/card_art/candidates/common/04/4194.png,5b53b23a342ce69874b55f85236d851f73aed962bf172e79598933cb38247760,assets/resources/card/images/illust/common/04/4194.bmp,LocalData/93217544/0000/8e/8edd2dee
189,Fusionist,4195,Fusionist,high,curated,local_assets/card_art/cards/189/illustration.png,local_assets/card_art/candidates/common/04/4195.png,7332b3feeb5922ee802185eb2e80ecfca867c079ccb71267b422a95318a3f724,assets/resources/card/images/illust/common/04/4195.bmp,LocalData/93217544/0000/f9/f9da1d78
190,Akakieisu,4196,Akakieisu,high,curated,local_assets/card_art/cards/190/illustration.png,local_assets/card_art/candidates/tcg/04/4196.png,a54259e0708ce36eadcc1ffe3b31465ef50cceedda00f393907883f1424c45c0,assets/resources/card/images/illust/tcg/04/4196.bmp,LocalData/93217544/0000/60/60d34cc2
191,LaLa Li-oon,4197,LaLa Li-oon,high,curated,local_assets/card_art/cards/191/illustration.png,local_assets/card_art/candidates/common/04/4197.png,5c92133deac9bee866de3c0d3961ebcdb5b23758db84f17433d75c2170d0831c,assets/resources/card/images/illust/common/04/4197.bmp,LocalData/93217544/0000/17/17d47c54
192,Key Mace,4198,Key Mace,high,curated,local_assets/card_art/cards/192/illustration.png,local_assets/card_art/candidates/common/04/4198.png,5e84a4fd904528cb05e7897d7deae567453a82eed8c54e61fd592cb715d2dea8,assets/resources/card/images/illust/common/04/4198.bmp,LocalData/93217544/0000/87/876b61c5
193,Turtle Tiger,4199,Turtle Tiger,high,curated,local_assets/card_art/cards/193/illustration.png,local_assets/card_art/candidates/common/04/4199.png,4d867fd45dfd34057d795c62ac45022c451f132a7031c43b2348974c2387610c,assets/resources/card/images/illust/common/04/4199.bmp,LocalData/93217544/0000/f0/f06c5153
194,Terra the Terrible,4200,Terra the Terrible,high,curated,local_assets/card_art/cards/194/illustration.png,local_assets/card_art/candidates/common/04/4200.png,f4c7c5854bcfde31205e9b7169988c3ebbe0b00d80adc340200628e3d0ce4b5d,assets/resources/card/images/illust/common/04/4200.bmp,LocalData/93217544/0000/5a/5a34ece7
195,Doron,4201,Doron,high,curated,local_assets/card_art/cards/195/illustration.png,local_assets/card_art/candidates/common/04/4201.png,bfaf6ccab0952ce86041e03479659e4254609d2c731d0a9957b53c1a327653ef,assets/resources/card/images/illust/common/04/4201.bmp,LocalData/93217544/0000/2d/2d33dc71
196,Arma Knight,4202,Arma Knight,high,curated,local_assets/card_art/cards/196/illustration.png,local_assets/card_art/candidates/common/04/4202.png,5f5f4bf1f9a45d9228d5d7354ac16cc6a2e4d9f8c74a376f35d457bb716d8045,assets/resources/card/images/illust/common/04/4202.bmp,LocalData/93217544/0000/b4/b43a8dcb
197,Mech Mole Zombie,4203,Mech Mole Zombie,high,curated,local_assets/card_art/cards/197/illustration.png,local_assets/card_art/candidates/common/04/4203.png,11f606f28e6f00c12295a53191f3f7147cdb7ec88c1eb4b2e4d1e12001ab9223,assets/resources/card/images/illust/common/04/4203.bmp,LocalData/93217544/0000/c3/c33dbd5d
198,Happy Lover,4204,Happy Lover,high,curated,local_assets/card_art/cards/198/illustration.png,local_assets/card_art/candidates/common/04/4204.png,806ab1cf213f3248a0f27eb6237d3eabaefcc48306c0f357357e15dadc3eefbe,assets/resources/card/images/illust/common/04/4204.bmp,LocalData/93217544/0000/5d/5d5928fe
199,Penguin Knight,4205,Penguin Knight,high,curated,local_assets/card_art/cards/199/illustration.png,local_assets/card_art/candidates/common/04/4205.png,fa823d7dc048f3173d5f26608111c36a246f5774fb4e069a22a83f9e0a29d99e,assets/resources/card/images/illust/common/04/4205.bmp,LocalData/93217544/0000/2a/2a5e1868
200,Petit Dragon,4206,Petit Dragon,high,curated,local_assets/card_art/cards/200/illustration.png,local_assets/card_art/candidates/common/04/4206.png,2c435676a2a15c06b7f7138bbd4f5be1575b373983e1ffe11868bdeb022461e9,assets/resources/card/images/illust/common/04/4206.bmp,LocalData/93217544/0000/b3/b35749d2
201,Frenzied Panda,4207,Frenzied Panda,high,curated,local_assets/card_art/cards/201/illustration.png,local_assets/card_art/candidates/common/04/4207.png,5b0e4447f3622826e53e66bc02468f3e24373dad0b94c5c2c8a7adf67b9259fe,assets/resources/card/images/illust/common/04/4207.bmp,LocalData/93217544/0000/c4/c4507944
202,Air Marmot of Nefariousness,,,unmatched,unmatched_name,,,,,
203,Phantom Ghost,4209,Phantom Ghost,high,curated,local_assets/card_art/cards/203/illustration.png,local_assets/card_art/candidates/common/04/4209.png,cbf5c0b107610eaebe2c64d3b633b4d6dbf3541b0a115c5843a7524a2bb62831,assets/resources/card/images/illust/common/04/4209.bmp,LocalData/93217544/0000/23/23e85443
204,Mabarrel,4210,Mabarrel,high,curated,local_assets/card_art/cards/204/illustration.png,local_assets/card_art/candidates/common/04/4210.png,bf85142b5d5a56edc7d7cc5b3d75489bec372e0bc4c1c7fe4448f05a12b560b8,assets/resources/card/images/illust/common/04/4210.bmp,LocalData/93217544/0000/43/432fdda6
205,Dorover,4211,Dorover,high,curated,local_assets/card_art/cards/205/illustration.png,local_assets/card_art/candidates/common/04/4211.png,937596b0ba50af22f5e8f9a736367557e8756777e298b3438f893a2074ce658f,assets/resources/card/images/illust/common/04/4211.bmp,LocalData/93217544/0000/34/3428ed30
206,Twin Long Rods #1,4212,Twin Long Rods #1,high,curated,local_assets/card_art/cards/206/illustration.png,local_assets/card_art/candidates/common/04/4212.png,b8517f9f64c101baf5b44e85028b82f66f3f5fb3845f7c92266b54ddf0ac04eb,assets/resources/card/images/illust/common/04/4212.bmp,LocalData/93217544/0000/ad/ad21bc8a
207,Droll Bird,4213,Droll Bird,high,curated,local_assets/card_art/cards/207/illustration.png,local_assets/card_art/candidates/common/04/4213.png,5c89ef883dbae51a8c26d202979420ceeb2efdd87af4ff4a337919e1876dd5fb,assets/resources/card/images/illust/common/04/4213.bmp,LocalData/93217544/0000/da/da268c1c
208,Petit Angel,4214,Petit Angel,high,curated,local_assets/card_art/cards/208/illustration.png,local_assets/card_art/candidates/tcg/04/4214.png,49aa7654861be4a5efffbc7444ac5833c0d3060a3a650252e72c6cefe1f0dfc4,assets/resources/card/images/illust/tcg/04/4214.bmp,LocalData/93217544/0000/44/444219bf
209,Winged Cleaver,4215,Winged Cleaver,high,curated,local_assets/card_art/cards/209/illustration.png,local_assets/card_art/candidates/common/04/4215.png,76e431695a70af4b845098accae9e0e5673ca5725ca6148dd0a48a4395830b4f,assets/resources/card/images/illust/common/04/4215.bmp,LocalData/93217544/0000/33/33452929
210,Hinotama Soul,4216,Hinotama Soul,high,curated,local_assets/card_art/cards/210/illustration.png,local_assets/card_art/candidates/common/04/4216.png,de85703eb2213d84a8716a872b4dc73af9b7d5752e101b9af4eea52a7241c006,assets/resources/card/images/illust/common/04/4216.bmp,LocalData/93217544/0000/aa/aa4c7893
211,Kaminarikozou,,,unmatched,unmatched_name,,,,,
212,Meotoko,4218,Meotoko,high,curated,local_assets/card_art/cards/212/illustration.png,local_assets/card_art/candidates/common/04/4218.png,e688fd5c9ff31a9e669b407fa2a83fc00d7429d67b5905547cd6decf57a7cdfd,assets/resources/card/images/illust/common/04/4218.bmp,LocalData/93217544/0000/4d/4df45594
213,Aqua Madoor,4219,Aqua Madoor,high,curated,local_assets/card_art/cards/213/illustration.png,local_assets/card_art/candidates/common/04/4219.png,f1d13403926aa6c154b4d6454ae5bd564bb20c5e8c3aefb367e57e0ae22747a1,assets/resources/card/images/illust/common/04/4219.bmp,LocalData/93217544/0000/3a/3af36502
214,Kagemusha of the Blue Flame,4220,Kagemusha of the Blue Flame,high,curated,local_assets/card_art/cards/214/illustration.png,local_assets/card_art/candidates/common/04/4220.png,9b6b0596b405de40e5f878d6924ac24a78f00cf5c86f780eedf41d28bc845dfa,assets/resources/card/images/illust/common/04/4220.bmp,LocalData/93217544/0000/68/68028e65
215,Flame Ghost,4221,Flame Ghost,high,curated,local_assets/card_art/cards/215/illustration.png,local_assets/card_art/candidates/common/04/4221.png,04623d3640645dfa8f0eff3149dc7dae944d453666971164b8287c4a02166cff,assets/resources/card/images/illust/common/04/4221.bmp,LocalData/93217544/0000/1f/1f05bef3
216,Dryad,,,unmatched,unmatched_name,,,,,
217,B. Skull Dragon,,,unmatched,unmatched_name,,,,,
218,Two-Mouth Darkruler,4224,Two-Mouth Darkruler,high,curated,local_assets/card_art/cards/218/illustration.png,local_assets/card_art/candidates/common/04/4224.png,8fbb1e7378bbb11f47e6ff1f76f12300ea1b2be923eb5edb52df0456c17ffbe9,assets/resources/card/images/illust/common/04/4224.bmp,LocalData/93217544/0000/6f/6f6f4a7c
219,Solitude,4225,Solitude,high,curated,local_assets/card_art/cards/219/illustration.png,local_assets/card_art/candidates/tcg/04/4225.png,a2ab2a506c74a4c4b493f78bfc59d04decdaa5e6fc60fb289cc661f1d7543fb2,assets/resources/card/images/illust/tcg/04/4225.bmp,LocalData/93217544/0000/18/18687aea
220,Masked Sorcerer,4226,Masked Sorcerer,high,curated,local_assets/card_art/cards/220/illustration.png,local_assets/card_art/candidates/common/04/4226.png,5b5749683dabe51a259b24498a767c8148bd9c56519f07beb2355f4ded215447,assets/resources/card/images/illust/common/04/4226.bmp,LocalData/93217544/0000/81/81612b50
221,Kumootoko,4227,Kumootoko,high,curated,local_assets/card_art/cards/221/illustration.png,local_assets/card_art/candidates/common/04/4227.png,cb9392962c3270d7f88d8e0f585cf76aee0fa8a46aa14623deadca730539b853,assets/resources/card/images/illust/common/04/4227.bmp,LocalData/93217544/0000/f6/f6661bc6
222,Midnight Fiend,4228,Midnight Fiend,high,curated,local_assets/card_art/cards/222/illustration.png,local_assets/card_art/candidates/common/04/4228.png,cfba9cc665f9f1a05178ff0be84cae4d65413b1216415c1b13928750bd220254,assets/resources/card/images/illust/common/04/4228.bmp,LocalData/93217544/0000/66/66d90657
223,Roaring Ocean Snake,4229,Roaring Ocean Snake,high,curated,local_assets/card_art/cards/223/illustration.png,local_assets/card_art/candidates/common/04/4229.png,76a97f60557b3fda0ac1f1a2e8cec0e1c1b57b069fabebb5b9630024dae5b126,assets/resources/card/images/illust/common/04/4229.bmp,LocalData/93217544/0000/11/11de36c1
224,Trap Master,4230,Trap Master,high,curated,local_assets/card_art/cards/224/illustration.png,local_assets/card_art/candidates/common/04/4230.png,4d73c36cfc097f751250f77a6061826f84d58440d50702eda28e71bba8ace05f,assets/resources/card/images/illust/common/04/4230.bmp,LocalData/93217544/0000/71/7119bf24
225,Fiend Sword,4231,Fiend Sword,high,curated,local_assets/card_art/cards/225/illustration.png,local_assets/card_art/candidates/common/04/4231.png,0132d1ce9338071bf1f37b68d2c6f14fe77e5025c38d87b9ba9bf05a6d2b891b,assets/resources/card/images/illust/common/04/4231.bmp,LocalData/93217544/0000/06/061e8fb2
226,Skull Stalker,4232,Skull Stalker,high,curated,local_assets/card_art/cards/226/illustration.png,local_assets/card_art/candidates/common/04/4232.png,38da3e7cb14f53c533b2dbba9674f3504dfa92be0d8956116aa2beac664d364c,assets/resources/card/images/illust/common/04/4232.bmp,LocalData/93217544/0000/9f/9f17de08
227,Hitodenchak,4233,Hitodenchak,high,curated,local_assets/card_art/cards/227/illustration.png,local_assets/card_art/candidates/common/04/4233.png,ce413b138c30d445aa3fa97b6ab14e02d14c982b2081f8d04df7060c758ca57f,assets/resources/card/images/illust/common/04/4233.bmp,LocalData/93217544/0000/e8/e810ee9e
228,Wood Remains,4234,Wood Remains,high,curated,local_assets/card_art/cards/228/illustration.png,local_assets/card_art/candidates/common/04/4234.png,a269ff7f1de8baac23ffc11da962aa990ad8585d2fdafac1a82dd017cec9ad8d,assets/resources/card/images/illust/common/04/4234.bmp,LocalData/93217544/0000/76/76747b3d
229,Hourglass of Life,4235,Hourglass of Life,high,curated,local_assets/card_art/cards/229/illustration.png,local_assets/card_art/candidates/common/04/4235.png,128e9eeef7beba611a01c0b6036598aa8a92be5e70d8d20defff0ada8ad93b7e,assets/resources/card/images/illust/common/04/4235.bmp,LocalData/93217544/0000/01/01734bab
230,Rare Fish,4236,Rare Fish,high,curated,local_assets/card_art/cards/230/illustration.png,local_assets/card_art/candidates/common/04/4236.png,0faa36f6d2baf4c8663d209498dc1e8d3abb899089371071abcd0dac5179f681,assets/resources/card/images/illust/common/04/4236.bmp,LocalData/93217544/0000/98/987a1a11
231,Wood Clown,4237,Wood Clown,high,curated,local_assets/card_art/cards/231/illustration.png,local_assets/card_art/candidates/common/04/4237.png,660a584b333b80bba220a5f9f1b3c28c1b24d3594290cd35bae061d7121b6a6d,assets/resources/card/images/illust/common/04/4237.bmp,LocalData/93217544/0000/ef/ef7d2a87
232,Madjinn Gunn,4238,Madjinn Gunn,high,curated,local_assets/card_art/cards/232/illustration.png,local_assets/card_art/candidates/common/04/4238.png,a49fff38155691b0a89a170b082aeb84acdb36d9798c79cb3124a7f645929b37,assets/resources/card/images/illust/common/04/4238.bmp,LocalData/93217544/0000/7f/7fc23716
233,Dark Titan of Terror,4239,Dark Titan of Terror,high,curated,local_assets/card_art/cards/233/illustration.png,local_assets/card_art/candidates/common/04/4239.png,70c2bdf5c2a2f1365942e6f50deac02be94c6620d66b3163c286f0d0bab3c298,assets/resources/card/images/illust/common/04/4239.bmp,LocalData/93217544/0000/08/08c50780
234,Beautiful Headhuntress,4240,Beautiful Headhuntress,high,curated,local_assets/card_art/cards/234/illustration.png,local_assets/card_art/candidates/common/04/4240.png,62368bdea1e1f952ae61c20d8319356e2dc6a6042d8d564a5faf547efe46275e,assets/resources/card/images/illust/common/04/4240.bmp,LocalData/93217544/0000/3e/3e5829e3
235,Wodan the Resident of the Forest,4241,Wodan the Resident of the Forest,high,curated,local_assets/card_art/cards/235/illustration.png,local_assets/card_art/candidates/common/04/4241.png,045910fe430920437c40bc1fc51f63bd3c7fb1b58fdc903223ee76774cea7f37,assets/resources/card/images/illust/common/04/4241.bmp,LocalData/93217544/0000/49/495f1975
236,Guardian of the Labyrinth,4242,Guardian of the Labyrinth,high,curated,local_assets/card_art/cards/236/illustration.png,local_assets/card_art/candidates/common/04/4242.png,8a01190eeb789c445da02c392bfdf5998ec2370103a5165e0b46fd42d76d00a8,assets/resources/card/images/illust/common/04/4242.bmp,LocalData/93217544/0000/d0/d05648cf
237,Haniwa,4243,Haniwa,high,curated,local_assets/card_art/cards/237/illustration.png,local_assets/card_art/candidates/common/04/4243.png,7f0b56ea9b74fc0909c189a5b98e760c51fe4f5deb70c72d090e620ce05517be,assets/resources/card/images/illust/common/04/4243.bmp,LocalData/93217544/0000/a7/a7517859
238,Yashinoki,4244,Yashinoki,high,curated,local_assets/card_art/cards/238/illustration.png,local_assets/card_art/candidates/common/04/4244.png,2d406a02931c83859b2b15862e2234a2d50e2d9fa4de5f13caad36617b2db4bb,assets/resources/card/images/illust/common/04/4244.bmp,LocalData/93217544/0000/39/3935edfa
239,Vishwar Randi,4245,Vishwar Randi,high,curated,local_assets/card_art/cards/239/illustration.png,local_assets/card_art/candidates/tcg/04/4245.png,17fbb60e8cdb0e7bf081cfc5d9000d48bd06ed0c121b080ba306ddcaa8392b8e,assets/resources/card/images/illust/tcg/04/4245.bmp,LocalData/93217544/0000/4e/4e32dd6c
240,The Drdek,4246,The Drdek,high,curated,local_assets/card_art/cards/240/illustration.png,local_assets/card_art/candidates/common/04/4246.png,05b7eaf8ea5302243cb65b6945c899df518108cee45efd62c3d397cf6a019b3f,assets/resources/card/images/illust/common/04/4246.bmp,LocalData/93217544/0000/d7/d73b8cd6
241,Dark Assailant,4247,Dark Assailant,high,curated,local_assets/card_art/cards/241/illustration.png,local_assets/card_art/candidates/common/04/4247.png,6d8a45b8d38c86dfb1aa582f79092adf2c1d06f11f508e44661af874015344e9,assets/resources/card/images/illust/common/04/4247.bmp,LocalData/93217544/0000/a0/a03cbc40
242,Candle of Fate,4248,Candle of Fate,high,curated,local_assets/card_art/cards/242/illustration.png,local_assets/card_art/candidates/common/04/4248.png,bba6cf2e0328e49aed5b8e81067c855e26e43b7b75c0079916190b972c4b057b,assets/resources/card/images/illust/common/04/4248.bmp,LocalData/93217544/0000/30/3083a1d1
243,Water Element,4249,Water Element,high,curated,local_assets/card_art/cards/243/illustration.png,local_assets/card_art/candidates/tcg/04/4249.png,a2acdc7e02378c26805b42d7e15ccbafb7681504d34d7029c9ac46dd09d2d177,assets/resources/card/images/illust/tcg/04/4249.bmp,LocalData/93217544/0000/47/47849147
244,Dissolverock,4250,Dissolverock,high,curated,local_assets/card_art/cards/244/illustration.png,local_assets/card_art/candidates/common/04/4250.png,52bc1b650080916b2073414b35f30b06c5f4bc3264883f122d0cdb9103b09cc8,assets/resources/card/images/illust/common/04/4250.bmp,LocalData/93217544/0000/27/274318a2
245,Meda Bat,4251,Meda Bat,high,curated,local_assets/card_art/cards/245/illustration.png,local_assets/card_art/candidates/common/04/4251.png,249c0278e6212044864a2a73f864eb050cb27fb6706825ed896d9ee00fc7983e,assets/resources/card/images/illust/common/04/4251.bmp,LocalData/93217544/0000/50/50442834
246,One Who Hunts Souls,4252,One Who Hunts Souls,high,curated,local_assets/card_art/cards/246/illustration.png,local_assets/card_art/candidates/common/04/4252.png,89d1e7c9fb69e62556c4c4375d4db25be5cce6a9fcbbb2f5669888f86e43c2e9,assets/resources/card/images/illust/common/04/4252.bmp,LocalData/93217544/0000/c9/c94d798e
247,Root Water,4253,Root Water,high,curated,local_assets/card_art/cards/247/illustration.png,local_assets/card_art/candidates/common/04/4253.png,5fb9e8572bcd6214acf1a6613aa2d78324718c94c518f6c52550b60579290a9a,assets/resources/card/images/illust/common/04/4253.bmp,LocalData/93217544/0000/be/be4a4918
248,Master & Expert,4254,Master & Expert,high,curated,local_assets/card_art/cards/248/illustration.png,local_assets/card_art/candidates/common/04/4254.png,e4d0ff7863c29629a17768bfd116fd31558e36c330740180c476d527bd506395,assets/resources/card/images/illust/common/04/4254.bmp,LocalData/93217544/0000/20/202edcbb
249,Water Omotics,4255,Water Omotics,high,curated,local_assets/card_art/cards/249/illustration.png,local_assets/card_art/candidates/tcg/04/4255.png,edc61037f43fa7eb73696ae13fa4a6ecd876e2ab34281d506e084f8a3bacb50e,assets/resources/card/images/illust/tcg/04/4255.bmp,LocalData/93217544/0000/57/5729ec2d
250,Hyo,4256,Hyo,high,curated,local_assets/card_art/cards/250/illustration.png,local_assets/card_art/candidates/common/04/4256.png,f8c0b96035625e15cd075f5fa628d34cdb91b01483858cc552f634a71745829d,assets/resources/card/images/illust/common/04/4256.bmp,LocalData/93217544/0000/ce/ce20bd97
251,Enchanting Mermaid,4257,Enchanting Mermaid,high,curated,local_assets/card_art/cards/251/illustration.png,local_assets/card_art/candidates/tcg/04/4257.png,3e911d371a7ac74119c76344d8abb8841ef37f417f8ee8771eb9b0dbdebf9ca2,assets/resources/card/images/illust/tcg/04/4257.bmp,LocalData/93217544/0000/b9/b9278d01
252,Nekogal #1,4258,Nekogal #1,high,curated,local_assets/card_art/cards/252/illustration.png,local_assets/card_art/candidates/tcg/04/4258.png,7ab6f52746a980407faf7b440dda9f5d2de4c6bba7aa9e3ac189ec9d0ab1bc6f,assets/resources/card/images/illust/tcg/04/4258.bmp,LocalData/93217544/0000/29/29989090
253,Fairywitch,4259,Fairywitch,high,curated,local_assets/card_art/cards/253/illustration.png,local_assets/card_art/candidates/common/04/4259.png,a335bf7505fcdc61741521bcbc920e4841dad114421b40eee4fa8e9ab83cbb66,assets/resources/card/images/illust/common/04/4259.bmp,LocalData/93217544/0000/5e/5e9fa006
254,Embryonic Beast,4260,Embryonic Beast,high,curated,local_assets/card_art/cards/254/illustration.png,local_assets/card_art/candidates/common/04/4260.png,b4034b09b82241f52ac8c481b60f4d8be2175ca4c74b9ea5f7164d3363eb750e,assets/resources/card/images/illust/common/04/4260.bmp,LocalData/93217544/0000/0c/0c6e4b61
255,Prevent Rat,4261,Prevent Rat,high,curated,local_assets/card_art/cards/255/illustration.png,local_assets/card_art/candidates/common/04/4261.png,0a3637fb90df76ae0239001f1ac7bf6da3314c751fe44087af7862ff2f79b122,assets/resources/card/images/illust/common/04/4261.bmp,LocalData/93217544/0000/7b/7b697bf7
256,Dimensional Warrior,,,unmatched,unmatched_name,,,,,
257,Stone Armadiller,4263,Stone Armadiller,high,curated,local_assets/card_art/cards/257/illustration.png,local_assets/card_art/candidates/common/04/4263.png,56fc52a20e4ddb782c8cec2af1c0d550daea612c39af9a19b02d70128db056ab,assets/resources/card/images/illust/common/04/4263.bmp,LocalData/93217544/0000/95/95671adb
258,Beastking of the Swamps,4264,Beastking of the Swamps,high,curated,local_assets/card_art/cards/258/illustration.png,local_assets/card_art/candidates/common/04/4264.png,afa7ba4e1ef23a210e117dc5407bfcf15fe195b4a0eec86631b610eef1f3faa5,assets/resources/card/images/illust/common/04/4264.bmp,LocalData/93217544/0000/0b/0b038f78
259,Ancient Sorcerer,4265,Ancient Sorcerer,high,curated,local_assets/card_art/cards/259/illustration.png,local_assets/card_art/candidates/tcg/04/4265.png,0c30a6b2ffc825baaf84be7328f78f3458ce09197e5ff0d94f9623878368c784,assets/resources/card/images/illust/tcg/04/4265.bmp,LocalData/93217544/0000/7c/7c04bfee
260,Lunar Queen Elzaim,4266,Lunar Queen Elzaim,high,curated,local_assets/card_art/cards/260/illustration.png,local_assets/card_art/candidates/tcg/04/4266.png,995821ae905c904a0f24cc0e792e6669f269503fd9c96841d9f217cb5de82e53,assets/resources/card/images/illust/tcg/04/4266.bmp,LocalData/93217544/0000/e5/e50dee54
261,Wicked Mirror,,,unmatched,unmatched_name,,,,,
262,The Little Swordsman of Aile,4268,The Little Swordsman of Aile,high,curated,local_assets/card_art/cards/262/illustration.png,local_assets/card_art/candidates/common/04/4268.png,613397b4adfc85529aa08fdb42b1ff38499502c5d0452b6d5ffadea72a8b3a36,assets/resources/card/images/illust/common/04/4268.bmp,LocalData/93217544/0000/02/02b5c353
263,Rock Ogre Grotto #2,4269,Rock Ogre Grotto #2,high,curated,local_assets/card_art/cards/263/illustration.png,local_assets/card_art/candidates/common/04/4269.png,cb4e9a43abe5fc9c101b849a61fddd7b009bb492f53bc1669aaaab3013b0fa7d,assets/resources/card/images/illust/common/04/4269.bmp,LocalData/93217544/0000/75/75b2f3c5
264,Wing Egg Elf,4270,Wing Egg Elf,high,curated,local_assets/card_art/cards/264/illustration.png,local_assets/card_art/candidates/common/04/4270.png,b0551ab6d587bccee9a1b62a06749907c5d39c32c5910052a8dc60f3618b4bbc,assets/resources/card/images/illust/common/04/4270.bmp,LocalData/93217544/0000/15/15757a20
265,The Furious Sea King,4271,The Furious Sea King,high,curated,local_assets/card_art/cards/265/illustration.png,local_assets/card_art/candidates/common/04/4271.png,97fdd0e2912584cc7b2e75af676c51da83f57da6660dae6122560228b6899020,assets/resources/card/images/illust/common/04/4271.bmp,LocalData/93217544/0000/62/62724ab6
266,Princess of Tsurugi,4272,Princess of Tsurugi,high,curated,local_assets/card_art/cards/266/illustration.png,local_assets/card_art/candidates/common/04/4272.png,75b94b5f697e2824c169938cb057dd43b3df96d14f4b0fd86ff3d649ef417143,assets/resources/card/images/illust/common/04/4272.bmp,LocalData/93217544/0000/fb/fb7b1b0c
267,Unknown Warrior of Fiend,4273,Unknown Warrior of Fiend,high,curated,local_assets/card_art/cards/267/illustration.png,local_assets/card_art/candidates/common/04/4273.png,46778a26e7ce367f1cf6f085993e7c7684818c5c597f9e59cddc49d39ca86f17,assets/resources/card/images/illust/common/04/4273.bmp,LocalData/93217544/0000/8c/8c7c2b9a
268,Sectarian of Secrets,4274,Sectarian of Secrets,high,curated,local_assets/card_art/cards/268/illustration.png,local_assets/card_art/candidates/tcg/04/4274.png,477d7489449bd5addf9b92c05528a79a85face9b0f5e27faaa889bea5c2a16c2,assets/resources/card/images/illust/tcg/04/4274.bmp,LocalData/93217544/0000/12/1218be39
269,Versago the Destroyer,4275,Versago the Destroyer,high,curated,local_assets/card_art/cards/269/illustration.png,local_assets/card_art/candidates/common/04/4275.png,5a06eecd369431671be4f6693b4d8fb62e3def247bc2529e5c28688f38959dfa,assets/resources/card/images/illust/common/04/4275.bmp,LocalData/93217544/0000/65/651f8eaf
270,Wetha,4276,Wetha,high,curated,local_assets/card_art/cards/270/illustration.png,local_assets/card_art/candidates/common/04/4276.png,e056c2c80520169faed13cbf879462251319fb3dad6e49aa0e028e719699036f,assets/resources/card/images/illust/common/04/4276.bmp,LocalData/93217544/0000/fc/fc16df15
271,Megirus Light,4277,Megirus Light,high,curated,local_assets/card_art/cards/271/illustration.png,local_assets/card_art/candidates/common/04/4277.png,4d0288948b0f45a7c0d4220bc40633d03c2c8899365e166c548f8ac01d8fcf64,assets/resources/card/images/illust/common/04/4277.bmp,LocalData/93217544/0000/8b/8b11ef83
272,Mavelus,4278,Mavelus,high,curated,local_assets/card_art/cards/272/illustration.png,local_assets/card_art/candidates/common/04/4278.png,5597320b0fd749b4bcf002b4384c79e2743ab956bd3b045f638da55c36aeb6b5,assets/resources/card/images/illust/common/04/4278.bmp,LocalData/93217544/0000/1b/1baef212
273,Ancient Tree of Enlightenment,4279,Ancient Tree of Enlightenment,high,curated,local_assets/card_art/cards/273/illustration.png,local_assets/card_art/candidates/common/04/4279.png,2ed4fc38bbe7207c6f64bc922eb10a3f2a27b8009a7e35fc3d73db2bf695c416,assets/resources/card/images/illust/common/04/4279.bmp,LocalData/93217544/0000/6c/6ca9c284
274,Green Phantom King,4280,Green Phantom King,high,curated,local_assets/card_art/cards/274/illustration.png,local_assets/card_art/candidates/common/04/4280.png,24c44f34d4a25d4fe5bb09be3ae8cdd10e6c8f222de6df8969bb720f490b250a,assets/resources/card/images/illust/common/04/4280.bmp,LocalData/93217544/0000/92/92ed66ef
275,Ground Attacker Bugroth,4281,Ground Attacker Bugroth,high,curated,local_assets/card_art/cards/275/illustration.png,local_assets/card_art/candidates/common/04/4281.png,7298cdd20d73ec482177fea8a45c0fa5bc13455ee411aaee2df52b5decfbf10f,assets/resources/card/images/illust/common/04/4281.bmp,LocalData/93217544/0000/e5/e5ea5679
276,Ray & Temperature,4282,Ray & Temperature,high,curated,local_assets/card_art/cards/276/illustration.png,local_assets/card_art/candidates/common/04/4282.png,2efc515d89ecac26c6d59891d144397b8458afaf151f90420b46033307a8dac6,assets/resources/card/images/illust/common/04/4282.bmp,LocalData/93217544/0000/7c/7ce307c3
277,Gorgon Egg,4283,Gorgon Egg,high,curated,local_assets/card_art/cards/277/illustration.png,local_assets/card_art/candidates/common/04/4283.png,dfe6113bdd51743992e1c9d231a2ad05f593227b5b17a4e9c6e598a0262f215e,assets/resources/card/images/illust/common/04/4283.bmp,LocalData/93217544/0000/0b/0be43755
278,Petit Moth,4284,Petit Moth,high,curated,local_assets/card_art/cards/278/illustration.png,local_assets/card_art/candidates/common/04/4284.png,e784f69b4ebbb502be32994fb95c735dde76e1dad0389d24cfe689cf31bf1250,assets/resources/card/images/illust/common/04/4284.bmp,LocalData/93217544/0000/95/9580a2f6
279,King Fog,4285,King Fog,high,curated,local_assets/card_art/cards/279/illustration.png,local_assets/card_art/candidates/common/04/4285.png,7949bb0fbcd08dcf26ddd372b030e27908ecaad9a5c36437095fa2cb820167c4,assets/resources/card/images/illust/common/04/4285.bmp,LocalData/93217544/0000/e2/e2879260
280,Protector of the Throne,4286,Protector of the Throne,high,curated,local_assets/card_art/cards/280/illustration.png,local_assets/card_art/candidates/tcg/04/4286.png,7bf28d1c2c5ce8e565f93f964b1100d66f1b013ae6bbdf5495056cd2c3cdd0b6,assets/resources/card/images/illust/tcg/04/4286.bmp,LocalData/93217544/0000/7b/7b8ec3da
281,Mystic Clown,4287,Mystic Clown,high,curated,local_assets/card_art/cards/281/illustration.png,local_assets/card_art/candidates/common/04/4287.png,558792c0b4a72e6bd9c4d0693c02aeb2aaf4e9024f638cb8cb17c70b7e23ce3b,assets/resources/card/images/illust/common/04/4287.bmp,LocalData/93217544/0000/0c/0c89f34c
282,Mystical Sheep #2,4288,Mystical Sheep #2,high,curated,local_assets/card_art/cards/282/illustration.png,local_assets/card_art/candidates/common/04/4288.png,0b1f56e5bb75daa5862a2500b2f8b82cac1235ded61ef8a6a5644693862e3553,assets/resources/card/images/illust/common/04/4288.bmp,LocalData/93217544/0000/9c/9c36eedd
283,Holograh,4289,Holograh,high,curated,local_assets/card_art/cards/283/illustration.png,local_assets/card_art/candidates/common/04/4289.png,083f3a3cdd392753e5cce747b407a14252b0bbca5a49647b80512130948663fc,assets/resources/card/images/illust/common/04/4289.bmp,LocalData/93217544/0000/eb/eb31de4b
284,Tao the Chanter,4290,Tao the Chanter,high,curated,local_assets/card_art/cards/284/illustration.png,local_assets/card_art/candidates/common/04/4290.png,efe3debb8a00474180eeb0caedf75edcb0930ee01de521aef92b588bc611480b,assets/resources/card/images/illust/common/04/4290.bmp,LocalData/93217544/0000/8b/8bf657ae
285,Serpent Marauder,4291,Serpent Marauder,high,curated,local_assets/card_art/cards/285/illustration.png,local_assets/card_art/candidates/common/04/4291.png,ba2047b6ec3fffc25a63184aa863f057ba65a3633fab19f13ce6ba3958142f34,assets/resources/card/images/illust/common/04/4291.bmp,LocalData/93217544/0000/fc/fcf16738
286,Gatekeeper,4292,Gatekeeper,high,curated,local_assets/card_art/cards/286/illustration.png,local_assets/card_art/candidates/common/04/4292.png,b8b7aafccba5ac8178eda7caa0e045a8db6309c64277f0f5d85995c357ca71d2,assets/resources/card/images/illust/common/04/4292.bmp,LocalData/93217544/0000/65/65f83682
287,Ogre of the Black Shadow,4293,Ogre of the Black Shadow,high,curated,local_assets/card_art/cards/287/illustration.png,local_assets/card_art/candidates/common/04/4293.png,6ab87b24e3e202deea463bc5a1f3e1841a1da28db2b2facee66552eb7a056120,assets/resources/card/images/illust/common/04/4293.bmp,LocalData/93217544/0000/12/12ff0614
288,Dark Artist,4294,Dark Artist,high,curated,local_assets/card_art/cards/288/illustration.png,local_assets/card_art/candidates/common/04/4294.png,861f994eef660eb9e334a945d9345b57c544a1b5e20d746a0da539554916d10e,assets/resources/card/images/illust/common/04/4294.bmp,LocalData/93217544/0000/8c/8c9b93b7
289,Change Slime,4295,Change Slime,high,curated,local_assets/card_art/cards/289/illustration.png,local_assets/card_art/candidates/common/04/4295.png,42af8470254295142c0d705dad562cb560d83688d64e6cbc05acadfc7ca1fe31,assets/resources/card/images/illust/common/04/4295.bmp,LocalData/93217544/0000/fb/fb9ca321
290,Moon Envoy,4296,Moon Envoy,high,curated,local_assets/card_art/cards/290/illustration.png,local_assets/card_art/candidates/common/04/4296.png,29caa3dfb7c2da630a329f73690b20e5355f1923bbe82eb875ffb081d34c08ac,assets/resources/card/images/illust/common/04/4296.bmp,LocalData/93217544/0000/62/6295f29b
291,Fireyarou,4297,Fireyarou,high,curated,local_assets/card_art/cards/291/illustration.png,local_assets/card_art/candidates/common/04/4297.png,38add527046205c66ef0115ad864264a8abaaf68fbe2bb4dc48de6efb615c445,assets/resources/card/images/illust/common/04/4297.bmp,LocalData/93217544/0000/15/1592c20d
292,Psychic Kappa,4298,Psychic Kappa,high,curated,local_assets/card_art/cards/292/illustration.png,local_assets/card_art/candidates/common/04/4298.png,7bb8dc1122c87a0da4930356cf11417f2d22b7e997ef77cd8274b9556b943de2,assets/resources/card/images/illust/common/04/4298.bmp,LocalData/93217544/0000/85/852ddf9c
293,Masaki the Legendary Swordsman,4299,Masaki the Legendary Swordsman,high,curated,local_assets/card_art/cards/293/illustration.png,local_assets/card_art/candidates/common/04/4299.png,a8e1423e71cced95fdd58a29b3f3d46e6aa70889ded3a422d84f1a4c2cb14a3d,assets/resources/card/images/illust/common/04/4299.bmp,LocalData/93217544/0000/f2/f22aef0a
294,Dragoness the Wicked Knight,4300,Dragoness the Wicked Knight,high,curated,local_assets/card_art/cards/294/illustration.png,local_assets/card_art/candidates/common/04/4300.png,956cf83ded796190e2eca2bb338bd9447ae78425d8c65d6b5fdbfdc98f411441,assets/resources/card/images/illust/common/04/4300.bmp,LocalData/93217544/0000/5b/5bf686d0
295,Bio Plant,4301,Bio Plant,high,curated,local_assets/card_art/cards/295/illustration.png,local_assets/card_art/candidates/common/04/4301.png,4fd699a688e8c75092a67f8f29ba826aba729b3c50d37288d4e0d2088befc1ba,assets/resources/card/images/illust/common/04/4301.bmp,LocalData/93217544/0000/2c/2cf1b646
296,One-Eyed Shield Dragon,4302,One-Eyed Shield Dragon,high,curated,local_assets/card_art/cards/296/illustration.png,local_assets/card_art/candidates/common/04/4302.png,db59d408e52ba71b2b11c5bb2da48e43cfbbd73ae51095b7afafc75caf7df956,assets/resources/card/images/illust/common/04/4302.bmp,LocalData/93217544/0000/b5/b5f8e7fc
297,Cyber Soldier of Darkworld,4303,Cyber Soldier of Darkworld,high,curated,local_assets/card_art/cards/297/illustration.png,local_assets/card_art/candidates/common/04/4303.png,f8b23b3289d172137256703776be1a93e6eae9cdd9e9b81e0216ee0ac9e501af,assets/resources/card/images/illust/common/04/4303.bmp,LocalData/93217544/0000/c2/c2ffd76a
298,Wicked Dragon with the Ersatz Head,4304,Wicked Dragon with the Ersatz Head,high,curated,local_assets/card_art/cards/298/illustration.png,local_assets/card_art/candidates/common/04/4304.png,ee39c03887c817dcb93e8981d7556daf08ff52c9a69102f3dd5615f3336f0507,assets/resources/card/images/illust/common/04/4304.bmp,LocalData/93217544/0000/5c/5c9b42c9
299,Sonic Maid,4305,Sonic Maid,high,curated,local_assets/card_art/cards/299/illustration.png,local_assets/card_art/candidates/tcg/04/4305.png,921ad9bb086d8a2c9f33926a999520fcb233ebdfa14908c829a5eba97e86a6d2,assets/resources/card/images/illust/tcg/04/4305.bmp,LocalData/93217544/0000/2b/2b9c725f
300,Kurama,4306,Kurama,high,curated,local_assets/card_art/cards/300/illustration.png,local_assets/card_art/candidates/common/04/4306.png,e0e4fa48e2dc2d8f312cc38375d24c677499e3597b8cc8e123cd73f1ae6cef47,assets/resources/card/images/illust/common/04/4306.bmp,LocalData/93217544/0000/b2/b29523e5
301,Legendary Sword,4307,Legendary Sword,high,curated,local_assets/card_art/cards/301/illustration.png,local_assets/card_art/candidates/common/04/4307.png,c39545b8b611542808f1f698fc298ea3d551ad6f7229a3afc10c7b4328157718,assets/resources/card/images/illust/common/04/4307.bmp,LocalData/93217544/0000/c5/c5921373
302,Sword of Dark Destruction,4308,Sword of Dark Destruction,high,curated,local_assets/card_art/cards/302/illustration.png,local_assets/card_art/candidates/tcg/04/4308.png,98bf97f122cf154d330a6ba9436a5dee5fd14f7266af600b7a4d1679739b980a,assets/resources/card/images/illust/tcg/04/4308.bmp,LocalData/93217544/0000/55/552d0ee2
303,Dark Energy,4309,Dark Energy,high,curated,local_assets/card_art/cards/303/illustration.png,local_assets/card_art/candidates/common/04/4309.png,2c145f766eb6798c31f67905dedcb3d483c83793103366103fd1948cf30dbc68,assets/resources/card/images/illust/common/04/4309.bmp,LocalData/93217544/0000/22/222a3e74
304,Axe of Despair,4310,Axe of Despair,high,curated,local_assets/card_art/cards/304/illustration.png,local_assets/card_art/candidates/tcg/04/4310.png,e7652771faf037fd32113f736fd98b84ce72a10eb876f86ae8f67d8f0b471d99,assets/resources/card/images/illust/tcg/04/4310.bmp,LocalData/93217544/0000/42/42edb791
305,Laser Cannon Armor,4311,Laser Cannon Armor,high,curated,local_assets/card_art/cards/305/illustration.png,local_assets/card_art/candidates/common/04/4311.png,5756c8df16eaf96588bd14e9f33535211859c5b4881e694e619cc92ff3bc918e,assets/resources/card/images/illust/common/04/4311.bmp,LocalData/93217544/0000/35/35ea8707
306,Insect Armor with Laser Cannon,4312,Insect Armor with Laser Cannon,high,curated,local_assets/card_art/cards/306/illustration.png,local_assets/card_art/candidates/common/04/4312.png,f61e66dfd38555bd81b41bca7413136073b5dd2a46bc4cc0583182f7c556a5ab,assets/resources/card/images/illust/common/04/4312.bmp,LocalData/93217544/0000/ac/ace3d6bd
307,Elf's Light,4313,Elf's Light,high,curated,local_assets/card_art/cards/307/illustration.png,local_assets/card_art/candidates/tcg/04/4313.png,c5d990a027800a9e1fc33015161177d9a72f23a1cac0a6111f2098cade42a5c6,assets/resources/card/images/illust/tcg/04/4313.bmp,LocalData/93217544/0000/db/dbe4e62b
308,Beast Fangs,4314,Beast Fangs,high,curated,local_assets/card_art/cards/308/illustration.png,local_assets/card_art/candidates/common/04/4314.png,3cb09af849c3dc00175bd802416d8fbd13e8bf06f70842a07b14bc834964861c,assets/resources/card/images/illust/common/04/4314.bmp,LocalData/93217544/0000/45/45807388
309,Steel Shell,4315,Steel Shell,high,curated,local_assets/card_art/cards/309/illustration.png,local_assets/card_art/candidates/common/04/4315.png,33e7603112c2fe22c72dc8a97ce26dbbf0a65eb6c44fbfce4d250a33fd07034a,assets/resources/card/images/illust/common/04/4315.bmp,LocalData/93217544/0000/32/3287431e
310,Vile Germs,4316,Vile Germs,high,curated,local_assets/card_art/cards/310/illustration.png,local_assets/card_art/candidates/common/04/4316.png,66adcb553a4f59b94622bde92d267f6bd6321349fb9e561ed2489eb27f1e4edb,assets/resources/card/images/illust/common/04/4316.bmp,LocalData/93217544/0000/ab/ab8e12a4
311,Black Pendant,4317,Black Pendant,high,curated,local_assets/card_art/cards/311/illustration.png,local_assets/card_art/candidates/common/04/4317.png,f1b2ea72c4ec895252f8d3e27ad028cd4cf526dd493270517c148fa928cce95a,assets/resources/card/images/illust/common/04/4317.bmp,LocalData/93217544/0000/dc/dc892232
312,Silver Bow and Arrow,4318,Silver Bow and Arrow,high,curated,local_assets/card_art/cards/312/illustration.png,local_assets/card_art/candidates/common/04/4318.png,c71a60420ebd2ab34aead6248286abc14308fa827b07f882c48c8c9b75b88e30,assets/resources/card/images/illust/common/04/4318.bmp,LocalData/93217544/0000/4c/4c363fa3
313,Horn of Light,4319,Horn of Light,high,curated,local_assets/card_art/cards/313/illustration.png,local_assets/card_art/candidates/common/04/4319.png,36d6e23ca7176f8616e9e018bd20d4aff8e173426bc155daa224203c5376d20e,assets/resources/card/images/illust/common/04/4319.bmp,LocalData/93217544/0000/3b/3b310f35
314,Horn of the Unicorn,4320,Horn of the Unicorn,high,curated,local_assets/card_art/cards/314/illustration.png,local_assets/card_art/candidates/common/04/4320.png,fdbae2f04b8907a6c2f08f42b0bf24156bbecccdfc7e1b72de2c50d190785b9a,assets/resources/card/images/illust/common/04/4320.bmp,LocalData/93217544/0000/69/69c0e452
315,Dragon Treasure,4321,Dragon Treasure,high,curated,local_assets/card_art/cards/315/illustration.png,local_assets/card_art/candidates/common/04/4321.png,778f9d475fb4bf45c1f2bf498a026310b3f07e8732052472eee8115dd91a268f,assets/resources/card/images/illust/common/04/4321.bmp,LocalData/93217544/0000/1e/1ec7d4c4
316,Electro-Whip,4322,Electro-Whip,high,curated,local_assets/card_art/cards/316/illustration.png,local_assets/card_art/candidates/common/04/4322.png,6d05a6da9299ce5ec9464f32d854df215c3f15fadf67a66d05f9461d38ccfc1a,assets/resources/card/images/illust/common/04/4322.bmp,LocalData/93217544/0000/87/87ce857e
317,Cyber Shield,4323,Cyber Shield,high,curated,local_assets/card_art/cards/317/illustration.png,local_assets/card_art/candidates/tcg/04/4323.png,c5925ad9aa00a6ed772eaece9ccd03b934b985834afb8fd9991f43e61994cc1d,assets/resources/card/images/illust/tcg/04/4323.bmp,LocalData/93217544/0000/f0/f0c9b5e8
318,Elegant Egotist,4324,Elegant Egotist,high,curated,local_assets/card_art/cards/318/illustration.png,local_assets/card_art/candidates/common/04/4324.png,f8d911bd4e1553136977045259c710adc142509b721741c150627138907a63ba,assets/resources/card/images/illust/common/04/4324.bmp,LocalData/93217544/0000/6e/6ead204b
319,Mystical Moon,4325,Mystical Moon,high,curated,local_assets/card_art/cards/319/illustration.png,local_assets/card_art/candidates/common/04/4325.png,590641819e581bcf04aff2d78d1d917950a2a6fe0ec0778b7705548027eba7dd,assets/resources/card/images/illust/common/04/4325.bmp,LocalData/93217544/0000/19/19aa10dd
320,Stop Defense,4326,Stop Defense,high,curated,local_assets/card_art/cards/320/illustration.png,local_assets/card_art/candidates/common/04/4326.png,74b811ba83a27c1723d95416061d0ace4d28706caef0c34cc6e919688b12ad40,assets/resources/card/images/illust/common/04/4326.bmp,LocalData/93217544/0000/80/80a34167
321,Malevolent Nuzzler,4327,Malevolent Nuzzler,high,curated,local_assets/card_art/cards/321/illustration.png,local_assets/card_art/candidates/common/04/4327.png,4654105ef1da2eaef1b1a5858a1fbd6bd20bf03e3f87cb8f19cc844362aa4513,assets/resources/card/images/illust/common/04/4327.bmp,LocalData/93217544/0000/f7/f7a471f1
322,Violet Crystal,4328,Violet Crystal,high,curated,local_assets/card_art/cards/322/illustration.png,local_assets/card_art/candidates/common/04/4328.png,6965eff6b364ae917d4d1d7506344815de2a6407cd3fd7c94072ed28caa72a0a,assets/resources/card/images/illust/common/04/4328.bmp,LocalData/93217544/0000/67/671b6c60
323,Book of Secret Arts,4329,Book of Secret Arts,high,curated,local_assets/card_art/cards/323/illustration.png,local_assets/card_art/candidates/tcg/04/4329.png,ed32ca209e17eae6ef3eb1405edae682b20d85affd2f29f478c7583dbcad8e82,assets/resources/card/images/illust/tcg/04/4329.bmp,LocalData/93217544/0000/10/101c5cf6
324,Invigoration,4330,Invigoration,high,curated,local_assets/card_art/cards/324/illustration.png,local_assets/card_art/candidates/common/04/4330.png,d0bf601ef22540da4d95ed93295f6fa13437c57ce9b539ddeef5760381878738,assets/resources/card/images/illust/common/04/4330.bmp,LocalData/93217544/0000/70/70dbd513
325,Machine Conversion Factory,4331,Machine Conversion Factory,high,curated,local_assets/card_art/cards/325/illustration.png,local_assets/card_art/candidates/common/04/4331.png,541eee0be1eb41bd3aec281288c532765c9c5bcb5de20f77522c0a0d1cccc239,assets/resources/card/images/illust/common/04/4331.bmp,LocalData/93217544/0000/07/07dce585
326,Raise Body Heat,4332,Raise Body Heat,high,curated,local_assets/card_art/cards/326/illustration.png,local_assets/card_art/candidates/common/04/4332.png,5c9b168033821ffd466591e6d4c8c2bfaf53a8572c8b19c1705f19cedcca0ea3,assets/resources/card/images/illust/common/04/4332.bmp,LocalData/93217544/0000/9e/9ed5b43f
327,Follow Wind,4333,Follow Wind,high,curated,local_assets/card_art/cards/327/illustration.png,local_assets/card_art/candidates/common/04/4333.png,6f23a02e20087260823c1e0581b402c60e216a768cf11f82c4247999a7410fa9,assets/resources/card/images/illust/common/04/4333.bmp,LocalData/93217544/0000/e9/e9d284a9
328,Power of Kaishin,4334,Power of Kaishin,high,curated,local_assets/card_art/cards/328/illustration.png,local_assets/card_art/candidates/common/04/4334.png,d7769b17347ac9d2dec0be18a78363e0ddc87112cc4517d3ae201c4a0ff8f5c6,assets/resources/card/images/illust/common/04/4334.bmp,LocalData/93217544/0000/77/77b6110a
329,Dragon Capture Jar,4335,Dragon Capture Jar,high,curated,local_assets/card_art/cards/329/illustration.png,local_assets/card_art/candidates/common/04/4335.png,4ddb413cff740335769bc5be119aae176d28464de632cd43cb34bdbfa9f6e6f8,assets/resources/card/images/illust/common/04/4335.bmp,LocalData/93217544/0000/00/00b1219c
330,Forest,4336,Forest,high,curated,local_assets/card_art/cards/330/illustration.png,local_assets/card_art/candidates/common/04/4336.png,0fb6b35ead37cea134d4e7ecdecae69aa478f055d4ac5e9b4ee0af573a4caeff,assets/resources/card/images/illust/common/04/4336.bmp,LocalData/93217544/0000/99/99b87026
331,Wasteland,4337,Wasteland,high,curated,local_assets/card_art/cards/331/illustration.png,local_assets/card_art/candidates/common/04/4337.png,b72ff8f8af602dd0f7ac5136a5befe9ffddc2a1994d9832134c379b6d716f162,assets/resources/card/images/illust/common/04/4337.bmp,LocalData/93217544/0000/ee/eebf40b0
332,Mountain,4338,Mountain,high,curated,local_assets/card_art/cards/332/illustration.png,local_assets/card_art/candidates/common/04/4338.png,f5798ddbec04708370037f1db3cf5fffc2792ed0f974db6504f91f5b165ad0b2,assets/resources/card/images/illust/common/04/4338.bmp,LocalData/93217544/0000/7e/7e005d21
333,Sogen,4339,Sogen,high,curated,local_assets/card_art/cards/333/illustration.png,local_assets/card_art/candidates/common/04/4339.png,f50bae2bb89a2ffe3f7a0c0749e87bbae808253655ee93e22fd4edc59033aa39,assets/resources/card/images/illust/common/04/4339.bmp,LocalData/93217544/0000/09/09076db7
334,Umi,4340,Umi,high,curated,local_assets/card_art/cards/334/illustration.png,local_assets/card_art/candidates/common/04/4340.png,6276fa00457d0c2c8b16dee6439267f50ff4a9472ede68c96236e6bd79d68a78,assets/resources/card/images/illust/common/04/4340.bmp,LocalData/93217544/0000/3f/3f9a43d4
335,Yami,4341,Yami,high,curated,local_assets/card_art/cards/335/illustration.png,local_assets/card_art/candidates/common/04/4341.png,7bbe0a88ccbbefea23f4eb5e2f4b9e8ef72b46d17f7f7b5d7e87f9fe6a836201,assets/resources/card/images/illust/common/04/4341.bmp,LocalData/93217544/0000/48/489d7342
336,Dark Hole,4342,Dark Hole,high,curated,local_assets/card_art/cards/336/illustration.png,local_assets/card_art/candidates/common/04/4342.png,a110e56ae65b2d7a74a9022b17c0bc97f72e5035218803652fbe68d43242bf47,assets/resources/card/images/illust/common/04/4342.bmp,LocalData/93217544/0000/d1/d19422f8
337,Raigeki,4343,Raigeki,high,curated,local_assets/card_art/cards/337/illustration.png,local_assets/card_art/candidates/common/04/4343.png,90e42e794da200f183f51a75c030fad553d29d7ab82a3330130210c23d14b6ab,assets/resources/card/images/illust/common/04/4343.bmp,LocalData/93217544/0000/a6/a693126e
338,Mooyan Curry,4344,Mooyan Curry,high,exact_name_art_not_found,,,,,
339,Red Medicine,4345,Red Medicine,high,curated,local_assets/card_art/cards/339/illustration.png,local_assets/card_art/candidates/common/04/4345.png,bfbd9db07bceab6bc39272cef9f808a6a1e9079fc99dd765a1bc7832fa446586,assets/resources/card/images/illust/common/04/4345.bmp,LocalData/93217544/0000/4f/4ff0b75b
340,Goblin's Secret Remedy,4346,Goblin's Secret Remedy,high,curated,local_assets/card_art/cards/340/illustration.png,local_assets/card_art/candidates/common/04/4346.png,dfd4959ff3e5c8e3ca4cad5dafe6cc2536844b1b9729ce6e760588c9fd8d96c3,assets/resources/card/images/illust/common/04/4346.bmp,LocalData/93217544/0000/d6/d6f9e6e1
341,Soul of the Pure,4347,Soul of the Pure,high,curated,local_assets/card_art/cards/341/illustration.png,local_assets/card_art/candidates/tcg/04/4347.png,b65bcd6dd0f5388658b75512b65dde370c510b934885386ace198ea59cbf50c0,assets/resources/card/images/illust/tcg/04/4347.bmp,LocalData/93217544/0000/a1/a1fed677
342,Dian Keto the Cure Master,4348,Dian Keto the Cure Master,high,curated,local_assets/card_art/cards/342/illustration.png,local_assets/card_art/candidates/tcg/04/4348.png,7a411b60f560412c9f9bf497cffee4443659e0fa9e4b8c94e6f0ded8e04fcfff,assets/resources/card/images/illust/tcg/04/4348.bmp,LocalData/93217544/0000/31/3141cbe6
343,Sparks,4349,Sparks,high,curated,local_assets/card_art/cards/343/illustration.png,local_assets/card_art/candidates/common/04/4349.png,865e745d807d9695f7f634f91a4e03201436588cd194b330ff12fc76a6a7acc8,assets/resources/card/images/illust/common/04/4349.bmp,LocalData/93217544/0000/46/4646fb70
344,Hinotama,4350,Hinotama,high,curated,local_assets/card_art/cards/344/illustration.png,local_assets/card_art/candidates/common/04/4350.png,aa4aff03a35f7c2f86f3998b39522427b0a6c1f3d654d36bdbbb6dda8d831343,assets/resources/card/images/illust/common/04/4350.bmp,LocalData/93217544/0000/26/26817295
345,Final Flame,4351,Final Flame,high,curated,local_assets/card_art/cards/345/illustration.png,local_assets/card_art/candidates/tcg/04/4351.png,3e65108a65e313b67c4627337b406ff7d6f893defb642dae7a60488b69691f3c,assets/resources/card/images/illust/tcg/04/4351.bmp,LocalData/93217544/0000/51/51864203
346,Ookazi,4352,Ookazi,high,curated,local_assets/card_art/cards/346/illustration.png,local_assets/card_art/candidates/common/04/4352.png,63d1eebac8c1d949eb3aeb9962438dda0cea32988740e3e144a07ce7f6f2cee0,assets/resources/card/images/illust/common/04/4352.bmp,LocalData/93217544/0000/c8/c88f13b9
347,Tremendous Fire,4353,Tremendous Fire,high,curated,local_assets/card_art/cards/347/illustration.png,local_assets/card_art/candidates/tcg/04/4353.png,557daa0638800f198d6d173d5c962e636a57d055af782829900a511ae04dc3fd,assets/resources/card/images/illust/tcg/04/4353.bmp,LocalData/93217544/0000/bf/bf88232f
348,Swords of Revealing Light,4354,Swords of Revealing Light,high,curated,local_assets/card_art/cards/348/illustration.png,local_assets/card_art/candidates/common/04/4354.png,5a8556c7ad955f3408222d89093ff56197dc7b8effaf9c4cefecedfe29dbb207,assets/resources/card/images/illust/common/04/4354.bmp,LocalData/93217544/0000/21/21ecb68c
349,Spellbinding Circle,4355,Spellbinding Circle,high,exact_name_art_not_found,,,,,
350,Dark-Piercing Light,4356,Dark-Piercing Light,high,curated,local_assets/card_art/cards/350/illustration.png,local_assets/card_art/candidates/common/04/4356.png,e965602476e00899080c09d40bc3a0583b3448beff4f7418229d3a706f55b6e8,assets/resources/card/images/illust/common/04/4356.bmp,LocalData/93217544/0000/cf/cfe2d7a0
351,Yaranzo,4357,Yaranzo,high,curated,local_assets/card_art/cards/351/illustration.png,local_assets/card_art/candidates/common/04/4357.png,62ac2f13aaaa31f6795379d3a9df9208d7752b2fe3e7beffe99d1c20e6a00a54,assets/resources/card/images/illust/common/04/4357.bmp,LocalData/93217544/0000/b8/b8e5e736
352,Kanan the Swordmistress,4358,Kanan the Swordmistress,high,curated,local_assets/card_art/cards/352/illustration.png,local_assets/card_art/candidates/tcg/04/4358.png,13e8da82d02d449ec2dcd2ee49f89226c26364e48240957c6c02f1421f009981,assets/resources/card/images/illust/tcg/04/4358.bmp,LocalData/93217544/0000/28/285afaa7
353,Takriminos,4359,Takriminos,high,curated,local_assets/card_art/cards/353/illustration.png,local_assets/card_art/candidates/common/04/4359.png,1c37493c5b9c6dc62c016cc8b8a82da481447382ee84c45ba142fe748c743e7b,assets/resources/card/images/illust/common/04/4359.bmp,LocalData/93217544/0000/5f/5f5dca31
354,Stuffed Animal,4360,Stuffed Animal,high,curated,local_assets/card_art/cards/354/illustration.png,local_assets/card_art/candidates/common/04/4360.png,8abaacf3a3ae00bb2e596b0c31058bd2634fdb73f2728bba7c21470d5d8f2db2,assets/resources/card/images/illust/common/04/4360.bmp,LocalData/93217544/0000/0d/0dac2156
355,Megasonic Eye,4361,Megasonic Eye,high,curated,local_assets/card_art/cards/355/illustration.png,local_assets/card_art/candidates/common/04/4361.png,38f85fc70536494cc651adf0e9963a3cbe37e625d24685fb4a64e7167c6a00b0,assets/resources/card/images/illust/common/04/4361.bmp,LocalData/93217544/0000/7a/7aab11c0
356,Super War-Lion,4362,Super War-Lion,high,curated,local_assets/card_art/cards/356/illustration.png,local_assets/card_art/candidates/common/04/4362.png,0fc9c8274fbc9d6aa874592190eb1f33c198cd28e7f4e35ce747fe63f00aeccf,assets/resources/card/images/illust/common/04/4362.bmp,LocalData/93217544/0000/e3/e3a2407a
357,Yamadron,4363,Yamadron,high,curated,local_assets/card_art/cards/357/illustration.png,local_assets/card_art/candidates/common/04/4363.png,cee2263c541d1b7439b0aa8b6c51a7412a5e575359f5f50a3bd4e58f7080ab27,assets/resources/card/images/illust/common/04/4363.bmp,LocalData/93217544/0000/94/94a570ec
358,Seiyaryu,4364,Seiyaryu,high,curated,local_assets/card_art/cards/358/illustration.png,local_assets/card_art/candidates/common/04/4364.png,0fbcff44550f305c66ad5e4eef97118bb00049eea0184838f6ef89b35eb28b84,assets/resources/card/images/illust/common/04/4364.bmp,LocalData/93217544/0000/0a/0ac1e54f
359,Three-Legged Zombies,4365,Three-Legged Zombies,high,curated,local_assets/card_art/cards/359/illustration.png,local_assets/card_art/candidates/common/04/4365.png,bb6bdbd8f000968d81eadc379cfff6a234b2ba841740f72cf634a022ffb149e4,assets/resources/card/images/illust/common/04/4365.bmp,LocalData/93217544/0000/7d/7dc6d5d9
360,Zera The Mant,4366,Zera the Mant,high,curated,local_assets/card_art/cards/360/illustration.png,local_assets/card_art/candidates/common/04/4366.png,8e7f3b403ad7c4d69d4cb62a05237c3320cb27a4ce2ab7127893203a1358c9f0,assets/resources/card/images/illust/common/04/4366.bmp,LocalData/93217544/0000/e4/e4cf8463
361,Flying Penguin,4367,Flying Penguin,high,curated,local_assets/card_art/cards/361/illustration.png,local_assets/card_art/candidates/common/04/4367.png,c85797d99740d785105c3d7e5586a1552f011da11bfa77e1df756c846d537608,assets/resources/card/images/illust/common/04/4367.bmp,LocalData/93217544/0000/93/93c8b4f5
362,Millennium Shield,4368,Millennium Shield,high,curated,local_assets/card_art/cards/362/illustration.png,local_assets/card_art/candidates/common/04/4368.png,13d0e2ae0019a7df805472ed909a33f7164354eeb75e08a8e1c5795fd96c9040,assets/resources/card/images/illust/common/04/4368.bmp,LocalData/93217544/0000/03/0377a964
363,Fairy's Gift,4369,Fairy's Gift,high,curated,local_assets/card_art/cards/363/illustration.png,local_assets/card_art/candidates/tcg/04/4369.png,e51e7586f25841aee9613de5b9ea9d307e26aba6711a6ec28254b1b4d5295628,assets/resources/card/images/illust/tcg/04/4369.bmp,LocalData/93217544/0000/74/747099f2
364,Black Luster Soldier,4370,Black Luster Soldier,medium,multiple_card_or_art_candidates,,,,assets/resources/card/images/illust/common/04/4370.bmp,LocalData/93217544/0000/14/14b71017
365,Fiend's Mirror,4371,Fiend's Mirror,high,curated,local_assets/card_art/cards/365/illustration.png,local_assets/card_art/candidates/common/04/4371.png,043bec7f5229616cddb2cb48e8da7da404698e468cc0b74cc3aecb1d05fa1b7e,assets/resources/card/images/illust/common/04/4371.bmp,LocalData/93217544/0000/63/63b02081
366,Labyrinth Wall,4372,Labyrinth Wall,high,curated,local_assets/card_art/cards/366/illustration.png,local_assets/card_art/candidates/common/04/4372.png,d577af7caf983243836d6c9104599b359df5d8a07be1df1d618e7c68e3149106,assets/resources/card/images/illust/common/04/4372.bmp,LocalData/93217544/0000/fa/fab9713b
367,Jirai Gumo,4373,Jirai Gumo,high,curated,local_assets/card_art/cards/367/illustration.png,local_assets/card_art/candidates/common/04/4373.png,ccf2a6d3a00ece530000804dba2f77e3e8e182143c50d11ca66fe3f6f059aa36,assets/resources/card/images/illust/common/04/4373.bmp,LocalData/93217544/0000/8d/8dbe41ad
368,Shadow Ghoul,4374,Shadow Ghoul,high,curated,local_assets/card_art/cards/368/illustration.png,local_assets/card_art/candidates/common/04/4374.png,3864f54fc55d633a7d5caac9562a652b08aea5eb63905e22c7cd9c0c217a6ce5,assets/resources/card/images/illust/common/04/4374.bmp,LocalData/93217544/0000/13/13dad40e
369,Wall Shadow,4375,Wall Shadow,high,curated,local_assets/card_art/cards/369/illustration.png,local_assets/card_art/candidates/common/04/4375.png,44828b7330f3eaf260bc0649f6d9f9eda0eaab46e3dffe0157dc96acae930895,assets/resources/card/images/illust/common/04/4375.bmp,LocalData/93217544/0000/64/64dde498
370,Labyrinth Tank,4376,Labyrinth Tank,high,curated,local_assets/card_art/cards/370/illustration.png,local_assets/card_art/candidates/common/04/4376.png,1e9e892be28be3c8ef246cc0406dbf8aadb86cbeb4dde9e84bd5137c98df177b,assets/resources/card/images/illust/common/04/4376.bmp,LocalData/93217544/0000/fd/fdd4b522
371,Sanga of the Thunder,4377,Sanga of the Thunder,high,curated,local_assets/card_art/cards/371/illustration.png,local_assets/card_art/candidates/common/04/4377.png,20526b0ec4818f53dbd31ebd034afe8960a28e6d71196a359dbd051c168823a4,assets/resources/card/images/illust/common/04/4377.bmp,LocalData/93217544/0000/8a/8ad385b4
372,Kazejin,4378,Kazejin,high,curated,local_assets/card_art/cards/372/illustration.png,local_assets/card_art/candidates/common/04/4378.png,825d848e060bff31ec9c36a78dd58efc883a7189760efd34b85b56d2cdbeb216,assets/resources/card/images/illust/common/04/4378.bmp,LocalData/93217544/0000/1a/1a6c9825
373,Suijin,4379,Suijin,high,curated,local_assets/card_art/cards/373/illustration.png,local_assets/card_art/candidates/common/04/4379.png,1b67e4481fe959a3329a7884f947304e241f993a4da89655daf476f5026800d3,assets/resources/card/images/illust/common/04/4379.bmp,LocalData/93217544/0000/6d/6d6ba8b3
374,Gate Guardian,4380,Gate Guardian,high,curated,local_assets/card_art/cards/374/illustration.png,local_assets/card_art/candidates/common/04/4380.png,ae1771a5a747a5fb8d88d1fdcd082b9a1bcfd0528468ecb88967301bc2869db7,assets/resources/card/images/illust/common/04/4380.bmp,LocalData/93217544/0000/93/932f0cd8
375,Dungeon Worm,4381,Dungeon Worm,high,curated,local_assets/card_art/cards/375/illustration.png,local_assets/card_art/candidates/common/04/4381.png,e59594c8b7db097f20ba5bc3682bd92b1e684cde0afa8bd04312c08a93c306a8,assets/resources/card/images/illust/common/04/4381.bmp,LocalData/93217544/0000/e4/e4283c4e
376,Monster Tamer,4382,Monster Tamer,high,curated,local_assets/card_art/cards/376/illustration.png,local_assets/card_art/candidates/common/04/4382.png,614fb0972578adfdf9044d351dd959af911969302061f920b51be839060020b7,assets/resources/card/images/illust/common/04/4382.bmp,LocalData/93217544/0000/7d/7d216df4
377,Ryu-Kishin Powered,4383,Ryu-Kishin Powered,high,curated,local_assets/card_art/cards/377/illustration.png,local_assets/card_art/candidates/common/04/4383.png,9e0d32494aa97d220717aa04c28599b0015e0f574778be7c3eaca07f4e4bf505,assets/resources/card/images/illust/common/04/4383.bmp,LocalData/93217544/0000/0a/0a265d62
378,Swordstalker,4384,Swordstalker,high,curated,local_assets/card_art/cards/378/illustration.png,local_assets/card_art/candidates/common/04/4384.png,13dea255e6327d2dcb0a1ad3ede20962e5ca80d5eef10cebf97565cea106841a,assets/resources/card/images/illust/common/04/4384.bmp,LocalData/93217544/0000/94/9442c8c1
379,La Jinn the Mystical Genie of the Lamp,4385,La Jinn the Mystical Genie of the Lamp,high,curated,local_assets/card_art/cards/379/illustration.png,local_assets/card_art/candidates/common/04/4385.png,a35ff4b8c080cc494579483237f3e70f5ec6c71d7837c9a4cce8d1fe9aa24dbc,assets/resources/card/images/illust/common/04/4385.bmp,LocalData/93217544/0000/e3/e345f857
380,Blue-Eyes Ultimate Dragon,4386,Blue-Eyes Ultimate Dragon,medium,multiple_card_or_art_candidates,,,,assets/resources/card/images/illust/common/04/4386.bmp,LocalData/93217544/0000/7a/7a4ca9ed
381,Toon Alligator,4387,Toon Alligator,high,curated,local_assets/card_art/cards/381/illustration.png,local_assets/card_art/candidates/common/04/4387.png,55b3e876ac3a6e964dd25315a503bb32c9d98dad16c50d354fd69bb02a79661c,assets/resources/card/images/illust/common/04/4387.bmp,LocalData/93217544/0000/0d/0d4b997b
382,Rude Kaiser,4388,Rude Kaiser,high,curated,local_assets/card_art/cards/382/illustration.png,local_assets/card_art/candidates/common/04/4388.png,23bd59bf6d72e0fa1fe2e26c7c7380c0870cc70401d3171d5f606239d8468bb5,assets/resources/card/images/illust/common/04/4388.bmp,LocalData/93217544/0000/9d/9df484ea
383,Parrot Dragon,4389,Parrot Dragon,high,curated,local_assets/card_art/cards/383/illustration.png,local_assets/card_art/candidates/common/04/4389.png,3c6d19e35f2b85e7674af758e9bdaa74bd040a1f29c3ae643fc8a97a0419c556,assets/resources/card/images/illust/common/04/4389.bmp,LocalData/93217544/0000/ea/eaf3b47c
384,Dark Rabbit,4390,Dark Rabbit,high,curated,local_assets/card_art/cards/384/illustration.png,local_assets/card_art/candidates/common/04/4390.png,d5d5992607baf3188ece2d03839ec677e3cb2a2f63d1c5ad0e559deccff54244,assets/resources/card/images/illust/common/04/4390.bmp,LocalData/93217544/0000/8a/8a343d99
385,Bickuribox,4391,Bickuribox,high,curated,local_assets/card_art/cards/385/illustration.png,local_assets/card_art/candidates/common/04/4391.png,7837a1e0b22db5f62ce22bbdfa48de0fbac295667a174dd3277500b11f73b874,assets/resources/card/images/illust/common/04/4391.bmp,LocalData/93217544/0000/fd/fd330d0f
386,Harpie's Pet Dragon,4392,Harpie's Pet Dragon,high,curated,local_assets/card_art/cards/386/illustration.png,local_assets/card_art/candidates/common/04/4392.png,a5c9632e09580edbe17532e58e1e20653f17d1ed89633113775af110ced94fbd,assets/resources/card/images/illust/common/04/4392.bmp,LocalData/93217544/0000/64/643a5cb5
387,Mystic Lamp,4393,Mystic Lamp,high,curated,local_assets/card_art/cards/387/illustration.png,local_assets/card_art/candidates/common/04/4393.png,4ea28837f257d83b8fb7562709ceb1c5784b5db251951628df63187ab309fef6,assets/resources/card/images/illust/common/04/4393.bmp,LocalData/93217544/0000/13/133d6c23
388,Pendulum Machine,4394,Pendulum Machine,high,curated,local_assets/card_art/cards/388/illustration.png,local_assets/card_art/candidates/common/04/4394.png,66b23c6029bf63de93631824170441e67272fae8da0aa620584a236e465186c8,assets/resources/card/images/illust/common/04/4394.bmp,LocalData/93217544/0000/8d/8d59f980
389,Giltia the D. Knight,4395,Giltia the D. Knight,high,curated,local_assets/card_art/cards/389/illustration.png,local_assets/card_art/candidates/common/04/4395.png,13d5e386d58dca45eae377eab6db856d05cd04abb90ecb4979569dae68e41258,assets/resources/card/images/illust/common/04/4395.bmp,LocalData/93217544/0000/fa/fa5ec916
390,Launcher Spider,4396,Launcher Spider,high,curated,local_assets/card_art/cards/390/illustration.png,local_assets/card_art/candidates/common/04/4396.png,2e528f2e9b4c84b6dcdb1f6d0dd0cf0c05dcc11f05202729c664f07cb62935ec,assets/resources/card/images/illust/common/04/4396.bmp,LocalData/93217544/0000/63/635798ac
391,Zoa,4397,Zoa,high,curated,local_assets/card_art/cards/391/illustration.png,local_assets/card_art/candidates/common/04/4397.png,97f49d0aad01357335091a0246f2f3ecf2740b0883fcda328cb0b48f4b990d37,assets/resources/card/images/illust/common/04/4397.bmp,LocalData/93217544/0000/14/1450a83a
392,Metalzoa,4398,Metalzoa,high,curated,local_assets/card_art/cards/392/illustration.png,local_assets/card_art/candidates/common/04/4398.png,32d4932f4bd7700b8b34228457ef2ec6440c3595f6941438c0a1b2d8ab267f0e,assets/resources/card/images/illust/common/04/4398.bmp,LocalData/93217544/0000/84/84efb5ab
393,Zone Eater,4399,Zone Eater,high,curated,local_assets/card_art/cards/393/illustration.png,local_assets/card_art/candidates/common/04/4399.png,84c2017b7bee82ad3ed92b691232aa901bcc1dbf2b1c125ef9bd1b7c15aa49f3,assets/resources/card/images/illust/common/04/4399.bmp,LocalData/93217544/0000/f3/f3e8853d
394,Steel Scorpion,4400,Steel Scorpion,high,curated,local_assets/card_art/cards/394/illustration.png,local_assets/card_art/candidates/common/04/4400.png,359c2947dcae787d4a0edc4ad0ac7f5de45051cd9549fd5786fcfe4948f68473,assets/resources/card/images/illust/common/04/4400.bmp,LocalData/93217544/0000/5e/5eb99055
395,Dancing Elf,4401,Dancing Elf,high,curated,local_assets/card_art/cards/395/illustration.png,local_assets/card_art/candidates/common/04/4401.png,ed49d26706347da14d4d613d2cc2d3c1c5380fc8e8477e555b2eb73bd58bd6da,assets/resources/card/images/illust/common/04/4401.bmp,LocalData/93217544/0000/29/29bea0c3
396,Ocubeam,4402,Ocubeam,high,curated,local_assets/card_art/cards/396/illustration.png,local_assets/card_art/candidates/common/04/4402.png,24833694a3c57a341f507bc512cc77ae9b2498feb1e4e7dd67c8e51e33bb8b67,assets/resources/card/images/illust/common/04/4402.bmp,LocalData/93217544/0000/b0/b0b7f179
397,Leghul,4403,Leghul,high,curated,local_assets/card_art/cards/397/illustration.png,local_assets/card_art/candidates/common/04/4403.png,f2b32482d495d0a4782c3c947500b300bc22b55506b53550d7135cb54a520b63,assets/resources/card/images/illust/common/04/4403.bmp,LocalData/93217544/0000/c7/c7b0c1ef
398,Ooguchi,4404,Ooguchi,high,curated,local_assets/card_art/cards/398/illustration.png,local_assets/card_art/candidates/common/04/4404.png,b3703f947b4467fe12b11bb8cfd52fbf708505bd572dab3165a11139fed6bf55,assets/resources/card/images/illust/common/04/4404.bmp,LocalData/93217544/0000/59/59d4544c
399,Swordsman from a Foreign Land,,,unmatched,unmatched_name,,,,,
400,Emperor of the Land and Sea,4406,Emperor of the Land and Sea,high,curated,local_assets/card_art/cards/400/illustration.png,local_assets/card_art/candidates/common/04/4406.png,06e43d879f0a5a73824cb43801924ed055632485edd8b6ae844ee889f564b633,assets/resources/card/images/illust/common/04/4406.bmp,LocalData/93217544/0000/b7/b7da3560
401,Ushi Oni,4407,Ushi Oni,high,curated,local_assets/card_art/cards/401/illustration.png,local_assets/card_art/candidates/common/04/4407.png,c15c98a3a625f79fac75c73d0f2eaf7f02b17541a07e73575758be5bdf1559fc,assets/resources/card/images/illust/common/04/4407.bmp,LocalData/93217544/0000/c0/c0dd05f6
402,Monster Eye,4408,Monster Eye,high,curated,local_assets/card_art/cards/402/illustration.png,local_assets/card_art/candidates/common/04/4408.png,39f467bed6468b8c72c6730936cb7bf636a45dd5077b052e9f71ee8e6a77b63a,assets/resources/card/images/illust/common/04/4408.bmp,LocalData/93217544/0000/50/50621867
403,Leogun,4409,Leogun,high,curated,local_assets/card_art/cards/403/illustration.png,local_assets/card_art/candidates/common/04/4409.png,6864c6898f24cbc4520aab3547dd5ab77f20e9e5b07cc3398d02dab579aac214,assets/resources/card/images/illust/common/04/4409.bmp,LocalData/93217544/0000/27/276528f1
404,Tatsunootoshigo,4410,Tatsunootoshigo,high,curated,local_assets/card_art/cards/404/illustration.png,local_assets/card_art/candidates/common/04/4410.png,52b3aaba682074e88c7ae8dde0cf428e579d92f4c29cecfd4e0ffba1bb69d107,assets/resources/card/images/illust/common/04/4410.bmp,LocalData/93217544/0000/47/47a2a114
405,Saber Slasher,,,unmatched,unmatched_name,,,,,
406,Yaiba Robo,4412,Yaiba Robo,high,curated,local_assets/card_art/cards/406/illustration.png,local_assets/card_art/candidates/tcg/04/4412.png,d08e423fdf0e236797219c6f0283deffa2d3f1c1a41e088278dc0a726bc307ea,assets/resources/card/images/illust/tcg/04/4412.bmp,LocalData/93217544/0000/a9/a9acc038
407,Machine King,4413,Machine King,high,curated,local_assets/card_art/cards/407/illustration.png,local_assets/card_art/candidates/common/04/4413.png,6ca511461f4be7cf18372e8df3b9dcb122954ca0d5aa3b676fbc4ce333a324cc,assets/resources/card/images/illust/common/04/4413.bmp,LocalData/93217544/0000/de/deabf0ae
408,Giant Mech-Soldier,4414,Giant Mech-Soldier,high,curated,local_assets/card_art/cards/408/illustration.png,local_assets/card_art/candidates/common/04/4414.png,5d35c80d47508d9a52f4aaef85e421cc0273a2da1e8d17c720f8e99281416574,assets/resources/card/images/illust/common/04/4414.bmp,LocalData/93217544/0000/40/40cf650d
409,Metal Dragon,4415,Metal Dragon,high,curated,local_assets/card_art/cards/409/illustration.png,local_assets/card_art/candidates/common/04/4415.png,5cc2dcb407ec0f7f399a50cdae6d95b600fbcb9f9230db7b0b65e886144cfa16,assets/resources/card/images/illust/common/04/4415.bmp,LocalData/93217544/0000/37/37c8559b
410,Mechanical Spider,,,unmatched,unmatched_name,,,,,
411,Bat,4417,Bat,high,curated,local_assets/card_art/cards/411/illustration.png,local_assets/card_art/candidates/common/04/4417.png,c3d2c3539adc1110ea131a75e4bae549085f913de72984360d0903c52def8a8e,assets/resources/card/images/illust/common/04/4417.bmp,LocalData/93217544/0000/d9/d9c634b7
412,Giga-Tech Wolf,4418,Giga-Tech Wolf,high,curated,local_assets/card_art/cards/412/illustration.png,local_assets/card_art/candidates/common/04/4418.png,d5b6c6de0ac09e9dd41a073e6915911e7117911584cf16ea18ad609696cba021,assets/resources/card/images/illust/common/04/4418.bmp,LocalData/93217544/0000/49/49792926
413,Cyber Soldier,4419,Cyber Soldier,high,curated,local_assets/card_art/cards/413/illustration.png,local_assets/card_art/candidates/common/04/4419.png,eaa2d8e4a09071e3df9ab7dcf51057d2dcc7b716251a508f4e5cf3d678504130,assets/resources/card/images/illust/common/04/4419.bmp,LocalData/93217544/0000/3e/3e7e19b0
414,Shovel Crusher,4420,Shovel Crusher,high,curated,local_assets/card_art/cards/414/illustration.png,local_assets/card_art/candidates/common/04/4420.png,4444b4923c61fa32c43b311e0a4df9f788c7be1d2b8d18a4619b04a7b829daf9,assets/resources/card/images/illust/common/04/4420.bmp,LocalData/93217544/0000/6c/6c8ff2d7
415,Mechanicalchaser,4421,Mechanicalchaser,high,curated,local_assets/card_art/cards/415/illustration.png,local_assets/card_art/candidates/common/04/4421.png,3c0d6fa1b5ec952766eabaec033b30eb39df2e8497e5f8e85907dfc86cbdf430,assets/resources/card/images/illust/common/04/4421.bmp,LocalData/93217544/0000/1b/1b88c241
416,Blocker,4422,Blocker,high,curated,local_assets/card_art/cards/416/illustration.png,local_assets/card_art/candidates/common/04/4422.png,9291639df7beba932d3d94e0867fb5983dd923e896735ba2e4231047f061105b,assets/resources/card/images/illust/common/04/4422.bmp,LocalData/93217544/0000/82/828193fb
417,Blast Juggler,4423,Blast Juggler,high,curated,local_assets/card_art/cards/417/illustration.png,local_assets/card_art/candidates/tcg/04/4423.png,4b9d1ec4d1195e702add50d68c453ef6fdb3127417a8f2ee4041b4f56af17283,assets/resources/card/images/illust/tcg/04/4423.bmp,LocalData/93217544/0000/f5/f586a36d
418,Golgoil,4424,Golgoil,high,curated,local_assets/card_art/cards/418/illustration.png,local_assets/card_art/candidates/common/04/4424.png,769aa41f56576dc5d111f0dcd37ef9b84315b787198e3b7d642f2a22e9971f32,assets/resources/card/images/illust/common/04/4424.bmp,LocalData/93217544/0000/6b/6be236ce
419,Giganto,4425,Giganto,high,curated,local_assets/card_art/cards/419/illustration.png,local_assets/card_art/candidates/common/04/4425.png,f44aa84cae3b826d03d27a218071a282164a33c50ba01b14f4788880520cfb2a,assets/resources/card/images/illust/common/04/4425.bmp,LocalData/93217544/0000/1c/1ce50658
420,Cyber-Stein,4426,Cyber-Stein,high,curated,local_assets/card_art/cards/420/illustration.png,local_assets/card_art/candidates/common/04/4426.png,868f52ded5b9d9edc1c929fb7b40e7320301cb54bb7aedc7c93ff16616dba48c,assets/resources/card/images/illust/common/04/4426.bmp,LocalData/93217544/0000/85/85ec57e2
421,Cyber Commander,4427,Cyber Commander,high,curated,local_assets/card_art/cards/421/illustration.png,local_assets/card_art/candidates/tcg/04/4427.png,c4cd50773b61eec91c597d18c709755611aa503512606c2ee3538849ba643627,assets/resources/card/images/illust/tcg/04/4427.bmp,LocalData/93217544/0000/f2/f2eb6774
422,Jinzo #7,4428,Jinzo #7,high,curated,local_assets/card_art/cards/422/illustration.png,local_assets/card_art/candidates/common/04/4428.png,21d7385c0d4cf5b8ebc1e3d455ee6a6127ff1a94e7fa06b8fa25dfd45563fa18,assets/resources/card/images/illust/common/04/4428.bmp,LocalData/93217544/0000/62/62547ae5
423,Dice Armadillo,4429,Dice Armadillo,high,curated,local_assets/card_art/cards/423/illustration.png,local_assets/card_art/candidates/common/04/4429.png,61d809bc0c7f97d4348043908992d455a99a79bce111d03900680dae6be035f7,assets/resources/card/images/illust/common/04/4429.bmp,LocalData/93217544/0000/15/15534a73
424,Sky Dragon,4430,Sky Dragon,high,curated,local_assets/card_art/cards/424/illustration.png,local_assets/card_art/candidates/common/04/4430.png,21202b7579cc54f8421c0a7e11d65ad22cb618f00f8255b170c4f4e324556554,assets/resources/card/images/illust/common/04/4430.bmp,LocalData/93217544/0000/75/7594c396
425,Thunder Dragon,4431,Thunder Dragon,high,curated,local_assets/card_art/cards/425/illustration.png,local_assets/card_art/candidates/common/04/4431.png,f3eeb5a6abc824d03948a764e02f9e3b570d3a8f0a77c03f40f625499c1a852f,assets/resources/card/images/illust/common/04/4431.bmp,LocalData/93217544/0000/02/0293f300
426,Stone D.,,,unmatched,unmatched_name,,,,,
427,Kaiser Dragon,4433,Kaiser Dragon,high,curated,local_assets/card_art/cards/427/illustration.png,local_assets/card_art/candidates/common/04/4433.png,a871a429f954e24b4dc11b45b6e6b2a9e3d7ce6083a0e2045dda5e841da46128,assets/resources/card/images/illust/common/04/4433.bmp,LocalData/93217544/0000/ec/ec9d922c
428,Magician of Faith,4434,Magician of Faith,high,curated,local_assets/card_art/cards/428/illustration.png,local_assets/card_art/candidates/common/04/4434.png,3d3efc46eb9eac2b65bb5e75474a2e8a7ec7068b689db2ae8d973fce9543bfa6,assets/resources/card/images/illust/common/04/4434.bmp,LocalData/93217544/0000/72/72f9078f
429,Goddess of Whim,4435,Goddess of Whim,high,curated,local_assets/card_art/cards/429/illustration.png,local_assets/card_art/candidates/tcg/04/4435.png,851c6d9f38803addbb3756a2f4bbcb0070262912b8e6a3c20a3c3911ad35d858,assets/resources/card/images/illust/tcg/04/4435.bmp,LocalData/93217544/0000/05/05fe3719
430,Water Magician,4436,Water Magician,high,curated,local_assets/card_art/cards/430/illustration.png,local_assets/card_art/candidates/tcg/04/4436.png,14c6044c523d259803f27331f96e9f3e604e26bbec4a8c4eb538661e6b878139,assets/resources/card/images/illust/tcg/04/4436.bmp,LocalData/93217544/0000/9c/9cf766a3
431,Ice Water,4437,Ice Water,high,curated,local_assets/card_art/cards/431/illustration.png,local_assets/card_art/candidates/tcg/04/4437.png,85655c5f3fee87eb34fa00f2ed0493c5bec938b28a242100670c2ba8e5cd0d60,assets/resources/card/images/illust/tcg/04/4437.bmp,LocalData/93217544/0000/eb/ebf05635
432,Waterdragon Fairy,4438,Waterdragon Fairy,high,curated,local_assets/card_art/cards/432/illustration.png,local_assets/card_art/candidates/tcg/04/4438.png,633650124e6feba2954b5749dcd47392ca0eccb3988538d8db8f58d7fd4a09a2,assets/resources/card/images/illust/tcg/04/4438.bmp,LocalData/93217544/0000/7b/7b4f4ba4
433,Ancient Elf,4439,Ancient Elf,high,curated,local_assets/card_art/cards/433/illustration.png,local_assets/card_art/candidates/common/04/4439.png,5963d3bf59fb10590d20f90c24eff9dc5ee562d29f8ca37951fb0142a64457f4,assets/resources/card/images/illust/common/04/4439.bmp,LocalData/93217544/0000/0c/0c487b32
434,Beautiful Beast Trainer,4440,Beautiful Beast Trainer,high,curated,local_assets/card_art/cards/434/illustration.png,local_assets/card_art/candidates/common/04/4440.png,a7f87bb474ae80948befcd7ac6a9b70a444dd8bf8ed81e6518d5ba8f506b2c8c,assets/resources/card/images/illust/common/04/4440.bmp,LocalData/93217544/0000/3a/3ad55551
435,Water Girl,4441,Water Girl,high,curated,local_assets/card_art/cards/435/illustration.png,local_assets/card_art/candidates/tcg/04/4441.png,0250754662664cbebd13d410bfc0f29201f25af77398ea7fadcde9d79673b175,assets/resources/card/images/illust/tcg/04/4441.bmp,LocalData/93217544/0000/4d/4dd265c7
436,White Dolphin,4442,White Dolphin,high,curated,local_assets/card_art/cards/436/illustration.png,local_assets/card_art/candidates/common/04/4442.png,351d3cb5e23dbe98c34a6246318e032c1925363323bb0e0027e151b2807cdad3,assets/resources/card/images/illust/common/04/4442.bmp,LocalData/93217544/0000/d4/d4db347d
437,Deepsea Shark,4443,Deepsea Shark,high,curated,local_assets/card_art/cards/437/illustration.png,local_assets/card_art/candidates/common/04/4443.png,2c844e73ed59f4f3cc9bd902d99c16213791a521b9890152fa0b1bc325919d26,assets/resources/card/images/illust/common/04/4443.bmp,LocalData/93217544/0000/a3/a3dc04eb
438,Metal Fish,4444,Metal Fish,high,curated,local_assets/card_art/cards/438/illustration.png,local_assets/card_art/candidates/common/04/4444.png,bbbb959b86ca663b32bd31cccf4878816cf856e296a0e9cc4aa01654c36fca53,assets/resources/card/images/illust/common/04/4444.bmp,LocalData/93217544/0000/3d/3db89148
439,Bottom Dweller,4445,Bottom Dweller,high,curated,local_assets/card_art/cards/439/illustration.png,local_assets/card_art/candidates/common/04/4445.png,70ec76ee36fe1d53faeeb3bb7010c6b0657990f2221fd0d688b28ee9de8d705f,assets/resources/card/images/illust/common/04/4445.bmp,LocalData/93217544/0000/4a/4abfa1de
440,7 Colored Fish,4446,7 Colored Fish,high,curated,local_assets/card_art/cards/440/illustration.png,local_assets/card_art/candidates/common/04/4446.png,fad61c76b9d852831d0c92d93f0e8f7155c68cd7d20433b8a35cea17fbb73a68,assets/resources/card/images/illust/common/04/4446.bmp,LocalData/93217544/0000/d3/d3b6f064
441,Mech Bass,4447,Mech Bass,high,curated,local_assets/card_art/cards/441/illustration.png,local_assets/card_art/candidates/tcg/04/4447.png,cf0565cf972ea4cba7091a577e569c71abac6739f859685d500f6ade2ca55f18,assets/resources/card/images/illust/tcg/04/4447.bmp,LocalData/93217544/0000/a4/a4b1c0f2
442,Aqua Dragon,4448,Aqua Dragon,high,curated,local_assets/card_art/cards/442/illustration.png,local_assets/card_art/candidates/common/04/4448.png,37b299bcf416a858022ec74a2f79047eead09a3f59f877ad33005c348fa22dae,assets/resources/card/images/illust/common/04/4448.bmp,LocalData/93217544/0000/34/340edd63
443,Sea King Dragon,4449,Sea King Dragon,high,curated,local_assets/card_art/cards/443/illustration.png,local_assets/card_art/candidates/common/04/4449.png,0b765bd999b16ed20cd7a64b52079e946795575e9515e022a73e1d5c18b6f9df,assets/resources/card/images/illust/common/04/4449.bmp,LocalData/93217544/0000/43/4309edf5
444,Turu-Purun,4450,Turu-Purun,high,curated,local_assets/card_art/cards/444/illustration.png,local_assets/card_art/candidates/common/04/4450.png,b24617a6ec5bcc9c2e2a08d0be5429ff60f3ec055b02609077da49fd893e2a27,assets/resources/card/images/illust/common/04/4450.bmp,LocalData/93217544/0000/23/23ce6410
445,Guardian of the Sea,,,unmatched,unmatched_name,,,,,
446,Aqua Snake,4452,Aqua Snake,high,curated,local_assets/card_art/cards/446/illustration.png,local_assets/card_art/candidates/common/04/4452.png,afa4f219cab57fbcb95f551b1d1bb8bec0b20f8691d0842b837166a4d31b2d76,assets/resources/card/images/illust/common/04/4452.bmp,LocalData/93217544/0000/cd/cdc0053c
447,Giant Red Seasnake,4453,Giant Red Seasnake,high,curated,local_assets/card_art/cards/447/illustration.png,local_assets/card_art/candidates/common/04/4453.png,8bbf60e08179a1a3bbde365684709f18e4532fd0bbb96a3551b53af13c43cefd,assets/resources/card/images/illust/common/04/4453.bmp,LocalData/93217544/0000/ba/bac735aa
448,Spike Seadra,4454,Spike Seadra,high,curated,local_assets/card_art/cards/448/illustration.png,local_assets/card_art/candidates/common/04/4454.png,2fea799bde238c72f8737ab55a268dde0ed0b8162960fa9c37b7d30b897fc404,assets/resources/card/images/illust/common/04/4454.bmp,LocalData/93217544/0000/24/24a3a009
449,"30,000-Year White Turtle",4455,"30,000-Year White Turtle",high,curated,local_assets/card_art/cards/449/illustration.png,local_assets/card_art/candidates/common/04/4455.png,e3090b30448750ab547af6169bf1d925220374c0c36236a364e068b6bd303008,assets/resources/card/images/illust/common/04/4455.bmp,LocalData/93217544/0000/53/53a4909f
450,Kappa Avenger,4456,Kappa Avenger,high,curated,local_assets/card_art/cards/450/illustration.png,local_assets/card_art/candidates/common/04/4456.png,39d104da6a66f243e82c237e6c3ea740dd3e1fbe24c589b307bf546c0a135017,assets/resources/card/images/illust/common/04/4456.bmp,LocalData/93217544/0000/ca/caadc125
451,Kanikabuto,4457,Kanikabuto,high,curated,local_assets/card_art/cards/451/illustration.png,local_assets/card_art/candidates/common/04/4457.png,bfa8a59947df3116dd0c08d2839ee9d1e6155bfb0c358a3bb9fd0f317b2398f7,assets/resources/card/images/illust/common/04/4457.bmp,LocalData/93217544/0000/bd/bdaaf1b3
452,Zarigun,4458,Zarigun,high,curated,local_assets/card_art/cards/452/illustration.png,local_assets/card_art/candidates/common/04/4458.png,765728a7a386a9ff4f297efb58fc3e57402248c4f2cd9662c564de31278811b5,assets/resources/card/images/illust/common/04/4458.bmp,LocalData/93217544/0000/2d/2d15ec22
453,Millennium Golem,4459,Millennium Golem,high,curated,local_assets/card_art/cards/453/illustration.png,local_assets/card_art/candidates/common/04/4459.png,62df2585ef4c326a4d621b9b9c8497d3a34167c683e1ff5dce44a5381c054ca3,assets/resources/card/images/illust/common/04/4459.bmp,LocalData/93217544/0000/5a/5a12dcb4
454,Destroyer Golem,4460,Destroyer Golem,high,curated,local_assets/card_art/cards/454/illustration.png,local_assets/card_art/candidates/common/04/4460.png,d4c4fcd36f6d0fb81aacca9031f65cdc6b75eedc9602594711818499d8acfdd5,assets/resources/card/images/illust/common/04/4460.bmp,LocalData/93217544/0000/08/08e337d3
455,Barrel Rock,4461,Barrel Rock,high,curated,local_assets/card_art/cards/455/illustration.png,local_assets/card_art/candidates/tcg/04/4461.png,187034b0b81767b7c3545fd6211713fe21aefbcc6da2b580c36d59383d800756,assets/resources/card/images/illust/tcg/04/4461.bmp,LocalData/93217544/0000/7f/7fe40745
456,Minomushi Warrior,4462,Minomushi Warrior,high,curated,local_assets/card_art/cards/456/illustration.png,local_assets/card_art/candidates/common/04/4462.png,c1c7a15ffd3afd91fce276a5a95295436362447ce0c84b42d38af9244fc2aa2a,assets/resources/card/images/illust/common/04/4462.bmp,LocalData/93217544/0000/e6/e6ed56ff
457,Stone Ghost,4463,Stone Ghost,high,curated,local_assets/card_art/cards/457/illustration.png,local_assets/card_art/candidates/common/04/4463.png,3bb38bfb1cdd3ebbc2ce031310a9c74789ce38a4922d2ba59a6e52a017395b58,assets/resources/card/images/illust/common/04/4463.bmp,LocalData/93217544/0000/91/91ea6669
458,Kaminari Attack,4464,Kaminari Attack,high,curated,local_assets/card_art/cards/458/illustration.png,local_assets/card_art/candidates/common/04/4464.png,3fcd2ec4c5139b303f9785ecaea2deb7d184f7074f10f653b23960a091d7e9b1,assets/resources/card/images/illust/common/04/4464.bmp,LocalData/93217544/0000/0f/0f8ef3ca
459,Tripwire Beast,4465,Tripwire Beast,high,curated,local_assets/card_art/cards/459/illustration.png,local_assets/card_art/candidates/common/04/4465.png,f17a64df4d5ce3d3f074ac75cfab8304b2b96eba9ffd46cef42ba00a45403693,assets/resources/card/images/illust/common/04/4465.bmp,LocalData/93217544/0000/78/7889c35c
460,Bolt Escargot,4466,Bolt Escargot,high,curated,local_assets/card_art/cards/460/illustration.png,local_assets/card_art/candidates/common/04/4466.png,de12e3162816a8fdef23847cc54fa7ec5557f95f2e08c07004e65a3941aebd84,assets/resources/card/images/illust/common/04/4466.bmp,LocalData/93217544/0000/e1/e18092e6
461,Bolt Penguin,4467,Bolt Penguin,high,curated,local_assets/card_art/cards/461/illustration.png,local_assets/card_art/candidates/common/04/4467.png,b158a0337fe6708ca43b6416041f0e01821fecc2f7619384d53f1c356c33be85,assets/resources/card/images/illust/common/04/4467.bmp,LocalData/93217544/0000/96/9687a270
462,The Immortal of Thunder,4468,The Immortal of Thunder,high,curated,local_assets/card_art/cards/462/illustration.png,local_assets/card_art/candidates/common/04/4468.png,647d4d5f09e5d89adaf1119566bae6c38ffcf030ebf65e63f6bbf5e39943fddd,assets/resources/card/images/illust/common/04/4468.bmp,LocalData/93217544/0000/06/0638bfe1
463,Electric Snake,4469,Electric Snake,high,curated,local_assets/card_art/cards/463/illustration.png,local_assets/card_art/candidates/common/04/4469.png,1da4dd36d653a4e563f44b87111b48198c5e0f6623205cdb96dfae5b64317f01,assets/resources/card/images/illust/common/04/4469.bmp,LocalData/93217544/0000/71/713f8f77
464,Wing Eagle,4470,Wing Eagle,high,curated,local_assets/card_art/cards/464/illustration.png,local_assets/card_art/candidates/common/04/4470.png,9e3ab2f622e8112b13b03927a1c285120ccfad5b609a2ed15506abc21ed410cb,assets/resources/card/images/illust/common/04/4470.bmp,LocalData/93217544/0000/11/11f80692
465,Punished Eagle,4471,Punished Eagle,high,curated,local_assets/card_art/cards/465/illustration.png,local_assets/card_art/candidates/common/04/4471.png,be17552c5805d5c17394c2ab538f3aeca5f007402673b95d75b691ffb14668cd,assets/resources/card/images/illust/common/04/4471.bmp,LocalData/93217544/0000/66/66ff3604
466,Skull Red Bird,4472,Skull Red Bird,high,curated,local_assets/card_art/cards/466/illustration.png,local_assets/card_art/candidates/common/04/4472.png,82d3165f5961e0f9da15a7c3f8327af22bd3dd473c57fa20fe59c4d777bc3219,assets/resources/card/images/illust/common/04/4472.bmp,LocalData/93217544/0000/ff/fff667be
467,Crimson Sunbird,4473,Crimson Sunbird,high,curated,local_assets/card_art/cards/467/illustration.png,local_assets/card_art/candidates/common/04/4473.png,e807e07d1a0d3c12f3594372a9c2878597aece51b0ffc5e623d0fae5e384fde0,assets/resources/card/images/illust/common/04/4473.bmp,LocalData/93217544/0000/88/88f15728
468,Queen Bird,4474,Queen Bird,high,curated,local_assets/card_art/cards/468/illustration.png,local_assets/card_art/candidates/common/04/4474.png,59e795d12b00c31c96f50e0517fa505012ad9eeda674afd76e15fa498c78b957,assets/resources/card/images/illust/common/04/4474.bmp,LocalData/93217544/0000/16/1695c28b
469,Armed Ninja,4475,Armed Ninja,high,curated,local_assets/card_art/cards/469/illustration.png,local_assets/card_art/candidates/common/04/4475.png,69e730a1403b555531adc4761f73b26e9775b84b09cf2827cfa02ce6ea7e0664,assets/resources/card/images/illust/common/04/4475.bmp,LocalData/93217544/0000/61/6192f21d
470,Magical Ghost,4476,Magical Ghost,high,curated,local_assets/card_art/cards/470/illustration.png,local_assets/card_art/candidates/common/04/4476.png,5c7d3945af8f5718d028541eaee807077e40a1a0d01782e52adcd091e4cb9bc3,assets/resources/card/images/illust/common/04/4476.bmp,LocalData/93217544/0000/f8/f89ba3a7
471,Soul Hunter,4477,Soul Hunter,high,curated,local_assets/card_art/cards/471/illustration.png,local_assets/card_art/candidates/common/04/4477.png,f901b2a6db8aac3e02127d5c782b46d2b8d6fe90ecc3305447eac0fb454b216f,assets/resources/card/images/illust/common/04/4477.bmp,LocalData/93217544/0000/8f/8f9c9331
472,Air Eater,4478,Air Eater,high,curated,local_assets/card_art/cards/472/illustration.png,local_assets/card_art/candidates/common/04/4478.png,c92e16e11b6d13224e7705effa02c54812182e7ef4683c2b5dee4201efd352ce,assets/resources/card/images/illust/common/04/4478.bmp,LocalData/93217544/0000/1f/1f238ea0
473,Vermillion Sparrow,4479,Vermillion Sparrow,high,curated,local_assets/card_art/cards/473/illustration.png,local_assets/card_art/candidates/common/04/4479.png,de1004cfa2f290864e6c6cc15adf141c5f2eb42983b1ce811e87cd0a21e5ee46,assets/resources/card/images/illust/common/04/4479.bmp,LocalData/93217544/0000/68/6824be36
474,Sea Kamen,4480,Sea Kamen,high,curated,local_assets/card_art/cards/474/illustration.png,local_assets/card_art/candidates/common/04/4480.png,e9211d9c035b05d893ed4dfb525ca8ad781bb27f472e1f85c910d1f2e082c485,assets/resources/card/images/illust/common/04/4480.bmp,LocalData/93217544/0000/96/96601a5d
475,Sinister Serpent,4481,Sinister Serpent,high,curated,local_assets/card_art/cards/475/illustration.png,local_assets/card_art/candidates/common/04/4481.png,c01c0f7719f59c47f77227ca7d9364afd4a7dc8332bedc54b2892ae2d48ddf06,assets/resources/card/images/illust/common/04/4481.bmp,LocalData/93217544/0000/e1/e1672acb
476,Ganigumo,4482,Ganigumo,high,curated,local_assets/card_art/cards/476/illustration.png,local_assets/card_art/candidates/common/04/4482.png,b98b290176f992bb51b3e950d5346a157c9a37cbaea278002067b43217dfd8c6,assets/resources/card/images/illust/common/04/4482.bmp,LocalData/93217544/0000/78/786e7b71
477,Alinsection,4483,Alinsection,high,curated,local_assets/card_art/cards/477/illustration.png,local_assets/card_art/candidates/common/04/4483.png,e750d3e413e54a0cff6c62d632a76c2f5dcecb99e87ea013911b9b24d1b7372f,assets/resources/card/images/illust/common/04/4483.bmp,LocalData/93217544/0000/0f/0f694be7
478,Insect Soldiers of the Sky,4484,Insect Soldiers of the Sky,high,curated,local_assets/card_art/cards/478/illustration.png,local_assets/card_art/candidates/common/04/4484.png,213fb74c3b78c05ab35de99b43e1d9239ba74474f35a717e8eae046ab7759566,assets/resources/card/images/illust/common/04/4484.bmp,LocalData/93217544/0000/91/910dde44
479,Cockroach Knight,4485,Cockroach Knight,high,curated,local_assets/card_art/cards/479/illustration.png,local_assets/card_art/candidates/common/04/4485.png,c5db8a579b0e52e2950332531df0b189c7de80894aec591967fd85bf2ace73e5,assets/resources/card/images/illust/common/04/4485.bmp,LocalData/93217544/0000/e6/e60aeed2
480,Kuwagata A,,,unmatched,unmatched_name,,,,,
481,Burglar,4487,Burglar,high,curated,local_assets/card_art/cards/481/illustration.png,local_assets/card_art/candidates/common/04/4487.png,f5ea23b9f85cc5f26abfccd39cf9eeb1df909b0fb7eeb1f625be9e6ea58e03f4,assets/resources/card/images/illust/common/04/4487.bmp,LocalData/93217544/0000/08/08048ffe
482,Pragtical,4488,Pragtical,high,curated,local_assets/card_art/cards/482/illustration.png,local_assets/card_art/candidates/common/04/4488.png,7bdc800ca5813bb9f7654e5301411fc879bfbe3c3edbeffbec0c89759a76024c,assets/resources/card/images/illust/common/04/4488.bmp,LocalData/93217544/0000/98/98bb926f
483,Garvas,4489,Garvas,high,curated,local_assets/card_art/cards/483/illustration.png,local_assets/card_art/candidates/tcg/04/4489.png,ba97f7d2e514101be56484ac44176ede7a4216e203464d43982abee6971038fc,assets/resources/card/images/illust/tcg/04/4489.bmp,LocalData/93217544/0000/ef/efbca2f9
484,Ameba,4490,Ameba,high,curated,local_assets/card_art/cards/484/illustration.png,local_assets/card_art/candidates/common/04/4490.png,e747e49ebf87a0b8ef187607bd566202c50e7a65e0bcaca2419c07b12a160312,assets/resources/card/images/illust/common/04/4490.bmp,LocalData/93217544/0000/8f/8f7b2b1c
485,Korogashi,4491,Korogashi,high,curated,local_assets/card_art/cards/485/illustration.png,local_assets/card_art/candidates/common/04/4491.png,7dde547d58891d664778eea17b2dbfbaa096c7ecf2e4262e130245c4f3fd3441,assets/resources/card/images/illust/common/04/4491.bmp,LocalData/93217544/0000/f8/f87c1b8a
486,Boo Koo,4492,Boo Koo,high,curated,local_assets/card_art/cards/486/illustration.png,local_assets/card_art/candidates/common/04/4492.png,180fbd043111fba99bcc3274136744a29c32b7a6c9f7e4dcb14267959dbe3e54,assets/resources/card/images/illust/common/04/4492.bmp,LocalData/93217544/0000/61/61754a30
487,Flower Wolf,4493,Flower Wolf,high,curated,local_assets/card_art/cards/487/illustration.png,local_assets/card_art/candidates/common/04/4493.png,59e81f6e97996af744d2bfccd62ba1dbc8e067d9218bf703b60d5ea84daad08b,assets/resources/card/images/illust/common/04/4493.bmp,LocalData/93217544/0000/16/16727aa6
488,Rainbow Flower,4494,Rainbow Flower,high,curated,local_assets/card_art/cards/488/illustration.png,local_assets/card_art/candidates/common/04/4494.png,79ca38ff17184334da70e43f08f4e6399b263a6c8241660d158e93cb8aff5684,assets/resources/card/images/illust/common/04/4494.bmp,LocalData/93217544/0000/88/8816ef05
489,Barrel Lily,4495,Barrel Lily,high,curated,local_assets/card_art/cards/489/illustration.png,local_assets/card_art/candidates/tcg/04/4495.png,a4d38c16bca93ba5fc7a3548cc013d6d1907d53f984ce6b7b6eb5c4689abdfa4,assets/resources/card/images/illust/tcg/04/4495.bmp,LocalData/93217544/0000/ff/ff11df93
490,Needle Ball,4496,Needle Ball,high,curated,local_assets/card_art/cards/490/illustration.png,local_assets/card_art/candidates/common/04/4496.png,d648b630c8de03ac9f415e732d14c66ff7d31bbb43ec77a0fee85e42a0ce159b,assets/resources/card/images/illust/common/04/4496.bmp,LocalData/93217544/0000/66/66188e29
491,Peacock,4497,Peacock,high,curated,local_assets/card_art/cards/491/illustration.png,local_assets/card_art/candidates/common/04/4497.png,bf6c93f86da457d0edb6134e7b312d7283e07717e9d4372e480c7727932d7cb3,assets/resources/card/images/illust/common/04/4497.bmp,LocalData/93217544/0000/11/111fbebf
492,Hoshiningen,4498,Hoshiningen,high,curated,local_assets/card_art/cards/492/illustration.png,local_assets/card_art/candidates/common/04/4498.png,a2e4c69e9979a4a9b7f9f382191b5a6bdb3ab4c265a40f14cfdf59adacb38304,assets/resources/card/images/illust/common/04/4498.bmp,LocalData/93217544/0000/81/81a0a32e
493,Maha Vailo,4499,Maha Vailo,high,curated,local_assets/card_art/cards/493/illustration.png,local_assets/card_art/candidates/common/04/4499.png,ed8c89baa6549b226118f604041a411ca1edd70d2b794769b80f0fd35e40605e,assets/resources/card/images/illust/common/04/4499.bmp,LocalData/93217544/0000/f6/f6a793b8
494,Rainbow Marine Mermaid,4500,Rainbow Marine Mermaid,high,curated,local_assets/card_art/cards/494/illustration.png,local_assets/card_art/candidates/tcg/04/4500.png,febaaf0b44ce4b275ba65416612cad990f5193686bb82f4409cbd3ffe2412b12,assets/resources/card/images/illust/tcg/04/4500.bmp,LocalData/93217544/0000/5f/5f7bfa62
495,Musician King,4501,Musician King,high,curated,local_assets/card_art/cards/495/illustration.png,local_assets/card_art/candidates/common/04/4501.png,7e077fa06d660888e4e4357e8113a257e4da9525ed7a6027f006c628c5ea76b4,assets/resources/card/images/illust/common/04/4501.bmp,LocalData/93217544/0000/28/287ccaf4
496,Wilmee,4502,Wilmee,high,curated,local_assets/card_art/cards/496/illustration.png,local_assets/card_art/candidates/common/04/4502.png,683d959887dd1e5329eeaed90fd6d95c01c6d219027cf18ab306f9b22e5e235d,assets/resources/card/images/illust/common/04/4502.bmp,LocalData/93217544/0000/b1/b1759b4e
497,Yado Karu,4503,Yado Karu,high,curated,local_assets/card_art/cards/497/illustration.png,local_assets/card_art/candidates/common/04/4503.png,288b22b147746719e4f9e47dd696a540ec1f4e228362370d0211a2c82f71e248,assets/resources/card/images/illust/common/04/4503.bmp,LocalData/93217544/0000/c6/c672abd8
498,Morinphen,4504,Morinphen,high,curated,local_assets/card_art/cards/498/illustration.png,local_assets/card_art/candidates/common/04/4504.png,7378d9747812b241b56b6792ea521d1ca8562051dc57be94839c69d3a7c3fee6,assets/resources/card/images/illust/common/04/4504.bmp,LocalData/93217544/0000/58/58163e7b
499,Kattapillar,4505,Kattapillar,high,curated,local_assets/card_art/cards/499/illustration.png,local_assets/card_art/candidates/common/04/4505.png,62000a0363a00fc32f5e0fa736e7baf49a1630d4ef90878117856a9fc0f01a7b,assets/resources/card/images/illust/common/04/4505.bmp,LocalData/93217544/0000/2f/2f110eed
500,Dragon Seeker,4506,Dragon Seeker,high,curated,local_assets/card_art/cards/500/illustration.png,local_assets/card_art/candidates/common/04/4506.png,7b627993614dc47a64339a24bd74f6a19e6b9e929bbf892593671c69eebca946,assets/resources/card/images/illust/common/04/4506.bmp,LocalData/93217544/0000/b6/b6185f57
501,Man-Eater Bug,4507,Man-Eater Bug,high,curated,local_assets/card_art/cards/501/illustration.png,local_assets/card_art/candidates/common/04/4507.png,13f4316783f7a71301093b43e7c91dd8eadb10105879b6ff215ccdb7a7335abc,assets/resources/card/images/illust/common/04/4507.bmp,LocalData/93217544/0000/c1/c11f6fc1
502,D. Human,4508,D. Human,high,curated,local_assets/card_art/cards/502/illustration.png,local_assets/card_art/candidates/common/04/4508.png,29cfdc967f6a18742d99fd214b44b2d6fc00a325c65a1a7ab108ca40cc6c96e1,assets/resources/card/images/illust/common/04/4508.bmp,LocalData/93217544/0000/51/51a07250
503,Turtle Raccoon,4509,Turtle Raccoon,high,curated,local_assets/card_art/cards/503/illustration.png,local_assets/card_art/candidates/tcg/04/4509.png,4c49aab2de297f7c4003d73acbba2f73671b7cfcec7bd3bf6ed938fbb25d9664,assets/resources/card/images/illust/tcg/04/4509.bmp,LocalData/93217544/0000/26/26a742c6
504,Fungi of the Musk,4510,Fungi of the Musk,high,curated,local_assets/card_art/cards/504/illustration.png,local_assets/card_art/candidates/common/04/4510.png,96da285cca983c30140230fb6d0b9bb324b13c03804a0cb4a19b66a3bc115874,assets/resources/card/images/illust/common/04/4510.bmp,LocalData/93217544/0000/46/4660cb23
505,Prisman,4511,Prisman,high,curated,local_assets/card_art/cards/505/illustration.png,local_assets/card_art/candidates/common/04/4511.png,97efd7e730db46b58ab9ff91bc22f3e6311d132b2ca06c2e28f1e54416482319,assets/resources/card/images/illust/common/04/4511.bmp,LocalData/93217544/0000/31/3167fbb5
506,Gale Dogra,4512,Gale Dogra,high,curated,local_assets/card_art/cards/506/illustration.png,local_assets/card_art/candidates/common/04/4512.png,4c948972b9afb73fd0d4e4fce997f3ba63f37a98e13f10ca9fd507e216ab3550,assets/resources/card/images/illust/common/04/4512.bmp,LocalData/93217544/0000/a8/a86eaa0f
507,Crazy Fish,4513,Crazy Fish,high,curated,local_assets/card_art/cards/507/illustration.png,local_assets/card_art/candidates/common/04/4513.png,7801477dc88fea4a35068c9f7e4ea4d3b90811792aec8c5dd7b92e7c487b0e6a,assets/resources/card/images/illust/common/04/4513.bmp,LocalData/93217544/0000/df/df699a99
508,Cyber Saurus,4514,Cyber Saurus,high,curated,local_assets/card_art/cards/508/illustration.png,local_assets/card_art/candidates/tcg/04/4514.png,8c8b9cd4b0fe963b8a1d0e877812b59451ef1a847780a3adc9e7489f2cbad2d9,assets/resources/card/images/illust/tcg/04/4514.bmp,LocalData/93217544/0000/41/410d0f3a
509,Bracchio-raidus,4515,Bracchio-raidus,high,curated,local_assets/card_art/cards/509/illustration.png,local_assets/card_art/candidates/common/04/4515.png,1e2ccfaff4058c329dfbfd4ec309b2ff5a96b3287d4867d1882aa7b5e96c4050,assets/resources/card/images/illust/common/04/4515.bmp,LocalData/93217544/0000/36/360a3fac
510,Laughing Flower,4516,Laughing Flower,high,curated,local_assets/card_art/cards/510/illustration.png,local_assets/card_art/candidates/common/04/4516.png,e1d947be0333f03aeb68ee0d5d2ef7a13a6c87128e059c5e64bc5380c9cc7f83,assets/resources/card/images/illust/common/04/4516.bmp,LocalData/93217544/0000/af/af036e16
511,Bean Soldier,4517,Bean Soldier,high,curated,local_assets/card_art/cards/511/illustration.png,local_assets/card_art/candidates/common/04/4517.png,b7c626f159ae9f2baae208870eb35d5f75ba8d385e9f3323c6572d49ba81f584,assets/resources/card/images/illust/common/04/4517.bmp,LocalData/93217544/0000/d8/d8045e80
512,Cannon Soldier,4518,Cannon Soldier,high,curated,local_assets/card_art/cards/512/illustration.png,local_assets/card_art/candidates/tcg/04/4518.png,13213467220e0be0baba21f02468cd783775760732b5d2ac74462b209310d1cd,assets/resources/card/images/illust/tcg/04/4518.bmp,LocalData/93217544/0000/48/48bb4311
513,Guardian of the Throne Room,4519,Guardian of the Throne Room,high,curated,local_assets/card_art/cards/513/illustration.png,local_assets/card_art/candidates/tcg/04/4519.png,44ca5c7b3b21af75664b8b156c1bc932ab722fdcceea9a574f4db09665fed1fc,assets/resources/card/images/illust/tcg/04/4519.bmp,LocalData/93217544/0000/3f/3fbc7387
514,Brave Scizzar,4520,Brave Scizzar,high,curated,local_assets/card_art/cards/514/illustration.png,local_assets/card_art/candidates/common/04/4520.png,7922b6f8cc4e47d1971cb2b20ddba477b875c52da540c790611a720a06838dde,assets/resources/card/images/illust/common/04/4520.bmp,LocalData/93217544/0000/6d/6d4d98e0
515,The Statue of Easter Island,4521,The Statue of Easter Island,high,curated,local_assets/card_art/cards/515/illustration.png,local_assets/card_art/candidates/common/04/4521.png,7ebe2cff938f93ba8eded510e3aa23888fd46f756f95fa3fa624bccaea22f535,assets/resources/card/images/illust/common/04/4521.bmp,LocalData/93217544/0000/1a/1a4aa876
516,Muka Muka,4522,Muka Muka,high,curated,local_assets/card_art/cards/516/illustration.png,local_assets/card_art/candidates/common/04/4522.png,d6803d48c4793ddfa5edc886789905784ef62281a27237df92d055058e0fabb1,assets/resources/card/images/illust/common/04/4522.bmp,LocalData/93217544/0000/83/8343f9cc
517,Sand Stone,4523,Sand Stone,high,curated,local_assets/card_art/cards/517/illustration.png,local_assets/card_art/candidates/common/04/4523.png,2e60a7acfa68d68e51b51d632286f575a48afa65288ac1fe379394e18bac382a,assets/resources/card/images/illust/common/04/4523.bmp,LocalData/93217544/0000/f4/f444c95a
518,Boulder Tortoise,4524,Boulder Tortoise,high,curated,local_assets/card_art/cards/518/illustration.png,local_assets/card_art/candidates/common/04/4524.png,9a964f7d97252d1287032768ce26421f80aba89b2604a86b11ac749558bedd50,assets/resources/card/images/illust/common/04/4524.bmp,LocalData/93217544/0000/6a/6a205cf9
519,Fire Kraken,4525,Fire Kraken,high,curated,local_assets/card_art/cards/519/illustration.png,local_assets/card_art/candidates/common/04/4525.png,f35ccb2a4b7d79065d7a5f7b2d0b1985dd8e44e9ac39b87c0eb3b2b8ca7a927c,assets/resources/card/images/illust/common/04/4525.bmp,LocalData/93217544/0000/1d/1d276c6f
520,Turtle Bird,4526,Turtle Bird,high,curated,local_assets/card_art/cards/520/illustration.png,local_assets/card_art/candidates/common/04/4526.png,8639df184179d90ff9ef2a9db481c21a3207662929e0e3b78a10b2a9b18eb197,assets/resources/card/images/illust/common/04/4526.bmp,LocalData/93217544/0000/84/842e3dd5
521,Skullbird,4527,Skullbird,high,curated,local_assets/card_art/cards/521/illustration.png,local_assets/card_art/candidates/common/04/4527.png,e23162396a1cecc07719b09c108fb38e49b15db6330eedbeae5ad48ff0de7106,assets/resources/card/images/illust/common/04/4527.bmp,LocalData/93217544/0000/f3/f3290d43
522,Monstrous Bird,4528,Monstrous Bird,high,curated,local_assets/card_art/cards/522/illustration.png,local_assets/card_art/candidates/common/04/4528.png,26fef923c271a643b9be70d598b5c4e284768c707aa881bd72d94c71ec5e3ef6,assets/resources/card/images/illust/common/04/4528.bmp,LocalData/93217544/0000/63/639610d2
523,The Bistro Butcher,4529,The Bistro Butcher,high,curated,local_assets/card_art/cards/523/illustration.png,local_assets/card_art/candidates/common/04/4529.png,980320cadd227262d9396867a91553f9650c307a18ad18282a3867a6747da57f,assets/resources/card/images/illust/common/04/4529.bmp,LocalData/93217544/0000/14/14912044
524,Star Boy,4530,Star Boy,high,curated,local_assets/card_art/cards/524/illustration.png,local_assets/card_art/candidates/common/04/4530.png,4d1a6387cfccb90b821ab4aa4490a3f3bf5272334030a2983c6d073b09d7cc3d,assets/resources/card/images/illust/common/04/4530.bmp,LocalData/93217544/0000/74/7456a9a1
525,Spirit of the Mountain,4531,Spirit of the Mountain,high,curated,local_assets/card_art/cards/525/illustration.png,local_assets/card_art/candidates/common/04/4531.png,e6974122c4022df9ce627c04c1483f447aa814de27d7d011b8562f8139a6bcf7,assets/resources/card/images/illust/common/04/4531.bmp,LocalData/93217544/0000/03/03519937
526,Neck Hunter,4532,Neck Hunter,high,curated,local_assets/card_art/cards/526/illustration.png,local_assets/card_art/candidates/common/04/4532.png,b60e53ee720da1e645ab4fe32deac1d8f8ea53edebe46fa095573ff0700fae90,assets/resources/card/images/illust/common/04/4532.bmp,LocalData/93217544/0000/9a/9a58c88d
527,Milus Radiant,4533,Milus Radiant,high,curated,local_assets/card_art/cards/527/illustration.png,local_assets/card_art/candidates/common/04/4533.png,51cd08bd2414977df9c109bcc2e1cd56dc57d7464ddaf7663824995bdd13de7b,assets/resources/card/images/illust/common/04/4533.bmp,LocalData/93217544/0000/ed/ed5ff81b
528,Togex,4534,Togex,high,curated,local_assets/card_art/cards/528/illustration.png,local_assets/card_art/candidates/common/04/4534.png,e8d6c329b677cd9f74164963771bf5dd8b2d49b424e62dbed8e9f314eab68379,assets/resources/card/images/illust/common/04/4534.bmp,LocalData/93217544/0000/73/733b6db8
529,Flame Cerebrus,4535,Flame Cerebrus,high,curated,local_assets/card_art/cards/529/illustration.png,local_assets/card_art/candidates/common/04/4535.png,d2aebc4d50efaca718aaa80baf044d143f92bf03b84230a571f423b291a7fa12,assets/resources/card/images/illust/common/04/4535.bmp,LocalData/93217544/0000/04/043c5d2e
530,Eldeen,4536,Eldeen,high,curated,local_assets/card_art/cards/530/illustration.png,local_assets/card_art/candidates/common/04/4536.png,60184ab39188d8f23b64d75721cc683f87f87d2f8dda716a8fe9b089acb01a2e,assets/resources/card/images/illust/common/04/4536.bmp,LocalData/93217544/0000/9d/9d350c94
531,Mystical Sand,4537,Mystical Sand,high,curated,local_assets/card_art/cards/531/illustration.png,local_assets/card_art/candidates/tcg/04/4537.png,555ea9eea45bd82480ffa3ea459c2d267e0512ed8bb1f5744a451670a6865418,assets/resources/card/images/illust/tcg/04/4537.bmp,LocalData/93217544/0000/ea/ea323c02
532,Gemini Elf,4538,Gemini Elf,high,curated,local_assets/card_art/cards/532/illustration.png,local_assets/card_art/candidates/tcg/04/4538.png,bc13e3bc2269efa489e543bfc89c62fb5243c68d00b7d8f923c04e5eaa19398a,assets/resources/card/images/illust/tcg/04/4538.bmp,LocalData/93217544/0000/7a/7a8d2193
533,Kwagar Hercules,4539,Kwagar Hercules,high,curated,local_assets/card_art/cards/533/illustration.png,local_assets/card_art/candidates/common/04/4539.png,6ed44d04d69bb232a291a2e22c2e3624c9eeb000af3dd63a8ba5e38ef609f12c,assets/resources/card/images/illust/common/04/4539.bmp,LocalData/93217544/0000/0d/0d8a1105
534,Minar,4540,Minar,high,curated,local_assets/card_art/cards/534/illustration.png,local_assets/card_art/candidates/common/04/4540.png,d7858de1be4fdbd2f6d0478dc85d2ff2f50e9b3e367df0e4e6371530d93abbcc,assets/resources/card/images/illust/common/04/4540.bmp,LocalData/93217544/0000/3b/3b173f66
535,Kamakiriman,4541,Kamakiriman,high,curated,local_assets/card_art/cards/535/illustration.png,local_assets/card_art/candidates/common/04/4541.png,8362477ab8645317501ea3f4bc8fb3aa8db2a100e6ab7d88e838e53ba374c6b8,assets/resources/card/images/illust/common/04/4541.bmp,LocalData/93217544/0000/4c/4c100ff0
536,Mechaleon,4542,Mechaleon,high,curated,local_assets/card_art/cards/536/illustration.png,local_assets/card_art/candidates/common/04/4542.png,089843fd411b7f24e71237302b51cedce311048e4f8800a75ae257c1401700c4,assets/resources/card/images/illust/common/04/4542.bmp,LocalData/93217544/0000/d5/d5195e4a
537,Mega Thunderball,4543,Mega Thunderball,high,curated,local_assets/card_art/cards/537/illustration.png,local_assets/card_art/candidates/common/04/4543.png,3d6dcf6c6ce7775028dbabd269d8761bb7e5eb23e0fb4dbc1de382b248794e34,assets/resources/card/images/illust/common/04/4543.bmp,LocalData/93217544/0000/a2/a21e6edc
538,Niwatori,4544,Niwatori,high,curated,local_assets/card_art/cards/538/illustration.png,local_assets/card_art/candidates/common/04/4544.png,f8277cf9d5234215af33ca22e00d97bad2f747ae6b4c7b4bceb6e71d0ec9dc74,assets/resources/card/images/illust/common/04/4544.bmp,LocalData/93217544/0000/3c/3c7afb7f
539,Corroding Shark,4545,Corroding Shark,high,curated,local_assets/card_art/cards/539/illustration.png,local_assets/card_art/candidates/tcg/04/4545.png,99d946a9261991e75ffaa0e2a8aecbab47ea77ba8005f547b128a4042f945319,assets/resources/card/images/illust/tcg/04/4545.bmp,LocalData/93217544/0000/4b/4b7dcbe9
540,Skelengel,4546,Skelengel,high,curated,local_assets/card_art/cards/540/illustration.png,local_assets/card_art/candidates/tcg/04/4546.png,ec0a7dd493e8793287741bc85a1341e99eb1215c32b934fd16fe8aeaae4821c2,assets/resources/card/images/illust/tcg/04/4546.bmp,LocalData/93217544/0000/d2/d2749a53
541,Hane-Hane,4547,Hane-Hane,high,curated,local_assets/card_art/cards/541/illustration.png,local_assets/card_art/candidates/common/04/4547.png,68d8456cbefa6bd2887a455666e1a6fa0c948318760027b8044168acbef4473f,assets/resources/card/images/illust/common/04/4547.bmp,LocalData/93217544/0000/a5/a573aac5
542,Misairuzame,4548,Misairuzame,high,curated,local_assets/card_art/cards/542/illustration.png,local_assets/card_art/candidates/tcg/04/4548.png,64b6b6c029ccec70ac2bd2d6c74bdf786995b4ab86c8473b33afcf372e1cc8ad,assets/resources/card/images/illust/tcg/04/4548.bmp,LocalData/93217544/0000/35/35ccb754
543,Tongyo,4549,Tongyo,high,curated,local_assets/card_art/cards/543/illustration.png,local_assets/card_art/candidates/common/04/4549.png,fe97f917dab213a33afebca79c75a6a3f2c5671a8bfb9a8f4b2c08c25720bf18,assets/resources/card/images/illust/common/04/4549.bmp,LocalData/93217544/0000/42/42cb87c2
544,Dharma Cannon,4550,Dharma Cannon,high,curated,local_assets/card_art/cards/544/illustration.png,local_assets/card_art/candidates/tcg/04/4550.png,d3c9e710e367851ab283792d8e3cb3b1f721dd9c0ffd0d15b2ccab40595094e0,assets/resources/card/images/illust/tcg/04/4550.bmp,LocalData/93217544/0000/22/220c0e27
545,Skelgon,4551,Skelgon,high,curated,local_assets/card_art/cards/545/illustration.png,local_assets/card_art/candidates/common/04/4551.png,6b3428f8250215e81d31ba2e9e44ef2eecefe536f462898408f184253f2e3fd0,assets/resources/card/images/illust/common/04/4551.bmp,LocalData/93217544/0000/55/550b3eb1
546,Wow Warrior,4552,Wow Warrior,high,curated,local_assets/card_art/cards/546/illustration.png,local_assets/card_art/candidates/common/04/4552.png,1f56a0d6f2383812397fdd2dd556c1f54f7f5f124e663f1819083c19f7bd532c,assets/resources/card/images/illust/common/04/4552.bmp,LocalData/93217544/0000/cc/cc026f0b
547,Griggle,4553,Griggle,high,curated,local_assets/card_art/cards/547/illustration.png,local_assets/card_art/candidates/common/04/4553.png,0073b49553eef6d2931cfeba25e4cc09a63dd68f6531d665cc2a3ff02d93897a,assets/resources/card/images/illust/common/04/4553.bmp,LocalData/93217544/0000/bb/bb055f9d
548,Bone Mouse,4554,Bone Mouse,high,curated,local_assets/card_art/cards/548/illustration.png,local_assets/card_art/candidates/common/04/4554.png,b2c9cf52295a9adc842d76814ab8860d57734e4674c184ece6da2ccc2367afba,assets/resources/card/images/illust/common/04/4554.bmp,LocalData/93217544/0000/25/2561ca3e
549,Frog the Jam,,,unmatched,unmatched_name,,,,,
550,Behegon,4556,Behegon,high,curated,local_assets/card_art/cards/550/illustration.png,local_assets/card_art/candidates/common/04/4556.png,40914d6aede15de464ba576e39eba4ae0c78aef37901f92cc6abae9fb26136e9,assets/resources/card/images/illust/common/04/4556.bmp,LocalData/93217544/0000/cb/cb6fab12
551,Dark Elf,4557,Dark Elf,high,curated,local_assets/card_art/cards/551/illustration.png,local_assets/card_art/candidates/common/04/4557.png,769f67aeaad27de51db2f6ae7dbab43dba8b943a926055462646affaa22aae69,assets/resources/card/images/illust/common/04/4557.bmp,LocalData/93217544/0000/bc/bc689b84
552,"Winged Dragon, Guardian of the Fortress #2",4558,"Winged Dragon, Guardian of the Fortress #2",high,curated,local_assets/card_art/cards/552/illustration.png,local_assets/card_art/candidates/common/04/4558.png,24c853185fc030b192662782a75a726a6c8f0370035f2d4d4f99b1a2e8761110,assets/resources/card/images/illust/common/04/4558.bmp,LocalData/93217544/0000/2c/2cd78615
553,Mushroom Man #2,4559,Mushroom Man #2,high,curated,local_assets/card_art/cards/553/illustration.png,local_assets/card_art/candidates/common/04/4559.png,419df1d64dd69121f3f9b5c22f4c06a06525fc3c9612f0354cd0d3fd8aaad9ff,assets/resources/card/images/illust/common/04/4559.bmp,LocalData/93217544/0000/5b/5bd0b683
554,Lava Battleguard,4560,Lava Battleguard,high,curated,local_assets/card_art/cards/554/illustration.png,local_assets/card_art/candidates/common/04/4560.png,21a45add72b981b46d00404567a20f18d6ec9ac53369c76c5e7efdf3593373ad,assets/resources/card/images/illust/common/04/4560.bmp,LocalData/93217544/0000/09/09215de4
555,Tyhone #2,4561,Tyhone #2,high,curated,local_assets/card_art/cards/555/illustration.png,local_assets/card_art/candidates/common/04/4561.png,5953b09e463178838415c6ba4b37bac13f640136f2b832f869f9fc14470a6854,assets/resources/card/images/illust/common/04/4561.bmp,LocalData/93217544/0000/7e/7e266d72
556,The Wandering Doomed,4562,The Wandering Doomed,high,curated,local_assets/card_art/cards/556/illustration.png,local_assets/card_art/candidates/common/04/4562.png,66dc87cc59888246aef8cd0d901ca014ce1ca8bac680397938858f979680def4,assets/resources/card/images/illust/common/04/4562.bmp,LocalData/93217544/0000/e7/e72f3cc8
557,Steel Ogre Grotto #1,4563,Steel Ogre Grotto #1,high,curated,local_assets/card_art/cards/557/illustration.png,local_assets/card_art/candidates/common/04/4563.png,73f8e7bc7bab5612ec66e3884d75e53401cf4419504acb534afb1a4bed71ee22,assets/resources/card/images/illust/common/04/4563.bmp,LocalData/93217544/0000/90/90280c5e
558,Pot the Trick,4564,Pot the Trick,high,curated,local_assets/card_art/cards/558/illustration.png,local_assets/card_art/candidates/common/04/4564.png,1c5c95505284fa0e6bfdb1f3d9984e4b2f722fd7303a20322b1d96c721604386,assets/resources/card/images/illust/common/04/4564.bmp,LocalData/93217544/0000/0e/0e4c99fd
559,Oscillo Hero,4565,Oscillo Hero,high,curated,local_assets/card_art/cards/559/illustration.png,local_assets/card_art/candidates/common/04/4565.png,d102ae406cdad7ad872aab2f4e7e47912340f9b9c77b916487b708247258c6b1,assets/resources/card/images/illust/common/04/4565.bmp,LocalData/93217544/0000/79/794ba96b
560,Invader from Another Dimension,4566,Invader from Another Dimension,high,curated,local_assets/card_art/cards/560/illustration.png,local_assets/card_art/candidates/common/04/4566.png,af87fb6c97120c91ba09f7178699ebb27b36bce453c0ad1ae36d94cdc8df61ac,assets/resources/card/images/illust/common/04/4566.bmp,LocalData/93217544/0000/e0/e042f8d1
561,Lesser Dragon,4567,Lesser Dragon,high,curated,local_assets/card_art/cards/561/illustration.png,local_assets/card_art/candidates/common/04/4567.png,fedbdb7f9fad322115c0c0d220d956df207ed889810f7f12e503541fdc512ae1,assets/resources/card/images/illust/common/04/4567.bmp,LocalData/93217544/0000/97/9745c847
562,Needle Worm,4568,Needle Worm,high,curated,local_assets/card_art/cards/562/illustration.png,local_assets/card_art/candidates/common/04/4568.png,57bb6ef5bb631df46eed1995631f3388470a64986c40403a307b02ffc9e86d8f,assets/resources/card/images/illust/common/04/4568.bmp,LocalData/93217544/0000/07/07fad5d6
563,Wretched Ghost of the Attic,4569,Wretched Ghost of the Attic,high,curated,local_assets/card_art/cards/563/illustration.png,local_assets/card_art/candidates/common/04/4569.png,02b0f7bd132a0e7b060273b1c53474d3a56ecf0422ef0ed27339adf0f8b65fe8,assets/resources/card/images/illust/common/04/4569.bmp,LocalData/93217544/0000/70/70fde540
564,Great Mammoth of Goldfine,4570,Great Mammoth of Goldfine,high,curated,local_assets/card_art/cards/564/illustration.png,local_assets/card_art/candidates/common/04/4570.png,2a61685439f3ba01e714116de003dbb1bf006a29689399733f06bcfecd0b318a,assets/resources/card/images/illust/common/04/4570.bmp,LocalData/93217544/0000/10/103a6ca5
565,Man-eating Black Shark,4571,Man-eating Black Shark,high,curated,local_assets/card_art/cards/565/illustration.png,local_assets/card_art/candidates/common/04/4571.png,855deef68631997ed760d17090c1ef95a679d7fea36d40419856f13b292abe02,assets/resources/card/images/illust/common/04/4571.bmp,LocalData/93217544/0000/67/673d5c33
566,Yormungarde,4572,Yormungarde,high,curated,local_assets/card_art/cards/566/illustration.png,local_assets/card_art/candidates/common/04/4572.png,5762f6c3d8cf1142baead614e31cce097c4bdfba6e4b449d2a475c7c26bfb8d5,assets/resources/card/images/illust/common/04/4572.bmp,LocalData/93217544/0000/fe/fe340d89
567,Darkworld Thorns,4573,Darkworld Thorns,high,curated,local_assets/card_art/cards/567/illustration.png,local_assets/card_art/candidates/common/04/4573.png,a2a4d610243ef74d94146b3bcb072a8b8f346825860b7a33c4579559ff87f52b,assets/resources/card/images/illust/common/04/4573.bmp,LocalData/93217544/0000/89/89333d1f
568,Anthrosaurus,4574,Anthrosaurus,high,curated,local_assets/card_art/cards/568/illustration.png,local_assets/card_art/candidates/common/04/4574.png,10c1a78cbc1738659498dc269f79d9f91bdb98bc2c100df2551aeba0033893d1,assets/resources/card/images/illust/common/04/4574.bmp,LocalData/93217544/0000/17/1757a8bc
569,Drooling Lizard,4575,Drooling Lizard,high,curated,local_assets/card_art/cards/569/illustration.png,local_assets/card_art/candidates/common/04/4575.png,d2689903812a0c7ba2b44f1621b0ae5697d5ca3962041257795f4ed8bb63b040,assets/resources/card/images/illust/common/04/4575.bmp,LocalData/93217544/0000/60/6050982a
570,Trakadon,,,unmatched,unmatched_name,,,,,
571,B. Dragon Jungle King,4577,B. Dragon Jungle King,high,curated,local_assets/card_art/cards/571/illustration.png,local_assets/card_art/candidates/common/04/4577.png,367f389305fdc408452a8a854bc4d280a8f7df1b9aeaa1da7bb2d20b0ac2f71e,assets/resources/card/images/illust/common/04/4577.bmp,LocalData/93217544/0000/8e/8e5ef906
572,Empress Judge,4578,Empress Judge,high,curated,local_assets/card_art/cards/572/illustration.png,local_assets/card_art/candidates/common/04/4578.png,fb4c2ae4f8c684f222c459ae04f43ee778c232ea1b0c0b8b1564d2519b4b0d8c,assets/resources/card/images/illust/common/04/4578.bmp,LocalData/93217544/0000/1e/1ee1e497
573,Little D,4579,Little D,high,curated,local_assets/card_art/cards/573/illustration.png,local_assets/card_art/candidates/common/04/4579.png,a2fbb9933ec6dc4042be3d94958d201547dabc4609d97e79aff2ba4ae9db9d3e,assets/resources/card/images/illust/common/04/4579.bmp,LocalData/93217544/0000/69/69e6d401
574,Witch of the Black Forest,4580,Witch of the Black Forest,high,curated,local_assets/card_art/cards/574/illustration.png,local_assets/card_art/candidates/common/04/4580.png,3168d1efe8ceac34f8c62a8ef50d860ff731ae27c7247dfa06d0505ef67a6a3e,assets/resources/card/images/illust/common/04/4580.bmp,LocalData/93217544/0000/97/97a2706a
575,Ancient One of the Deep Forest,4581,Ancient One of the Deep Forest,high,curated,local_assets/card_art/cards/575/illustration.png,local_assets/card_art/candidates/common/04/4581.png,e4209365d5ee63b2d22bee6616d438c7f0d21571e48b2e2054b3e486b9389e6a,assets/resources/card/images/illust/common/04/4581.bmp,LocalData/93217544/0000/e0/e0a540fc
576,Giant Scorpion of the Tundra,4582,Giant Scorpion of the Tundra,high,curated,local_assets/card_art/cards/576/illustration.png,local_assets/card_art/candidates/common/04/4582.png,affb0b777e19a107d68dac3cd7255334919c6fbbc215fda989b5c640a774f458,assets/resources/card/images/illust/common/04/4582.bmp,LocalData/93217544/0000/79/79ac1146
577,Crow Goblin,4583,Crow Goblin,high,curated,local_assets/card_art/cards/577/illustration.png,local_assets/card_art/candidates/common/04/4583.png,35e3b46d7f48fd2a762c79f13f36f95bdf0ee2a31cf81425bc1c5823b9807d30,assets/resources/card/images/illust/common/04/4583.bmp,LocalData/93217544/0000/0e/0eab21d0
578,Leo Wizard,4584,Leo Wizard,high,curated,local_assets/card_art/cards/578/illustration.png,local_assets/card_art/candidates/common/04/4584.png,1baba7761c52a47ba419984c787ecc0a84d9d3599f19e9e39765f9e75f940335,assets/resources/card/images/illust/common/04/4584.bmp,LocalData/93217544/0000/90/90cfb473
579,Abyss Flower,4585,Abyss Flower,high,curated,local_assets/card_art/cards/579/illustration.png,local_assets/card_art/candidates/common/04/4585.png,cb962eb4dbcabc189a1d60ec593bf5902ca13daa6861a9215e508567773b3289,assets/resources/card/images/illust/common/04/4585.bmp,LocalData/93217544/0000/e7/e7c884e5
580,Patrol Robo,4586,Patrol Robo,high,curated,local_assets/card_art/cards/580/illustration.png,local_assets/card_art/candidates/common/04/4586.png,1cb1e7137af454fd9e8d6f52c3da4bd5636eec8c9b364d00d3d3d6bc18c9496d,assets/resources/card/images/illust/common/04/4586.bmp,LocalData/93217544/0000/7e/7ec1d55f
581,Takuhee,4587,Takuhee,high,curated,local_assets/card_art/cards/581/illustration.png,local_assets/card_art/candidates/common/04/4587.png,2c072fddefb4e2f0f43b1c67abc47cf017a26c6a9705aef0eb6335a6498ce59a,assets/resources/card/images/illust/common/04/4587.bmp,LocalData/93217544/0000/09/09c6e5c9
582,Dark Witch,4588,Dark Witch,high,curated,local_assets/card_art/cards/582/illustration.png,local_assets/card_art/candidates/tcg/04/4588.png,3787af5b2621388c317512119af0b43fe8d50039a3a7fae1c0b7deef145a2b0a,assets/resources/card/images/illust/tcg/04/4588.bmp,LocalData/93217544/0000/99/9979f858
583,Destiny Board,5224,Destiny Board,high,curated,local_assets/card_art/cards/583/illustration.png,local_assets/card_art/candidates/tcg/05/5224.png,4c577b2f729fd15cfd7c37b88bb9546ce79229c922f170d8a9fa15162a310bdc,assets/resources/card/images/illust/tcg/05/5224.bmp,LocalData/93217544/0000/d7/d7d32d19
584,"Spirit Message ""I""",5271,"Spirit Message ""I""",high,curated,local_assets/card_art/cards/584/illustration.png,local_assets/card_art/candidates/tcg/05/5271.png,4b94e866f012503942fc624cdb1acf70ff78a5527f4738118db1fc066d3d95aa,assets/resources/card/images/illust/tcg/05/5271.bmp,LocalData/93217544/0000/da/dace2dd3
585,"Spirit Message ""N""",5272,"Spirit Message ""N""",high,curated,local_assets/card_art/cards/585/illustration.png,local_assets/card_art/candidates/tcg/05/5272.png,1ff336ff13b558ed657515a468109997a91b94d01220f93aff36e139e6a5b534,assets/resources/card/images/illust/tcg/05/5272.bmp,LocalData/93217544/0000/43/43c77c69
586,"Spirit Message ""A""",5273,"Spirit Message ""A""",high,curated,local_assets/card_art/cards/586/illustration.png,local_assets/card_art/candidates/tcg/05/5273.png,f797bbc43a2aae114a8a70424f74dfb9d3cad8ad29ddaadc19319ff7049cc3a7,assets/resources/card/images/illust/tcg/05/5273.bmp,LocalData/93217544/0000/34/34c04cff
587,"Spirit Message ""L""",5274,"Spirit Message ""L""",high,curated,local_assets/card_art/cards/587/illustration.png,local_assets/card_art/candidates/tcg/05/5274.png,c4f1ac2aba590f744fafeb5f4dd82a18dc3861c973f301107ddef6fddcffa861,assets/resources/card/images/illust/tcg/05/5274.bmp,LocalData/93217544/0000/aa/aaa4d95c
588,Living Vase,4594,Living Vase,high,curated,local_assets/card_art/cards/588/illustration.png,local_assets/card_art/candidates/common/04/4594.png,63bb0d2cb245d492767fd4e65f8a880a701b2650282a2d784dff9b8e5423fd55,assets/resources/card/images/illust/common/04/4594.bmp,LocalData/93217544/0000/89/89d48532
589,Tentacle Plant,4595,Tentacle Plant,high,curated,local_assets/card_art/cards/589/illustration.png,local_assets/card_art/candidates/common/04/4595.png,a53dfa5e9a04c89d2727baa62994bdfde8875608119ed0bae9b4d885a7f8cab2,assets/resources/card/images/illust/common/04/4595.bmp,LocalData/93217544/0000/fe/fed3b5a4
590,Beaked Snake,4596,Beaked Snake,high,curated,local_assets/card_art/cards/590/illustration.png,local_assets/card_art/candidates/common/04/4596.png,15221607fe81a2cb9edc3f7dc5920350422e1c386346f5da087aa1750b0289e2,assets/resources/card/images/illust/common/04/4596.bmp,LocalData/93217544/0000/67/67dae41e
591,Morphing Jar,4597,Morphing Jar,high,curated,local_assets/card_art/cards/591/illustration.png,local_assets/card_art/candidates/common/04/4597.png,36671c5a4244142b8b5b23175ff4be1e55af2529e9c8da7844c3e9ae36a36a73,assets/resources/card/images/illust/common/04/4597.bmp,LocalData/93217544/0000/10/10ddd488
592,Muse-A,4598,Muse-A,high,curated,local_assets/card_art/cards/592/illustration.png,local_assets/card_art/candidates/common/04/4598.png,576060e93777a52734fe48e1ac70344c83291cc8aee60823f102828b67cd78e2,assets/resources/card/images/illust/common/04/4598.bmp,LocalData/93217544/0000/80/8062c919
593,Giant Turtle Who Feeds on Flames,4599,Giant Turtle Who Feeds on Flames,high,curated,local_assets/card_art/cards/593/illustration.png,local_assets/card_art/candidates/common/04/4599.png,fc610be6756c2cdbdbe84a261effd8ce605460b4858d3a7b4dd76a4ff989a2fc,assets/resources/card/images/illust/common/04/4599.bmp,LocalData/93217544/0000/f7/f765f98f
594,Rose Spectre of Dunn,4600,Rose Spectre of Dunn,high,curated,local_assets/card_art/cards/594/illustration.png,local_assets/card_art/candidates/tcg/04/4600.png,f31b96cf573773abd7e718d78a63bc730c2b4d8edbf83b33e0b4d21bb4b235ca,assets/resources/card/images/illust/tcg/04/4600.bmp,LocalData/93217544/0000/5d/5d3d443b
595,Fiend Reflection #1,4601,Fiend Reflection #1,high,curated,local_assets/card_art/cards/595/illustration.png,local_assets/card_art/candidates/common/04/4601.png,ad6f9aa8e83ea7f52f9f729cff28c092e10c811330a0faa008d1787e473d67f8,assets/resources/card/images/illust/common/04/4601.bmp,LocalData/93217544/0000/2a/2a3a74ad
596,Ghoul with an Appetite,4602,Ghoul with an Appetite,high,curated,local_assets/card_art/cards/596/illustration.png,local_assets/card_art/candidates/common/04/4602.png,f15206004bd948ef7bd0212518f24a785ae61a86f589cbd55b10c709c2a4ace6,assets/resources/card/images/illust/common/04/4602.bmp,LocalData/93217544/0000/b3/b3332517
597,Pale Beast,4603,Pale Beast,high,curated,local_assets/card_art/cards/597/illustration.png,local_assets/card_art/candidates/common/04/4603.png,1afdf1b2d0b88518dd59ee654977dcfdf83f70b9349f4df374e5f250b981df06,assets/resources/card/images/illust/common/04/4603.bmp,LocalData/93217544/0000/c4/c4341581
598,Little Chimera,4604,Little Chimera,high,curated,local_assets/card_art/cards/598/illustration.png,local_assets/card_art/candidates/common/04/4604.png,ff1bc9927ef640307091ffeec76277fcbd705ff12de68bf533ee6e919de476a8,assets/resources/card/images/illust/common/04/4604.bmp,LocalData/93217544/0000/5a/5a508022
599,Violent Rain,4605,Violent Rain,high,curated,local_assets/card_art/cards/599/illustration.png,local_assets/card_art/candidates/common/04/4605.png,26e9a75ffb2f8ef41d9c282c2b4dd5ff8e01bdbe9ee5c84b59346a3a99e79c60,assets/resources/card/images/illust/common/04/4605.bmp,LocalData/93217544/0000/2d/2d57b0b4
600,Key Mace #2,4606,Key Mace #2,high,curated,local_assets/card_art/cards/600/illustration.png,local_assets/card_art/candidates/common/04/4606.png,6737b28ab62a2d8c070bf34a9f38367cd22767f02dc48710c0a0e1061aba967c,assets/resources/card/images/illust/common/04/4606.bmp,LocalData/93217544/0000/b4/b45ee10e
601,Tenderness,4607,Tenderness,high,curated,local_assets/card_art/cards/601/illustration.png,local_assets/card_art/candidates/common/04/4607.png,f60c56b03012709a76057a76aac8801e0be51a43a31a60203030408ae4b53a40,assets/resources/card/images/illust/common/04/4607.bmp,LocalData/93217544/0000/c3/c359d198
602,Penguin Soldier,4608,Penguin Soldier,high,curated,local_assets/card_art/cards/602/illustration.png,local_assets/card_art/candidates/common/04/4608.png,a82e86265ecd2126ad498cefe1300533fa9b368c438bd7df54498f921d7bad0a,assets/resources/card/images/illust/common/04/4608.bmp,LocalData/93217544/0000/53/53e6cc09
603,Fairy Dragon,4609,Fairy Dragon,high,curated,local_assets/card_art/cards/603/illustration.png,local_assets/card_art/candidates/common/04/4609.png,740b75871d92b8ac82e3613fdd71dea9ccab429bc7ae0de37e213d461c44d9f0,assets/resources/card/images/illust/common/04/4609.bmp,LocalData/93217544/0000/24/24e1fc9f
604,Obese Marmot of Nefariousness,4610,Obese Marmot of Nefariousness,high,curated,local_assets/card_art/cards/604/illustration.png,local_assets/card_art/candidates/common/04/4610.png,92edd134995b83cb475588de097849d095e7dcdc0a5310b3a01f8f58713d6ce9,assets/resources/card/images/illust/common/04/4610.bmp,LocalData/93217544/0000/44/4426757a
605,Liquid Beast,4611,Liquid Beast,high,curated,local_assets/card_art/cards/605/illustration.png,local_assets/card_art/candidates/common/04/4611.png,a0e604ea3a01e92743655d9c56bcea21e067d126b6cd5646abf4749385d770aa,assets/resources/card/images/illust/common/04/4611.bmp,LocalData/93217544/0000/33/332145ec
606,Twin Long Rods #2,4612,Twin Long Rods #2,high,curated,local_assets/card_art/cards/606/illustration.png,local_assets/card_art/candidates/common/04/4612.png,d7c2683ae8aa58ffff6ce59de8b8cc1a2068657962263dfbd9c8051e6ef84be4,assets/resources/card/images/illust/common/04/4612.bmp,LocalData/93217544/0000/aa/aa281456
607,Great Bill,4613,Great Bill,high,curated,local_assets/card_art/cards/607/illustration.png,local_assets/card_art/candidates/common/04/4613.png,0e647aab62cefdb3ff071bf34e3d8f338f80f65de6391db68b6b7ea66d43bc18,assets/resources/card/images/illust/common/04/4613.bmp,LocalData/93217544/0000/dd/dd2f24c0
608,Shining Friendship,4614,Shining Friendship,high,curated,local_assets/card_art/cards/608/illustration.png,local_assets/card_art/candidates/tcg/04/4614.png,e16a79b6712e8ad9386d1aeb5be2b20e906c657f9dce374856e1650b2ae08236,assets/resources/card/images/illust/tcg/04/4614.bmp,LocalData/93217544/0000/43/434bb163
609,Bladefly,4615,Bladefly,high,curated,local_assets/card_art/cards/609/illustration.png,local_assets/card_art/candidates/common/04/4615.png,98e5ca8685397e1f3f1b7b030d6e90ca27eda9b27cc013f9f09b0c4bbede4eea,assets/resources/card/images/illust/common/04/4615.bmp,LocalData/93217544/0000/34/344c81f5
610,Electric Lizard,4616,Electric Lizard,high,curated,local_assets/card_art/cards/610/illustration.png,local_assets/card_art/candidates/common/04/4616.png,e62f2192cfef6a9308e96753cc53dae4f5e32af93b3ecbf861a08a71cf746f25,assets/resources/card/images/illust/common/04/4616.bmp,LocalData/93217544/0000/ad/ad45d04f
611,Hiro's Shadow Scout,4617,Hiro's Shadow Scout,high,curated,local_assets/card_art/cards/611/illustration.png,local_assets/card_art/candidates/common/04/4617.png,e426733bc6c0d32861851f3c0676c2e072c5a0cd3c9d73f80f325b2a994c045e,assets/resources/card/images/illust/common/04/4617.bmp,LocalData/93217544/0000/da/da42e0d9
612,Lady of Faith,4618,Lady of Faith,high,curated,local_assets/card_art/cards/612/illustration.png,local_assets/card_art/candidates/common/04/4618.png,17b4337e0d1105f5f6ba6284feebf7bb3f48b736313d29c56914acea9079cff5,assets/resources/card/images/illust/common/04/4618.bmp,LocalData/93217544/0000/4a/4afdfd48
613,Twin-Headed Thunder Dragon,4619,Twin-Headed Thunder Dragon,high,curated,local_assets/card_art/cards/613/illustration.png,local_assets/card_art/candidates/common/04/4619.png,76e8bce23c4355ad91ed4266b6046795edba9b450abb46b74932a3126292e856,assets/resources/card/images/illust/common/04/4619.bmp,LocalData/93217544/0000/3d/3dfacdde
614,Hunter Spider,4620,Hunter Spider,high,curated,local_assets/card_art/cards/614/illustration.png,local_assets/card_art/candidates/common/04/4620.png,6a184723e3ad1fa3ba2325cf15a7ffabcff0ad0b613d3424d76e47139e278388,assets/resources/card/images/illust/common/04/4620.bmp,LocalData/93217544/0000/6f/6f0b26b9
615,Armored Starfish,4621,Armored Starfish,high,curated,local_assets/card_art/cards/615/illustration.png,local_assets/card_art/candidates/common/04/4621.png,b037eeed5fd7266220aa52266a86d7681096dc819979046a33ac943143d06646,assets/resources/card/images/illust/common/04/4621.bmp,LocalData/93217544/0000/18/180c162f
616,Hourglass of Courage,4622,Hourglass of Courage,high,curated,local_assets/card_art/cards/616/illustration.png,local_assets/card_art/candidates/common/04/4622.png,97cb817102b939f2672e9afe610a1d7d21e57efeee2c39d13d0a2561390dc0e3,assets/resources/card/images/illust/common/04/4622.bmp,LocalData/93217544/0000/81/81054795
617,Marine Beast,4623,Marine Beast,high,curated,local_assets/card_art/cards/617/illustration.png,local_assets/card_art/candidates/common/04/4623.png,03b80649c93a1625941ad7bc7bfab66b42f86c7bbd0e0bf3a9c6b6ed42ac41cb,assets/resources/card/images/illust/common/04/4623.bmp,LocalData/93217544/0000/f6/f6027703
618,Warrior of Tradition,4624,Warrior of Tradition,high,curated,local_assets/card_art/cards/618/illustration.png,local_assets/card_art/candidates/common/04/4624.png,16f01f3c937ea2e5aafaa1f4c70c3e9525a7410ab49148f8172ea0eb7e60f07b,assets/resources/card/images/illust/common/04/4624.bmp,LocalData/93217544/0000/68/6866e2a0
619,Rock Spirit,4625,Rock Spirit,high,curated,local_assets/card_art/cards/619/illustration.png,local_assets/card_art/candidates/common/04/4625.png,83fcda3451c8e790d889381d0d0a35108ff0ca4936bc8c34b756ba167897b865,assets/resources/card/images/illust/common/04/4625.bmp,LocalData/93217544/0000/1f/1f61d236
620,Snakeyashi,4626,Snakeyashi,high,curated,local_assets/card_art/cards/620/illustration.png,local_assets/card_art/candidates/common/04/4626.png,8e0961865b4b936ead7965a5d16154ec442bcd847610ae6449c7a1772115341c,assets/resources/card/images/illust/common/04/4626.bmp,LocalData/93217544/0000/86/8668838c
621,Succubus Knight,4627,Succubus Knight,high,curated,local_assets/card_art/cards/621/illustration.png,local_assets/card_art/candidates/tcg/04/4627.png,d958e8591394a38d96d674c8d8e2cfb0cdfecee6e4e47569f69e333615a58caf,assets/resources/card/images/illust/tcg/04/4627.bmp,LocalData/93217544/0000/f1/f16fb31a
622,Ill Witch,4628,Ill Witch,high,curated,local_assets/card_art/cards/622/illustration.png,local_assets/card_art/candidates/tcg/04/4628.png,72560753890a7cae13d71c9b8646bfaca7b8d5deae00bcd0168b705d55b773ae,assets/resources/card/images/illust/tcg/04/4628.bmp,LocalData/93217544/0000/61/61d0ae8b
623,The Thing That Hides in the Mud,4629,The Thing That Hides in the Mud,high,curated,local_assets/card_art/cards/623/illustration.png,local_assets/card_art/candidates/common/04/4629.png,49be0fb9e392d25f1aca93ccc9ed26af33e0531869fa9f3b9be29c0fb33a532c,assets/resources/card/images/illust/common/04/4629.bmp,LocalData/93217544/0000/16/16d79e1d
624,High Tide Gyojin,4630,High Tide Gyojin,high,curated,local_assets/card_art/cards/624/illustration.png,local_assets/card_art/candidates/common/04/4630.png,800bb661412ba195ff7417845a23f49ca3c9720c6a39bf123f05a25b24380303,assets/resources/card/images/illust/common/04/4630.bmp,LocalData/93217544/0000/76/761017f8
625,Fairy of the Fountain,4631,Fairy of the Fountain,high,curated,local_assets/card_art/cards/625/illustration.png,local_assets/card_art/candidates/tcg/04/4631.png,ac53296a39b3b29041ad9ff08f91ccaf8044f320e7982f659ce05113ff915081,assets/resources/card/images/illust/tcg/04/4631.bmp,LocalData/93217544/0000/01/0117276e
626,Amazon of the Seas,4632,Amazon of the Seas,high,curated,local_assets/card_art/cards/626/illustration.png,local_assets/card_art/candidates/tcg/04/4632.png,0845387ab17936aa139dc5c1487d5136ae67e929471c0f6ae3487824c8ff5237,assets/resources/card/images/illust/tcg/04/4632.bmp,LocalData/93217544/0000/98/981e76d4
627,Nekogal #2,4633,Nekogal #2,high,curated,local_assets/card_art/cards/627/illustration.png,local_assets/card_art/candidates/tcg/04/4633.png,54c9fd1b987fff0dcf25642dbce0478d23f2f1b6a5c76cf60b86b23e1226ee2c,assets/resources/card/images/illust/tcg/04/4633.bmp,LocalData/93217544/0000/ef/ef194642
628,Witch's Apprentice,4634,Witch's Apprentice,high,curated,local_assets/card_art/cards/628/illustration.png,local_assets/card_art/candidates/common/04/4634.png,a26b66d377284ec3fe37eee37bb6a75970c43c3d5800a7082f6df8b4f37494b7,assets/resources/card/images/illust/common/04/4634.bmp,LocalData/93217544/0000/71/717dd3e1
629,Armored Rat,4635,Armored Rat,high,curated,local_assets/card_art/cards/629/illustration.png,local_assets/card_art/candidates/common/04/4635.png,bf166d0f87240c6191c0802dda7d33c416308a76a739aff7fef10f5cb93ed7fb,assets/resources/card/images/illust/common/04/4635.bmp,LocalData/93217544/0000/06/067ae377
630,Ancient Lizard Warrior,4636,Ancient Lizard Warrior,high,curated,local_assets/card_art/cards/630/illustration.png,local_assets/card_art/candidates/common/04/4636.png,3ee83a0eb56e59aa19200da985663f76a684faa92ac2674d3f145ce4a34f2b8e,assets/resources/card/images/illust/common/04/4636.bmp,LocalData/93217544/0000/9f/9f73b2cd
631,Maiden of the Moonlight,4637,Maiden of the Moonlight,high,curated,local_assets/card_art/cards/631/illustration.png,local_assets/card_art/candidates/tcg/04/4637.png,6edb249b40aaec89b6e9591838bf86291e094e34d625c502db9f0a88d0934e6d,assets/resources/card/images/illust/tcg/04/4637.bmp,LocalData/93217544/0000/e8/e874825b
632,Stone Ogre Grotto,4638,Stone Ogre Grotto,high,curated,local_assets/card_art/cards/632/illustration.png,local_assets/card_art/candidates/common/04/4638.png,e50be5a02cf5121b655df70adc59f07bb305e1a5e7e8f5a735ef7ca1214f312c,assets/resources/card/images/illust/common/04/4638.bmp,LocalData/93217544/0000/78/78cb9fca
633,Winged Egg of New Life,4639,Winged Egg of New Life,high,curated,local_assets/card_art/cards/633/illustration.png,local_assets/card_art/candidates/common/04/4639.png,b19bc0b8b94d8b80a87e8e972bc82c02d391e344e8948d89cb04e3905ba949e2,assets/resources/card/images/illust/common/04/4639.bmp,LocalData/93217544/0000/0f/0fccaf5c
634,Night Lizard,4640,Night Lizard,high,curated,local_assets/card_art/cards/634/illustration.png,local_assets/card_art/candidates/common/04/4640.png,b1834cd13077f0e271a9294c5260e7d5e4d9d81d03acb7a689f7664a54882bcb,assets/resources/card/images/illust/common/04/4640.bmp,LocalData/93217544/0000/39/3951813f
635,Queen's Double,4641,Queen's Double,high,curated,local_assets/card_art/cards/635/illustration.png,local_assets/card_art/candidates/common/04/4641.png,329138a34b0a67588b16efa23c451f888f9965a93acf1f2117bc977ba68d667d,assets/resources/card/images/illust/common/04/4641.bmp,LocalData/93217544/0000/4e/4e56b1a9
636,Blue-Winged Crown,4642,Blue-Winged Crown,high,curated,local_assets/card_art/cards/636/illustration.png,local_assets/card_art/candidates/common/04/4642.png,fa05fd32de9e772b0a7b08dfd75ca0509067bc088a3c6784d86f2be0fc921928,assets/resources/card/images/illust/common/04/4642.bmp,LocalData/93217544/0000/d7/d75fe013
637,Trent,4643,Trent,high,curated,local_assets/card_art/cards/637/illustration.png,local_assets/card_art/candidates/common/04/4643.png,72e2fa7a0354091fcefc78ec185ff3f0564f0fc90a476bce31b5c30500f3506a,assets/resources/card/images/illust/common/04/4643.bmp,LocalData/93217544/0000/a0/a058d085
638,Queen of Autumn Leaves,4644,Queen of Autumn Leaves,high,curated,local_assets/card_art/cards/638/illustration.png,local_assets/card_art/candidates/common/04/4644.png,aa2e31670399f0a8febe787d1d4d8547bb59586ab3843cf9c60271edeaa64259,assets/resources/card/images/illust/common/04/4644.bmp,LocalData/93217544/0000/3e/3e3c4526
639,Amphibious Bugroth,4645,Amphibious Bugroth,high,curated,local_assets/card_art/cards/639/illustration.png,local_assets/card_art/candidates/common/04/4645.png,094acd47bc736d150ef6b6e11f5ba01289e0fd88ac6ed8f4b201bc58a4d7a554,assets/resources/card/images/illust/common/04/4645.bmp,LocalData/93217544/0000/49/493b75b0
640,Acid Crawler,4646,Acid Crawler,high,curated,local_assets/card_art/cards/640/illustration.png,local_assets/card_art/candidates/common/04/4646.png,b9b46d3d18ec77f139c61b4e913bb882c0d9a7a59da35017ebf3647032ef9117,assets/resources/card/images/illust/common/04/4646.bmp,LocalData/93217544/0000/d0/d032240a
641,Invader of the Throne,4647,Invader of the Throne,high,curated,local_assets/card_art/cards/641/illustration.png,local_assets/card_art/candidates/tcg/04/4647.png,211e934bab424714b306f374ccf93d3b831d60b706fbfd01690f10840b9f0bef,assets/resources/card/images/illust/tcg/04/4647.bmp,LocalData/93217544/0000/a7/a735149c
642,Mystical Sheep #1,4648,Mystical Sheep #1,high,curated,local_assets/card_art/cards/642/illustration.png,local_assets/card_art/candidates/common/04/4648.png,a176baa37de4b1b20ee701ad7f13626da6e9c6788f96348466282050ff1ea76d,assets/resources/card/images/illust/common/04/4648.bmp,LocalData/93217544/0000/37/378a090d
643,Disk Magician,4649,Disk Magician,high,curated,local_assets/card_art/cards/643/illustration.png,local_assets/card_art/candidates/common/04/4649.png,dac30ac509fe42e287ea9dcb8743b753201742ffcc26270489720a07e657f8ed,assets/resources/card/images/illust/common/04/4649.bmp,LocalData/93217544/0000/40/408d399b
644,Flame Viper,4650,Flame Viper,high,curated,local_assets/card_art/cards/644/illustration.png,local_assets/card_art/candidates/common/04/4650.png,feec67869971d2e83ca35fd84ff2a889c924321041fdbffafb428b6a0df1972a,assets/resources/card/images/illust/common/04/4650.bmp,LocalData/93217544/0000/20/204ab07e
645,Royal Guard,4651,Royal Guard,high,curated,local_assets/card_art/cards/645/illustration.png,local_assets/card_art/candidates/common/04/4651.png,34b720163b2a6c6171d1e3efa6a6a62cbccac557b3f7fd768b953bfdb0c4d195,assets/resources/card/images/illust/common/04/4651.bmp,LocalData/93217544/0000/57/574d80e8
646,Gruesome Goo,4652,Gruesome Goo,high,curated,local_assets/card_art/cards/646/illustration.png,local_assets/card_art/candidates/common/04/4652.png,36704b7284b5924638c4e27a2137493bfcd93565b8a7d668223ac4b0d25916ed,assets/resources/card/images/illust/common/04/4652.bmp,LocalData/93217544/0000/ce/ce44d152
647,Hyosube,4653,Hyosube,high,curated,local_assets/card_art/cards/647/illustration.png,local_assets/card_art/candidates/common/04/4653.png,539c9ff0602d6555b33ef96cc5742eead26d553b37cec48e529324996700e858,assets/resources/card/images/illust/common/04/4653.bmp,LocalData/93217544/0000/b9/b943e1c4
648,Machine Attacker,4654,Machine Attacker,high,curated,local_assets/card_art/cards/648/illustration.png,local_assets/card_art/candidates/common/04/4654.png,34f5d4579ae668d4c09eca60abba50d5ef99844b8a6de5fd41429ab9f10c627e,assets/resources/card/images/illust/common/04/4654.bmp,LocalData/93217544/0000/27/27277467
649,Hibikime,4655,Hibikime,high,curated,local_assets/card_art/cards/649/illustration.png,local_assets/card_art/candidates/common/04/4655.png,f6bf9a26cead4acc81a4b62bb91ccbae575eb6a429a7831e40408f9dd836ad38,assets/resources/card/images/illust/common/04/4655.bmp,LocalData/93217544/0000/50/502044f1
650,Whiptail Crow,4656,Whiptail Crow,high,curated,local_assets/card_art/cards/650/illustration.png,local_assets/card_art/candidates/common/04/4656.png,056f1c089d780daa544f5ad4f726024795b57294c40d2461af8dadee6bd8e58d,assets/resources/card/images/illust/common/04/4656.bmp,LocalData/93217544/0000/c9/c929154b
651,Kunai with Chain,4657,Kunai with Chain,high,curated,local_assets/card_art/cards/651/illustration.png,local_assets/card_art/candidates/common/04/4657.png,436a05a04e1ae736cc22cbfcc37d7b70636b2067ad56d3860b054bbf3c1c0a9a,assets/resources/card/images/illust/common/04/4657.bmp,masterduel_Data/StreamingAssets/AssetBundle/be/be2e25dd
652,Magical Labyrinth,4658,Magical Labyrinth,high,curated,local_assets/card_art/cards/652/illustration.png,local_assets/card_art/candidates/common/04/4658.png,a1403334e7bdaea6eade9b895656550c9de78d998b7b3d906add1ed2aca3f87d,assets/resources/card/images/illust/common/04/4658.bmp,LocalData/93217544/0000/2e/2e91384c
653,Warrior Elimination,4659,Warrior Elimination,high,curated,local_assets/card_art/cards/653/illustration.png,local_assets/card_art/candidates/common/04/4659.png,20580088322e3d8d520589dc49b561179c51dbabcc512d726251f385ddbdc208,assets/resources/card/images/illust/common/04/4659.bmp,LocalData/93217544/0000/59/599608da
654,Salamandra,4660,Salamandra,high,curated,local_assets/card_art/cards/654/illustration.png,local_assets/card_art/candidates/common/04/4660.png,d52b1df9ed6c4ba608d93c96b6acebbf69eb8a865c64fef6090cd5d0e6c676b3,assets/resources/card/images/illust/common/04/4660.bmp,LocalData/93217544/0000/0b/0b67e3bd
655,Cursebreaker,,,unmatched,unmatched_name,,,,,
656,Eternal Rest,4662,Eternal Rest,high,curated,local_assets/card_art/cards/656/illustration.png,local_assets/card_art/candidates/common/04/4662.png,43a8a4868fbf764b3f9946f496173f69893ad7a5c3a8a790dd4eee9965e422b0,assets/resources/card/images/illust/common/04/4662.bmp,LocalData/93217544/0000/e5/e5698291
657,Megamorph,4663,Megamorph,high,curated,local_assets/card_art/cards/657/illustration.png,local_assets/card_art/candidates/common/04/4663.png,fe2c86e45e56dfadd0db790f0b49f1857be1290898b2d3bc4762160c74d24497,assets/resources/card/images/illust/common/04/4663.bmp,LocalData/93217544/0000/92/926eb207
658,Metalmorph,4664,Metalmorph,high,curated,local_assets/card_art/cards/658/illustration.png,local_assets/card_art/candidates/common/04/4664.png,487cad61dbc920a33c15b1b808d97ff7742fdf4c3e805a31096c317df6cd2c56,assets/resources/card/images/illust/common/04/4664.bmp,LocalData/93217544/0000/0c/0c0a27a4
659,Winged Trumpeter,,,unmatched,unmatched_name,,,,,
660,Stain Storm,,,unmatched,unmatched_name,,,,,
661,Crush Card,,,unmatched,unmatched_name,,,,,
662,Eradicating Aerosol,4668,Eradicating Aerosol,high,curated,local_assets/card_art/cards/662/illustration.png,local_assets/card_art/candidates/tcg/04/4668.png,114bb8d15753cad4487494f0696c8ce00d5043094ae2808a5d5c7f18e7b59dc8,assets/resources/card/images/illust/tcg/04/4668.bmp,LocalData/93217544/0000/05/05bc6b8f
663,Breath of Light,4669,Breath of Light,high,curated,local_assets/card_art/cards/663/illustration.png,local_assets/card_art/candidates/common/04/4669.png,0b91092101976aada6f49e9d094d8ea46a67598a43a728d091fd580c28ed3f15,assets/resources/card/images/illust/common/04/4669.bmp,LocalData/93217544/0000/72/72bb5b19
664,Eternal Drought,4670,Eternal Drought,high,curated,local_assets/card_art/cards/664/illustration.png,local_assets/card_art/candidates/common/04/4670.png,7831c637b91ecad6894d51a1e7bdb57092bbde5e64992363123363ab61fc312d,assets/resources/card/images/illust/common/04/4670.bmp,LocalData/93217544/0000/12/127cd2fc
665,Curse of Millennium Shield,,,unmatched,unmatched_name,,,,,
666,Yamadron Ritual,,,unmatched,unmatched_name,,,,,
667,Gate Guardian Ritual,,,unmatched,unmatched_name,,,,,
668,Bright Castle,,,unmatched,unmatched_name,,,,,
669,Shadow Spell,4675,Shadow Spell,high,curated,local_assets/card_art/cards/669/illustration.png,local_assets/card_art/candidates/common/04/4675.png,87da7622f822d677c44d4138011fe75fb025de8960bdbad3378ce4b50206114e,assets/resources/card/images/illust/common/04/4675.bmp,LocalData/93217544/0000/62/62162673
670,Black Luster Ritual,4676,Black Luster Ritual,high,curated,local_assets/card_art/cards/670/illustration.png,local_assets/card_art/candidates/common/04/4676.png,4641e34bef580e2952d3f1a3c181e55dddacc90b446827acb87db553e803a6e8,assets/resources/card/images/illust/common/04/4676.bmp,LocalData/93217544/0000/fb/fb1f77c9
671,Zera Ritual,4677,Zera Ritual,high,curated,local_assets/card_art/cards/671/illustration.png,local_assets/card_art/candidates/common/04/4677.png,02164ee33494aa70213d8615640257893a17bd7aa0768969af498c54704cc4f2,assets/resources/card/images/illust/common/04/4677.bmp,LocalData/93217544/0000/8c/8c18475f
672,Harpie's Feather Duster,4678,Harpie's Feather Duster,high,curated,local_assets/card_art/cards/672/illustration.png,local_assets/card_art/candidates/common/04/4678.png,1b83a14387069586d0cebb499fbc042019b41eca314956d2b828ef232f60ff06,assets/resources/card/images/illust/common/04/4678.bmp,LocalData/93217544/0000/1c/1ca75ace
673,War-Lion Ritual,4679,War-Lion Ritual,high,curated,local_assets/card_art/cards/673/illustration.png,local_assets/card_art/candidates/common/04/4679.png,3d59d70d4691c2382daef6a75fcd730299d0062930ba497cb54ef379cdb93d3d,assets/resources/card/images/illust/common/04/4679.bmp,LocalData/93217544/0000/6b/6ba06a58
674,Beastly Mirror Ritual,4680,Beastly Mirror Ritual,high,curated,local_assets/card_art/cards/674/illustration.png,local_assets/card_art/candidates/tcg/04/4680.png,72326bdf78fecdd6896257bd13f98682c5b5df33e0a9906551867959f1cf8ca3,assets/resources/card/images/illust/tcg/04/4680.bmp,LocalData/93217544/0000/95/95e4ce33
675,Ultimate Dragon,,,unmatched,unmatched_name,,,,,
676,Commencement Dance,4682,Commencement Dance,high,curated,local_assets/card_art/cards/676/illustration.png,local_assets/card_art/candidates/common/04/4682.png,71b596a4aec7eb9dc5c9974e5628bf65cee0db5f0ae36e4f9f4a8d943b0e861a,assets/resources/card/images/illust/common/04/4682.bmp,LocalData/93217544/0000/7b/7beaaf1f
677,Hamburger Recipe,4683,Hamburger Recipe,high,curated,local_assets/card_art/cards/677/illustration.png,local_assets/card_art/candidates/common/04/4683.png,024fc2d4969c800ebfa6a51d84870b8fc565cdff96058784d3be0c7c0e9f3316,assets/resources/card/images/illust/common/04/4683.bmp,LocalData/93217544/0000/0c/0ced9f89
678,Revival of Sennen Genjin,,,unmatched,unmatched_name,,,,,
679,Novox's Prayer,4685,Novox's Prayer,high,curated,local_assets/card_art/cards/679/illustration.png,local_assets/card_art/candidates/common/04/4685.png,0dba35d009e5320c996b3ecec8afb046f1333b5d9251eb90740b4ed071ccc697,assets/resources/card/images/illust/common/04/4685.bmp,LocalData/93217544/0000/e5/e58e3abc
680,Curse of Tri-Horned Dragon,,,unmatched,unmatched_name,,,,,
681,House of Adhesive Tape,4687,House of Adhesive Tape,high,curated,local_assets/card_art/cards/681/illustration.png,local_assets/card_art/candidates/common/04/4687.png,2e71b3e23ace3eb08f76b2b6cf7477cd2af35eea07e6afb543ccc5e8da5c7459,assets/resources/card/images/illust/common/04/4687.bmp,LocalData/93217544/0000/0b/0b805b90
682,Eatgaboon,4688,Eatgaboon,high,curated,local_assets/card_art/cards/682/illustration.png,local_assets/card_art/candidates/common/04/4688.png,fda0331aa2e028c1443a98ce8384ae8f35a5ece7cb45a2f4a86f06f7ac1ab19f,assets/resources/card/images/illust/common/04/4688.bmp,LocalData/93217544/0000/9b/9b3f4601
683,Bear Trap,,,unmatched,unmatched_name,,,,,
684,Invisible Wire,,,unmatched,unmatched_name,,,,,
685,Acid Trap Hole,4691,Acid Trap Hole,high,curated,local_assets/card_art/cards/685/illustration.png,local_assets/card_art/candidates/common/04/4691.png,f9d46184c3a7942ebbe2a1c46e09ad407c9c818e65bd7c8a8bf8691fdb969873,assets/resources/card/images/illust/common/04/4691.bmp,LocalData/93217544/0000/fb/fbf8cfe4
686,Widespread Ruin,4692,Widespread Ruin,high,curated,local_assets/card_art/cards/686/illustration.png,local_assets/card_art/candidates/common/04/4692.png,b2e8e5fbd8c2840ab9e581e2e890584ec2763fd8e5b8259857c511dc0f5cecfd,assets/resources/card/images/illust/common/04/4692.bmp,LocalData/93217544/0000/62/62f19e5e
687,Goblin Fan,4693,Goblin Fan,high,curated,local_assets/card_art/cards/687/illustration.png,local_assets/card_art/candidates/common/04/4693.png,c600f5a8aaec0e098383903093ac9c8125c1dc1afd6f430d04c03a8603d53fe2,assets/resources/card/images/illust/common/04/4693.bmp,LocalData/93217544/0000/15/15f6aec8
688,Bad Reaction to Simochi,4694,Bad Reaction to Simochi,high,curated,local_assets/card_art/cards/688/illustration.png,local_assets/card_art/candidates/common/04/4694.png,dff968393de7ae222b85d12fec67e502db6a8ec44d0cd21d470f23e1d42afdb5,assets/resources/card/images/illust/common/04/4694.bmp,LocalData/93217544/0000/8b/8b923b6b
689,Reverse Trap,4695,Reverse Trap,high,curated,local_assets/card_art/cards/689/illustration.png,local_assets/card_art/candidates/common/04/4695.png,97bf50847bc8aa102bf646a1aa54c4aa5d93325a971cbe69b151a26d03b9e2a6,assets/resources/card/images/illust/common/04/4695.bmp,LocalData/93217544/0000/fc/fc950bfd
690,Fake Trap,4696,Fake Trap,high,curated,local_assets/card_art/cards/690/illustration.png,local_assets/card_art/candidates/tcg/04/4696.png,8e6a393d9960a2ad016a362ade7e93fcadeb06802f2c754c5daad6bdb502db8c,assets/resources/card/images/illust/tcg/04/4696.bmp,LocalData/93217544/0000/65/659c5a47
691,Revived Serpent Night Dragon,,,unmatched,unmatched_name,,,,,
692,Turtle Oath,4698,Turtle Oath,high,curated,local_assets/card_art/cards/692/illustration.png,local_assets/card_art/candidates/common/04/4698.png,8e65aab628ce8d1bc7e01612d0ba554851e5708c8b7b5d8bf858c0b77f2c6b50,assets/resources/card/images/illust/common/04/4698.bmp,LocalData/93217544/0000/82/82247740
693,Contract of Mask,,,unmatched,unmatched_name,,,,,
694,Resurrection of Chakra,4700,Resurrection of Chakra,high,curated,local_assets/card_art/cards/694/illustration.png,local_assets/card_art/candidates/tcg/04/4700.png,060e7d5c9d7ea8dddd73f7b91b4bbef26989452af1beab38e95c9ec2282cf87d,assets/resources/card/images/illust/tcg/04/4700.bmp,LocalData/93217544/0000/5c/5cff2e0c
695,Puppet Ritual,10724,Puppet Ritual,high,curated,local_assets/card_art/cards/695/illustration.png,local_assets/card_art/candidates/common/10/10724.png,8a31d1f573d78bcdf3d766e1ceeb9840a257bcfceaaf6e7414343adf0584117d,assets/resources/card/images/illust/common/10/10724.bmp,LocalData/93217544/0000/98/98126bf3
696,Javelin Beetle Pact,4702,Javelin Beetle Pact,high,curated,local_assets/card_art/cards/696/illustration.png,local_assets/card_art/candidates/common/04/4702.png,35b546203cbc1e02de5ffebe1da3053f08e6bad56a174bff10e29e08d244e391,assets/resources/card/images/illust/common/04/4702.bmp,LocalData/93217544/0000/b2/b2f14f20
697,Garma Sword Oath,4703,Garma Sword Oath,high,curated,local_assets/card_art/cards/697/illustration.png,local_assets/card_art/candidates/common/04/4703.png,fca9c16acb99504d9043e3ccd4effb1782988a63b6d7764f88a13e942a5344f7,assets/resources/card/images/illust/common/04/4703.bmp,LocalData/93217544/0000/c5/c5f67fb6
698,Cosmo Queen's Prayer,,,unmatched,unmatched_name,,,,,
699,Revival of Dokurorider,4705,Revival of Dokurorider,high,curated,local_assets/card_art/cards/699/illustration.png,local_assets/card_art/candidates/common/04/4705.png,71dc561c4ea3d42a0c684cdbd661ee4b27bfdbee292f3b1f21c3390dfc53dfe6,assets/resources/card/images/illust/common/04/4705.bmp,LocalData/93217544/0000/2c/2c95da83
700,Fortress Whale's Oath,4706,Fortress Whale's Oath,high,curated,local_assets/card_art/cards/700/illustration.png,local_assets/card_art/candidates/common/04/4706.png,1ee8368d7b7beb9b30150fb50e6168e76c2d5ff3a24235fe504dfcb60f444fc0,assets/resources/card/images/illust/common/04/4706.bmp,LocalData/93217544/0000/b5/b59c8b39
701,Performance of Sword,4707,Performance of Sword,high,curated,local_assets/card_art/cards/701/illustration.png,local_assets/card_art/candidates/tcg/04/4707.png,b91d0dc63735ec143111c725a3f3580e7ce11186d4b1bcaad21f5e07492a795b,assets/resources/card/images/illust/tcg/04/4707.bmp,LocalData/93217544/0000/c2/c29bbbaf
702,Hungry Burger,4708,Hungry Burger,high,curated,local_assets/card_art/cards/702/illustration.png,local_assets/card_art/candidates/common/04/4708.png,1fea1acfac0eec9f38cacb951cb5f354da88ed40f2a7d131c104a96c0d4fe77c,assets/resources/card/images/illust/common/04/4708.bmp,LocalData/93217544/0000/52/5224a63e
703,Sengenjin,4709,Sengenjin,high,curated,local_assets/card_art/cards/703/illustration.png,local_assets/card_art/candidates/common/04/4709.png,7131801e432497ce29b56a8c2b0ef4870d4e58e65df23a7406dc4429adfc0053,assets/resources/card/images/illust/common/04/4709.bmp,LocalData/93217544/0000/25/252396a8
704,Skull Guardian,4710,Skull Guardian,high,curated,local_assets/card_art/cards/704/illustration.png,local_assets/card_art/candidates/common/04/4710.png,434bca9ed96a9de486b9f88a75f28813dc1a7b87df4b1a6ce3362ce7c2ff36d2,assets/resources/card/images/illust/common/04/4710.bmp,LocalData/93217544/0000/45/45e41f4d
705,Tri-Horned Dragon,4711,Tri-Horned Dragon,high,curated,local_assets/card_art/cards/705/illustration.png,local_assets/card_art/candidates/common/04/4711.png,5ab81a245720ff5c8b30df1bc7cb456eb23489d5586a42dda7a4c15bd4665383,assets/resources/card/images/illust/common/04/4711.bmp,LocalData/93217544/0000/32/32e32fdb
706,Serpent Night Dragon,4712,Serpent Night Dragon,high,curated,local_assets/card_art/cards/706/illustration.png,local_assets/card_art/candidates/common/04/4712.png,e204004d69b9c627b9ca702b6633f6f4a61f248d2a235148f3e20899231e74e3,assets/resources/card/images/illust/common/04/4712.bmp,LocalData/93217544/0000/ab/abea7e61
707,Skull Knight,4713,Skull Knight,high,curated,local_assets/card_art/cards/707/illustration.png,local_assets/card_art/candidates/common/04/4713.png,4748134e74b98faade52eff74a7b8b6832be80dfd13473b96d203c5d4d740acc,assets/resources/card/images/illust/common/04/4713.bmp,LocalData/93217544/0000/dc/dced4ef7
708,Cosmo Queen,4714,Cosmo Queen,high,curated,local_assets/card_art/cards/708/illustration.png,local_assets/card_art/candidates/common/04/4714.png,8a026652bea37b07c40a5fdeaa5287c33d0679fdf7b2a45247db4e575a7d49cf,assets/resources/card/images/illust/common/04/4714.bmp,LocalData/93217544/0000/42/4289db54
709,Chakra,4715,Chakra,high,curated,local_assets/card_art/cards/709/illustration.png,local_assets/card_art/candidates/common/04/4715.png,0fe2abbd9b514b99275bf88ed7859ecd652c72e54f0244ae7484a44464280a87,assets/resources/card/images/illust/common/04/4715.bmp,LocalData/93217544/0000/35/358eebc2
710,Crab Turtle,4716,Crab Turtle,high,curated,local_assets/card_art/cards/710/illustration.png,local_assets/card_art/candidates/common/04/4716.png,97d9040aed1cb9e21e13ea4d87c652228bbb8087cf33f202630445ae20e9fc3f,assets/resources/card/images/illust/common/04/4716.bmp,LocalData/93217544/0000/ac/ac87ba78
711,Mikazukinoyaiba,4717,Mikazukinoyaiba,high,curated,local_assets/card_art/cards/711/illustration.png,local_assets/card_art/candidates/common/04/4717.png,9570b5af1c01eabda85e0b0bd45162ea9b39e29682f64479ad176ea11bcce49f,assets/resources/card/images/illust/common/04/4717.bmp,LocalData/93217544/0000/db/db808aee
712,Meteor Dragon,4718,Meteor Dragon,high,curated,local_assets/card_art/cards/712/illustration.png,local_assets/card_art/candidates/common/04/4718.png,869f6ce2e2fe21b03ef02fd0f4ad68fd82308384faf48a505722dfd102af0ff0,assets/resources/card/images/illust/common/04/4718.bmp,LocalData/93217544/0000/4b/4b3f977f
713,Meteor B. Dragon,,,unmatched,unmatched_name,,,,,
714,Firewing Pegasus,4720,Firewing Pegasus,high,curated,local_assets/card_art/cards/714/illustration.png,local_assets/card_art/candidates/common/04/4720.png,bd22b27c2b8ec8be50a773e0c5727a49dd3b13750cd3777596957edade095ef0,assets/resources/card/images/illust/common/04/4720.bmp,LocalData/93217544/0000/6e/6ec94c8e
715,Psycho-Puppet,,,unmatched,unmatched_name,,,,,
716,Garma Sword,4722,Garma Sword,high,curated,local_assets/card_art/cards/716/illustration.png,local_assets/card_art/candidates/common/04/4722.png,9e7c11843256ff65491f8bd23c457e22fc75eb4db1e99f408363d31b851dffff,assets/resources/card/images/illust/common/04/4722.bmp,LocalData/93217544/0000/80/80c72da2
717,Javelin Beetle,4723,Javelin Beetle,high,curated,local_assets/card_art/cards/717/illustration.png,local_assets/card_art/candidates/common/04/4723.png,f3432252f3fa67448651ea85e7c2c26def2c850e7709488fabef58d8fd91f962,assets/resources/card/images/illust/common/04/4723.bmp,LocalData/93217544/0000/f7/f7c01d34
718,Fortress Whale,4724,Fortress Whale,high,curated,local_assets/card_art/cards/718/illustration.png,local_assets/card_art/candidates/tcg/04/4724.png,7001e7b7b1a0599d7102836e29ae7ab3fb5baba92a889d08c40b6d6972f5a011,assets/resources/card/images/illust/tcg/04/4724.bmp,LocalData/93217544/0000/69/69a48897
719,Dokurorider,4725,Dokurorider,high,curated,local_assets/card_art/cards/719/illustration.png,local_assets/card_art/candidates/common/04/4725.png,bc6cff0616f60dfa32968e2aeba3ef0fed72897b0d96ecae1498d5d7432a3fb8,assets/resources/card/images/illust/common/04/4725.bmp,LocalData/93217544/0000/1e/1ea3b801
720,Mask of Shine & Dark,,,unmatched,unmatched_name,,,,,
721,Magician of Black Chaos,4728,Magician of Black Chaos,high,curated,local_assets/card_art/cards/721/illustration.png,local_assets/card_art/candidates/tcg/04/4728.png,90af7211dd0b489437bd84729e04827244aa3b497dd9de7c545c55d72ad9f9c9,assets/resources/card/images/illust/tcg/04/4728.bmp,LocalData/93217544/0000/60/6012c4bc
722,Dark Magic Ritual,,,unmatched,unmatched_name,,,,,
723,Slot Machine,4729,Slot Machine,high,curated,local_assets/card_art/cards/723/illustration.png,local_assets/card_art/candidates/common/04/4729.png,3322024ae2d323510c252319b9ff8873f1b41731df920a340cb10eb9a284ac21,assets/resources/card/images/illust/common/04/4729.bmp,LocalData/93217544/0000/17/1715f42a
724,Space Megatron,,,unmatched,unmatched_name,,,,,
725,Red Archery Girl,4731,Red Archery Girl,high,curated,local_assets/card_art/cards/725/illustration.png,local_assets/card_art/candidates/tcg/04/4731.png,89c637d6c431caa78a84f9403c41479f4ec827cdc3579876f0aee444222b20c9,assets/resources/card/images/illust/tcg/04/4731.bmp,LocalData/93217544/0000/00/00d54d59
726,Ryu-Ran,4732,Ryu-Ran,high,curated,local_assets/card_art/cards/726/illustration.png,local_assets/card_art/candidates/common/04/4732.png,c7f322305d18d42723f4472504e368077523f58875659c8a4264cf6802354b53,assets/resources/card/images/illust/common/04/4732.bmp,LocalData/93217544/0000/99/99dc1ce3
727,Manga Ryu-Ran,4733,Manga Ryu-Ran,high,curated,local_assets/card_art/cards/727/illustration.png,local_assets/card_art/candidates/common/04/4733.png,a7901fb6cce9c78ce962a03e03dd81c4ba3bd78d542991cc195eb9d358eb5090,assets/resources/card/images/illust/common/04/4733.bmp,LocalData/93217544/0000/ee/eedb2c75
728,Toon Mermaid,4734,Toon Mermaid,high,curated,local_assets/card_art/cards/728/illustration.png,local_assets/card_art/candidates/common/04/4734.png,81f95983d32541235435f051739fde7cd26e66ef43b879fb01aa111e43ea618b,assets/resources/card/images/illust/common/04/4734.bmp,LocalData/93217544/0000/70/70bfb9d6
729,Toon Summoned Skull,4735,Toon Summoned Skull,high,curated,local_assets/card_art/cards/729/illustration.png,local_assets/card_art/candidates/common/04/4735.png,9a70e2486fd4e85222fc12c92536520fa15224045e1b6fa0580e2f20787a4426,assets/resources/card/images/illust/common/04/4735.bmp,LocalData/93217544/0000/07/07b88940
730,Dark-Eyes Illusionist,4736,Dark-Eyes Illusionist,high,curated,local_assets/card_art/cards/730/illustration.png,local_assets/card_art/candidates/common/04/4736.png,1b685be865aef11c305921a0063353f43c05f441e28acf6f08310a108ea11ed7,assets/resources/card/images/illust/common/04/4736.bmp,LocalData/93217544/0000/9e/9eb1d8fa
731,Relinquished,4737,Relinquished,high,curated,local_assets/card_art/cards/731/illustration.png,local_assets/card_art/candidates/common/04/4737.png,806a2d8ff643b4ac31208a357a8b3fc4e8fe295060b7966dc60a5fba8cb09362,assets/resources/card/images/illust/common/04/4737.bmp,LocalData/93217544/0000/e9/e9b6e86c
732,Jigen Bakudan,4738,Jigen Bakudan,high,curated,local_assets/card_art/cards/732/illustration.png,local_assets/card_art/candidates/common/04/4738.png,82d02b91c31c17860abc949436fa7ca7ab37bdc65c629c800449b7abb80fa32d,assets/resources/card/images/illust/common/04/4738.bmp,LocalData/93217544/0000/79/7909f5fd
733,Thousand-Eyes Idol,4739,Thousand-Eyes Idol,high,curated,local_assets/card_art/cards/733/illustration.png,local_assets/card_art/candidates/common/04/4739.png,8c257a145277e2017ab136ab0f258c261746c2c240559629fae966dca1163920,assets/resources/card/images/illust/common/04/4739.bmp,LocalData/93217544/0000/0e/0e0ec56b
734,Thousand-Eyes Restrict,4740,Thousand-Eyes Restrict,high,curated,local_assets/card_art/cards/734/illustration.png,local_assets/card_art/candidates/common/04/4740.png,86a950976a9bd17f7efa622c563fca450f8901d4eb55ab9929ab35e461ab98fc,assets/resources/card/images/illust/common/04/4740.bmp,LocalData/93217544/0000/38/3893eb08
735,Steel Ogre Grotto #2,4741,Steel Ogre Grotto #2,high,curated,local_assets/card_art/cards/735/illustration.png,local_assets/card_art/candidates/common/04/4741.png,27c6054500bd6eb4f8eb28a6f6087bcd87482af3091a7391060a9b50e73d709d,assets/resources/card/images/illust/common/04/4741.bmp,LocalData/93217544/0000/4f/4f94db9e
736,Blast Sphere,4742,Blast Sphere,high,curated,local_assets/card_art/cards/736/illustration.png,local_assets/card_art/candidates/common/04/4742.png,c7a2cb07b992dfa9e09cf2b33ef9e3f02b946f4a9ae6afdcda3c903c61227757,assets/resources/card/images/illust/common/04/4742.bmp,LocalData/93217544/0000/d6/d69d8a24
737,Hyozanryu,4743,Hyozanryu,high,curated,local_assets/card_art/cards/737/illustration.png,local_assets/card_art/candidates/common/04/4743.png,de5d8a00e49b0dd811ea2d0e4e8eb0590a2e669a18bdf2788578affe4d0f41ea,assets/resources/card/images/illust/common/04/4743.bmp,LocalData/93217544/0000/a1/a19abab2
738,Alpha The Magnet Warrior,4744,Alpha The Magnet Warrior,high,curated,local_assets/card_art/cards/738/illustration.png,local_assets/card_art/candidates/common/04/4744.png,58296ddacc5ae57e79d0222da94bcdce1fe050bc4f994a37321fed468ae123be,assets/resources/card/images/illust/common/04/4744.bmp,LocalData/93217544/0000/3f/3ffe2f11
739,Legion the Fiend Jester,4745,Legion the Fiend Jester,high,curated,local_assets/card_art/cards/739/illustration.png,local_assets/card_art/candidates/common/04/4745.png,1e721eab2343775b84b0dac57f0f1beeaeec9602b0c430f0d1c00e915bea9941,assets/resources/card/images/illust/common/04/4745.bmp,LocalData/93217544/0000/48/48f91f87
740,Invitation to a Dark Sleep,4746,Invitation to a Dark Sleep,high,curated,local_assets/card_art/cards/740/illustration.png,local_assets/card_art/candidates/common/04/4746.png,878ef44fd9745fd55e6825b2392a91baeee375480a3e2c8fee932fa3845ddeaf,assets/resources/card/images/illust/common/04/4746.bmp,LocalData/93217544/0000/d1/d1f04e3d
741,Lord of D.,4747,Lord of D.,high,curated,local_assets/card_art/cards/741/illustration.png,local_assets/card_art/candidates/common/04/4747.png,cbd99141f67bf514e33b028ef49e06dfedcd4f0914a813f80d3149034f3bf554,assets/resources/card/images/illust/common/04/4747.bmp,masterduel_Data/StreamingAssets/AssetBundle/a6/a6f77eab
742,Red-Eyes Black Metal Dragon,4748,Red-Eyes Black Metal Dragon,medium,medium_confidence,,,,assets/resources/card/images/illust/common/04/4748.bmp,LocalData/93217544/0000/36/3648633a
743,Barrel Dragon,4749,Barrel Dragon,high,curated,local_assets/card_art/cards/743/illustration.png,local_assets/card_art/candidates/tcg/04/4749.png,7f5850702305408920d4973b5f4576f1904bc03fe1c9f265e93d5aad20b06c35,assets/resources/card/images/illust/tcg/04/4749.bmp,LocalData/93217544/0000/41/414f53ac
744,Hannibal Necromancer,4750,Hannibal Necromancer,high,curated,local_assets/card_art/cards/744/illustration.png,local_assets/card_art/candidates/common/04/4750.png,0f4697f779fbdd0d04c1351d210efeaea5d53701436afb166cf26b3c87a1eca1,assets/resources/card/images/illust/common/04/4750.bmp,LocalData/93217544/0000/21/2188da49
745,Panther Warrior,4751,Panther Warrior,high,curated,local_assets/card_art/cards/745/illustration.png,local_assets/card_art/candidates/common/04/4751.png,dc3848a559e9447edede3f1fbc7340b2d569e5690f51f2e51701ce6f44e0e699,assets/resources/card/images/illust/common/04/4751.bmp,LocalData/93217544/0000/56/568feadf
746,Three-Headed Geedo,4752,Three-Headed Geedo,high,curated,local_assets/card_art/cards/746/illustration.png,local_assets/card_art/candidates/common/04/4752.png,f28d195c6f8dcb4ab7e722bfad572854c57d2ce5028f1a599025845d275d99ec,assets/resources/card/images/illust/common/04/4752.bmp,LocalData/93217544/0000/cf/cf86bb65
747,Gazelle the King of Mythical Beasts,4753,Gazelle the King of Mythical Beasts,high,curated,local_assets/card_art/cards/747/illustration.png,local_assets/card_art/candidates/common/04/4753.png,9d1ff8ad86cc4649a2f07ee7b21330b2815105998ccd3606548ffbbe4eb6b75b,assets/resources/card/images/illust/common/04/4753.bmp,LocalData/93217544/0000/b8/b8818bf3
748,Stone Statue of the Aztecs,4754,Stone Statue of the Aztecs,high,curated,local_assets/card_art/cards/748/illustration.png,local_assets/card_art/candidates/common/04/4754.png,db43843d38c0e2daf6a4f0297cd1b0e01046e6ea0e87ae38c8404c69c7c1d1fa,assets/resources/card/images/illust/common/04/4754.bmp,LocalData/93217544/0000/26/26e51e50
749,Berfomet,4755,Berfomet,high,curated,local_assets/card_art/cards/749/illustration.png,local_assets/card_art/candidates/common/04/4755.png,1dc6a542846a9609098589274003bf6bfcad51fe33abf58f65ce26733edc21cd,assets/resources/card/images/illust/common/04/4755.bmp,LocalData/93217544/0000/51/51e22ec6
750,Chimera the Flying Mythical Beast,4756,Chimera the Flying Mythical Beast,high,curated,local_assets/card_art/cards/750/illustration.png,local_assets/card_art/candidates/common/04/4756.png,0b5c485cb51e4efaafcdc052bfd393d2741e84c1185f4c61cf9625f148e2f1fd,assets/resources/card/images/illust/common/04/4756.bmp,LocalData/93217544/0000/c8/c8eb7f7c
751,Gear Golem the Moving Fortress,4757,Gear Golem the Moving Fortress,high,curated,local_assets/card_art/cards/751/illustration.png,local_assets/card_art/candidates/common/04/4757.png,9b9c5ef7c9b8581905a992070925e784a54a0ef427dbbf20e8c0d487c85d1bd7,assets/resources/card/images/illust/common/04/4757.bmp,LocalData/93217544/0000/bf/bfec4fea
752,Jinzo,4758,Jinzo,high,curated,local_assets/card_art/cards/752/illustration.png,local_assets/card_art/candidates/common/04/4758.png,19482f97400852dd06d4d4e361e7e9702450eb24dd20bc63df3f79b0afb665e6,assets/resources/card/images/illust/common/04/4758.bmp,LocalData/93217544/0000/2f/2f53527b
753,Swordsman of Landstar,4759,Swordsman of Landstar,high,curated,local_assets/card_art/cards/753/illustration.png,local_assets/card_art/candidates/common/04/4759.png,0024ac3b11b683c887254364f3d54e308cebaa3fe5776f032c83bb838729f61c,assets/resources/card/images/illust/common/04/4759.bmp,LocalData/93217544/0000/58/585462ed
754,Cyber Raider,4760,Cyber Raider,high,curated,local_assets/card_art/cards/754/illustration.png,local_assets/card_art/candidates/common/04/4760.png,43e3f966aecfb397bc794b77f5b75538faaf7b664a522d75ca9b1c2a759e2adc,assets/resources/card/images/illust/common/04/4760.bmp,LocalData/93217544/0000/0a/0aa5898a
755,The Fiend Megacyber,4761,The Fiend Megacyber,high,curated,local_assets/card_art/cards/755/illustration.png,local_assets/card_art/candidates/common/04/4761.png,95040da52f8628636f13a4f1f057c8377877a04d6d8581e58ef707f315c4f64c,assets/resources/card/images/illust/common/04/4761.bmp,LocalData/93217544/0000/7d/7da2b91c
756,Reflect Bounder,4762,Reflect Bounder,high,curated,local_assets/card_art/cards/756/illustration.png,local_assets/card_art/candidates/common/04/4762.png,16a5ea9c2f067aba8c694ea72d5ce44c9b22ccb1eca76eef5484d14060a29d5c,assets/resources/card/images/illust/common/04/4762.bmp,LocalData/93217544/0000/e4/e4abe8a6
757,Beta The Magnet Warrior,4763,Beta The Magnet Warrior,high,curated,local_assets/card_art/cards/757/illustration.png,local_assets/card_art/candidates/common/04/4763.png,31955987b258a03a690a6822182f411260e44d953ce45e304904370a9c41fe62,assets/resources/card/images/illust/common/04/4763.bmp,LocalData/93217544/0000/93/93acd830
758,Big Shield Gardna,4764,Big Shield Gardna,high,curated,local_assets/card_art/cards/758/illustration.png,local_assets/card_art/candidates/common/04/4764.png,d241436b982ef3471b725d9997a48705290fc578c98755832bd6dce58cbcf729,assets/resources/card/images/illust/common/04/4764.bmp,LocalData/93217544/0000/0d/0dc84d93
759,Doll of Demise,,,unmatched,unmatched_name,,,,,
760,Dark Magician Girl,4766,Dark Magician Girl,medium,multiple_card_or_art_candidates,,,,assets/resources/card/images/illust/tcg/04/4766.bmp,LocalData/93217544/0000/e3/e3c62cbf
761,Alligator's Sword,4767,Alligator's Sword,high,curated,local_assets/card_art/cards/761/illustration.png,local_assets/card_art/candidates/common/04/4767.png,a472b7f0b038c72821bf141864bb4dbaeb63bebf1b47eaa95ef5a2a527eb0e45,assets/resources/card/images/illust/common/04/4767.bmp,LocalData/93217544/0000/94/94c11c29
762,Insect Queen,4768,Insect Queen,high,curated,local_assets/card_art/cards/762/illustration.png,local_assets/card_art/candidates/common/04/4768.png,16bfbedd4b61dc73cb8b59861fa38bc39b08bbec045fd1d6e27c2aa6beb95a2c,assets/resources/card/images/illust/common/04/4768.bmp,LocalData/93217544/0000/04/047e01b8
763,Parasite Paracide,4769,Parasite Paracide,high,curated,local_assets/card_art/cards/763/illustration.png,local_assets/card_art/candidates/tcg/04/4769.png,f5d708a292b1e18508aa2518b864e3e106b163404e9dd6be7c89bde74ce942f1,assets/resources/card/images/illust/tcg/04/4769.bmp,LocalData/93217544/0000/73/7379312e
764,Skull-Mark Lady Bug,,,unmatched,unmatched_name,,,,,
765,Tiny Guardian,,,unmatched,unmatched_name,,,,,
766,Pinch Hopper,4772,Pinch Hopper,high,curated,local_assets/card_art/cards/766/illustration.png,local_assets/card_art/candidates/common/04/4772.png,bb68d994575483e6f895f8ab116e26acc03f698a58854f552cd98ae041c7e065,assets/resources/card/images/illust/common/04/4772.bmp,LocalData/93217544/0000/fd/fdb0d9e7
767,Blue-Eyes Toon Dragon,4773,Blue-Eyes Toon Dragon,high,curated,local_assets/card_art/cards/767/illustration.png,local_assets/card_art/candidates/common/04/4773.png,1e8c118c84be1afd3017dc2dd7ea4eae6e7d1b48518c3992746e1c5f4f50f0e0,assets/resources/card/images/illust/common/04/4773.bmp,LocalData/93217544/0000/8a/8ab7e971
768,The Unhappy Maiden,4875,The Unhappy Maiden,high,curated,local_assets/card_art/cards/768/illustration.png,local_assets/card_art/candidates/common/04/4875.png,c87773c2d2db4c91e1cfde37db16de3ed90ef1ae7a70dcb34ea048b03b267ff0,assets/resources/card/images/illust/common/04/4875.bmp,LocalData/93217544/0000/68/68880b79
769,Wall of Illusion,4880,Wall of Illusion,high,curated,local_assets/card_art/cards/769/illustration.png,local_assets/card_art/candidates/common/04/4880.png,54873d90fb7bb57fdc5507c64a209bab5afe4a74f401e3b262fb91b3129e6653,assets/resources/card/images/illust/common/04/4880.bmp,LocalData/93217544/0000/9f/9f7ae339
770,Neo the Magic Swordsman,4881,Neo the Magic Swordsman,high,curated,local_assets/card_art/cards/770/illustration.png,local_assets/card_art/candidates/common/04/4881.png,56c92ed4acddcdf5664669b4a06846f89312067ee4199bbfd3efa4a55c23bb85,assets/resources/card/images/illust/common/04/4881.bmp,LocalData/93217544/0000/e8/e87dd3af
771,Man-Eating Treasure Chest,4883,Man-Eating Treasure Chest,high,curated,local_assets/card_art/cards/771/illustration.png,local_assets/card_art/candidates/common/04/4883.png,4627b9f901a63ac1ee146b5230b76075f8a13bd866508a5dff203e05c9b883e1,assets/resources/card/images/illust/common/04/4883.bmp,LocalData/93217544/0000/06/0673b283
772,Sorcerer of the Doomed,4884,Sorcerer of the Doomed,high,curated,local_assets/card_art/cards/772/illustration.png,local_assets/card_art/candidates/tcg/04/4884.png,859f6823dece71851718e1c4e6ffb6df937d870d7f6242823a1318e70c8732c3,assets/resources/card/images/illust/tcg/04/4884.bmp,LocalData/93217544/0000/98/98172720
773,Sword Hunter,4774,Sword Hunter,high,curated,local_assets/card_art/cards/773/illustration.png,local_assets/card_art/candidates/common/04/4774.png,c64e1f004548225e269b865ce4bbce8f40498c32d85a6180dfb8592a56782133,assets/resources/card/images/illust/common/04/4774.bmp,LocalData/93217544/0000/14/14d37cd2
774,Drill Bug,4775,Drill Bug,high,curated,local_assets/card_art/cards/774/illustration.png,local_assets/card_art/candidates/common/04/4775.png,2d8c4e468e1f106008f4f65e9408e2f7c2e16d2a3bc6f200e9ac4a0cb90e8283,assets/resources/card/images/illust/common/04/4775.bmp,LocalData/93217544/0000/63/63d44c44
775,Deepsea Warrior,4776,Deepsea Warrior,high,curated,local_assets/card_art/cards/775/illustration.png,local_assets/card_art/candidates/common/04/4776.png,e837334351d6042695a54409389dc10c5baaf654fcb970b845ee7e769cb65bb4,assets/resources/card/images/illust/common/04/4776.bmp,LocalData/93217544/0000/fa/fadd1dfe
776,Bite Shoes,4777,Bite Shoes,high,curated,local_assets/card_art/cards/776/illustration.png,local_assets/card_art/candidates/common/04/4777.png,648e4ac622c85c3c372a5fde25bb6a7862593f8fff6f91b8d18b4424463a14dd,assets/resources/card/images/illust/common/04/4777.bmp,LocalData/93217544/0000/8d/8dda2d68
777,Spikebot,4778,Spikebot,high,curated,local_assets/card_art/cards/777/illustration.png,local_assets/card_art/candidates/common/04/4778.png,3a397c350a73e4486f554eeaef03d4f34c5d8901f93c06a7917bcaa174bd342b,assets/resources/card/images/illust/common/04/4778.bmp,LocalData/93217544/0000/1d/1d6530f9
778,Beast of Gilfer,,,unmatched,unmatched_name,,,,,
779,The Portrait's Secret,5219,The Portrait's Secret,high,curated,local_assets/card_art/cards/779/illustration.png,local_assets/card_art/candidates/common/05/5219.png,97c11007d9f582ca401570ac703b9cb7dc6f7100b3f31f5b0107f584a5e2b2cf,assets/resources/card/images/illust/common/05/5219.bmp,LocalData/93217544/0000/82/824f0267
780,The Gross Ghost of Fled Dreams,5220,The Gross Ghost of Fled Dreams,high,curated,local_assets/card_art/cards/780/illustration.png,local_assets/card_art/candidates/common/05/5220.png,15ae89be66c640137553f0468e9499b7eaa493fbc5c79c547ea40d28d1b81f5e,assets/resources/card/images/illust/common/05/5220.bmp,LocalData/93217544/0000/d0/d0bee900
781,Brain Control,4803,Brain Control,high,curated,local_assets/card_art/cards/781/illustration.png,local_assets/card_art/candidates/common/04/4803.png,8428cec285cba5dd067e6f0b6e7a8d4df0fdb5c62a32b5788c264f5d7a8ea9c4,assets/resources/card/images/illust/common/04/4803.bmp,LocalData/93217544/0000/ce/ceaa388b
782,Anti Raigeki,4855,Anti Raigeki,high,curated,local_assets/card_art/cards/782/illustration.png,local_assets/card_art/candidates/common/04/4855.png,f0fb247cc96e290494b1f0c1c8bf78d7fff181e5bc93dc6c3d5b5c8289f3bca4,assets/resources/card/images/illust/common/04/4855.bmp,LocalData/93217544/0000/5a/5abe69fb
783,Black Illusion Ritual,4802,Black Illusion Ritual,high,curated,local_assets/card_art/cards/783/illustration.png,local_assets/card_art/candidates/common/04/4802.png,b7348d77c99bfc2e67a8e4936c64cd8eb1f84813c3bc211a6492f890aef099c4,assets/resources/card/images/illust/common/04/4802.bmp,LocalData/93217544/0000/b9/b9ad081d
784,Change of Heart,4860,Change of Heart,high,curated,local_assets/card_art/cards/784/illustration.png,local_assets/card_art/candidates/common/04/4860.png,594de85e3ce2a3580554676c71fc429aabe778ba5b61c4efac3449284b2e9696,assets/resources/card/images/illust/common/04/4860.bmp,LocalData/93217544/0000/01/01f9ceb7
785,Multiply,4805,Multiply,high,curated,local_assets/card_art/cards/785/illustration.png,local_assets/card_art/candidates/common/04/4805.png,6b20ff3af3935674cf0b1bb279d851c071006e2530ba72ff7ae8d6509b7ada60,assets/resources/card/images/illust/common/04/4805.bmp,LocalData/93217544/0000/27/27c99dbe
786,Exile of the Wicked,4869,Exile of the Wicked,high,curated,local_assets/card_art/cards/786/illustration.png,local_assets/card_art/candidates/tcg/04/4869.png,b57e033542d7805cf80a2a2394bcc520247c055c4cfbd2933146ef5f98955a63,assets/resources/card/images/illust/tcg/04/4869.bmp,LocalData/93217544/0000/78/78257613
787,Last Day of Witch,4868,Last Day of Witch,high,curated,local_assets/card_art/cards/787/illustration.png,local_assets/card_art/candidates/tcg/04/4868.png,cfe6eef7f8cfdeec16e6a8265ba5d0088a888e441ebbf5cf212117f3317592b1,assets/resources/card/images/illust/tcg/04/4868.bmp,LocalData/93217544/0000/0f/0f224685
788,Restructer Revolution,4871,Restructer Revolution,high,curated,local_assets/card_art/cards/788/illustration.png,local_assets/card_art/candidates/common/04/4871.png,2f911d231fba799984f4c481b736d2b011089f0e0b79a58b8b413829296ba8d1,assets/resources/card/images/illust/common/04/4871.bmp,LocalData/93217544/0000/6f/6fe5cf60
789,Pot of Greed,4844,Pot of Greed,high,curated,local_assets/card_art/cards/789/illustration.png,local_assets/card_art/candidates/common/04/4844.png,3ea0cfedece0f794fc73dd8de30dd77b3bf08ee9f9397544ff6e6b84088bdf84,assets/resources/card/images/illust/common/04/4844.bmp,LocalData/93217544/0000/34/34a2682c
790,The Inexperienced Spy,4848,The Inexperienced Spy,high,curated,local_assets/card_art/cards/790/illustration.png,local_assets/card_art/candidates/common/04/4848.png,6654c615ec5d4f924e6e0afff27749cff2300a495f375932adad3470f6e8dd06,assets/resources/card/images/illust/common/04/4848.bmp,LocalData/93217544/0000/3d/3d142407
791,Gate Sword,,,unmatched,unmatched_name,,,,,
792,Steel Fan Fighter,,,unmatched,unmatched_name,,,,,
793,Leopard Girl,,,unmatched,unmatched_name,,,,,
794,The Last Warrior from Another Planet,4785,The Last Warrior from Another Planet,high,curated,local_assets/card_art/cards/794/illustration.png,local_assets/card_art/candidates/common/04/4785.png,3c814f2ee4cd264d82717921b22d31f83e77ada7cfd6c3291b898ed7f5224b7e,assets/resources/card/images/illust/common/04/4785.bmp,LocalData/93217544/0000/e4/e44c508b
795,Dunames Dark Witch,4786,Dunames Dark Witch,high,curated,local_assets/card_art/cards/795/illustration.png,local_assets/card_art/candidates/tcg/04/4786.png,0e9b5abb8c2af16d9f1481dc9c3d2b9f53a4c96c4c0f009ec02f3dd23228fd74,assets/resources/card/images/illust/tcg/04/4786.bmp,LocalData/93217544/0000/7d/7d450131
796,Garnecia Elefantis,4787,Garnecia Elefantis,high,curated,local_assets/card_art/cards/796/illustration.png,local_assets/card_art/candidates/common/04/4787.png,104163b99ef2c93ada7e7e1eda8ca9bb242b07ed28147904973eb18c30409ba3,assets/resources/card/images/illust/common/04/4787.bmp,LocalData/93217544/0000/0a/0a4231a7
797,Total Defense Shogun,4788,Total Defense Shogun,high,curated,local_assets/card_art/cards/797/illustration.png,local_assets/card_art/candidates/common/04/4788.png,8d34c5a8e1f0d84b0a1540767ee04091e079084547f21a05dc6017b7498d33a4,assets/resources/card/images/illust/common/04/4788.bmp,LocalData/93217544/0000/9a/9afd2c36
798,Beast of Talwar,4789,Beast of Talwar,high,curated,local_assets/card_art/cards/798/illustration.png,local_assets/card_art/candidates/common/04/4789.png,df14c6d18865b14b3684ac8974c0adc5fcfbd43df118a929e138e61e06393913,assets/resources/card/images/illust/common/04/4789.bmp,LocalData/93217544/0000/ed/edfa1ca0
799,Cyber-Tech Alligator,4790,Cyber-Tech Alligator,high,curated,local_assets/card_art/cards/799/illustration.png,local_assets/card_art/candidates/common/04/4790.png,0e1471d1ff12c1d473332efacbf050f58db150bbfb2d34723da575b5d6fa124b,assets/resources/card/images/illust/common/04/4790.bmp,LocalData/93217544/0000/8d/8d3d9545
800,Talons of Shurilane,4791,Talons of Shurilane,high,curated,local_assets/card_art/cards/800/illustration.png,local_assets/card_art/candidates/tcg/04/4791.png,0af86bec21bcdce46ba3f1efd6d743f00e13c03ad66bf59ab670f2e628518044,assets/resources/card/images/illust/tcg/04/4791.bmp,LocalData/93217544/0000/fa/fa3aa5d3
801,The Stern Mystic,4879,The Stern Mystic,high,curated,local_assets/card_art/cards/801/illustration.png,local_assets/card_art/candidates/common/04/4879.png,08cf3e378d2814e41a813596d7631935fdb38e4eea4a33922b3d4b87de4ab959,assets/resources/card/images/illust/common/04/4879.bmp,LocalData/93217544/0000/61/613e4752
802,Baron of the Fiend Sword,4882,Baron of the Fiend Sword,high,curated,local_assets/card_art/cards/802/illustration.png,local_assets/card_art/candidates/common/04/4882.png,4d6bb111be6db0d9979c3060915376a9f25e069fcc04c6a167b40431e19ec9e7,assets/resources/card/images/illust/common/04/4882.bmp,LocalData/93217544/0000/71/71748215
803,Shining Abyss,5090,Shining Abyss,high,curated,local_assets/card_art/cards/803/illustration.png,local_assets/card_art/candidates/common/05/5090.png,2f140b72658c616f2deb875af3685baa60f005aaaa91f361b115694041e615e8,assets/resources/card/images/illust/common/05/5090.bmp,LocalData/93217544/0000/30/30cee4a5
804,Headless Knight,5221,Headless Knight,high,curated,local_assets/card_art/cards/804/illustration.png,local_assets/card_art/candidates/common/05/5221.png,51bc705753b11e641e40ee3242f4438c63031a44c824ad5586314940c95dc959,assets/resources/card/images/illust/common/05/5221.bmp,LocalData/93217544/0000/a7/a7b9d996
805,Soldier Ari,,,unmatched,unmatched_name,,,,,
806,Gearfried the Iron Knight,5059,Gearfried the Iron Knight,high,curated,local_assets/card_art/cards/806/illustration.png,local_assets/card_art/candidates/common/05/5059.png,fe2e659b429ca0c1dfa638dc443463c0afbbd9f779f8bb5aa5eede492c604a32,assets/resources/card/images/illust/common/05/5059.bmp,LocalData/93217544/0000/e5/e5a7130d
807,Humanoid Slime,5060,Humanoid Slime,high,curated,local_assets/card_art/cards/807/illustration.png,local_assets/card_art/candidates/common/05/5060.png,969dfdeb34101437ce09a8d4e26834d0b5148ff5e6576042dc6897b9d5e3638f,assets/resources/card/images/illust/common/05/5060.bmp,LocalData/93217544/0000/b7/b756f86a
808,Worm Drake,5061,Worm Drake,high,curated,local_assets/card_art/cards/808/illustration.png,local_assets/card_art/candidates/common/05/5061.png,81074abb36a0b50f12c563c11164bae9808b2d26cd1bdf9a4ecb3371500e2841,assets/resources/card/images/illust/common/05/5061.bmp,LocalData/93217544/0000/c0/c051c8fc
809,Humanoid Worm Drake,5062,Humanoid Worm Drake,high,curated,local_assets/card_art/cards/809/illustration.png,local_assets/card_art/candidates/common/05/5062.png,30c3fd61099d540d8f091f127c0b53ac876b29aa0b159e79e0df24b4cebe1a7c,assets/resources/card/images/illust/common/05/5062.bmp,LocalData/93217544/0000/59/59589946
810,Revival Jam,5063,Revival Jam,high,curated,local_assets/card_art/cards/810/illustration.png,local_assets/card_art/candidates/common/05/5063.png,40abe8f1b15b811c9ba8431dae96d35a7737a884f55f364dfefb629ea4bc4ab1,assets/resources/card/images/illust/common/05/5063.bmp,LocalData/93217544/0000/2e/2e5fa9d0
811,Buster Blader,4983,Buster Blader,high,curated,local_assets/card_art/cards/811/illustration.png,local_assets/card_art/candidates/common/04/4983.png,5c5244c0b2ad9590d0f85e8fe377ab1f24fcfcf917998160e78cbfdecdb30340,assets/resources/card/images/illust/common/04/4983.bmp,LocalData/93217544/0000/07/07b1d8b4
812,Dark Necrofear,5222,Dark Necrofear,high,curated,local_assets/card_art/cards/812/illustration.png,local_assets/card_art/candidates/common/05/5222.png,c9d475ba32b63d72386d87afdb233ed765dd34030b511548593dc135d56403f3,assets/resources/card/images/illust/common/05/5222.bmp,LocalData/93217544/0000/3e/3eb0882c
813,Cyber Jar,4913,Cyber Jar,high,curated,local_assets/card_art/cards/813/illustration.png,local_assets/card_art/candidates/common/04/4913.png,24d942c90e5ad48fec5c8caf4f1f17f0ee283cbeb2a3354966ad15234b1c0a5c,assets/resources/card/images/illust/common/04/4913.bmp,LocalData/93217544/0000/d6/d67363fd
814,Banisher of the Light,4914,Banisher of the Light,high,curated,local_assets/card_art/cards/814/illustration.png,local_assets/card_art/candidates/common/04/4914.png,28cfe1a873384314c80de3ccae3ae024ca26a1438d4bc6cfd8998f3e6fb9b301,assets/resources/card/images/illust/common/04/4914.bmp,LocalData/93217544/0000/48/4817f65e
815,Giant Rat,4915,Giant Rat,high,curated,local_assets/card_art/cards/815/illustration.png,local_assets/card_art/candidates/common/04/4915.png,9f5dd1ee7c59d2fe8be7b6efe52ad29042c78e50eccd47e87292cb50dfdad4f7,assets/resources/card/images/illust/common/04/4915.bmp,LocalData/93217544/0000/3f/3f10c6c8
816,Senju of the Thousand Hands,4916,Senju of the Thousand Hands,high,curated,local_assets/card_art/cards/816/illustration.png,local_assets/card_art/candidates/tcg/04/4916.png,268a0e235c9cb0cc68d956b0cfb8d941c08573e510f63baccbe79baf7c482ee9,assets/resources/card/images/illust/tcg/04/4916.bmp,LocalData/93217544/0000/a6/a6199772
817,UFO Turtle,4917,UFO Turtle,high,curated,local_assets/card_art/cards/817/illustration.png,local_assets/card_art/candidates/common/04/4917.png,7e8a03456926011af86b62ef41c876ce505f552d493b9c7825872d4d2fad89fc,assets/resources/card/images/illust/common/04/4917.bmp,LocalData/93217544/0000/d1/d11ea7e4
818,Flash Assailant,4918,Flash Assailant,high,curated,local_assets/card_art/cards/818/illustration.png,local_assets/card_art/candidates/common/04/4918.png,a373e6f575962de8104d3b03824d6fe2c1d96558977b1b63f3a794ab0c6340cf,assets/resources/card/images/illust/common/04/4918.bmp,LocalData/93217544/0000/41/41a1ba75
819,Karate Man,4919,Karate Man,high,curated,local_assets/card_art/cards/819/illustration.png,local_assets/card_art/candidates/common/04/4919.png,d896d818ee4f28ea1f3f0c3f18d917664a9bc7959cbadc87ff1b6f4493622508,assets/resources/card/images/illust/common/04/4919.bmp,LocalData/93217544/0000/36/36a68ae3
820,Dark Zebra,4920,Dark Zebra,high,curated,local_assets/card_art/cards/820/illustration.png,local_assets/card_art/candidates/common/04/4920.png,562a0fa0953765f553ef30ea4c1846bf9687f5ee8426682719886078e1f02980,assets/resources/card/images/illust/common/04/4920.bmp,LocalData/93217544/0000/64/64576184
821,Giant Germ,4921,Giant Germ,high,curated,local_assets/card_art/cards/821/illustration.png,local_assets/card_art/candidates/common/04/4921.png,a2dad06adb730d62517a95d68260f512fbeb24ed941a1f1d04de59a177058489,assets/resources/card/images/illust/common/04/4921.bmp,LocalData/93217544/0000/13/13505112
822,Nimble Momonga,4922,Nimble Momonga,high,curated,local_assets/card_art/cards/822/illustration.png,local_assets/card_art/candidates/common/04/4922.png,f622b400aafe2ea04a3fdd37ecc97571c2138e57c6d49738630e9a9d27a4acda,assets/resources/card/images/illust/common/04/4922.bmp,LocalData/93217544/0000/8a/8a5900a8
823,Spear Cretin,4923,Spear Cretin,high,curated,local_assets/card_art/cards/823/illustration.png,local_assets/card_art/candidates/tcg/04/4923.png,25405299bd9a833f7271e410eb1a46f52264d90474249142cee7c86b1d6349d0,assets/resources/card/images/illust/tcg/04/4923.bmp,LocalData/93217544/0000/fd/fd5e303e
824,Shining Angel,4924,Shining Angel,high,curated,local_assets/card_art/cards/824/illustration.png,local_assets/card_art/candidates/tcg/04/4924.png,d690a6b2ed2a5033aa5b8eddc16377c35198b52ffb66e5f8fda69be6b3c9598d,assets/resources/card/images/illust/tcg/04/4924.bmp,LocalData/93217544/0000/63/633aa59d
825,Boar Soldier,4925,Boar Soldier,high,curated,local_assets/card_art/cards/825/illustration.png,local_assets/card_art/candidates/common/04/4925.png,e44187c55deeef0277191948c26e9fb79d4453cb66737c348c19f2d1f9797d04,assets/resources/card/images/illust/common/04/4925.bmp,LocalData/93217544/0000/14/143d950b
826,Mother Grizzly,4926,Mother Grizzly,high,curated,local_assets/card_art/cards/826/illustration.png,local_assets/card_art/candidates/common/04/4926.png,e66907e2d921b03960e808c09c72668d1e502e4ac23a6319874a7f6c0cb72dce,assets/resources/card/images/illust/common/04/4926.bmp,LocalData/93217544/0000/8d/8d34c4b1
827,Flying Kamakiri #1,4927,Flying Kamakiri #1,high,curated,local_assets/card_art/cards/827/illustration.png,local_assets/card_art/candidates/common/04/4927.png,bd3d4335813f2435e52fb098180fb1e12a18915d0f0029336d830b2e711449fa,assets/resources/card/images/illust/common/04/4927.bmp,LocalData/93217544/0000/fa/fa33f427
828,Ceremonial Bell,4928,Ceremonial Bell,high,curated,local_assets/card_art/cards/828/illustration.png,local_assets/card_art/candidates/common/04/4928.png,9b6f9d0d378b8aacfa5990ece013035a082d5325e6caf0ee870e029f9a5322eb,assets/resources/card/images/illust/common/04/4928.bmp,LocalData/93217544/0000/6a/6a8ce9b6
829,Sonic Bird,4929,Sonic Bird,high,curated,local_assets/card_art/cards/829/illustration.png,local_assets/card_art/candidates/common/04/4929.png,b0c2791f486560c94991d77f5a3b7103c353d40d92a5829927bfb6516f523899,assets/resources/card/images/illust/common/04/4929.bmp,LocalData/93217544/0000/1d/1d8bd920
830,Mystic Tomato,4930,Mystic Tomato,high,curated,local_assets/card_art/cards/830/illustration.png,local_assets/card_art/candidates/tcg/04/4930.png,e0fb0a39ea29903f1ef246a7622c47164fc553f6ada53197bdb16dc162320445,assets/resources/card/images/illust/tcg/04/4930.bmp,LocalData/93217544/0000/7d/7d4c50c5
831,Kotodama,4931,Kotodama,high,curated,local_assets/card_art/cards/831/illustration.png,local_assets/card_art/candidates/common/04/4931.png,fee3c12b4ed35c5ff2b82853562566b6136c8a0778bc1b579136c037f0a49399,assets/resources/card/images/illust/common/04/4931.bmp,LocalData/93217544/0000/0a/0a4b6053
832,Obelisk the Tormentor,3868,Obelisk the Tormentor,medium,multiple_card_or_art_candidates,,,,assets/resources/card/images/illust/common/03/3868.bmp,LocalData/93217544/0000/92/92f57e3c
833,Slifer the Sky Dragon,3869,Slifer the Sky Dragon,medium,multiple_card_or_art_candidates,,,,assets/resources/card/images/illust/common/03/3869.bmp,LocalData/93217544/0000/e5/e5f24eaa
834,The Winged Dragon of Ra,3401,The Winged Dragon of Ra,medium,multiple_card_or_art_candidates,,,,assets/resources/card/images/illust/common/03/3401.bmp,LocalData/93217544/0000/b4/b469987a
835,Flying Fish,5065,Flying Fish,high,curated,local_assets/card_art/cards/835/illustration.png,local_assets/card_art/candidates/common/05/5065.png,950bb3958453e98176f51882374905aed9a4757677f3f7b47fcc82317fb438ef,assets/resources/card/images/illust/common/05/5065.bmp,LocalData/93217544/0000/c7/c73c0ce5
836,Amphibian Beast,5066,Amphibian Beast,high,curated,local_assets/card_art/cards/836/illustration.png,local_assets/card_art/candidates/common/05/5066.png,75e74f773cce8de6a74ac9d2079800f3f258ae581229bcb377e0a080feccef33,assets/resources/card/images/illust/common/05/5066.bmp,LocalData/93217544/0000/5e/5e355d5f
837,Alligator's Sword Dragon,5003,Alligator's Sword Dragon,high,curated,local_assets/card_art/cards/837/illustration.png,local_assets/card_art/candidates/common/05/5003.png,0fde8fad0cd6e55cc8bfa5319823bdc7eb6411adc336ee68d503f1f4708aba49,assets/resources/card/images/illust/common/05/5003.bmp,LocalData/93217544/0000/78/78050e56
838,Rocket Warrior,5067,Rocket Warrior,high,curated,local_assets/card_art/cards/838/illustration.png,local_assets/card_art/candidates/common/05/5067.png,04e0fdf69223289e8a96db5a3e313c4ebaa2d00c7b1392db01782813e46525ee,assets/resources/card/images/illust/common/05/5067.bmp,LocalData/93217544/0000/29/29326dc9
839,Aqua Serpent,,,unmatched,unmatched_name,,,,,
840,The Legendary Fisherman,5069,The Legendary Fisherman,high,curated,local_assets/card_art/cards/840/illustration.png,local_assets/card_art/candidates/tcg/05/5069.png,f5d478dfdba17145447577fd3c9f853bb845f7463f2e44dcb4372bb5a3e43419,assets/resources/card/images/illust/tcg/05/5069.bmp,LocalData/93217544/0000/ce/ce8a40ce
841,Morphing Jar #2,4969,Morphing Jar #2,high,curated,local_assets/card_art/cards/841/illustration.png,local_assets/card_art/candidates/common/04/4969.png,a1f3aa902001df00ce64141c9474274880c867ee1689cee5acd429f6ac221a1e,assets/resources/card/images/illust/common/04/4969.bmp,LocalData/93217544/0000/79/79e71c24
842,Vorse Raider,5004,Vorse Raider,high,curated,local_assets/card_art/cards/842/illustration.png,local_assets/card_art/candidates/common/05/5004.png,b359765f7fe4b19f6c8a4361c5291e7ad8702c3f90bbad963b3b9bd38149f500,assets/resources/card/images/illust/common/05/5004.bmp,LocalData/93217544/0000/e6/e6619bf5
843,Flame Champion,4971,Flame Champion,high,curated,local_assets/card_art/cards/843/illustration.png,local_assets/card_art/candidates/common/04/4971.png,f9cdbe07bb8f4399cd424eb53518d16daeb8e2328f2b84b7933ed91da038b51d,assets/resources/card/images/illust/common/04/4971.bmp,LocalData/93217544/0000/6e/6e27a557
844,Twin-Headed Fire Dragon,4972,Twin-Headed Fire Dragon,high,curated,local_assets/card_art/cards/844/illustration.png,local_assets/card_art/candidates/common/04/4972.png,c58cbf1a5e9fe719af93b1db801ea3e9f3c2ab5d0e9acff4a90559e9d8448917,assets/resources/card/images/illust/common/04/4972.bmp,LocalData/93217544/0000/f7/f72ef4ed
845,Darkfire Soldier #1,4973,Darkfire Soldier #1,high,curated,local_assets/card_art/cards/845/illustration.png,local_assets/card_art/candidates/common/04/4973.png,27817299f4384d9b9151bf3f7729e8ae69d5f17e7ae87dfc63636f1909a53bb4,assets/resources/card/images/illust/common/04/4973.bmp,LocalData/93217544/0000/80/8029c47b
846,Mr. Volcano,4974,Mr. Volcano,high,curated,local_assets/card_art/cards/846/illustration.png,local_assets/card_art/candidates/common/04/4974.png,ded791df45025fe39cc8beec9501e5d2cc830a8c343b578e66dbef22e6df033e,assets/resources/card/images/illust/common/04/4974.bmp,LocalData/93217544/0000/1e/1e4d51d8
847,Darkfire Soldier #2,4975,Darkfire Soldier #2,high,curated,local_assets/card_art/cards/847/illustration.png,local_assets/card_art/candidates/common/04/4975.png,37936976a2e5bb989a2ab1418cfa93ec7fc14c3a86e564108a31cfaa344c3aba,assets/resources/card/images/illust/common/04/4975.bmp,LocalData/93217544/0000/69/694a614e
848,Kiseitai,4976,Kiseitai,high,curated,local_assets/card_art/cards/848/illustration.png,local_assets/card_art/candidates/common/04/4976.png,42e8ed651b3ef605c4399addb87462c7468ba73abe33375e2865c026fd704299,assets/resources/card/images/illust/common/04/4976.bmp,LocalData/93217544/0000/f0/f04330f4
849,Cyber Falcon,4977,Cyber Falcon,high,curated,local_assets/card_art/cards/849/illustration.png,local_assets/card_art/candidates/common/04/4977.png,aefc9dde530e192187e2226f887f07bd4bb931c722c66191c052fc192a067e89,assets/resources/card/images/illust/common/04/4977.bmp,LocalData/93217544/0000/87/87440062
850,Gamma The Magnet Warrior,4792,Gamma The Magnet Warrior,high,curated,local_assets/card_art/cards/850/illustration.png,local_assets/card_art/candidates/common/04/4792.png,0f52ddeb8c168166dea0d4e2d693cc7830773f16d723bfb8eec2ab9ea1886114,assets/resources/card/images/illust/common/04/4792.bmp,LocalData/93217544/0000/63/6333f469
851,Flying Kamakiri #2,4979,Flying Kamakiri #2,high,curated,local_assets/card_art/cards/851/illustration.png,local_assets/card_art/candidates/common/04/4979.png,d4a4c872a474b180664e6dbbf3ec029021b2194e13a9305147bf9994c01b48e7,assets/resources/card/images/illust/common/04/4979.bmp,LocalData/93217544/0000/60/60fc2d65
852,Harpie's Brother,,,unmatched,unmatched_name,,,,,
853,Grand Tiki Elder,5093,Grand Tiki Elder,high,curated,local_assets/card_art/cards/853/illustration.png,local_assets/card_art/candidates/common/05/5093.png,16bde875c49171e8461a13f852e5c935ef0cbe38503d0a865be549808a69becd,assets/resources/card/images/illust/common/05/5093.bmp,LocalData/93217544/0000/a9/a9c7b51f
854,The Masked Beast,5094,The Masked Beast,high,curated,local_assets/card_art/cards/854/illustration.png,local_assets/card_art/candidates/common/05/5094.png,8e7ed5a941916c55b0b5b1b4f9b4ba5ffcf339aeb8f546fe9e874dbc3ba81331,assets/resources/card/images/illust/common/05/5094.bmp,LocalData/93217544/0000/37/37a320bc
855,The Earl of Demise,5229,The Earl of Demise,high,curated,local_assets/card_art/cards/855/illustration.png,local_assets/card_art/candidates/common/05/5229.png,7d58e908558d1c10019a1e8c76b83d793246abfffa52858b8d321f58eb3ab3cc,assets/resources/card/images/illust/common/05/5229.bmp,LocalData/93217544/0000/a9/a96251a4
856,Boneheimer,5046,Boneheimer,high,curated,local_assets/card_art/cards/856/illustration.png,local_assets/card_art/candidates/common/05/5046.png,fe4153dd53eff425926663ce318c12ced4673dd0a94f8dea84e5c78055950712,assets/resources/card/images/illust/common/05/5046.bmp,LocalData/93217544/0000/6c/6c033fdd
857,Flame Dancer,5048,Flame Dancer,high,curated,local_assets/card_art/cards/857/illustration.png,local_assets/card_art/candidates/common/05/5048.png,9af6be4db7d9620f5aa85f40ad0e3791b9b6ed02b67df137942b3d32bd921de2,assets/resources/card/images/illust/common/05/5048.bmp,LocalData/93217544/0000/8b/8bbb12da
858,Zombyra the Dark,5245,Zombyra the Dark,high,curated,local_assets/card_art/cards/858/illustration.png,local_assets/card_art/candidates/tcg/05/5245.png,cfb23136f96df24c8573ac86c04f049a2cd65900fb9e4073792e17bb866cdf74,assets/resources/card/images/illust/tcg/05/5245.bmp,LocalData/93217544/0000/f6/f68eba09
859,Earthbound Spirit,5226,Earthbound Spirit,high,curated,local_assets/card_art/cards/859/illustration.png,local_assets/card_art/candidates/common/05/5226.png,b1c07541ad4b62cfbb45768f6d96ae6fa601c3b4800d389c098e9b1405d9dc87,assets/resources/card/images/illust/common/05/5226.bmp,LocalData/93217544/0000/39/39dd4c35
860,Embodiment of Apophis,5234,Embodiment of Apophis,high,curated,local_assets/card_art/cards/860/illustration.png,local_assets/card_art/candidates/common/05/5234.png,e0e5909f235f0ba30580687026740a6829616ea2aed722c0a660bf952c37caad,assets/resources/card/images/illust/common/05/5234.bmp,LocalData/93217544/0000/ce/cec81c58
861,Ancient Lamp,5238,Ancient Lamp,high,curated,local_assets/card_art/cards/861/illustration.png,local_assets/card_art/candidates/common/05/5238.png,d60224ff571d37ef2ca64f4671df890a9aa86174ffd56e6435f12496dad3496a,assets/resources/card/images/illust/common/05/5238.bmp,LocalData/93217544/0000/c7/c77e5073
862,Amazon Chain Master,,,unmatched,unmatched_name,,,,,
863,Thunder Nyan Nyan,5028,Thunder Nyan Nyan,high,curated,local_assets/card_art/cards/863/illustration.png,local_assets/card_art/candidates/tcg/05/5028.png,122df7d18a8c9296e9a3f300595590a382deba4f8dc895eba45a9bcc14fcda3c,assets/resources/card/images/illust/tcg/05/5028.bmp,LocalData/93217544/0000/dd/dde1b55c
864,Injection Fairy Lily,5031,Injection Fairy Lily,high,curated,local_assets/card_art/cards/864/illustration.png,local_assets/card_art/candidates/common/05/5031.png,db1a11592543325d7bad9add537b45583623c38ee78e00545432a18340ec896e,assets/resources/card/images/illust/common/05/5031.bmp,LocalData/93217544/0000/bd/bd263cb9
865,Dark Magician,3863,Dark Magician,medium,multiple_card_or_art_candidates,,,,assets/resources/card/images/illust/common/03/3863.bmp,LocalData/93217544/0000/05/0527a7b4
866,Blue-Eyes Ultimate Dragon,4386,Blue-Eyes Ultimate Dragon,medium,multiple_card_or_art_candidates,,,,assets/resources/card/images/illust/common/04/4386.bmp,LocalData/93217544/0000/7a/7a4ca9ed
867,Executor - Makyura,,,unmatched,unmatched_name,,,,,
868,Viser Des,5292,Viser Des,high,curated,local_assets/card_art/cards/868/illustration.png,local_assets/card_art/candidates/common/05/5292.png,07e0f7a420a68744080b34a2706cbf4c32ea2f6d4057534c83b23ba0dcfbbd50,assets/resources/card/images/illust/common/05/5292.bmp,LocalData/93217544/0000/dd/dd4451e7
869,Amazon Sword Woman,,,unmatched,unmatched_name,,,,,
870,Amazon Archers,,,unmatched,unmatched_name,,,,,
871,Des Volstgalph,5408,Des Volstgalph,high,curated,local_assets/card_art/cards/871/illustration.png,local_assets/card_art/candidates/common/05/5408.png,e8abc0960bf4a69445888cf9400dd8443ee49a290161577b282fad2eaff93b73,assets/resources/card/images/illust/common/05/5408.bmp,LocalData/93217544/0000/e8/e8de7f02
872,Toon Dark Magician Girl,5450,Toon Dark Magician Girl,high,curated,local_assets/card_art/cards/872/illustration.png,local_assets/card_art/candidates/tcg/05/5450.png,5a93456d8f8425dfbd12fd88709fc0f6d9eb0d4b322557d3ddd410ab1a7550cc,assets/resources/card/images/illust/tcg/05/5450.bmp,LocalData/93217544/0000/9b/9b720375
873,Gilford the Lightning,5451,Gilford the Lightning,high,curated,local_assets/card_art/cards/873/illustration.png,local_assets/card_art/candidates/common/05/5451.png,a8ea7fea914cc2b2f6b9aaedef9281f83961064ff8b74ec615db0d58d97b89c7,assets/resources/card/images/illust/common/05/5451.bmp,LocalData/93217544/0000/ec/ec7533e3
874,Mystical Beast Serket,,,unmatched,unmatched_name,,,,,
875,Cyber Harpie,,,unmatched,unmatched_name,,,,,
876,Lightning Conger,5079,Lightning Conger,high,curated,local_assets/card_art/cards/876/illustration.png,local_assets/card_art/candidates/common/05/5079.png,d94fb2bd337130892387d39fa86b8655284c914f98921b8d0fac891934ce9953,assets/resources/card/images/illust/common/05/5079.bmp,LocalData/93217544/0000/d7/d791718f
877,Exarion Universe,5452,Exarion Universe,high,curated,local_assets/card_art/cards/877/illustration.png,local_assets/card_art/candidates/common/05/5452.png,a328630250adfbac62bdd1495a4502fec5d808b74d69cb251cebf98bcc895c4b,assets/resources/card/images/illust/common/05/5452.bmp,LocalData/93217544/0000/75/757c6259
878,Legendary Fiend,5453,Legendary Fiend,high,curated,local_assets/card_art/cards/878/illustration.png,local_assets/card_art/candidates/common/05/5453.png,fcaff6e7fe0115089c2bcabdb72af8f73df36e41c6c77e59796889ec1aa057ab,assets/resources/card/images/illust/common/05/5453.bmp,LocalData/93217544/0000/02/027b52cf
879,Gadget Soldier,5092,Gadget Soldier,high,curated,local_assets/card_art/cards/879/illustration.png,local_assets/card_art/candidates/common/05/5092.png,833315db9e3369aa6430b3433d6452c67c116da29de1214223d2c0dec1cd042a,assets/resources/card/images/illust/common/05/5092.bmp,LocalData/93217544/0000/de/dec08589
880,Melchid the Four-Face Beast,5095,Melchid the Four-Face Beast,high,curated,local_assets/card_art/cards/880/illustration.png,local_assets/card_art/candidates/common/05/5095.png,68a0b99495af1343c10ee6f5967d6b5eaf50ee444357a8aab971db467bde2db4,assets/resources/card/images/illust/common/05/5095.bmp,LocalData/93217544/0000/40/40a4102a
881,Nuvia the Wicked,5096,Nuvia the Wicked,high,curated,local_assets/card_art/cards/881/illustration.png,local_assets/card_art/candidates/common/05/5096.png,a5b216216d2a1f1bb31b6f69fb488f694fdd544c0b39c7210a065543deae994a,assets/resources/card/images/illust/common/05/5096.bmp,LocalData/93217544/0000/d9/d9ad4190
882,Masked Beast Des Gardius,5097,Masked Beast Des Gardius,high,curated,local_assets/card_art/cards/882/illustration.png,local_assets/card_art/candidates/common/05/5097.png,de5e174198d559a28a887a64a57e3e8111c775f7158125219856a74b4f23eb52,assets/resources/card/images/illust/common/05/5097.bmp,LocalData/93217544/0000/ae/aeaa7106
883,Valkyrion the Magna Warrior,5002,Valkyrion the Magna Warrior,high,curated,local_assets/card_art/cards/883/illustration.png,local_assets/card_art/candidates/common/05/5002.png,d4ef2d22a21ba1020e9e7bda5233ef3df8c51a01e8e153a112477cd42a9283f5,assets/resources/card/images/illust/common/05/5002.bmp,LocalData/93217544/0000/0f/0f023ec0
884,Red-Eyes Black Metal Dragon,4748,Red-Eyes Black Metal Dragon,medium,medium_confidence,,,,assets/resources/card/images/illust/common/04/4748.bmp,LocalData/93217544/0000/36/3648633a
885,Red-Eyes B. Dragon,,,unmatched,unmatched_name,,,,,
886,Spherous Lady,5086,Spherous Lady,high,curated,local_assets/card_art/cards/886/illustration.png,local_assets/card_art/candidates/common/05/5086.png,9d7dd3c3bd63130a31601c6176f3eea11d15be7f1e128a76ae67502bbdfbbf68,assets/resources/card/images/illust/common/05/5086.bmp,LocalData/93217544/0000/c0/c0b670d1
887,Blue-Eyes White Dragon,3801,Blue-Eyes White Dragon,medium,multiple_card_or_art_candidates,,,,assets/resources/card/images/illust/common/03/3801.bmp,LocalData/93217544/0000/bd/bd73611e
888,Dark Sage,5230,Dark Sage,high,curated,local_assets/card_art/cards/888/illustration.png,local_assets/card_art/candidates/common/05/5230.png,e855faa5b0a07e95f22a057a9f84d9445cdc9392c02bc4c30474fee70c788fba,assets/resources/card/images/illust/common/05/5230.bmp,LocalData/93217544/0000/c9/c9a5d841
889,F.G.D.,,,unmatched,unmatched_name,,,,,
890,Master of Dragon Soldier,,,unmatched,unmatched_name,,,,,
891,Messenger of Peace,4938,Messenger of Peace,high,curated,local_assets/card_art/cards/891/illustration.png,local_assets/card_art/candidates/common/04/4938.png,f5eed7787c76f932c312364209c6cf4d43e8a6b2ec5a76492d229d11208b3357,assets/resources/card/images/illust/common/04/4938.bmp,LocalData/93217544/0000/73/7397d8f7
892,Darkness Approaches,4902,Darkness Approaches,high,curated,local_assets/card_art/cards/892/illustration.png,local_assets/card_art/candidates/common/04/4902.png,6c730468f23b51d0fc2cd3236f9fce203cb8e38fd0f5193b060de46f03531c07,assets/resources/card/images/illust/common/04/4902.bmp,LocalData/93217544/0000/b8/b86f622a
893,Final Destiny,4897,Final Destiny,high,curated,local_assets/card_art/cards/893/illustration.png,local_assets/card_art/candidates/common/04/4897.png,7701d93ead33d1b69280512b12b3a87df56f57bfeb3e9d3fc74eafc1ce85eec2,assets/resources/card/images/illust/common/04/4897.bmp,LocalData/93217544/0000/18/180547db
894,Heavy Storm,4891,Heavy Storm,high,curated,local_assets/card_art/cards/894/illustration.png,local_assets/card_art/candidates/common/04/4891.png,8279108e0ead11b5ee7efe8705ea91b7a569fb72d32f64e3dcb8296da7cfb6d6,assets/resources/card/images/illust/common/04/4891.bmp,LocalData/93217544/0000/f1/f166e2ee
895,Monster Reborn,4842,Monster Reborn,medium,multiple_card_or_art_candidates,,,,assets/resources/card/images/illust/tcg/04/4842.bmp,LocalData/93217544/0000/dd/ddc1cd19
896,Gravedigger Ghoul,4845,Gravedigger Ghoul,high,curated,local_assets/card_art/cards/896/illustration.png,local_assets/card_art/candidates/common/04/4845.png,770ebe74c3b8fbd692744db8df0165499337090ea179ae6db0d49191c4963a28,assets/resources/card/images/illust/common/04/4845.bmp,LocalData/93217544/0000/43/43a558ba
897,Torrential Tribute,5114,Torrential Tribute,high,curated,local_assets/card_art/cards/897/illustration.png,local_assets/card_art/candidates/common/05/5114.png,2d54707f14accb4eaa3190061edfa5d83b1b83687f99409407406727d9d88db8,assets/resources/card/images/illust/common/05/5114.bmp,LocalData/93217544/0000/fe/feb8c083
898,Beckon to Darkness,,,unmatched,unmatched_name,,,,,
899,Infinite Dismissal,5112,Infinite Dismissal,high,curated,local_assets/card_art/cards/899/illustration.png,local_assets/card_art/candidates/common/05/5112.png,cadccda6bb291ada100b569dbbf384e53a92084af706ba8a0f387351ef187db8,assets/resources/card/images/illust/common/05/5112.bmp,LocalData/93217544/0000/17/17db65b6
900,7 Completed,4806,7 Completed,high,curated,local_assets/card_art/cards/900/illustration.png,local_assets/card_art/candidates/tcg/04/4806.png,b6033c542e45141d910416592cc81fb3af1e2fa3f43b660cb003cb98fa602f73,assets/resources/card/images/illust/tcg/04/4806.bmp,LocalData/93217544/0000/be/bec0cc04
